<stg><name>dot_product.1</name>


<trans_list>

<trans id="32" from="1" to="2">
<condition id="-1">
<or_exp><and_exp></and_exp></or_exp>
</condition>
</trans>

<trans id="42" from="2" to="5">
<condition id="-1">
<or_exp><and_exp><literal name="icmp_ln887" val="0"/>
</and_exp><and_exp><literal name="tmp_1" val="1"/>
</and_exp></or_exp>
</condition>
</trans>

<trans id="43" from="2" to="3">
<condition id="-1">
<or_exp><and_exp><literal name="tmp_1" val="0"/>
<literal name="icmp_ln887" val="1"/>
</and_exp></or_exp>
</condition>
</trans>

<trans id="40" from="3" to="4">
<condition id="-1">
<or_exp><and_exp></and_exp></or_exp>
</condition>
</trans>

<trans id="41" from="4" to="2">
<condition id="-1">
<or_exp><and_exp></and_exp></or_exp>
</condition>
</trans>
</trans_list>



<state_list>

<state id="1" st_id="1">

<operation id="6" st_id="1" stage="1" lat="1">
<core>NULL</core>
<MemPortIdVec></MemPortIdVec>
<condition id="-1">
<or_exp><and_exp></and_exp></or_exp>
</condition>

<Node id="3" bw="9" op_0_bw="9" op_1_bw="9">
<![CDATA[
:0  %no_variables_V_read_2 = call i9 @_ssdm_op_Read.ap_auto.i9(i9 %no_variables_V_read)

]]></Node>
<StgValue><ssdm name="no_variables_V_read_2"/></StgValue>
</operation>

<operation id="7" st_id="1" stage="1" lat="1">
<core>NULL</core>
<MemPortIdVec></MemPortIdVec>
<condition id="-1">
<or_exp><and_exp></and_exp></or_exp>
</condition>

<Node id="4" bw="0" op_0_bw="0">
<![CDATA[
:1  br label %1

]]></Node>
<StgValue><ssdm name="br_ln9"/></StgValue>
</operation>
</state>

<state id="2" st_id="2">

<operation id="8" st_id="2" stage="1" lat="1">
<core>NULL</core>
<MemPortIdVec></MemPortIdVec>
<condition id="-1">
<or_exp><and_exp></and_exp></or_exp>
</condition>

<Node id="6" bw="32" op_0_bw="32" op_1_bw="0" op_2_bw="32" op_3_bw="0">
<![CDATA[
:0  %p_Val2_s = phi i32 [ 0, %0 ], [ %accumulate_V, %dot_product_accum_end ]

]]></Node>
<StgValue><ssdm name="p_Val2_s"/></StgValue>
</operation>

<operation id="9" st_id="2" stage="1" lat="1">
<core>NULL</core>
<MemPortIdVec></MemPortIdVec>
<condition id="-1">
<or_exp><and_exp></and_exp></or_exp>
</condition>

<Node id="7" bw="9" op_0_bw="9" op_1_bw="0" op_2_bw="9" op_3_bw="0">
<![CDATA[
:1  %t_V = phi i9 [ 0, %0 ], [ %n1_V, %dot_product_accum_end ]

]]></Node>
<StgValue><ssdm name="t_V"/></StgValue>
</operation>

<operation id="10" st_id="2" stage="1" lat="1">
<core>NULL</core>
<MemPortIdVec></MemPortIdVec>
<condition id="-1">
<or_exp><and_exp></and_exp></or_exp>
</condition>

<Node id="8" bw="1" op_0_bw="1" op_1_bw="9" op_2_bw="32">
<![CDATA[
:2  %tmp_1 = call i1 @_ssdm_op_BitSelect.i1.i9.i32(i9 %t_V, i32 8)

]]></Node>
<StgValue><ssdm name="tmp_1"/></StgValue>
</operation>

<operation id="11" st_id="2" stage="1" lat="1">
<core>NULL</core>
<MemPortIdVec></MemPortIdVec>
<condition id="-1">
<or_exp><and_exp></and_exp></or_exp>
</condition>

<Node id="9" bw="32" op_0_bw="32" op_1_bw="64" op_2_bw="64" op_3_bw="64">
<![CDATA[
:3  %empty = call i32 (...)* @_ssdm_op_SpecLoopTripCount(i64 1, i64 256, i64 128)

]]></Node>
<StgValue><ssdm name="empty"/></StgValue>
</operation>

<operation id="12" st_id="2" stage="1" lat="1">
<core>AddSub</core>
<MemPortIdVec></MemPortIdVec>
<condition id="-1">
<or_exp><and_exp></and_exp></or_exp>
</condition>

<Node id="10" bw="9" op_0_bw="9" op_1_bw="9">
<![CDATA[
:4  %n1_V = add i9 %t_V, 1

]]></Node>
<StgValue><ssdm name="n1_V"/></StgValue>
</operation>

<operation id="13" st_id="2" stage="1" lat="1">
<core>NULL</core>
<MemPortIdVec></MemPortIdVec>
<condition id="-1">
<or_exp><and_exp></and_exp></or_exp>
</condition>

<Node id="11" bw="0" op_0_bw="1" op_1_bw="0" op_2_bw="0">
<![CDATA[
:5  br i1 %tmp_1, label %.loopexit, label %dot_product_accum_begin

]]></Node>
<StgValue><ssdm name="br_ln9"/></StgValue>
</operation>

<operation id="14" st_id="2" stage="1" lat="1">
<core>NULL</core>
<MemPortIdVec></MemPortIdVec>
<condition id="-1">
<or_exp><and_exp><literal name="tmp_1" val="0"/>
</and_exp></or_exp>
</condition>

<Node id="13" bw="0" op_0_bw="0" op_1_bw="0">
<![CDATA[
dot_product_accum_begin:0  call void (...)* @_ssdm_op_SpecLoopName([18 x i8]* @p_str) nounwind

]]></Node>
<StgValue><ssdm name="specloopname_ln9"/></StgValue>
</operation>

<operation id="15" st_id="2" stage="1" lat="1">
<core>NULL</core>
<MemPortIdVec></MemPortIdVec>
<condition id="-1">
<or_exp><and_exp><literal name="tmp_1" val="0"/>
</and_exp></or_exp>
</condition>

<Node id="14" bw="32" op_0_bw="32" op_1_bw="0">
<![CDATA[
dot_product_accum_begin:1  %tmp = call i32 (...)* @_ssdm_op_SpecRegionBegin([18 x i8]* @p_str)

]]></Node>
<StgValue><ssdm name="tmp"/></StgValue>
</operation>

<operation id="16" st_id="2" stage="1" lat="1">
<core>NULL</core>
<MemPortIdVec></MemPortIdVec>
<condition id="-1">
<or_exp><and_exp><literal name="tmp_1" val="0"/>
</and_exp></or_exp>
</condition>

<Node id="15" bw="0" op_0_bw="0" op_1_bw="32" op_2_bw="32" op_3_bw="32" op_4_bw="32" op_5_bw="0">
<![CDATA[
dot_product_accum_begin:2  call void (...)* @_ssdm_op_SpecPipeline(i32 -1, i32 1, i32 1, i32 0, [1 x i8]* @p_str1) nounwind

]]></Node>
<StgValue><ssdm name="specpipeline_ln10"/></StgValue>
</operation>

<operation id="17" st_id="2" stage="1" lat="1">
<core>Cmp</core>
<MemPortIdVec></MemPortIdVec>
<condition id="-1">
<or_exp><and_exp><literal name="tmp_1" val="0"/>
</and_exp></or_exp>
</condition>

<Node id="16" bw="1" op_0_bw="9" op_1_bw="9">
<![CDATA[
dot_product_accum_begin:3  %icmp_ln887 = icmp ult i9 %t_V, %no_variables_V_read_2

]]></Node>
<StgValue><ssdm name="icmp_ln887"/></StgValue>
</operation>

<operation id="18" st_id="2" stage="1" lat="1">
<core>NULL</core>
<MemPortIdVec></MemPortIdVec>
<condition id="-1">
<or_exp><and_exp><literal name="tmp_1" val="0"/>
</and_exp></or_exp>
</condition>

<Node id="17" bw="0" op_0_bw="1" op_1_bw="0" op_2_bw="0">
<![CDATA[
dot_product_accum_begin:4  br i1 %icmp_ln887, label %dot_product_accum_end, label %.loopexit

]]></Node>
<StgValue><ssdm name="br_ln11"/></StgValue>
</operation>

<operation id="19" st_id="2" stage="1" lat="1">
<core>NULL</core>
<MemPortIdVec></MemPortIdVec>
<condition id="-1">
<or_exp><and_exp><literal name="tmp_1" val="0"/>
<literal name="icmp_ln887" val="1"/>
</and_exp></or_exp>
</condition>

<Node id="19" bw="64" op_0_bw="9">
<![CDATA[
dot_product_accum_end:0  %zext_ln544 = zext i9 %t_V to i64

]]></Node>
<StgValue><ssdm name="zext_ln544"/></StgValue>
</operation>

<operation id="20" st_id="2" stage="1" lat="1">
<core>NULL</core>
<MemPortIdVec></MemPortIdVec>
<condition id="-1">
<or_exp><and_exp><literal name="tmp_1" val="0"/>
<literal name="icmp_ln887" val="1"/>
</and_exp></or_exp>
</condition>

<Node id="20" bw="8" op_0_bw="16" op_1_bw="64" op_2_bw="64">
<![CDATA[
dot_product_accum_end:1  %col_vec_V_addr = getelementptr [256 x i16]* %row_vec_V, i64 0, i64 %zext_ln544

]]></Node>
<StgValue><ssdm name="col_vec_V_addr"/></StgValue>
</operation>

<operation id="21" st_id="2" stage="2" lat="2">
<core>RAM</core>
<MemPortIdVec>0 </MemPortIdVec>
<condition id="-1">
<or_exp><and_exp><literal name="tmp_1" val="0"/>
<literal name="icmp_ln887" val="1"/>
</and_exp></or_exp>
</condition>

<Node id="21" bw="16" op_0_bw="8">
<![CDATA[
dot_product_accum_end:2  %col_vec_V_load = load i16* %col_vec_V_addr, align 2

]]></Node>
<StgValue><ssdm name="col_vec_V_load"/></StgValue>
</operation>
</state>

<state id="3" st_id="3">

<operation id="22" st_id="3" stage="1" lat="2">
<core>RAM</core>
<MemPortIdVec>0 </MemPortIdVec>
<condition id="-1">
<or_exp><and_exp><literal name="tmp_1" val="0"/>
<literal name="icmp_ln887" val="1"/>
</and_exp></or_exp>
</condition>

<Node id="21" bw="16" op_0_bw="8">
<![CDATA[
dot_product_accum_end:2  %col_vec_V_load = load i16* %col_vec_V_addr, align 2

]]></Node>
<StgValue><ssdm name="col_vec_V_load"/></StgValue>
</operation>
</state>

<state id="4" st_id="4">

<operation id="23" st_id="4" stage="1" lat="1">
<core>NULL</core>
<MemPortIdVec></MemPortIdVec>
<condition id="-1">
<or_exp><and_exp><literal name="tmp_1" val="0"/>
<literal name="icmp_ln887" val="1"/>
</and_exp></or_exp>
</condition>

<Node id="22" bw="32" op_0_bw="16">
<![CDATA[
dot_product_accum_end:3  %r_V = sext i16 %col_vec_V_load to i32

]]></Node>
<StgValue><ssdm name="r_V"/></StgValue>
</operation>

<operation id="24" st_id="4" stage="1" lat="1">
<core>DSP48</core>
<MemPortIdVec></MemPortIdVec>
<condition id="-1">
<or_exp><and_exp><literal name="tmp_1" val="0"/>
<literal name="icmp_ln887" val="1"/>
</and_exp></or_exp>
</condition>

<Node id="23" bw="32" op_0_bw="32" op_1_bw="32">
<![CDATA[
dot_product_accum_end:4  %r_V_3 = mul nsw i32 %r_V, %r_V

]]></Node>
<StgValue><ssdm name="r_V_3"/></StgValue>
</operation>

<operation id="25" st_id="4" stage="1" lat="1">
<core>NULL</core>
<MemPortIdVec></MemPortIdVec>
<condition id="-1">
<or_exp><and_exp><literal name="tmp_1" val="0"/>
<literal name="icmp_ln887" val="1"/>
</and_exp></or_exp>
</condition>

<Node id="24" bw="42" op_0_bw="42" op_1_bw="32" op_2_bw="10">
<![CDATA[
dot_product_accum_end:5  %lhs_V = call i42 @_ssdm_op_BitConcatenate.i42.i32.i10(i32 %p_Val2_s, i10 0)

]]></Node>
<StgValue><ssdm name="lhs_V"/></StgValue>
</operation>

<operation id="26" st_id="4" stage="1" lat="1">
<core>NULL</core>
<MemPortIdVec></MemPortIdVec>
<condition id="-1">
<or_exp><and_exp><literal name="tmp_1" val="0"/>
<literal name="icmp_ln887" val="1"/>
</and_exp></or_exp>
</condition>

<Node id="25" bw="42" op_0_bw="32">
<![CDATA[
dot_product_accum_end:6  %sext_ln703 = sext i32 %r_V_3 to i42

]]></Node>
<StgValue><ssdm name="sext_ln703"/></StgValue>
</operation>

<operation id="27" st_id="4" stage="1" lat="1">
<core>DSP48</core>
<MemPortIdVec></MemPortIdVec>
<condition id="-1">
<or_exp><and_exp><literal name="tmp_1" val="0"/>
<literal name="icmp_ln887" val="1"/>
</and_exp></or_exp>
</condition>

<Node id="26" bw="42" op_0_bw="42" op_1_bw="42">
<![CDATA[
dot_product_accum_end:7  %ret_V = add i42 %sext_ln703, %lhs_V

]]></Node>
<StgValue><ssdm name="ret_V"/></StgValue>
</operation>

<operation id="28" st_id="4" stage="1" lat="1">
<core>NULL</core>
<MemPortIdVec></MemPortIdVec>
<condition id="-1">
<or_exp><and_exp><literal name="tmp_1" val="0"/>
<literal name="icmp_ln887" val="1"/>
</and_exp></or_exp>
</condition>

<Node id="27" bw="32" op_0_bw="32" op_1_bw="42" op_2_bw="32" op_3_bw="32">
<![CDATA[
dot_product_accum_end:8  %accumulate_V = call i32 @_ssdm_op_PartSelect.i32.i42.i32.i32(i42 %ret_V, i32 10, i32 41)

]]></Node>
<StgValue><ssdm name="accumulate_V"/></StgValue>
</operation>

<operation id="29" st_id="4" stage="1" lat="1">
<core>NULL</core>
<MemPortIdVec></MemPortIdVec>
<condition id="-1">
<or_exp><and_exp><literal name="tmp_1" val="0"/>
<literal name="icmp_ln887" val="1"/>
</and_exp></or_exp>
</condition>

<Node id="28" bw="32" op_0_bw="32" op_1_bw="0" op_2_bw="32">
<![CDATA[
dot_product_accum_end:9  %empty_22 = call i32 (...)* @_ssdm_op_SpecRegionEnd([18 x i8]* @p_str, i32 %tmp)

]]></Node>
<StgValue><ssdm name="empty_22"/></StgValue>
</operation>

<operation id="30" st_id="4" stage="1" lat="1">
<core>NULL</core>
<MemPortIdVec></MemPortIdVec>
<condition id="-1">
<or_exp><and_exp><literal name="tmp_1" val="0"/>
<literal name="icmp_ln887" val="1"/>
</and_exp></or_exp>
</condition>

<Node id="29" bw="0" op_0_bw="0">
<![CDATA[
dot_product_accum_end:10  br label %1

]]></Node>
<StgValue><ssdm name="br_ln9"/></StgValue>
</operation>
</state>

<state id="5" st_id="5">

<operation id="31" st_id="5" stage="1" lat="1">
<core>NULL</core>
<MemPortIdVec></MemPortIdVec>
<condition id="-1">
<or_exp><and_exp></and_exp></or_exp>
</condition>

<Node id="31" bw="0" op_0_bw="32">
<![CDATA[
.loopexit:0  ret i32 %p_Val2_s

]]></Node>
<StgValue><ssdm name="ret_ln19"/></StgValue>
</operation>
</state>
</state_list>


<ports>
<port id="44" name="row_vec_V" dir="0" iftype="1">
<core>RAM</core><StgValue><ssdm name="row_vec_V"/><MemPortTyVec>1 3 </MemPortTyVec>
</StgValue>
</port>
<port id="45" name="no_variables_V_read" dir="0" iftype="0">
<core>NULL</core><StgValue><ssdm name="no_variables_V_read"/></StgValue>
</port>
</ports>


<dataflows>
<dataflow id="47" from="_ssdm_op_Read.ap_auto.i9" to="no_variables_V_read_2" fromId="46" toId="6">
</dataflow>
<dataflow id="48" from="no_variables_V_read" to="no_variables_V_read_2" fromId="45" toId="6">
</dataflow>
<dataflow id="50" from="StgValue_49" to="p_Val2_s" fromId="49" toId="8">
<condition id="-1">
<or_exp><and_exp></and_exp></or_exp>
</condition>
</dataflow>
<dataflow id="51" from="br_ln9" to="p_Val2_s" fromId="7" toId="8">
</dataflow>
<dataflow id="52" from="accumulate_V" to="p_Val2_s" fromId="28" toId="8">
<BackEdge/>
<condition id="-1">
<or_exp><and_exp><literal name="tmp_1" val="0"/>
<literal name="icmp_ln887" val="1"/>
</and_exp></or_exp>
</condition>
</dataflow>
<dataflow id="53" from="br_ln9" to="p_Val2_s" fromId="30" toId="8">
<BackEdge/>
</dataflow>
<dataflow id="55" from="StgValue_54" to="t_V" fromId="54" toId="9">
<condition id="-1">
<or_exp><and_exp></and_exp></or_exp>
</condition>
</dataflow>
<dataflow id="56" from="br_ln9" to="t_V" fromId="7" toId="9">
</dataflow>
<dataflow id="57" from="n1_V" to="t_V" fromId="12" toId="9">
<BackEdge/>
<condition id="-1">
<or_exp><and_exp><literal name="tmp_1" val="0"/>
<literal name="icmp_ln887" val="1"/>
</and_exp></or_exp>
</condition>
</dataflow>
<dataflow id="58" from="br_ln9" to="t_V" fromId="30" toId="9">
<BackEdge/>
</dataflow>
<dataflow id="60" from="_ssdm_op_BitSelect.i1.i9.i32" to="tmp_1" fromId="59" toId="10">
</dataflow>
<dataflow id="61" from="t_V" to="tmp_1" fromId="9" toId="10">
</dataflow>
<dataflow id="63" from="StgValue_62" to="tmp_1" fromId="62" toId="10">
</dataflow>
<dataflow id="65" from="_ssdm_op_SpecLoopTripCount" to="empty" fromId="64" toId="11">
</dataflow>
<dataflow id="67" from="StgValue_66" to="empty" fromId="66" toId="11">
</dataflow>
<dataflow id="69" from="StgValue_68" to="empty" fromId="68" toId="11">
</dataflow>
<dataflow id="71" from="StgValue_70" to="empty" fromId="70" toId="11">
</dataflow>
<dataflow id="72" from="t_V" to="n1_V" fromId="9" toId="12">
</dataflow>
<dataflow id="74" from="StgValue_73" to="n1_V" fromId="73" toId="12">
</dataflow>
<dataflow id="75" from="tmp_1" to="br_ln9" fromId="10" toId="13">
</dataflow>
<dataflow id="77" from="_ssdm_op_SpecLoopName" to="specloopname_ln9" fromId="76" toId="14">
</dataflow>
<dataflow id="79" from="p_str" to="specloopname_ln9" fromId="78" toId="14">
</dataflow>
<dataflow id="81" from="_ssdm_op_SpecRegionBegin" to="tmp" fromId="80" toId="15">
</dataflow>
<dataflow id="82" from="p_str" to="tmp" fromId="78" toId="15">
</dataflow>
<dataflow id="84" from="_ssdm_op_SpecPipeline" to="specpipeline_ln10" fromId="83" toId="16">
</dataflow>
<dataflow id="86" from="StgValue_85" to="specpipeline_ln10" fromId="85" toId="16">
</dataflow>
<dataflow id="88" from="StgValue_87" to="specpipeline_ln10" fromId="87" toId="16">
</dataflow>
<dataflow id="89" from="StgValue_87" to="specpipeline_ln10" fromId="87" toId="16">
</dataflow>
<dataflow id="90" from="StgValue_49" to="specpipeline_ln10" fromId="49" toId="16">
</dataflow>
<dataflow id="92" from="p_str1" to="specpipeline_ln10" fromId="91" toId="16">
</dataflow>
<dataflow id="93" from="t_V" to="icmp_ln887" fromId="9" toId="17">
</dataflow>
<dataflow id="94" from="no_variables_V_read_2" to="icmp_ln887" fromId="6" toId="17">
</dataflow>
<dataflow id="95" from="icmp_ln887" to="br_ln11" fromId="17" toId="18">
</dataflow>
<dataflow id="96" from="t_V" to="zext_ln544" fromId="9" toId="19">
</dataflow>
<dataflow id="97" from="row_vec_V" to="col_vec_V_addr" fromId="44" toId="20">
</dataflow>
<dataflow id="99" from="StgValue_98" to="col_vec_V_addr" fromId="98" toId="20">
</dataflow>
<dataflow id="100" from="zext_ln544" to="col_vec_V_addr" fromId="19" toId="20">
</dataflow>
<dataflow id="101" from="col_vec_V_addr" to="col_vec_V_load" fromId="20" toId="21">
</dataflow>
<dataflow id="102" from="col_vec_V_addr" to="col_vec_V_load" fromId="20" toId="22">
</dataflow>
<dataflow id="103" from="col_vec_V_load" to="r_V" fromId="22" toId="23">
</dataflow>
<dataflow id="104" from="r_V" to="r_V_3" fromId="23" toId="24">
</dataflow>
<dataflow id="105" from="r_V" to="r_V_3" fromId="23" toId="24">
</dataflow>
<dataflow id="107" from="_ssdm_op_BitConcatenate.i42.i32.i10" to="lhs_V" fromId="106" toId="25">
</dataflow>
<dataflow id="108" from="p_Val2_s" to="lhs_V" fromId="8" toId="25">
</dataflow>
<dataflow id="110" from="StgValue_109" to="lhs_V" fromId="109" toId="25">
</dataflow>
<dataflow id="111" from="r_V_3" to="sext_ln703" fromId="24" toId="26">
</dataflow>
<dataflow id="112" from="sext_ln703" to="ret_V" fromId="26" toId="27">
</dataflow>
<dataflow id="113" from="lhs_V" to="ret_V" fromId="25" toId="27">
</dataflow>
<dataflow id="115" from="_ssdm_op_PartSelect.i32.i42.i32.i32" to="accumulate_V" fromId="114" toId="28">
</dataflow>
<dataflow id="116" from="ret_V" to="accumulate_V" fromId="27" toId="28">
</dataflow>
<dataflow id="118" from="StgValue_117" to="accumulate_V" fromId="117" toId="28">
</dataflow>
<dataflow id="120" from="StgValue_119" to="accumulate_V" fromId="119" toId="28">
</dataflow>
<dataflow id="122" from="_ssdm_op_SpecRegionEnd" to="empty_22" fromId="121" toId="29">
</dataflow>
<dataflow id="123" from="p_str" to="empty_22" fromId="78" toId="29">
</dataflow>
<dataflow id="124" from="tmp" to="empty_22" fromId="15" toId="29">
</dataflow>
<dataflow id="125" from="p_Val2_s" to="ret_ln19" fromId="8" toId="31">
</dataflow>
<dataflow id="126" from="tmp_1" to="StgValue_2" fromId="10" toId="2">
</dataflow>
<dataflow id="127" from="icmp_ln887" to="StgValue_2" fromId="17" toId="2">
</dataflow>
<dataflow id="128" from="tmp_1" to="StgValue_3" fromId="10" toId="3">
</dataflow>
<dataflow id="129" from="icmp_ln887" to="StgValue_3" fromId="17" toId="3">
</dataflow>
<dataflow id="130" from="tmp_1" to="StgValue_4" fromId="10" toId="4">
</dataflow>
<dataflow id="131" from="icmp_ln887" to="StgValue_4" fromId="17" toId="4">
</dataflow>
</dataflows>


</stg>
