<profile>

<section name = "Vivado HLS Report for 'dot_product_1'" level="0">
<item name = "Date">Fri Feb 28 16:32:34 2020
</item>
<item name = "Version">2019.1 (Build 2552052 on Fri May 24 15:28:33 MDT 2019)</item>
<item name = "Project">SMO_FULL_4</item>
<item name = "Solution">solution3</item>
<item name = "Product family">zynq</item>
<item name = "Target device">xc7z020-clg400-1</item>
</section>

<section name = "Performance Estimates" level="0">
<item name = "Timing (ns)">
<section name = "" level="1">
<item name = "Summary"><table name="" hasTotal="0">
<keys size="4">Clock, Target, Estimated, Uncertainty</keys>
<column name="ap_clk">10.00, 6.380, 1.25</column>
</table>
</item>
</section>
</item>
<item name = "Latency (clock cycles)">
<section name = "" level="1">
<item name = "Summary"><table name="" hasTotal="0">
<keys size="6">, min, max, min, max, Type</keys>
<column name="">4, 259, 4, 259, none</column>
</table>
</item>
<item name = "Detail">
<section name = "" level="1">
<item name = "Instance"><table name="" hasTotal="0">
<keys size="7">Instance, Module, min, max, min, max, Type</keys>
</table>
</item>
<item name = "Loop"><table name="" hasTotal="0">
<keys size="8">Loop Name, min, max, Latency, achieved, target, Count, Pipelined</keys>
<column name="- dot_product_accum">2, 257, 3, 1, 1, 1 ~ 256, yes</column>
</table>
</item>
</section>
</item>
</section>
</item>
</section>

<section name = "Utilization Estimates" level="0">
<item name = "Summary"><table name="" hasTotal="1">
<keys size="6">Name, BRAM_18K, DSP48E, FF, LUT, URAM</keys>
<column name="DSP">-, 1, -, -, -</column>
<column name="Expression">-, -, 0, 34, -</column>
<column name="FIFO">-, -, -, -, -</column>
<column name="Instance">-, -, -, -, -</column>
<column name="Memory">-, -, -, -, -</column>
<column name="Multiplexer">-, -, -, 57, -</column>
<column name="Register">-, -, 67, -, -</column>
<specialColumn name="Available">280, 220, 106400, 53200, 0</specialColumn>
<specialColumn name="Utilization (%)">0, ~0, ~0, ~0, 0</specialColumn>
</table>
</item>
<item name = "Detail">
<section name = "" level="1">
<item name = "Instance"><table name="" hasTotal="1">
<keys size="7">Instance, Module, BRAM_18K, DSP48E, FF, LUT, URAM</keys>
</table>
</item>
<item name = "DSP48E"><table name="" hasTotal="0">
<keys size="3">Instance, Module, Expression</keys>
<column name="SMO_top_mac_muladbkb_U11">SMO_top_mac_muladbkb, i0 * i0 + i1</column>
</table>
</item>
<item name = "Memory"><table name="" hasTotal="1">
<keys size="10">Memory, Module, BRAM_18K, FF, LUT, URAM, Words, Bits, Banks, W*Bits*Banks</keys>
</table>
</item>
<item name = "FIFO"><table name="" hasTotal="1">
<keys size="8">Name, BRAM_18K, FF, LUT, URAM, Depth, Bits, Size:D*B</keys>
</table>
</item>
<item name = "Expression"><table name="" hasTotal="1">
<keys size="7">Variable Name, Operation, DSP48E, FF, LUT, Bitwidth P0, Bitwidth P1</keys>
<column name="n1_V_fu_102_p2">+, 0, 0, 15, 9, 1</column>
<column name="icmp_ln887_fu_108_p2">icmp, 0, 0, 13, 9, 9</column>
<column name="ap_predicate_tran2to5_state2">or, 0, 0, 2, 1, 1</column>
<column name="ap_enable_pp0">xor, 0, 0, 2, 1, 2</column>
<column name="ap_enable_reg_pp0_iter1">xor, 0, 0, 2, 2, 1</column>
</table>
</item>
<item name = "Multiplexer"><table name="" hasTotal="1">
<keys size="5">Name, LUT, Input Size, Bits, Total Bits</keys>
<column name="ap_NS_fsm">21, 4, 1, 4</column>
<column name="ap_enable_reg_pp0_iter1">9, 2, 1, 2</column>
<column name="ap_enable_reg_pp0_iter2">9, 2, 1, 2</column>
<column name="p_Val2_s_reg_71">9, 2, 32, 64</column>
<column name="t_V_reg_83">9, 2, 9, 18</column>
</table>
</item>
<item name = "Register"><table name="" hasTotal="1">
<keys size="5">Name, FF, LUT, Bits, Const Bits</keys>
<column name="ap_CS_fsm">3, 0, 3, 0</column>
<column name="ap_enable_reg_pp0_iter0">1, 0, 1, 0</column>
<column name="ap_enable_reg_pp0_iter1">1, 0, 1, 0</column>
<column name="ap_enable_reg_pp0_iter2">1, 0, 1, 0</column>
<column name="col_vec_V_load_reg_170">16, 0, 16, 0</column>
<column name="icmp_ln887_reg_161">1, 0, 1, 0</column>
<column name="icmp_ln887_reg_161_pp0_iter1_reg">1, 0, 1, 0</column>
<column name="p_Val2_s_reg_71">32, 0, 32, 0</column>
<column name="t_V_reg_83">9, 0, 9, 0</column>
<column name="tmp_1_reg_152">1, 0, 1, 0</column>
<column name="tmp_1_reg_152_pp0_iter1_reg">1, 0, 1, 0</column>
</table>
</item>
</section>
</item>
</section>

<section name = "Interface" level="0">
<item name = "Summary"><table name="" hasTotal="0">
<keys size="6">RTL Ports, Dir, Bits, Protocol, Source Object, C Type</keys>
<column name="ap_clk">in, 1, ap_ctrl_hs, dot_product.1, return value</column>
<column name="ap_rst">in, 1, ap_ctrl_hs, dot_product.1, return value</column>
<column name="ap_start">in, 1, ap_ctrl_hs, dot_product.1, return value</column>
<column name="ap_done">out, 1, ap_ctrl_hs, dot_product.1, return value</column>
<column name="ap_idle">out, 1, ap_ctrl_hs, dot_product.1, return value</column>
<column name="ap_ready">out, 1, ap_ctrl_hs, dot_product.1, return value</column>
<column name="ap_return">out, 32, ap_ctrl_hs, dot_product.1, return value</column>
<column name="row_vec_V_address0">out, 8, ap_memory, row_vec_V, array</column>
<column name="row_vec_V_ce0">out, 1, ap_memory, row_vec_V, array</column>
<column name="row_vec_V_q0">in, 16, ap_memory, row_vec_V, array</column>
<column name="no_variables_V_read">in, 9, ap_none, no_variables_V_read, scalar</column>
</table>
</item>
</section>
</profile>
