<profile>

<section name = "Vivado HLS Report for 'SMO_top'" level="0">
<item name = "Date">Fri Feb 28 16:32:38 2020
</item>
<item name = "Version">2019.1 (Build 2552052 on Fri May 24 15:28:33 MDT 2019)</item>
<item name = "Project">SMO_FULL_4</item>
<item name = "Solution">solution3</item>
<item name = "Product family">zynq</item>
<item name = "Target device">xc7z020-clg400-1</item>
</section>

<section name = "Performance Estimates" level="0">
<item name = "Timing (ns)">
<section name = "" level="1">
<item name = "Summary"><table name="" hasTotal="0">
<keys size="4">Clock, Target, Estimated, Uncertainty</keys>
<column name="ap_clk">10.00, 8.670, 1.25</column>
</table>
</item>
</section>
</item>
<item name = "Latency (clock cycles)">
<section name = "" level="1">
<item name = "Summary"><table name="" hasTotal="0">
<keys size="6">, min, max, min, max, Type</keys>
<column name="">?, ?, ?, ?, none</column>
</table>
</item>
<item name = "Detail">
<section name = "" level="1">
<item name = "Instance"><table name="" hasTotal="0">
<keys size="7">Instance, Module, min, max, min, max, Type</keys>
<column name="grp_SMO_outer_fu_301">SMO_outer, ?, ?, ?, ?, none</column>
</table>
</item>
<item name = "Loop"><table name="" hasTotal="0">
<keys size="8">Loop Name, min, max, Latency, achieved, target, Count, Pipelined</keys>
<column name="- Loop 1">0, 20000, 1, -, -, 0 ~ 20000, no</column>
<column name="- Loop 2">0, 20000, 1, -, -, 0 ~ 20000, no</column>
<column name="- Loop 3">0, 60000, 3, -, -, 0 ~ 20000, no</column>
</table>
</item>
</section>
</item>
</section>
</item>
</section>

<section name = "Utilization Estimates" level="0">
<item name = "Summary"><table name="" hasTotal="1">
<keys size="6">Name, BRAM_18K, DSP48E, FF, LUT, URAM</keys>
<column name="DSP">-, -, -, -, -</column>
<column name="Expression">-, -, 0, 2575, -</column>
<column name="FIFO">-, -, -, -, -</column>
<column name="Instance">2, 20, 3870, 5562, 0</column>
<column name="Memory">70, -, 0, 0, 0</column>
<column name="Multiplexer">-, -, -, 758, -</column>
<column name="Register">-, -, 1195, -, -</column>
<specialColumn name="Available">280, 220, 106400, 53200, 0</specialColumn>
<specialColumn name="Utilization (%)">25, 9, 4, 16, 0</specialColumn>
</table>
</item>
<item name = "Detail">
<section name = "" level="1">
<item name = "Instance"><table name="" hasTotal="1">
<keys size="7">Instance, Module, BRAM_18K, DSP48E, FF, LUT, URAM</keys>
<column name="grp_SMO_outer_fu_301">SMO_outer, 2, 20, 3670, 5286, 0</column>
<column name="SMO_top_fpext_32nfYi_U57">SMO_top_fpext_32nfYi, 0, 0, 100, 138, 0</column>
<column name="SMO_top_fpext_32nfYi_U58">SMO_top_fpext_32nfYi, 0, 0, 100, 138, 0</column>
</table>
</item>
<item name = "DSP48E"><table name="" hasTotal="0">
<keys size="3">Instance, Module, Expression</keys>
</table>
</item>
<item name = "Memory"><table name="" hasTotal="1">
<keys size="10">Memory, Module, BRAM_18K, FF, LUT, URAM, Words, Bits, Banks, W*Bits*Banks</keys>
<column name="alpha_data_V_U">SMO_top_alpha_dateOg, 64, 0, 0, 0, 20000, 32, 1, 640000</column>
<column name="alpha_last_U">SMO_top_alpha_last, 2, 0, 0, 0, 20000, 1, 1, 20000</column>
<column name="y_V_U">SMO_top_y_V, 4, 0, 0, 0, 20000, 2, 1, 40000</column>
</table>
</item>
<item name = "FIFO"><table name="" hasTotal="1">
<keys size="8">Name, BRAM_18K, FF, LUT, URAM, Depth, Bits, Size:D*B</keys>
</table>
</item>
<item name = "Expression"><table name="" hasTotal="1">
<keys size="7">Variable Name, Operation, DSP48E, FF, LUT, Bitwidth P0, Bitwidth P1</keys>
<column name="add_ln581_1_fu_1268_p2">+, 0, 0, 12, 6, 12</column>
<column name="add_ln581_fu_1150_p2">+, 0, 0, 12, 6, 12</column>
<column name="n1_V_1_fu_1685_p2">+, 0, 0, 21, 15, 1</column>
<column name="n1_V_2_fu_1716_p2">+, 0, 0, 21, 15, 1</column>
<column name="n1_V_fu_1660_p2">+, 0, 0, 21, 15, 1</column>
<column name="ret_V_fu_1700_p2">+, 0, 0, 24, 17, 2</column>
<column name="F2_1_fu_1256_p2">-, 0, 0, 12, 11, 12</column>
<column name="F2_fu_1138_p2">-, 0, 0, 12, 11, 12</column>
<column name="man_V_1_fu_1118_p2">-, 0, 0, 61, 1, 54</column>
<column name="man_V_4_fu_1236_p2">-, 0, 0, 61, 1, 54</column>
<column name="max_itr_V_8_fu_1061_p2">-, 0, 0, 15, 1, 8</column>
<column name="no_training_vectors_9_fu_1308_p2">-, 0, 0, 23, 1, 16</column>
<column name="no_variables_V_8_fu_811_p2">-, 0, 0, 15, 1, 9</column>
<column name="sh_amt_1_fu_427_p2">-, 0, 0, 15, 1, 9</column>
<column name="sh_amt_2_fu_636_p2">-, 0, 0, 15, 8, 9</column>
<column name="sh_amt_3_fu_664_p2">-, 0, 0, 15, 1, 9</column>
<column name="sh_amt_4_fu_876_p2">-, 0, 0, 15, 8, 9</column>
<column name="sh_amt_5_fu_904_p2">-, 0, 0, 15, 1, 9</column>
<column name="sh_amt_fu_399_p2">-, 0, 0, 15, 8, 9</column>
<column name="sub_ln581_1_fu_1274_p2">-, 0, 0, 12, 5, 12</column>
<column name="sub_ln581_fu_1156_p2">-, 0, 0, 12, 5, 12</column>
<column name="alpha_out_V_data_V_1_load_A">and, 0, 0, 2, 1, 1</column>
<column name="alpha_out_V_data_V_1_load_B">and, 0, 0, 2, 1, 1</column>
<column name="alpha_out_V_last_1_load_A">and, 0, 0, 2, 1, 1</column>
<column name="alpha_out_V_last_1_load_B">and, 0, 0, 2, 1, 1</column>
<column name="and_ln282_1_fu_799_p2">and, 0, 0, 2, 1, 1</column>
<column name="and_ln282_2_fu_1049_p2">and, 0, 0, 2, 1, 1</column>
<column name="and_ln282_fu_572_p2">and, 0, 0, 2, 1, 1</column>
<column name="and_ln284_1_fu_698_p2">and, 0, 0, 2, 1, 1</column>
<column name="and_ln284_2_fu_948_p2">and, 0, 0, 2, 1, 1</column>
<column name="and_ln284_fu_471_p2">and, 0, 0, 2, 1, 1</column>
<column name="and_ln285_1_fu_547_p2">and, 0, 0, 2, 1, 1</column>
<column name="and_ln285_2_fu_704_p2">and, 0, 0, 2, 1, 1</column>
<column name="and_ln285_3_fu_774_p2">and, 0, 0, 2, 1, 1</column>
<column name="and_ln285_4_fu_954_p2">and, 0, 0, 2, 1, 1</column>
<column name="and_ln285_5_fu_1024_p2">and, 0, 0, 2, 1, 1</column>
<column name="and_ln285_fu_477_p2">and, 0, 0, 2, 1, 1</column>
<column name="and_ln295_1_fu_730_p2">and, 0, 0, 2, 1, 1</column>
<column name="and_ln295_2_fu_980_p2">and, 0, 0, 2, 1, 1</column>
<column name="and_ln295_fu_503_p2">and, 0, 0, 2, 1, 1</column>
<column name="and_ln581_1_fu_1552_p2">and, 0, 0, 2, 1, 1</column>
<column name="and_ln581_fu_1393_p2">and, 0, 0, 2, 1, 1</column>
<column name="and_ln582_1_fu_1537_p2">and, 0, 0, 2, 1, 1</column>
<column name="and_ln582_fu_1378_p2">and, 0, 0, 2, 1, 1</column>
<column name="and_ln585_1_fu_1410_p2">and, 0, 0, 2, 1, 1</column>
<column name="and_ln585_2_fu_1563_p2">and, 0, 0, 2, 1, 1</column>
<column name="and_ln585_3_fu_1569_p2">and, 0, 0, 2, 1, 1</column>
<column name="and_ln585_fu_1404_p2">and, 0, 0, 2, 1, 1</column>
<column name="and_ln603_1_fu_1586_p2">and, 0, 0, 2, 1, 1</column>
<column name="and_ln603_fu_1427_p2">and, 0, 0, 2, 1, 1</column>
<column name="ap_block_state8">and, 0, 0, 2, 1, 1</column>
<column name="dot_product_matrices_inner_V_data_V_0_load_A">and, 0, 0, 2, 1, 1</column>
<column name="dot_product_matrices_inner_V_data_V_0_load_B">and, 0, 0, 2, 1, 1</column>
<column name="dot_product_matrices_inner_V_last_0_load_A">and, 0, 0, 2, 1, 1</column>
<column name="dot_product_matrices_inner_V_last_0_load_B">and, 0, 0, 2, 1, 1</column>
<column name="dot_product_matrix_outer_V_data_V_0_load_A">and, 0, 0, 2, 1, 1</column>
<column name="dot_product_matrix_outer_V_data_V_0_load_B">and, 0, 0, 2, 1, 1</column>
<column name="dot_product_matrix_outer_V_last_0_load_A">and, 0, 0, 2, 1, 1</column>
<column name="dot_product_matrix_outer_V_last_0_load_B">and, 0, 0, 2, 1, 1</column>
<column name="input_details_V_data_0_load_A">and, 0, 0, 2, 1, 1</column>
<column name="input_details_V_data_0_load_B">and, 0, 0, 2, 1, 1</column>
<column name="kkt_violations_V_data_V_1_load_A">and, 0, 0, 2, 1, 1</column>
<column name="kkt_violations_V_data_V_1_load_B">and, 0, 0, 2, 1, 1</column>
<column name="kkt_violations_V_last_1_load_A">and, 0, 0, 2, 1, 1</column>
<column name="kkt_violations_V_last_1_load_B">and, 0, 0, 2, 1, 1</column>
<column name="output_details_V_data_V_1_load_A">and, 0, 0, 2, 1, 1</column>
<column name="output_details_V_data_V_1_load_B">and, 0, 0, 2, 1, 1</column>
<column name="output_details_V_last_1_load_A">and, 0, 0, 2, 1, 1</column>
<column name="output_details_V_last_1_load_B">and, 0, 0, 2, 1, 1</column>
<column name="training_labels_in_V_data_V_0_load_A">and, 0, 0, 2, 1, 1</column>
<column name="training_labels_in_V_data_V_0_load_B">and, 0, 0, 2, 1, 1</column>
<column name="training_matrices_inner_V_data_V_0_load_A">and, 0, 0, 2, 1, 1</column>
<column name="training_matrices_inner_V_data_V_0_load_B">and, 0, 0, 2, 1, 1</column>
<column name="training_matrices_inner_V_last_0_load_A">and, 0, 0, 2, 1, 1</column>
<column name="training_matrices_inner_V_last_0_load_B">and, 0, 0, 2, 1, 1</column>
<column name="training_matrix_outer_V_data_V_0_load_A">and, 0, 0, 2, 1, 1</column>
<column name="training_matrix_outer_V_data_V_0_load_B">and, 0, 0, 2, 1, 1</column>
<column name="training_matrix_outer_V_last_0_load_A">and, 0, 0, 2, 1, 1</column>
<column name="training_matrix_outer_V_last_0_load_B">and, 0, 0, 2, 1, 1</column>
<column name="ashr_ln586_1_fu_1499_p2">ashr, 0, 0, 162, 54, 54</column>
<column name="ashr_ln586_fu_1340_p2">ashr, 0, 0, 162, 54, 54</column>
<column name="alpha_out_V_data_V_1_state_cmp_full">icmp, 0, 0, 8, 2, 1</column>
<column name="alpha_out_V_last_1_state_cmp_full">icmp, 0, 0, 8, 2, 1</column>
<column name="dot_product_matrices_inner_V_data_V_0_state_cmp_full">icmp, 0, 0, 8, 2, 1</column>
<column name="dot_product_matrices_inner_V_last_0_state_cmp_full">icmp, 0, 0, 8, 2, 1</column>
<column name="dot_product_matrix_outer_V_data_V_0_state_cmp_full">icmp, 0, 0, 8, 2, 1</column>
<column name="dot_product_matrix_outer_V_last_0_state_cmp_full">icmp, 0, 0, 8, 2, 1</column>
<column name="empty_77_fu_1641_p2">icmp, 0, 0, 13, 16, 15</column>
<column name="icmp_ln278_1_fu_630_p2">icmp, 0, 0, 18, 31, 1</column>
<column name="icmp_ln278_2_fu_870_p2">icmp, 0, 0, 18, 31, 1</column>
<column name="icmp_ln278_fu_393_p2">icmp, 0, 0, 18, 31, 1</column>
<column name="icmp_ln282_1_fu_646_p2">icmp, 0, 0, 11, 8, 8</column>
<column name="icmp_ln282_2_fu_886_p2">icmp, 0, 0, 11, 8, 8</column>
<column name="icmp_ln282_fu_409_p2">icmp, 0, 0, 11, 8, 8</column>
<column name="icmp_ln284_1_fu_652_p2">icmp, 0, 0, 13, 9, 1</column>
<column name="icmp_ln284_2_fu_892_p2">icmp, 0, 0, 13, 9, 1</column>
<column name="icmp_ln284_fu_415_p2">icmp, 0, 0, 13, 9, 1</column>
<column name="icmp_ln285_1_fu_658_p2">icmp, 0, 0, 13, 9, 5</column>
<column name="icmp_ln285_2_fu_898_p2">icmp, 0, 0, 13, 9, 5</column>
<column name="icmp_ln285_fu_421_p2">icmp, 0, 0, 13, 9, 5</column>
<column name="icmp_ln295_1_fu_670_p2">icmp, 0, 0, 13, 9, 4</column>
<column name="icmp_ln295_2_fu_920_p2">icmp, 0, 0, 11, 6, 1</column>
<column name="icmp_ln295_fu_443_p2">icmp, 0, 0, 11, 5, 1</column>
<column name="icmp_ln423_fu_1655_p2">icmp, 0, 0, 13, 15, 15</column>
<column name="icmp_ln435_fu_1680_p2">icmp, 0, 0, 13, 15, 15</column>
<column name="icmp_ln476_fu_1711_p2">icmp, 0, 0, 13, 15, 15</column>
<column name="icmp_ln571_1_fu_1250_p2">icmp, 0, 0, 29, 63, 1</column>
<column name="icmp_ln571_fu_1132_p2">icmp, 0, 0, 29, 63, 1</column>
<column name="icmp_ln581_1_fu_1262_p2">icmp, 0, 0, 13, 12, 5</column>
<column name="icmp_ln581_fu_1144_p2">icmp, 0, 0, 13, 12, 5</column>
<column name="icmp_ln582_1_fu_1288_p2">icmp, 0, 0, 13, 12, 5</column>
<column name="icmp_ln582_fu_1170_p2">icmp, 0, 0, 13, 12, 5</column>
<column name="icmp_ln585_1_fu_1485_p2">icmp, 0, 0, 13, 12, 6</column>
<column name="icmp_ln585_fu_1326_p2">icmp, 0, 0, 13, 12, 6</column>
<column name="icmp_ln603_1_fu_1490_p2">icmp, 0, 0, 11, 7, 1</column>
<column name="icmp_ln603_fu_1331_p2">icmp, 0, 0, 11, 7, 1</column>
<column name="input_details_V_data_0_state_cmp_full">icmp, 0, 0, 8, 2, 1</column>
<column name="kkt_violations_V_data_V_1_state_cmp_full">icmp, 0, 0, 8, 2, 1</column>
<column name="kkt_violations_V_last_1_state_cmp_full">icmp, 0, 0, 8, 2, 1</column>
<column name="output_details_V_data_V_1_state_cmp_full">icmp, 0, 0, 8, 2, 1</column>
<column name="output_details_V_last_1_state_cmp_full">icmp, 0, 0, 8, 2, 1</column>
<column name="training_labels_in_V_data_V_0_state_cmp_full">icmp, 0, 0, 8, 2, 1</column>
<column name="training_matrices_inner_V_data_V_0_state_cmp_full">icmp, 0, 0, 8, 2, 1</column>
<column name="training_matrices_inner_V_last_0_state_cmp_full">icmp, 0, 0, 8, 2, 1</column>
<column name="training_matrix_outer_V_data_V_0_state_cmp_full">icmp, 0, 0, 8, 2, 1</column>
<column name="training_matrix_outer_V_last_0_state_cmp_full">icmp, 0, 0, 8, 2, 1</column>
<column name="lshr_ln286_1_fu_676_p2">lshr, 0, 0, 69, 24, 24</column>
<column name="lshr_ln286_2_fu_926_p2">lshr, 0, 0, 69, 24, 24</column>
<column name="lshr_ln286_fu_449_p2">lshr, 0, 0, 69, 24, 24</column>
<column name="ap_block_state11">or, 0, 0, 2, 1, 1</column>
<column name="grp_SMO_outer_fu_301_kkt_violations_TREADY">or, 0, 0, 2, 1, 1</column>
<column name="grp_SMO_outer_fu_301_output_details_TREADY">or, 0, 0, 2, 1, 1</column>
<column name="or_ln282_1_fu_686_p2">or, 0, 0, 2, 1, 1</column>
<column name="or_ln282_2_fu_936_p2">or, 0, 0, 2, 1, 1</column>
<column name="or_ln282_fu_459_p2">or, 0, 0, 2, 1, 1</column>
<column name="or_ln284_1_fu_718_p2">or, 0, 0, 2, 1, 1</column>
<column name="or_ln284_2_fu_968_p2">or, 0, 0, 2, 1, 1</column>
<column name="or_ln284_fu_491_p2">or, 0, 0, 2, 1, 1</column>
<column name="or_ln581_1_fu_1575_p2">or, 0, 0, 2, 1, 1</column>
<column name="or_ln581_fu_1416_p2">or, 0, 0, 2, 1, 1</column>
<column name="or_ln582_1_fu_1542_p2">or, 0, 0, 2, 1, 1</column>
<column name="or_ln582_fu_1383_p2">or, 0, 0, 2, 1, 1</column>
<column name="or_ln603_1_fu_1454_p2">or, 0, 0, 2, 1, 1</column>
<column name="or_ln603_2_fu_1468_p2">or, 0, 0, 2, 1, 1</column>
<column name="or_ln603_3_fu_1600_p2">or, 0, 0, 2, 1, 1</column>
<column name="or_ln603_4_fu_1613_p2">or, 0, 0, 2, 1, 1</column>
<column name="or_ln603_5_fu_1627_p2">or, 0, 0, 2, 1, 1</column>
<column name="or_ln603_fu_1441_p2">or, 0, 0, 2, 1, 1</column>
<column name="C_V_fu_1633_p3">select, 0, 0, 32, 1, 32</column>
<column name="man_V_2_fu_1124_p3">select, 0, 0, 54, 1, 54</column>
<column name="man_V_5_fu_1242_p3">select, 0, 0, 54, 1, 54</column>
<column name="max_itr_V_3_fu_960_p3">select, 0, 0, 8, 1, 8</column>
<column name="max_itr_V_4_fu_1013_p3">select, 0, 0, 8, 1, 8</column>
<column name="max_itr_V_5_fu_1029_p3">select, 0, 0, 8, 1, 8</column>
<column name="max_itr_V_6_fu_1037_p3">select, 0, 0, 8, 1, 1</column>
<column name="max_itr_V_7_fu_1054_p3">select, 0, 0, 8, 1, 8</column>
<column name="max_itr_V_9_fu_1066_p3">select, 0, 0, 8, 1, 8</column>
<column name="no_training_vectors_10_fu_1313_p3">select, 0, 0, 16, 1, 16</column>
<column name="no_training_vectors_4_fu_483_p3">select, 0, 0, 16, 1, 16</column>
<column name="no_training_vectors_5_fu_536_p3">select, 0, 0, 16, 1, 16</column>
<column name="no_training_vectors_6_fu_552_p3">select, 0, 0, 16, 1, 16</column>
<column name="no_training_vectors_7_fu_560_p3">select, 0, 0, 16, 1, 1</column>
<column name="no_training_vectors_8_fu_577_p3">select, 0, 0, 16, 1, 16</column>
<column name="no_variables_V_3_fu_710_p3">select, 0, 0, 9, 1, 9</column>
<column name="no_variables_V_4_fu_763_p3">select, 0, 0, 9, 1, 9</column>
<column name="no_variables_V_5_fu_779_p3">select, 0, 0, 9, 1, 9</column>
<column name="no_variables_V_6_fu_787_p3">select, 0, 0, 9, 1, 1</column>
<column name="no_variables_V_7_fu_804_p3">select, 0, 0, 9, 1, 9</column>
<column name="no_variables_V_9_fu_817_p3">select, 0, 0, 9, 1, 9</column>
<column name="select_ln289_1_fu_746_p3">select, 0, 0, 2, 1, 2</column>
<column name="select_ln289_2_fu_996_p3">select, 0, 0, 2, 1, 2</column>
<column name="select_ln289_fu_519_p3">select, 0, 0, 2, 1, 2</column>
<column name="select_ln588_1_fu_1519_p3">select, 0, 0, 2, 1, 2</column>
<column name="select_ln588_fu_1360_p3">select, 0, 0, 2, 1, 2</column>
<column name="select_ln603_1_fu_1447_p3">select, 0, 0, 32, 1, 32</column>
<column name="select_ln603_2_fu_1460_p3">select, 0, 0, 32, 1, 32</column>
<column name="select_ln603_4_fu_1592_p3">select, 0, 0, 32, 1, 32</column>
<column name="select_ln603_5_fu_1606_p3">select, 0, 0, 32, 1, 32</column>
<column name="select_ln603_6_fu_1619_p3">select, 0, 0, 32, 1, 32</column>
<column name="select_ln603_fu_1433_p3">select, 0, 0, 32, 1, 32</column>
<column name="select_ln887_fu_1647_p3">select, 0, 0, 15, 1, 15</column>
<column name="sh_amt_6_fu_1162_p3">select, 0, 0, 12, 1, 12</column>
<column name="sh_amt_7_fu_1280_p3">select, 0, 0, 12, 1, 12</column>
<column name="tolerance_V_fu_1474_p3">select, 0, 0, 32, 1, 32</column>
<column name="shl_ln297_1_fu_758_p2">shl, 0, 0, 21, 9, 9</column>
<column name="shl_ln297_2_fu_1008_p2">shl, 0, 0, 19, 8, 8</column>
<column name="shl_ln297_fu_531_p2">shl, 0, 0, 35, 16, 16</column>
<column name="shl_ln604_1_fu_1527_p2">shl, 0, 0, 101, 32, 32</column>
<column name="shl_ln604_fu_1368_p2">shl, 0, 0, 101, 32, 32</column>
<column name="xor_ln278_1_fu_794_p2">xor, 0, 0, 2, 1, 2</column>
<column name="xor_ln278_2_fu_1044_p2">xor, 0, 0, 2, 1, 2</column>
<column name="xor_ln278_fu_567_p2">xor, 0, 0, 2, 1, 2</column>
<column name="xor_ln282_1_fu_692_p2">xor, 0, 0, 2, 1, 2</column>
<column name="xor_ln282_2_fu_942_p2">xor, 0, 0, 2, 1, 2</column>
<column name="xor_ln282_fu_465_p2">xor, 0, 0, 2, 1, 2</column>
<column name="xor_ln284_1_fu_724_p2">xor, 0, 0, 2, 1, 2</column>
<column name="xor_ln284_2_fu_974_p2">xor, 0, 0, 2, 1, 2</column>
<column name="xor_ln284_fu_497_p2">xor, 0, 0, 2, 1, 2</column>
<column name="xor_ln285_1_fu_769_p2">xor, 0, 0, 2, 1, 2</column>
<column name="xor_ln285_2_fu_1019_p2">xor, 0, 0, 2, 1, 2</column>
<column name="xor_ln285_fu_542_p2">xor, 0, 0, 2, 1, 2</column>
<column name="xor_ln571_1_fu_1532_p2">xor, 0, 0, 2, 1, 2</column>
<column name="xor_ln571_fu_1373_p2">xor, 0, 0, 2, 1, 2</column>
<column name="xor_ln581_1_fu_1580_p2">xor, 0, 0, 2, 1, 2</column>
<column name="xor_ln581_fu_1421_p2">xor, 0, 0, 2, 1, 2</column>
<column name="xor_ln582_1_fu_1546_p2">xor, 0, 0, 2, 1, 2</column>
<column name="xor_ln582_fu_1387_p2">xor, 0, 0, 2, 1, 2</column>
<column name="xor_ln585_1_fu_1557_p2">xor, 0, 0, 2, 1, 2</column>
<column name="xor_ln585_fu_1398_p2">xor, 0, 0, 2, 1, 2</column>
</table>
</item>
<item name = "Multiplexer"><table name="" hasTotal="1">
<keys size="5">Name, LUT, Input Size, Bits, Total Bits</keys>
<column name="alpha_data_V_address0">21, 4, 15, 60</column>
<column name="alpha_data_V_ce0">15, 3, 1, 3</column>
<column name="alpha_data_V_ce1">9, 2, 1, 2</column>
<column name="alpha_data_V_d0">15, 3, 32, 96</column>
<column name="alpha_data_V_we0">15, 3, 1, 3</column>
<column name="alpha_data_V_we1">9, 2, 1, 2</column>
<column name="alpha_last_address0">21, 4, 15, 60</column>
<column name="alpha_last_d0">15, 3, 1, 3</column>
<column name="alpha_out_TDATA_blk_n">9, 2, 1, 2</column>
<column name="alpha_out_V_data_V_1_data_out">9, 2, 32, 64</column>
<column name="alpha_out_V_data_V_1_state">15, 3, 2, 6</column>
<column name="alpha_out_V_last_1_data_out">9, 2, 1, 2</column>
<column name="alpha_out_V_last_1_state">15, 3, 2, 6</column>
<column name="ap_NS_fsm">59, 14, 1, 14</column>
<column name="dot_product_matrices_inner_V_data_V_0_ack_out">9, 2, 1, 2</column>
<column name="dot_product_matrices_inner_V_data_V_0_data_out">9, 2, 32, 64</column>
<column name="dot_product_matrices_inner_V_data_V_0_state">15, 3, 2, 6</column>
<column name="dot_product_matrices_inner_V_last_0_ack_out">9, 2, 1, 2</column>
<column name="dot_product_matrices_inner_V_last_0_data_out">9, 2, 1, 2</column>
<column name="dot_product_matrices_inner_V_last_0_state">15, 3, 2, 6</column>
<column name="dot_product_matrix_outer_V_data_V_0_ack_out">9, 2, 1, 2</column>
<column name="dot_product_matrix_outer_V_data_V_0_data_out">9, 2, 32, 64</column>
<column name="dot_product_matrix_outer_V_data_V_0_state">15, 3, 2, 6</column>
<column name="dot_product_matrix_outer_V_last_0_ack_out">9, 2, 1, 2</column>
<column name="dot_product_matrix_outer_V_last_0_data_out">9, 2, 1, 2</column>
<column name="dot_product_matrix_outer_V_last_0_state">15, 3, 2, 6</column>
<column name="input_details_TDATA_blk_n">9, 2, 1, 2</column>
<column name="input_details_V_data_0_data_out">9, 2, 32, 64</column>
<column name="input_details_V_data_0_state">15, 3, 2, 6</column>
<column name="input_details_V_last_0_state">15, 3, 2, 6</column>
<column name="kkt_violations_V_data_V_1_data_out">9, 2, 8, 16</column>
<column name="kkt_violations_V_data_V_1_state">15, 3, 2, 6</column>
<column name="kkt_violations_V_last_1_data_out">9, 2, 1, 2</column>
<column name="kkt_violations_V_last_1_state">15, 3, 2, 6</column>
<column name="output_details_V_data_V_1_data_out">9, 2, 32, 64</column>
<column name="output_details_V_data_V_1_state">15, 3, 2, 6</column>
<column name="output_details_V_last_1_data_out">9, 2, 1, 2</column>
<column name="output_details_V_last_1_state">15, 3, 2, 6</column>
<column name="t_V_1_reg_279">9, 2, 15, 30</column>
<column name="t_V_2_reg_290">9, 2, 15, 30</column>
<column name="t_V_reg_268">9, 2, 15, 30</column>
<column name="training_labels_in_TDATA_blk_n">9, 2, 1, 2</column>
<column name="training_labels_in_V_data_V_0_data_out">9, 2, 8, 16</column>
<column name="training_labels_in_V_data_V_0_state">15, 3, 2, 6</column>
<column name="training_labels_in_V_last_0_state">15, 3, 2, 6</column>
<column name="training_matrices_inner_V_data_V_0_ack_out">9, 2, 1, 2</column>
<column name="training_matrices_inner_V_data_V_0_data_out">9, 2, 16, 32</column>
<column name="training_matrices_inner_V_data_V_0_state">15, 3, 2, 6</column>
<column name="training_matrices_inner_V_last_0_ack_out">9, 2, 1, 2</column>
<column name="training_matrices_inner_V_last_0_data_out">9, 2, 1, 2</column>
<column name="training_matrices_inner_V_last_0_state">15, 3, 2, 6</column>
<column name="training_matrix_outer_V_data_V_0_ack_out">9, 2, 1, 2</column>
<column name="training_matrix_outer_V_data_V_0_data_out">9, 2, 16, 32</column>
<column name="training_matrix_outer_V_data_V_0_state">15, 3, 2, 6</column>
<column name="training_matrix_outer_V_last_0_ack_out">9, 2, 1, 2</column>
<column name="training_matrix_outer_V_last_0_data_out">9, 2, 1, 2</column>
<column name="training_matrix_outer_V_last_0_state">15, 3, 2, 6</column>
<column name="y_V_address0">15, 3, 15, 45</column>
<column name="y_V_ce0">15, 3, 1, 3</column>
<column name="y_V_ce1">9, 2, 1, 2</column>
</table>
</item>
<item name = "Register"><table name="" hasTotal="1">
<keys size="5">Name, FF, LUT, Bits, Const Bits</keys>
<column name="C_V_reg_2009">32, 0, 32, 0</column>
<column name="alpha_out_V_data_V_1_payload_A">32, 0, 32, 0</column>
<column name="alpha_out_V_data_V_1_payload_B">32, 0, 32, 0</column>
<column name="alpha_out_V_data_V_1_sel_rd">1, 0, 1, 0</column>
<column name="alpha_out_V_data_V_1_sel_wr">1, 0, 1, 0</column>
<column name="alpha_out_V_data_V_1_state">2, 0, 2, 0</column>
<column name="alpha_out_V_last_1_payload_A">1, 0, 1, 0</column>
<column name="alpha_out_V_last_1_payload_B">1, 0, 1, 0</column>
<column name="alpha_out_V_last_1_sel_rd">1, 0, 1, 0</column>
<column name="alpha_out_V_last_1_sel_wr">1, 0, 1, 0</column>
<column name="alpha_out_V_last_1_state">2, 0, 2, 0</column>
<column name="and_ln284_1_reg_1823">1, 0, 1, 0</column>
<column name="and_ln284_2_reg_1880">1, 0, 1, 0</column>
<column name="and_ln284_reg_1765">1, 0, 1, 0</column>
<column name="and_ln295_1_reg_1833">1, 0, 1, 0</column>
<column name="and_ln295_2_reg_1890">1, 0, 1, 0</column>
<column name="and_ln295_reg_1775">1, 0, 1, 0</column>
<column name="ap_CS_fsm">13, 0, 13, 0</column>
<column name="dot_product_matrices_inner_V_data_V_0_payload_A">32, 0, 32, 0</column>
<column name="dot_product_matrices_inner_V_data_V_0_payload_B">32, 0, 32, 0</column>
<column name="dot_product_matrices_inner_V_data_V_0_sel_rd">1, 0, 1, 0</column>
<column name="dot_product_matrices_inner_V_data_V_0_sel_wr">1, 0, 1, 0</column>
<column name="dot_product_matrices_inner_V_data_V_0_state">2, 0, 2, 0</column>
<column name="dot_product_matrices_inner_V_last_0_payload_A">1, 0, 1, 0</column>
<column name="dot_product_matrices_inner_V_last_0_payload_B">1, 0, 1, 0</column>
<column name="dot_product_matrices_inner_V_last_0_sel_rd">1, 0, 1, 0</column>
<column name="dot_product_matrices_inner_V_last_0_sel_wr">1, 0, 1, 0</column>
<column name="dot_product_matrices_inner_V_last_0_state">2, 0, 2, 0</column>
<column name="dot_product_matrix_outer_V_data_V_0_payload_A">32, 0, 32, 0</column>
<column name="dot_product_matrix_outer_V_data_V_0_payload_B">32, 0, 32, 0</column>
<column name="dot_product_matrix_outer_V_data_V_0_sel_rd">1, 0, 1, 0</column>
<column name="dot_product_matrix_outer_V_data_V_0_sel_wr">1, 0, 1, 0</column>
<column name="dot_product_matrix_outer_V_data_V_0_state">2, 0, 2, 0</column>
<column name="dot_product_matrix_outer_V_last_0_payload_A">1, 0, 1, 0</column>
<column name="dot_product_matrix_outer_V_last_0_payload_B">1, 0, 1, 0</column>
<column name="dot_product_matrix_outer_V_last_0_sel_rd">1, 0, 1, 0</column>
<column name="dot_product_matrix_outer_V_last_0_sel_wr">1, 0, 1, 0</column>
<column name="dot_product_matrix_outer_V_last_0_state">2, 0, 2, 0</column>
<column name="grp_SMO_outer_fu_301_ap_start_reg">1, 0, 1, 0</column>
<column name="icmp_ln278_1_reg_1802">1, 0, 1, 0</column>
<column name="icmp_ln278_2_reg_1859">1, 0, 1, 0</column>
<column name="icmp_ln278_reg_1744">1, 0, 1, 0</column>
<column name="icmp_ln282_1_reg_1808">1, 0, 1, 0</column>
<column name="icmp_ln282_2_reg_1865">1, 0, 1, 0</column>
<column name="icmp_ln282_reg_1750">1, 0, 1, 0</column>
<column name="icmp_ln285_1_reg_1813">1, 0, 1, 0</column>
<column name="icmp_ln285_2_reg_1870">1, 0, 1, 0</column>
<column name="icmp_ln285_reg_1755">1, 0, 1, 0</column>
<column name="icmp_ln571_1_reg_1963">1, 0, 1, 0</column>
<column name="icmp_ln571_reg_1923">1, 0, 1, 0</column>
<column name="icmp_ln581_1_reg_1969">1, 0, 1, 0</column>
<column name="icmp_ln581_reg_1929">1, 0, 1, 0</column>
<column name="icmp_ln582_1_reg_1981">1, 0, 1, 0</column>
<column name="icmp_ln582_reg_1941">1, 0, 1, 0</column>
<column name="input_details_V_data_0_payload_A">32, 0, 32, 0</column>
<column name="input_details_V_data_0_payload_B">32, 0, 32, 0</column>
<column name="input_details_V_data_0_sel_rd">1, 0, 1, 0</column>
<column name="input_details_V_data_0_sel_wr">1, 0, 1, 0</column>
<column name="input_details_V_data_0_state">2, 0, 2, 0</column>
<column name="input_details_V_last_0_state">2, 0, 2, 0</column>
<column name="kkt_violations_V_data_V_1_payload_A">8, 0, 8, 0</column>
<column name="kkt_violations_V_data_V_1_payload_B">8, 0, 8, 0</column>
<column name="kkt_violations_V_data_V_1_sel_rd">1, 0, 1, 0</column>
<column name="kkt_violations_V_data_V_1_sel_wr">1, 0, 1, 0</column>
<column name="kkt_violations_V_data_V_1_state">2, 0, 2, 0</column>
<column name="kkt_violations_V_last_1_payload_A">1, 0, 1, 0</column>
<column name="kkt_violations_V_last_1_payload_B">1, 0, 1, 0</column>
<column name="kkt_violations_V_last_1_sel_rd">1, 0, 1, 0</column>
<column name="kkt_violations_V_last_1_sel_wr">1, 0, 1, 0</column>
<column name="kkt_violations_V_last_1_state">2, 0, 2, 0</column>
<column name="man_V_2_reg_1918">54, 0, 54, 0</column>
<column name="man_V_5_reg_1958">54, 0, 54, 0</column>
<column name="max_itr_V_3_reg_1885">8, 0, 8, 0</column>
<column name="max_itr_V_7_reg_1895">8, 0, 8, 0</column>
<column name="max_itr_V_9_reg_1907">8, 0, 8, 0</column>
<column name="max_itr_V_reg_1853">8, 0, 8, 0</column>
<column name="n1_V_2_reg_2040">15, 0, 15, 0</column>
<column name="no_training_vectors_10_reg_1998">16, 0, 16, 0</column>
<column name="no_training_vectors_4_reg_1770">16, 0, 16, 0</column>
<column name="no_training_vectors_8_reg_1780">16, 0, 16, 0</column>
<column name="no_training_vectors_s_reg_1738">16, 0, 16, 0</column>
<column name="no_variables_V_3_reg_1828">9, 0, 9, 0</column>
<column name="no_variables_V_9_reg_1838">9, 0, 9, 0</column>
<column name="no_variables_V_reg_1796">9, 0, 9, 0</column>
<column name="output_details_V_data_V_1_payload_A">32, 0, 32, 0</column>
<column name="output_details_V_data_V_1_payload_B">32, 0, 32, 0</column>
<column name="output_details_V_data_V_1_sel_rd">1, 0, 1, 0</column>
<column name="output_details_V_data_V_1_sel_wr">1, 0, 1, 0</column>
<column name="output_details_V_data_V_1_state">2, 0, 2, 0</column>
<column name="output_details_V_last_1_payload_A">1, 0, 1, 0</column>
<column name="output_details_V_last_1_payload_B">1, 0, 1, 0</column>
<column name="output_details_V_last_1_sel_rd">1, 0, 1, 0</column>
<column name="output_details_V_last_1_sel_wr">1, 0, 1, 0</column>
<column name="output_details_V_last_1_state">2, 0, 2, 0</column>
<column name="p_Result_10_reg_1733">1, 0, 1, 0</column>
<column name="p_Result_11_reg_1791">1, 0, 1, 0</column>
<column name="p_Result_12_reg_1848">1, 0, 1, 0</column>
<column name="reg_V_1_reg_1786">32, 0, 32, 0</column>
<column name="reg_V_2_reg_1843">32, 0, 32, 0</column>
<column name="reg_V_reg_1728">32, 0, 32, 0</column>
<column name="select_ln887_reg_2014">15, 0, 15, 0</column>
<column name="sh_amt_1_reg_1760">9, 0, 9, 0</column>
<column name="sh_amt_3_reg_1818">9, 0, 9, 0</column>
<column name="sh_amt_5_reg_1875">9, 0, 9, 0</column>
<column name="sh_amt_6_reg_1935">12, 0, 12, 0</column>
<column name="sh_amt_7_reg_1975">12, 0, 12, 0</column>
<column name="t_V_1_reg_279">15, 0, 15, 0</column>
<column name="t_V_2_reg_290">15, 0, 15, 0</column>
<column name="t_V_reg_268">15, 0, 15, 0</column>
<column name="tmp_14_reg_1953">7, 0, 7, 0</column>
<column name="tmp_17_reg_1993">7, 0, 7, 0</column>
<column name="tmp_data_4_reg_1901">32, 0, 32, 0</column>
<column name="tmp_data_5_reg_1912">32, 0, 32, 0</column>
<column name="tolerance_V_reg_2004">32, 0, 32, 0</column>
<column name="training_labels_in_V_data_V_0_payload_A">8, 0, 8, 0</column>
<column name="training_labels_in_V_data_V_0_payload_B">8, 0, 8, 0</column>
<column name="training_labels_in_V_data_V_0_sel_rd">1, 0, 1, 0</column>
<column name="training_labels_in_V_data_V_0_sel_wr">1, 0, 1, 0</column>
<column name="training_labels_in_V_data_V_0_state">2, 0, 2, 0</column>
<column name="training_labels_in_V_last_0_state">2, 0, 2, 0</column>
<column name="training_matrices_inner_V_data_V_0_payload_A">16, 0, 16, 0</column>
<column name="training_matrices_inner_V_data_V_0_payload_B">16, 0, 16, 0</column>
<column name="training_matrices_inner_V_data_V_0_sel_rd">1, 0, 1, 0</column>
<column name="training_matrices_inner_V_data_V_0_sel_wr">1, 0, 1, 0</column>
<column name="training_matrices_inner_V_data_V_0_state">2, 0, 2, 0</column>
<column name="training_matrices_inner_V_last_0_payload_A">1, 0, 1, 0</column>
<column name="training_matrices_inner_V_last_0_payload_B">1, 0, 1, 0</column>
<column name="training_matrices_inner_V_last_0_sel_rd">1, 0, 1, 0</column>
<column name="training_matrices_inner_V_last_0_sel_wr">1, 0, 1, 0</column>
<column name="training_matrices_inner_V_last_0_state">2, 0, 2, 0</column>
<column name="training_matrix_outer_V_data_V_0_payload_A">16, 0, 16, 0</column>
<column name="training_matrix_outer_V_data_V_0_payload_B">16, 0, 16, 0</column>
<column name="training_matrix_outer_V_data_V_0_sel_rd">1, 0, 1, 0</column>
<column name="training_matrix_outer_V_data_V_0_sel_wr">1, 0, 1, 0</column>
<column name="training_matrix_outer_V_data_V_0_state">2, 0, 2, 0</column>
<column name="training_matrix_outer_V_last_0_payload_A">1, 0, 1, 0</column>
<column name="training_matrix_outer_V_last_0_payload_B">1, 0, 1, 0</column>
<column name="training_matrix_outer_V_last_0_sel_rd">1, 0, 1, 0</column>
<column name="training_matrix_outer_V_last_0_sel_wr">1, 0, 1, 0</column>
<column name="training_matrix_outer_V_last_0_state">2, 0, 2, 0</column>
<column name="trunc_ln583_1_reg_1987">32, 0, 32, 0</column>
<column name="trunc_ln583_reg_1947">32, 0, 32, 0</column>
</table>
</item>
</section>
</item>
</section>

<section name = "Interface" level="0">
<item name = "Summary"><table name="" hasTotal="0">
<keys size="6">RTL Ports, Dir, Bits, Protocol, Source Object, C Type</keys>
<column name="ap_clk">in, 1, ap_ctrl_none, SMO_top, return value</column>
<column name="ap_rst_n">in, 1, ap_ctrl_none, SMO_top, return value</column>
<column name="dot_product_matrix_outer_TDATA">in, 32, axis, dot_product_matrix_outer_V_data_V, pointer</column>
<column name="dot_product_matrix_outer_TVALID">in, 1, axis, dot_product_matrix_outer_V_last, pointer</column>
<column name="dot_product_matrix_outer_TREADY">out, 1, axis, dot_product_matrix_outer_V_last, pointer</column>
<column name="dot_product_matrix_outer_TLAST">in, 1, axis, dot_product_matrix_outer_V_last, pointer</column>
<column name="dot_product_matrices_inner_TDATA">in, 32, axis, dot_product_matrices_inner_V_data_V, pointer</column>
<column name="dot_product_matrices_inner_TVALID">in, 1, axis, dot_product_matrices_inner_V_last, pointer</column>
<column name="dot_product_matrices_inner_TREADY">out, 1, axis, dot_product_matrices_inner_V_last, pointer</column>
<column name="dot_product_matrices_inner_TLAST">in, 1, axis, dot_product_matrices_inner_V_last, pointer</column>
<column name="training_labels_in_TDATA">in, 8, axis, training_labels_in_V_data_V, pointer</column>
<column name="training_labels_in_TVALID">in, 1, axis, training_labels_in_V_last, pointer</column>
<column name="training_labels_in_TREADY">out, 1, axis, training_labels_in_V_last, pointer</column>
<column name="training_labels_in_TLAST">in, 1, axis, training_labels_in_V_last, pointer</column>
<column name="training_matrix_outer_TDATA">in, 16, axis, training_matrix_outer_V_data_V, pointer</column>
<column name="training_matrix_outer_TVALID">in, 1, axis, training_matrix_outer_V_last, pointer</column>
<column name="training_matrix_outer_TREADY">out, 1, axis, training_matrix_outer_V_last, pointer</column>
<column name="training_matrix_outer_TLAST">in, 1, axis, training_matrix_outer_V_last, pointer</column>
<column name="training_matrices_inner_TDATA">in, 16, axis, training_matrices_inner_V_data_V, pointer</column>
<column name="training_matrices_inner_TVALID">in, 1, axis, training_matrices_inner_V_last, pointer</column>
<column name="training_matrices_inner_TREADY">out, 1, axis, training_matrices_inner_V_last, pointer</column>
<column name="training_matrices_inner_TLAST">in, 1, axis, training_matrices_inner_V_last, pointer</column>
<column name="input_details_TDATA">in, 32, axis, input_details_V_data, pointer</column>
<column name="input_details_TVALID">in, 1, axis, input_details_V_last, pointer</column>
<column name="input_details_TREADY">out, 1, axis, input_details_V_last, pointer</column>
<column name="input_details_TLAST">in, 1, axis, input_details_V_last, pointer</column>
<column name="alpha_out_TDATA">out, 32, axis, alpha_out_V_data_V, pointer</column>
<column name="alpha_out_TREADY">in, 1, axis, alpha_out_V_data_V, pointer</column>
<column name="alpha_out_TVALID">out, 1, axis, alpha_out_V_last, pointer</column>
<column name="alpha_out_TLAST">out, 1, axis, alpha_out_V_last, pointer</column>
<column name="kkt_violations_TDATA">out, 8, axis, kkt_violations_V_data_V, pointer</column>
<column name="kkt_violations_TVALID">out, 1, axis, kkt_violations_V_last, pointer</column>
<column name="kkt_violations_TREADY">in, 1, axis, kkt_violations_V_last, pointer</column>
<column name="kkt_violations_TLAST">out, 1, axis, kkt_violations_V_last, pointer</column>
<column name="output_details_TDATA">out, 32, axis, output_details_V_data_V, pointer</column>
<column name="output_details_TVALID">out, 1, axis, output_details_V_last, pointer</column>
<column name="output_details_TREADY">in, 1, axis, output_details_V_last, pointer</column>
<column name="output_details_TLAST">out, 1, axis, output_details_V_last, pointer</column>
</table>
</item>
</section>
</profile>
