<profile>

<section name = "Vivado HLS Report for 'SMO_outer'" level="0">
<item name = "Date">Fri Feb 28 16:32:36 2020
</item>
<item name = "Version">2019.1 (Build 2552052 on Fri May 24 15:28:33 MDT 2019)</item>
<item name = "Project">SMO_FULL_4</item>
<item name = "Solution">solution3</item>
<item name = "Product family">zynq</item>
<item name = "Target device">xc7z020-clg400-1</item>
</section>

<section name = "Performance Estimates" level="0">
<item name = "Timing (ns)">
<section name = "" level="1">
<item name = "Summary"><table name="" hasTotal="0">
<keys size="4">Clock, Target, Estimated, Uncertainty</keys>
<column name="ap_clk">10.00, 8.510, 1.25</column>
</table>
</item>
</section>
</item>
<item name = "Latency (clock cycles)">
<section name = "" level="1">
<item name = "Summary"><table name="" hasTotal="0">
<keys size="6">, min, max, min, max, Type</keys>
<column name="">?, ?, ?, ?, none</column>
</table>
</item>
<item name = "Detail">
<section name = "" level="1">
<item name = "Instance"><table name="" hasTotal="0">
<keys size="7">Instance, Module, min, max, min, max, Type</keys>
<column name="grp_SMO_p_loop_linear_fu_280">SMO_p_loop_linear, ?, ?, ?, ?, none</column>
<column name="grp_get_u_k_fu_306">get_u_k, 6, 20005, 6, 20005, none</column>
<column name="grp_get_training_vector_fu_320">get_training_vector, 2, 257, 2, 257, none</column>
</table>
</item>
<item name = "Loop"><table name="" hasTotal="0">
<keys size="8">Loop Name, min, max, Latency, achieved, target, Count, Pipelined</keys>
<column name="- max_itr_loop">?, ?, ?, -, -, 1 ~ 100, no</column>
<column name=" + smo_p_loop">?, ?, ?, -, -, 1 ~ 20000, no</column>
</table>
</item>
</section>
</item>
</section>
</item>
</section>

<section name = "Utilization Estimates" level="0">
<item name = "Summary"><table name="" hasTotal="1">
<keys size="6">Name, BRAM_18K, DSP48E, FF, LUT, URAM</keys>
<column name="DSP">-, -, -, -, -</column>
<column name="Expression">-, 0, 0, 380, -</column>
<column name="FIFO">-, -, -, -, -</column>
<column name="Instance">1, 20, 3339, 4544, 0</column>
<column name="Memory">1, -, 0, 0, 0</column>
<column name="Multiplexer">-, -, -, 362, -</column>
<column name="Register">-, -, 331, -, -</column>
<specialColumn name="Available">280, 220, 106400, 53200, 0</specialColumn>
<specialColumn name="Utilization (%)">~0, 9, 3, 9, 0</specialColumn>
</table>
</item>
<item name = "Detail">
<section name = "" level="1">
<item name = "Instance"><table name="" hasTotal="1">
<keys size="7">Instance, Module, BRAM_18K, DSP48E, FF, LUT, URAM</keys>
<column name="grp_SMO_p_loop_linear_fu_280">SMO_p_loop_linear, 1, 17, 2927, 4117, 0</column>
<column name="grp_get_training_vector_fu_320">get_training_vector, 0, 0, 11, 65, 0</column>
<column name="grp_get_u_k_fu_306">get_u_k, 0, 3, 401, 362, 0</column>
</table>
</item>
<item name = "DSP48E"><table name="" hasTotal="0">
<keys size="3">Instance, Module, Expression</keys>
</table>
</item>
<item name = "Memory"><table name="" hasTotal="1">
<keys size="10">Memory, Module, BRAM_18K, FF, LUT, URAM, Words, Bits, Banks, W*Bits*Banks</keys>
<column name="x_p_V_U">SMO_outer_x_p_V, 1, 0, 0, 0, 256, 16, 1, 4096</column>
</table>
</item>
<item name = "FIFO"><table name="" hasTotal="1">
<keys size="8">Name, BRAM_18K, FF, LUT, URAM, Depth, Bits, Size:D*B</keys>
</table>
</item>
<item name = "Expression"><table name="" hasTotal="1">
<keys size="7">Variable Name, Operation, DSP48E, FF, LUT, Bitwidth P0, Bitwidth P1</keys>
<column name="yp_Ep_V_fu_432_p2">*, 0, 0, 20, 2, 32</column>
<column name="n1_V_fu_358_p2">+, 0, 0, 15, 7, 1</column>
<column name="no_itr_V_fu_401_p2">+, 0, 0, 34, 27, 21</column>
<column name="p_V_fu_379_p2">+, 0, 0, 21, 15, 1</column>
<column name="E_p_V_fu_423_p2">-, 0, 0, 39, 32, 32</column>
<column name="r_V_20_fu_337_p2">-, 0, 0, 40, 1, 33</column>
<column name="and_ln304_fu_460_p2">and, 0, 0, 2, 1, 1</column>
<column name="and_ln311_fu_484_p2">and, 0, 0, 2, 1, 1</column>
<column name="ap_block_state11_on_subcall_done">and, 0, 0, 2, 1, 1</column>
<column name="ap_block_state3_io">and, 0, 0, 2, 1, 1</column>
<column name="ap_block_state8_io">and, 0, 0, 2, 1, 1</column>
<column name="icmp_ln1494_5_fu_456_p2">icmp, 0, 0, 18, 32, 32</column>
<column name="icmp_ln1494_6_fu_474_p2">icmp, 0, 0, 18, 32, 1</column>
<column name="icmp_ln1494_7_fu_480_p2">icmp, 0, 0, 18, 32, 32</column>
<column name="icmp_ln1494_fu_450_p2">icmp, 0, 0, 18, 32, 1</column>
<column name="icmp_ln1495_6_fu_445_p2">icmp, 0, 0, 21, 33, 33</column>
<column name="icmp_ln1495_7_fu_469_p2">icmp, 0, 0, 21, 33, 33</column>
<column name="icmp_ln1495_fu_437_p2">icmp, 0, 0, 18, 32, 32</column>
<column name="icmp_ln879_fu_395_p2">icmp, 0, 0, 13, 16, 1</column>
<column name="icmp_ln887_4_fu_364_p2">icmp, 0, 0, 11, 8, 8</column>
<column name="icmp_ln887_5_fu_373_p2">icmp, 0, 0, 13, 15, 15</column>
<column name="icmp_ln887_6_fu_385_p2">icmp, 0, 0, 13, 16, 16</column>
<column name="icmp_ln887_fu_352_p2">icmp, 0, 0, 11, 7, 6</column>
<column name="ap_block_state6_on_subcall_done">or, 0, 0, 2, 1, 1</column>
<column name="ap_predicate_op61_write_state3">or, 0, 0, 2, 1, 1</column>
<column name="ap_predicate_op86_write_state8">or, 0, 0, 2, 1, 1</column>
<column name="ap_predicate_op99_call_state11">or, 0, 0, 2, 1, 1</column>
</table>
</item>
<item name = "Multiplexer"><table name="" hasTotal="1">
<keys size="5">Name, LUT, Input Size, Bits, Total Bits</keys>
<column name="alpha_data_V_address0">21, 4, 15, 60</column>
<column name="alpha_data_V_ce0">21, 4, 1, 4</column>
<column name="alpha_data_V_ce1">9, 2, 1, 2</column>
<column name="alpha_data_V_we0">9, 2, 1, 2</column>
<column name="alpha_data_V_we1">9, 2, 1, 2</column>
<column name="ap_NS_fsm">56, 13, 1, 13</column>
<column name="ap_phi_mux_changed_alphas_V_0_b_phi_fu_260_p4">9, 2, 16, 32</column>
<column name="changed_alphas_V_0_b_reg_256">9, 2, 16, 32</column>
<column name="changed_alphas_V_0_reg_233">9, 2, 16, 32</column>
<column name="dot_product_matrices_inner_TREADY">9, 2, 1, 2</column>
<column name="dot_product_matrix_outer_TREADY">9, 2, 1, 2</column>
<column name="kkt_violations_TDATA">15, 3, 8, 24</column>
<column name="kkt_violations_TDATA_blk_n">9, 2, 1, 2</column>
<column name="offset_V_1_fu_122">9, 2, 32, 64</column>
<column name="output_details_TDATA">15, 3, 32, 96</column>
<column name="output_details_TDATA_blk_n">9, 2, 1, 2</column>
<column name="p_Val2_45_reg_210">9, 2, 27, 54</column>
<column name="t_V_8_reg_245">9, 2, 15, 30</column>
<column name="t_V_reg_222">9, 2, 7, 14</column>
<column name="training_matrices_inner_TREADY">9, 2, 1, 2</column>
<column name="training_matrix_outer_TREADY">9, 2, 1, 2</column>
<column name="x_p_V_address0">15, 3, 8, 24</column>
<column name="x_p_V_ce0">15, 3, 1, 3</column>
<column name="x_p_V_we0">9, 2, 1, 2</column>
<column name="y_V_address0">21, 4, 15, 60</column>
<column name="y_V_ce0">21, 4, 1, 4</column>
<column name="y_V_ce1">9, 2, 1, 2</column>
</table>
</item>
<item name = "Register"><table name="" hasTotal="1">
<keys size="5">Name, FF, LUT, Bits, Const Bits</keys>
<column name="E_p_V_reg_608">32, 0, 32, 0</column>
<column name="and_ln311_reg_641">1, 0, 1, 0</column>
<column name="ap_CS_fsm">12, 0, 12, 0</column>
<column name="changed_alphas_V_0_b_reg_256">16, 0, 16, 0</column>
<column name="changed_alphas_V_0_reg_233">16, 0, 16, 0</column>
<column name="grp_SMO_p_loop_linear_fu_280_ap_start_reg">1, 0, 1, 0</column>
<column name="grp_get_training_vector_fu_320_ap_start_reg">1, 0, 1, 0</column>
<column name="grp_get_u_k_fu_306_ap_start_reg">1, 0, 1, 0</column>
<column name="icmp_ln1495_7_reg_637">1, 0, 1, 0</column>
<column name="icmp_ln1495_reg_627">1, 0, 1, 0</column>
<column name="n1_V_reg_557">7, 0, 7, 0</column>
<column name="offset_AXIS_data_V_reg_268">32, 0, 32, 0</column>
<column name="offset_V_1_fu_122">32, 0, 32, 0</column>
<column name="offset_V_1_load_1_reg_565">32, 0, 32, 0</column>
<column name="p_V_reg_575">15, 0, 15, 0</column>
<column name="p_Val2_45_reg_210">27, 0, 27, 0</column>
<column name="r_V_20_reg_542">33, 0, 33, 0</column>
<column name="t_V_8_reg_245">15, 0, 15, 0</column>
<column name="t_V_reg_222">7, 0, 7, 0</column>
<column name="y_p_V_reg_602">2, 0, 2, 0</column>
<column name="yp_Ep_V_reg_619">32, 0, 32, 0</column>
<column name="zext_ln544_reg_584">15, 0, 64, 49</column>
</table>
</item>
</section>
</item>
</section>

<section name = "Interface" level="0">
<item name = "Summary"><table name="" hasTotal="0">
<keys size="6">RTL Ports, Dir, Bits, Protocol, Source Object, C Type</keys>
<column name="ap_clk">in, 1, ap_ctrl_hs, SMO_outer, return value</column>
<column name="ap_rst">in, 1, ap_ctrl_hs, SMO_outer, return value</column>
<column name="ap_start">in, 1, ap_ctrl_hs, SMO_outer, return value</column>
<column name="ap_done">out, 1, ap_ctrl_hs, SMO_outer, return value</column>
<column name="ap_idle">out, 1, ap_ctrl_hs, SMO_outer, return value</column>
<column name="ap_ready">out, 1, ap_ctrl_hs, SMO_outer, return value</column>
<column name="dot_product_matrix_outer_TDATA">in, 32, axis, dot_product_matrix_outer_V_data_V, pointer</column>
<column name="dot_product_matrix_outer_TVALID">in, 1, axis, dot_product_matrix_outer_V_last, pointer</column>
<column name="dot_product_matrix_outer_TREADY">out, 1, axis, dot_product_matrix_outer_V_last, pointer</column>
<column name="dot_product_matrix_outer_TLAST">in, 1, axis, dot_product_matrix_outer_V_last, pointer</column>
<column name="dot_product_matrices_inner_TDATA">in, 32, axis, dot_product_matrices_inner_V_data_V, pointer</column>
<column name="dot_product_matrices_inner_TVALID">in, 1, axis, dot_product_matrices_inner_V_last, pointer</column>
<column name="dot_product_matrices_inner_TREADY">out, 1, axis, dot_product_matrices_inner_V_last, pointer</column>
<column name="dot_product_matrices_inner_TLAST">in, 1, axis, dot_product_matrices_inner_V_last, pointer</column>
<column name="y_V_address0">out, 15, ap_memory, y_V, array</column>
<column name="y_V_ce0">out, 1, ap_memory, y_V, array</column>
<column name="y_V_q0">in, 2, ap_memory, y_V, array</column>
<column name="y_V_address1">out, 15, ap_memory, y_V, array</column>
<column name="y_V_ce1">out, 1, ap_memory, y_V, array</column>
<column name="y_V_q1">in, 2, ap_memory, y_V, array</column>
<column name="training_matrix_outer_TDATA">in, 16, axis, training_matrix_outer_V_data_V, pointer</column>
<column name="training_matrix_outer_TVALID">in, 1, axis, training_matrix_outer_V_last, pointer</column>
<column name="training_matrix_outer_TREADY">out, 1, axis, training_matrix_outer_V_last, pointer</column>
<column name="training_matrix_outer_TLAST">in, 1, axis, training_matrix_outer_V_last, pointer</column>
<column name="training_matrices_inner_TDATA">in, 16, axis, training_matrices_inner_V_data_V, pointer</column>
<column name="training_matrices_inner_TVALID">in, 1, axis, training_matrices_inner_V_last, pointer</column>
<column name="training_matrices_inner_TREADY">out, 1, axis, training_matrices_inner_V_last, pointer</column>
<column name="training_matrices_inner_TLAST">in, 1, axis, training_matrices_inner_V_last, pointer</column>
<column name="alpha_data_V_address0">out, 15, ap_memory, alpha_data_V, array</column>
<column name="alpha_data_V_ce0">out, 1, ap_memory, alpha_data_V, array</column>
<column name="alpha_data_V_we0">out, 1, ap_memory, alpha_data_V, array</column>
<column name="alpha_data_V_d0">out, 32, ap_memory, alpha_data_V, array</column>
<column name="alpha_data_V_q0">in, 32, ap_memory, alpha_data_V, array</column>
<column name="alpha_data_V_address1">out, 15, ap_memory, alpha_data_V, array</column>
<column name="alpha_data_V_ce1">out, 1, ap_memory, alpha_data_V, array</column>
<column name="alpha_data_V_we1">out, 1, ap_memory, alpha_data_V, array</column>
<column name="alpha_data_V_d1">out, 32, ap_memory, alpha_data_V, array</column>
<column name="alpha_data_V_q1">in, 32, ap_memory, alpha_data_V, array</column>
<column name="no_training_vectors_s">in, 16, ap_none, no_training_vectors_s, scalar</column>
<column name="no_variables_V_read">in, 9, ap_none, no_variables_V_read, scalar</column>
<column name="C_V_read">in, 32, ap_none, C_V_read, scalar</column>
<column name="tolerance_V_read">in, 32, ap_none, tolerance_V_read, scalar</column>
<column name="max_itr_user_V_read">in, 8, ap_none, max_itr_user_V_read, scalar</column>
<column name="kkt_violations_TDATA">out, 8, axis, kkt_violations_V_data_V, pointer</column>
<column name="kkt_violations_TREADY">in, 1, axis, kkt_violations_V_data_V, pointer</column>
<column name="kkt_violations_TVALID">out, 1, axis, kkt_violations_V_last, pointer</column>
<column name="kkt_violations_TLAST">out, 1, axis, kkt_violations_V_last, pointer</column>
<column name="output_details_TDATA">out, 32, axis, output_details_V_data_V, pointer</column>
<column name="output_details_TREADY">in, 1, axis, output_details_V_data_V, pointer</column>
<column name="output_details_TVALID">out, 1, axis, output_details_V_last, pointer</column>
<column name="output_details_TLAST">out, 1, axis, output_details_V_last, pointer</column>
</table>
</item>
</section>
</profile>
