<stg><name>SMO_outer</name>


<trans_list>

<trans id="109" from="1" to="2">
<condition id="-1">
<or_exp><and_exp></and_exp></or_exp>
</condition>
</trans>

<trans id="110" from="2" to="12">
<condition id="-1">
<or_exp><and_exp><literal name="icmp_ln887_4" val="0"/>
</and_exp><and_exp><literal name="icmp_ln887" val="1"/>
</and_exp></or_exp>
</condition>
</trans>

<trans id="112" from="2" to="3">
<condition id="-1">
<or_exp><and_exp><literal name="icmp_ln887" val="0"/>
<literal name="icmp_ln887_4" val="1"/>
</and_exp></or_exp>
</condition>
</trans>

<trans id="113" from="3" to="4">
<condition id="-1">
<or_exp><and_exp><literal name="icmp_ln887_5" val="0"/>
<literal name="icmp_ln887_6" val="1"/>
</and_exp></or_exp>
</condition>
</trans>

<trans id="125" from="3" to="12">
<condition id="-1">
<or_exp><and_exp><literal name="icmp_ln887_6" val="0"/>
<literal name="icmp_ln879" val="1"/>
</and_exp><and_exp><literal name="icmp_ln887_5" val="1"/>
<literal name="icmp_ln879" val="1"/>
</and_exp></or_exp>
</condition>
</trans>

<trans id="126" from="3" to="2">
<condition id="-1">
<or_exp><and_exp><literal name="icmp_ln887_6" val="0"/>
<literal name="icmp_ln879" val="0"/>
</and_exp><and_exp><literal name="icmp_ln887_5" val="1"/>
<literal name="icmp_ln879" val="0"/>
</and_exp></or_exp>
</condition>
</trans>

<trans id="115" from="4" to="5">
<condition id="-1">
<or_exp><and_exp></and_exp></or_exp>
</condition>
</trans>

<trans id="116" from="5" to="6">
<condition id="-1">
<or_exp><and_exp></and_exp></or_exp>
</condition>
</trans>

<trans id="117" from="6" to="7">
<condition id="-1">
<or_exp><and_exp></and_exp></or_exp>
</condition>
</trans>

<trans id="118" from="7" to="8">
<condition id="-1">
<or_exp><and_exp></and_exp></or_exp>
</condition>
</trans>

<trans id="119" from="8" to="10">
<condition id="-1">
<or_exp><and_exp><literal name="and_ln311" val="1"/>
</and_exp><and_exp><literal name="icmp_ln1495" val="1"/>
<literal name="icmp_ln1495_7" val="1"/>
</and_exp></or_exp>
</condition>
</trans>

<trans id="120" from="8" to="9">
<condition id="-1">
<or_exp><and_exp><literal name="icmp_ln1495_7" val="0"/>
<literal name="and_ln311" val="0"/>
</and_exp><and_exp><literal name="icmp_ln1495" val="0"/>
<literal name="and_ln311" val="0"/>
</and_exp></or_exp>
</condition>
</trans>

<trans id="122" from="9" to="11">
<condition id="-1">
<or_exp><and_exp></and_exp></or_exp>
</condition>
</trans>

<trans id="123" from="10" to="11">
<condition id="-1">
<or_exp><and_exp></and_exp></or_exp>
</condition>
</trans>

<trans id="124" from="11" to="3">
<condition id="-1">
<or_exp><and_exp></and_exp></or_exp>
</condition>
</trans>
</trans_list>



<state_list>

<state id="1" st_id="1">

<operation id="13" st_id="1" stage="1" lat="1">
<core>NULL</core>
<MemPortIdVec></MemPortIdVec>
<condition id="-1">
<or_exp><and_exp></and_exp></or_exp>
</condition>

<Node id="20" bw="32" op_0_bw="32">
<![CDATA[
_ZN8ap_fixedILi32ELi12EL9ap_q_mode5EL9ap_o_mode3ELi0EEC1Ei.exit:0  %offset_V_1 = alloca i32

]]></Node>
<StgValue><ssdm name="offset_V_1"/></StgValue>
</operation>

<operation id="14" st_id="1" stage="1" lat="1">
<core>NULL</core>
<MemPortIdVec></MemPortIdVec>
<condition id="-1">
<or_exp><and_exp></and_exp></or_exp>
</condition>

<Node id="21" bw="0" op_0_bw="0" op_1_bw="32" op_2_bw="1" op_3_bw="0" op_4_bw="32" op_5_bw="32" op_6_bw="0" op_7_bw="32" op_8_bw="32" op_9_bw="0" op_10_bw="0" op_11_bw="0" op_12_bw="32" op_13_bw="32" op_14_bw="32" op_15_bw="32" op_16_bw="0" op_17_bw="0">
<![CDATA[
_ZN8ap_fixedILi32ELi12EL9ap_q_mode5EL9ap_o_mode3ELi0EEC1Ei.exit:1  call void (...)* @_ssdm_op_SpecInterface(i32* %output_details_V_data_V, i1* %output_details_V_last, [5 x i8]* @p_str7, i32 0, i32 0, [5 x i8]* @p_str8, i32 0, i32 0, [1 x i8]* @p_str1, [1 x i8]* @p_str1, [1 x i8]* @p_str1, i32 0, i32 0, i32 0, i32 0, [1 x i8]* @p_str1, [1 x i8]* @p_str1) nounwind

]]></Node>
<StgValue><ssdm name="specinterface_ln0"/></StgValue>
</operation>

<operation id="15" st_id="1" stage="1" lat="1">
<core>NULL</core>
<MemPortIdVec></MemPortIdVec>
<condition id="-1">
<or_exp><and_exp></and_exp></or_exp>
</condition>

<Node id="22" bw="0" op_0_bw="0" op_1_bw="16" op_2_bw="1" op_3_bw="0" op_4_bw="32" op_5_bw="32" op_6_bw="0" op_7_bw="32" op_8_bw="32" op_9_bw="0" op_10_bw="0" op_11_bw="0" op_12_bw="32" op_13_bw="32" op_14_bw="32" op_15_bw="32" op_16_bw="0" op_17_bw="0">
<![CDATA[
_ZN8ap_fixedILi32ELi12EL9ap_q_mode5EL9ap_o_mode3ELi0EEC1Ei.exit:2  call void (...)* @_ssdm_op_SpecInterface(i16* %training_matrices_inner_V_data_V, i1* %training_matrices_inner_V_last, [5 x i8]* @p_str7, i32 0, i32 0, [5 x i8]* @p_str8, i32 0, i32 0, [1 x i8]* @p_str1, [1 x i8]* @p_str1, [1 x i8]* @p_str1, i32 0, i32 0, i32 0, i32 0, [1 x i8]* @p_str1, [1 x i8]* @p_str1) nounwind

]]></Node>
<StgValue><ssdm name="specinterface_ln0"/></StgValue>
</operation>

<operation id="16" st_id="1" stage="1" lat="1">
<core>NULL</core>
<MemPortIdVec></MemPortIdVec>
<condition id="-1">
<or_exp><and_exp></and_exp></or_exp>
</condition>

<Node id="23" bw="0" op_0_bw="0" op_1_bw="16" op_2_bw="1" op_3_bw="0" op_4_bw="32" op_5_bw="32" op_6_bw="0" op_7_bw="32" op_8_bw="32" op_9_bw="0" op_10_bw="0" op_11_bw="0" op_12_bw="32" op_13_bw="32" op_14_bw="32" op_15_bw="32" op_16_bw="0" op_17_bw="0">
<![CDATA[
_ZN8ap_fixedILi32ELi12EL9ap_q_mode5EL9ap_o_mode3ELi0EEC1Ei.exit:3  call void (...)* @_ssdm_op_SpecInterface(i16* %training_matrix_outer_V_data_V, i1* %training_matrix_outer_V_last, [5 x i8]* @p_str7, i32 0, i32 0, [5 x i8]* @p_str8, i32 0, i32 0, [1 x i8]* @p_str1, [1 x i8]* @p_str1, [1 x i8]* @p_str1, i32 0, i32 0, i32 0, i32 0, [1 x i8]* @p_str1, [1 x i8]* @p_str1) nounwind

]]></Node>
<StgValue><ssdm name="specinterface_ln0"/></StgValue>
</operation>

<operation id="17" st_id="1" stage="1" lat="1">
<core>NULL</core>
<MemPortIdVec></MemPortIdVec>
<condition id="-1">
<or_exp><and_exp></and_exp></or_exp>
</condition>

<Node id="24" bw="0" op_0_bw="0" op_1_bw="32" op_2_bw="1" op_3_bw="0" op_4_bw="32" op_5_bw="32" op_6_bw="0" op_7_bw="32" op_8_bw="32" op_9_bw="0" op_10_bw="0" op_11_bw="0" op_12_bw="32" op_13_bw="32" op_14_bw="32" op_15_bw="32" op_16_bw="0" op_17_bw="0">
<![CDATA[
_ZN8ap_fixedILi32ELi12EL9ap_q_mode5EL9ap_o_mode3ELi0EEC1Ei.exit:4  call void (...)* @_ssdm_op_SpecInterface(i32* %dot_product_matrices_inner_V_data_V, i1* %dot_product_matrices_inner_V_last, [5 x i8]* @p_str7, i32 0, i32 0, [5 x i8]* @p_str8, i32 0, i32 0, [1 x i8]* @p_str1, [1 x i8]* @p_str1, [1 x i8]* @p_str1, i32 0, i32 0, i32 0, i32 0, [1 x i8]* @p_str1, [1 x i8]* @p_str1) nounwind

]]></Node>
<StgValue><ssdm name="specinterface_ln0"/></StgValue>
</operation>

<operation id="18" st_id="1" stage="1" lat="1">
<core>NULL</core>
<MemPortIdVec></MemPortIdVec>
<condition id="-1">
<or_exp><and_exp></and_exp></or_exp>
</condition>

<Node id="25" bw="0" op_0_bw="0" op_1_bw="32" op_2_bw="1" op_3_bw="0" op_4_bw="32" op_5_bw="32" op_6_bw="0" op_7_bw="32" op_8_bw="32" op_9_bw="0" op_10_bw="0" op_11_bw="0" op_12_bw="32" op_13_bw="32" op_14_bw="32" op_15_bw="32" op_16_bw="0" op_17_bw="0">
<![CDATA[
_ZN8ap_fixedILi32ELi12EL9ap_q_mode5EL9ap_o_mode3ELi0EEC1Ei.exit:5  call void (...)* @_ssdm_op_SpecInterface(i32* %dot_product_matrix_outer_V_data_V, i1* %dot_product_matrix_outer_V_last, [5 x i8]* @p_str7, i32 0, i32 0, [5 x i8]* @p_str8, i32 0, i32 0, [1 x i8]* @p_str1, [1 x i8]* @p_str1, [1 x i8]* @p_str1, i32 0, i32 0, i32 0, i32 0, [1 x i8]* @p_str1, [1 x i8]* @p_str1) nounwind

]]></Node>
<StgValue><ssdm name="specinterface_ln0"/></StgValue>
</operation>

<operation id="19" st_id="1" stage="1" lat="1">
<core>NULL</core>
<MemPortIdVec></MemPortIdVec>
<condition id="-1">
<or_exp><and_exp></and_exp></or_exp>
</condition>

<Node id="26" bw="0" op_0_bw="0" op_1_bw="8" op_2_bw="1" op_3_bw="0" op_4_bw="32" op_5_bw="32" op_6_bw="0" op_7_bw="32" op_8_bw="32" op_9_bw="0" op_10_bw="0" op_11_bw="0" op_12_bw="32" op_13_bw="32" op_14_bw="32" op_15_bw="32" op_16_bw="0" op_17_bw="0">
<![CDATA[
_ZN8ap_fixedILi32ELi12EL9ap_q_mode5EL9ap_o_mode3ELi0EEC1Ei.exit:6  call void (...)* @_ssdm_op_SpecInterface(i8* %kkt_violations_V_data_V, i1* %kkt_violations_V_last, [5 x i8]* @p_str7, i32 0, i32 0, [5 x i8]* @p_str8, i32 0, i32 0, [1 x i8]* @p_str1, [1 x i8]* @p_str1, [1 x i8]* @p_str1, i32 0, i32 0, i32 0, i32 0, [1 x i8]* @p_str1, [1 x i8]* @p_str1) nounwind

]]></Node>
<StgValue><ssdm name="specinterface_ln0"/></StgValue>
</operation>

<operation id="20" st_id="1" stage="1" lat="1">
<core>NULL</core>
<MemPortIdVec></MemPortIdVec>
<condition id="-1">
<or_exp><and_exp></and_exp></or_exp>
</condition>

<Node id="27" bw="8" op_0_bw="8" op_1_bw="8">
<![CDATA[
_ZN8ap_fixedILi32ELi12EL9ap_q_mode5EL9ap_o_mode3ELi0EEC1Ei.exit:7  %max_itr_user_V_read_1 = call i8 @_ssdm_op_Read.ap_auto.i8(i8 %max_itr_user_V_read)

]]></Node>
<StgValue><ssdm name="max_itr_user_V_read_1"/></StgValue>
</operation>

<operation id="21" st_id="1" stage="1" lat="1">
<core>NULL</core>
<MemPortIdVec></MemPortIdVec>
<condition id="-1">
<or_exp><and_exp></and_exp></or_exp>
</condition>

<Node id="28" bw="32" op_0_bw="32" op_1_bw="32">
<![CDATA[
_ZN8ap_fixedILi32ELi12EL9ap_q_mode5EL9ap_o_mode3ELi0EEC1Ei.exit:8  %tolerance_V_read_2 = call i32 @_ssdm_op_Read.ap_auto.i32(i32 %tolerance_V_read)

]]></Node>
<StgValue><ssdm name="tolerance_V_read_2"/></StgValue>
</operation>

<operation id="22" st_id="1" stage="1" lat="1">
<core>NULL</core>
<MemPortIdVec></MemPortIdVec>
<condition id="-1">
<or_exp><and_exp></and_exp></or_exp>
</condition>

<Node id="29" bw="32" op_0_bw="32" op_1_bw="32">
<![CDATA[
_ZN8ap_fixedILi32ELi12EL9ap_q_mode5EL9ap_o_mode3ELi0EEC1Ei.exit:9  %C_V_read_2 = call i32 @_ssdm_op_Read.ap_auto.i32(i32 %C_V_read)

]]></Node>
<StgValue><ssdm name="C_V_read_2"/></StgValue>
</operation>

<operation id="23" st_id="1" stage="1" lat="1">
<core>NULL</core>
<MemPortIdVec></MemPortIdVec>
<condition id="-1">
<or_exp><and_exp></and_exp></or_exp>
</condition>

<Node id="30" bw="9" op_0_bw="9" op_1_bw="9">
<![CDATA[
_ZN8ap_fixedILi32ELi12EL9ap_q_mode5EL9ap_o_mode3ELi0EEC1Ei.exit:10  %no_variables_V_read_4 = call i9 @_ssdm_op_Read.ap_auto.i9(i9 %no_variables_V_read)

]]></Node>
<StgValue><ssdm name="no_variables_V_read_4"/></StgValue>
</operation>

<operation id="24" st_id="1" stage="1" lat="1">
<core>NULL</core>
<MemPortIdVec></MemPortIdVec>
<condition id="-1">
<or_exp><and_exp></and_exp></or_exp>
</condition>

<Node id="31" bw="16" op_0_bw="16" op_1_bw="16">
<![CDATA[
_ZN8ap_fixedILi32ELi12EL9ap_q_mode5EL9ap_o_mode3ELi0EEC1Ei.exit:11  %no_training_vectors_12 = call i16 @_ssdm_op_Read.ap_auto.i16(i16 %no_training_vectors_s)

]]></Node>
<StgValue><ssdm name="no_training_vectors_12"/></StgValue>
</operation>

<operation id="25" st_id="1" stage="1" lat="1">
<core>NULL</core>
<MemPortIdVec></MemPortIdVec>
<condition id="-1">
<or_exp><and_exp></and_exp></or_exp>
</condition>

<Node id="32" bw="16" op_0_bw="64">
<![CDATA[
_ZN8ap_fixedILi32ELi12EL9ap_q_mode5EL9ap_o_mode3ELi0EEC1Ei.exit:12  %x_p_V = alloca [256 x i16], align 2

]]></Node>
<StgValue><ssdm name="x_p_V"/></StgValue>
</operation>

<operation id="26" st_id="1" stage="1" lat="1">
<core>NULL</core>
<MemPortIdVec></MemPortIdVec>
<condition id="-1">
<or_exp><and_exp></and_exp></or_exp>
</condition>

<Node id="33" bw="33" op_0_bw="32">
<![CDATA[
_ZN8ap_fixedILi32ELi12EL9ap_q_mode5EL9ap_o_mode3ELi0EEC1Ei.exit:13  %r_V = sext i32 %tolerance_V_read_2 to i33

]]></Node>
<StgValue><ssdm name="r_V"/></StgValue>
</operation>

<operation id="27" st_id="1" stage="1" lat="1">
<core>AddSub</core>
<MemPortIdVec></MemPortIdVec>
<condition id="-1">
<or_exp><and_exp></and_exp></or_exp>
</condition>

<Node id="34" bw="33" op_0_bw="33" op_1_bw="33">
<![CDATA[
_ZN8ap_fixedILi32ELi12EL9ap_q_mode5EL9ap_o_mode3ELi0EEC1Ei.exit:14  %r_V_20 = sub nsw i33 0, %r_V

]]></Node>
<StgValue><ssdm name="r_V_20"/></StgValue>
</operation>

<operation id="28" st_id="1" stage="1" lat="1">
<core>NULL</core>
<MemPortIdVec></MemPortIdVec>
<condition id="-1">
<or_exp><and_exp></and_exp></or_exp>
</condition>

<Node id="35" bw="0" op_0_bw="32" op_1_bw="32">
<![CDATA[
_ZN8ap_fixedILi32ELi12EL9ap_q_mode5EL9ap_o_mode3ELi0EEC1Ei.exit:15  store i32 0, i32* %offset_V_1

]]></Node>
<StgValue><ssdm name="store_ln277"/></StgValue>
</operation>

<operation id="29" st_id="1" stage="1" lat="1">
<core>NULL</core>
<MemPortIdVec></MemPortIdVec>
<condition id="-1">
<or_exp><and_exp></and_exp></or_exp>
</condition>

<Node id="36" bw="0" op_0_bw="0">
<![CDATA[
_ZN8ap_fixedILi32ELi12EL9ap_q_mode5EL9ap_o_mode3ELi0EEC1Ei.exit:16  br label %0

]]></Node>
<StgValue><ssdm name="br_ln277"/></StgValue>
</operation>
</state>

<state id="2" st_id="2">

<operation id="30" st_id="2" stage="1" lat="1">
<core>NULL</core>
<MemPortIdVec></MemPortIdVec>
<condition id="-1">
<or_exp><and_exp></and_exp></or_exp>
</condition>

<Node id="38" bw="27" op_0_bw="27" op_1_bw="0" op_2_bw="27" op_3_bw="0">
<![CDATA[
:0  %p_Val2_45 = phi i27 [ 0, %_ZN8ap_fixedILi32ELi12EL9ap_q_mode5EL9ap_o_mode3ELi0EEC1Ei.exit ], [ %no_itr_V, %max_itr_loop_end ]

]]></Node>
<StgValue><ssdm name="p_Val2_45"/></StgValue>
</operation>

<operation id="31" st_id="2" stage="1" lat="1">
<core>NULL</core>
<MemPortIdVec></MemPortIdVec>
<condition id="-1">
<or_exp><and_exp></and_exp></or_exp>
</condition>

<Node id="39" bw="7" op_0_bw="7" op_1_bw="0" op_2_bw="7" op_3_bw="0">
<![CDATA[
:1  %t_V = phi i7 [ 0, %_ZN8ap_fixedILi32ELi12EL9ap_q_mode5EL9ap_o_mode3ELi0EEC1Ei.exit ], [ %n1_V, %max_itr_loop_end ]

]]></Node>
<StgValue><ssdm name="t_V"/></StgValue>
</operation>

<operation id="32" st_id="2" stage="1" lat="1">
<core>NULL</core>
<MemPortIdVec></MemPortIdVec>
<condition id="-1">
<or_exp><and_exp></and_exp></or_exp>
</condition>

<Node id="40" bw="32" op_0_bw="32" op_1_bw="0">
<![CDATA[
:2  %offset_V_1_load = load i32* %offset_V_1

]]></Node>
<StgValue><ssdm name="offset_V_1_load"/></StgValue>
</operation>

<operation id="33" st_id="2" stage="1" lat="1">
<core>NULL</core>
<MemPortIdVec></MemPortIdVec>
<condition id="-1">
<or_exp><and_exp></and_exp></or_exp>
</condition>

<Node id="41" bw="8" op_0_bw="7">
<![CDATA[
:3  %zext_ln887 = zext i7 %t_V to i8

]]></Node>
<StgValue><ssdm name="zext_ln887"/></StgValue>
</operation>

<operation id="34" st_id="2" stage="1" lat="1">
<core>Cmp</core>
<MemPortIdVec></MemPortIdVec>
<condition id="-1">
<or_exp><and_exp></and_exp></or_exp>
</condition>

<Node id="42" bw="1" op_0_bw="7" op_1_bw="7">
<![CDATA[
:4  %icmp_ln887 = icmp eq i7 %t_V, -28

]]></Node>
<StgValue><ssdm name="icmp_ln887"/></StgValue>
</operation>

<operation id="35" st_id="2" stage="1" lat="1">
<core>NULL</core>
<MemPortIdVec></MemPortIdVec>
<condition id="-1">
<or_exp><and_exp></and_exp></or_exp>
</condition>

<Node id="43" bw="32" op_0_bw="32" op_1_bw="64" op_2_bw="64" op_3_bw="64">
<![CDATA[
:5  %empty = call i32 (...)* @_ssdm_op_SpecLoopTripCount(i64 1, i64 100, i64 50)

]]></Node>
<StgValue><ssdm name="empty"/></StgValue>
</operation>

<operation id="36" st_id="2" stage="1" lat="1">
<core>AddSub</core>
<MemPortIdVec></MemPortIdVec>
<condition id="-1">
<or_exp><and_exp></and_exp></or_exp>
</condition>

<Node id="44" bw="7" op_0_bw="7" op_1_bw="7">
<![CDATA[
:6  %n1_V = add i7 %t_V, 1

]]></Node>
<StgValue><ssdm name="n1_V"/></StgValue>
</operation>

<operation id="37" st_id="2" stage="1" lat="1">
<core>NULL</core>
<MemPortIdVec></MemPortIdVec>
<condition id="-1">
<or_exp><and_exp></and_exp></or_exp>
</condition>

<Node id="45" bw="0" op_0_bw="1" op_1_bw="0" op_2_bw="0">
<![CDATA[
:7  br i1 %icmp_ln887, label %.loopexit714, label %max_itr_loop_begin

]]></Node>
<StgValue><ssdm name="br_ln277"/></StgValue>
</operation>

<operation id="38" st_id="2" stage="1" lat="1">
<core>NULL</core>
<MemPortIdVec></MemPortIdVec>
<condition id="-1">
<or_exp><and_exp><literal name="icmp_ln887" val="0"/>
</and_exp></or_exp>
</condition>

<Node id="47" bw="0" op_0_bw="0" op_1_bw="0">
<![CDATA[
max_itr_loop_begin:0  call void (...)* @_ssdm_op_SpecLoopName([13 x i8]* @p_str5) nounwind

]]></Node>
<StgValue><ssdm name="specloopname_ln277"/></StgValue>
</operation>

<operation id="39" st_id="2" stage="1" lat="1">
<core>NULL</core>
<MemPortIdVec></MemPortIdVec>
<condition id="-1">
<or_exp><and_exp><literal name="icmp_ln887" val="0"/>
</and_exp></or_exp>
</condition>

<Node id="48" bw="32" op_0_bw="32" op_1_bw="0">
<![CDATA[
max_itr_loop_begin:1  %tmp = call i32 (...)* @_ssdm_op_SpecRegionBegin([13 x i8]* @p_str5)

]]></Node>
<StgValue><ssdm name="tmp"/></StgValue>
</operation>

<operation id="40" st_id="2" stage="1" lat="1">
<core>Cmp</core>
<MemPortIdVec></MemPortIdVec>
<condition id="-1">
<or_exp><and_exp><literal name="icmp_ln887" val="0"/>
</and_exp></or_exp>
</condition>

<Node id="49" bw="1" op_0_bw="8" op_1_bw="8">
<![CDATA[
max_itr_loop_begin:2  %icmp_ln887_4 = icmp ult i8 %zext_ln887, %max_itr_user_V_read_1

]]></Node>
<StgValue><ssdm name="icmp_ln887_4"/></StgValue>
</operation>

<operation id="41" st_id="2" stage="1" lat="1">
<core>NULL</core>
<MemPortIdVec></MemPortIdVec>
<condition id="-1">
<or_exp><and_exp><literal name="icmp_ln887" val="0"/>
</and_exp></or_exp>
</condition>

<Node id="50" bw="0" op_0_bw="1" op_1_bw="0" op_2_bw="0">
<![CDATA[
max_itr_loop_begin:3  br i1 %icmp_ln887_4, label %.preheader.preheader, label %.loopexit714

]]></Node>
<StgValue><ssdm name="br_ln278"/></StgValue>
</operation>

<operation id="42" st_id="2" stage="1" lat="1">
<core>NULL</core>
<MemPortIdVec></MemPortIdVec>
<condition id="-1">
<or_exp><and_exp><literal name="icmp_ln887" val="0"/>
<literal name="icmp_ln887_4" val="1"/>
</and_exp></or_exp>
</condition>

<Node id="52" bw="0" op_0_bw="0">
<![CDATA[
.preheader.preheader:0  br label %.preheader

]]></Node>
<StgValue><ssdm name="br_ln0"/></StgValue>
</operation>
</state>

<state id="3" st_id="3">

<operation id="43" st_id="3" stage="1" lat="1">
<core>NULL</core>
<MemPortIdVec></MemPortIdVec>
<condition id="-1">
<or_exp><and_exp></and_exp></or_exp>
</condition>

<Node id="54" bw="16" op_0_bw="16" op_1_bw="0" op_2_bw="16" op_3_bw="0">
<![CDATA[
.preheader:0  %changed_alphas_V_0 = phi i16 [ 0, %.preheader.preheader ], [ %changed_alphas_V_0_b, %.preheader.backedge ]

]]></Node>
<StgValue><ssdm name="changed_alphas_V_0"/></StgValue>
</operation>

<operation id="44" st_id="3" stage="1" lat="1">
<core>NULL</core>
<MemPortIdVec></MemPortIdVec>
<condition id="-1">
<or_exp><and_exp></and_exp></or_exp>
</condition>

<Node id="55" bw="15" op_0_bw="15" op_1_bw="0" op_2_bw="15" op_3_bw="0">
<![CDATA[
.preheader:1  %t_V_8 = phi i15 [ 0, %.preheader.preheader ], [ %p_V, %.preheader.backedge ]

]]></Node>
<StgValue><ssdm name="t_V_8"/></StgValue>
</operation>

<operation id="45" st_id="3" stage="1" lat="1">
<core>NULL</core>
<MemPortIdVec></MemPortIdVec>
<condition id="-1">
<or_exp><and_exp></and_exp></or_exp>
</condition>

<Node id="56" bw="32" op_0_bw="32" op_1_bw="0">
<![CDATA[
.preheader:2  %offset_V_1_load_1 = load i32* %offset_V_1

]]></Node>
<StgValue><ssdm name="offset_V_1_load_1"/></StgValue>
</operation>

<operation id="46" st_id="3" stage="1" lat="1">
<core>NULL</core>
<MemPortIdVec></MemPortIdVec>
<condition id="-1">
<or_exp><and_exp></and_exp></or_exp>
</condition>

<Node id="57" bw="16" op_0_bw="15">
<![CDATA[
.preheader:3  %zext_ln887_1 = zext i15 %t_V_8 to i16

]]></Node>
<StgValue><ssdm name="zext_ln887_1"/></StgValue>
</operation>

<operation id="47" st_id="3" stage="1" lat="1">
<core>Cmp</core>
<MemPortIdVec></MemPortIdVec>
<condition id="-1">
<or_exp><and_exp></and_exp></or_exp>
</condition>

<Node id="58" bw="1" op_0_bw="15" op_1_bw="15">
<![CDATA[
.preheader:4  %icmp_ln887_5 = icmp eq i15 %t_V_8, -12768

]]></Node>
<StgValue><ssdm name="icmp_ln887_5"/></StgValue>
</operation>

<operation id="48" st_id="3" stage="1" lat="1">
<core>NULL</core>
<MemPortIdVec></MemPortIdVec>
<condition id="-1">
<or_exp><and_exp></and_exp></or_exp>
</condition>

<Node id="59" bw="32" op_0_bw="32" op_1_bw="64" op_2_bw="64" op_3_bw="64">
<![CDATA[
.preheader:5  %empty_89 = call i32 (...)* @_ssdm_op_SpecLoopTripCount(i64 1, i64 20000, i64 10000)

]]></Node>
<StgValue><ssdm name="empty_89"/></StgValue>
</operation>

<operation id="49" st_id="3" stage="1" lat="1">
<core>AddSub</core>
<MemPortIdVec></MemPortIdVec>
<condition id="-1">
<or_exp><and_exp></and_exp></or_exp>
</condition>

<Node id="60" bw="15" op_0_bw="15" op_1_bw="15">
<![CDATA[
.preheader:6  %p_V = add i15 %t_V_8, 1

]]></Node>
<StgValue><ssdm name="p_V"/></StgValue>
</operation>

<operation id="50" st_id="3" stage="1" lat="1">
<core>NULL</core>
<MemPortIdVec></MemPortIdVec>
<condition id="-1">
<or_exp><and_exp></and_exp></or_exp>
</condition>

<Node id="61" bw="0" op_0_bw="1" op_1_bw="0" op_2_bw="0">
<![CDATA[
.preheader:7  br i1 %icmp_ln887_5, label %.loopexit, label %1

]]></Node>
<StgValue><ssdm name="br_ln282"/></StgValue>
</operation>

<operation id="51" st_id="3" stage="1" lat="1">
<core>NULL</core>
<MemPortIdVec></MemPortIdVec>
<condition id="-1">
<or_exp><and_exp><literal name="icmp_ln887_5" val="0"/>
</and_exp></or_exp>
</condition>

<Node id="63" bw="0" op_0_bw="0" op_1_bw="0">
<![CDATA[
:0  call void (...)* @_ssdm_op_SpecLoopName([11 x i8]* @p_str6) nounwind

]]></Node>
<StgValue><ssdm name="specloopname_ln282"/></StgValue>
</operation>

<operation id="52" st_id="3" stage="1" lat="1">
<core>Cmp</core>
<MemPortIdVec></MemPortIdVec>
<condition id="-1">
<or_exp><and_exp><literal name="icmp_ln887_5" val="0"/>
</and_exp></or_exp>
</condition>

<Node id="64" bw="1" op_0_bw="16" op_1_bw="16">
<![CDATA[
:1  %icmp_ln887_6 = icmp ult i16 %zext_ln887_1, %no_training_vectors_12

]]></Node>
<StgValue><ssdm name="icmp_ln887_6"/></StgValue>
</operation>

<operation id="53" st_id="3" stage="1" lat="1">
<core>NULL</core>
<MemPortIdVec></MemPortIdVec>
<condition id="-1">
<or_exp><and_exp><literal name="icmp_ln887_5" val="0"/>
</and_exp></or_exp>
</condition>

<Node id="65" bw="0" op_0_bw="1" op_1_bw="0" op_2_bw="0">
<![CDATA[
:2  br i1 %icmp_ln887_6, label %_ZN13ap_fixed_baseILi2ELi2ELb1EL9ap_q_mode5EL9ap_o_mode3ELi0EEC1ILi2ELb1EEERK11ap_int_baseIXT_EXT0_EE.exit.i, label %.loopexit

]]></Node>
<StgValue><ssdm name="br_ln283"/></StgValue>
</operation>

<operation id="54" st_id="3" stage="1" lat="1">
<core>NULL</core>
<MemPortIdVec></MemPortIdVec>
<condition id="-1">
<or_exp><and_exp><literal name="icmp_ln887_5" val="0"/>
<literal name="icmp_ln887_6" val="1"/>
</and_exp></or_exp>
</condition>

<Node id="67" bw="64" op_0_bw="15">
<![CDATA[
_ZN13ap_fixed_baseILi2ELi2ELb1EL9ap_q_mode5EL9ap_o_mode3ELi0EEC1ILi2ELb1EEERK11ap_int_baseIXT_EXT0_EE.exit.i:0  %zext_ln544 = zext i15 %t_V_8 to i64

]]></Node>
<StgValue><ssdm name="zext_ln544"/></StgValue>
</operation>

<operation id="55" st_id="3" stage="1" lat="1">
<core>NULL</core>
<MemPortIdVec></MemPortIdVec>
<condition id="-1">
<or_exp><and_exp><literal name="icmp_ln887_5" val="0"/>
<literal name="icmp_ln887_6" val="1"/>
</and_exp></or_exp>
</condition>

<Node id="68" bw="15" op_0_bw="2" op_1_bw="64" op_2_bw="64">
<![CDATA[
_ZN13ap_fixed_baseILi2ELi2ELb1EL9ap_q_mode5EL9ap_o_mode3ELi0EEC1ILi2ELb1EEERK11ap_int_baseIXT_EXT0_EE.exit.i:1  %y_V_addr = getelementptr [20000 x i2]* %y_V, i64 0, i64 %zext_ln544

]]></Node>
<StgValue><ssdm name="y_V_addr"/></StgValue>
</operation>

<operation id="56" st_id="3" stage="2" lat="2">
<core>RAM</core>
<MemPortIdVec></MemPortIdVec>
<condition id="-1">
<or_exp><and_exp><literal name="icmp_ln887_5" val="0"/>
<literal name="icmp_ln887_6" val="1"/>
</and_exp></or_exp>
</condition>

<Node id="69" bw="2" op_0_bw="15">
<![CDATA[
_ZN13ap_fixed_baseILi2ELi2ELb1EL9ap_q_mode5EL9ap_o_mode3ELi0EEC1ILi2ELb1EEERK11ap_int_baseIXT_EXT0_EE.exit.i:2  %y_p_V = load i2* %y_V_addr, align 1

]]></Node>
<StgValue><ssdm name="y_p_V"/></StgValue>
</operation>

<operation id="57" st_id="3" stage="1" lat="1">
<core>Cmp</core>
<MemPortIdVec></MemPortIdVec>
<condition id="-1">
<or_exp><and_exp><literal name="icmp_ln887_6" val="0"/>
</and_exp><and_exp><literal name="icmp_ln887_5" val="1"/>
</and_exp></or_exp>
</condition>

<Node id="117" bw="1" op_0_bw="16" op_1_bw="16">
<![CDATA[
.loopexit:0  %icmp_ln879 = icmp eq i16 %changed_alphas_V_0, 0

]]></Node>
<StgValue><ssdm name="icmp_ln879"/></StgValue>
</operation>

<operation id="58" st_id="3" stage="1" lat="1">
<core>NULL</core>
<MemPortIdVec></MemPortIdVec>
<condition id="-1">
<or_exp><and_exp><literal name="icmp_ln887_6" val="0"/>
</and_exp><and_exp><literal name="icmp_ln887_5" val="1"/>
</and_exp></or_exp>
</condition>

<Node id="118" bw="0" op_0_bw="1" op_1_bw="0" op_2_bw="0">
<![CDATA[
.loopexit:1  br i1 %icmp_ln879, label %.loopexit714, label %max_itr_loop_end

]]></Node>
<StgValue><ssdm name="br_ln368"/></StgValue>
</operation>

<operation id="59" st_id="3" stage="1" lat="1">
<core>AddSub</core>
<MemPortIdVec></MemPortIdVec>
<condition id="-1">
<or_exp><and_exp><literal name="icmp_ln887_6" val="0"/>
<literal name="icmp_ln879" val="0"/>
</and_exp><and_exp><literal name="icmp_ln887_5" val="1"/>
<literal name="icmp_ln879" val="0"/>
</and_exp></or_exp>
</condition>

<Node id="120" bw="27" op_0_bw="27" op_1_bw="27">
<![CDATA[
max_itr_loop_end:0  %no_itr_V = add i27 %p_Val2_45, 1048576

]]></Node>
<StgValue><ssdm name="no_itr_V"/></StgValue>
</operation>

<operation id="60" st_id="3" stage="1" lat="1">
<core>NULL</core>
<MemPortIdVec></MemPortIdVec>
<condition id="-1">
<or_exp><and_exp><literal name="icmp_ln887_6" val="0"/>
<literal name="icmp_ln879" val="0"/>
</and_exp><and_exp><literal name="icmp_ln887_5" val="1"/>
<literal name="icmp_ln879" val="0"/>
</and_exp></or_exp>
</condition>

<Node id="121" bw="32" op_0_bw="27">
<![CDATA[
max_itr_loop_end:1  %tmp_data_V_3 = zext i27 %no_itr_V to i32

]]></Node>
<StgValue><ssdm name="tmp_data_V_3"/></StgValue>
</operation>

<operation id="61" st_id="3" stage="1" lat="1">
<core>AXI4Stream</core>
<MemPortIdVec></MemPortIdVec>
<condition id="-1">
<or_exp><and_exp><literal name="icmp_ln887_6" val="0"/>
<literal name="icmp_ln879" val="0"/>
</and_exp><and_exp><literal name="icmp_ln887_5" val="1"/>
<literal name="icmp_ln879" val="0"/>
</and_exp></or_exp>
</condition>

<Node id="122" bw="0" op_0_bw="0" op_1_bw="32" op_2_bw="1" op_3_bw="32" op_4_bw="1">
<![CDATA[
max_itr_loop_end:2  call void @_ssdm_op_Write.axis.volatile.i32P.i1P(i32* %output_details_V_data_V, i1* %output_details_V_last, i32 %tmp_data_V_3, i1 true)

]]></Node>
<StgValue><ssdm name="write_ln378"/></StgValue>
</operation>

<operation id="62" st_id="3" stage="1" lat="1">
<core>NULL</core>
<MemPortIdVec></MemPortIdVec>
<condition id="-1">
<or_exp><and_exp><literal name="icmp_ln887_6" val="0"/>
<literal name="icmp_ln879" val="0"/>
</and_exp><and_exp><literal name="icmp_ln887_5" val="1"/>
<literal name="icmp_ln879" val="0"/>
</and_exp></or_exp>
</condition>

<Node id="123" bw="32" op_0_bw="32" op_1_bw="0" op_2_bw="32">
<![CDATA[
max_itr_loop_end:3  %empty_90 = call i32 (...)* @_ssdm_op_SpecRegionEnd([13 x i8]* @p_str5, i32 %tmp)

]]></Node>
<StgValue><ssdm name="empty_90"/></StgValue>
</operation>

<operation id="63" st_id="3" stage="1" lat="1">
<core>NULL</core>
<MemPortIdVec></MemPortIdVec>
<condition id="-1">
<or_exp><and_exp><literal name="icmp_ln887_6" val="0"/>
<literal name="icmp_ln879" val="0"/>
</and_exp><and_exp><literal name="icmp_ln887_5" val="1"/>
<literal name="icmp_ln879" val="0"/>
</and_exp></or_exp>
</condition>

<Node id="124" bw="0" op_0_bw="0">
<![CDATA[
max_itr_loop_end:4  br label %0

]]></Node>
<StgValue><ssdm name="br_ln277"/></StgValue>
</operation>
</state>

<state id="4" st_id="4">

<operation id="64" st_id="4" stage="1" lat="2">
<core>RAM</core>
<MemPortIdVec></MemPortIdVec>
<condition id="-1">
<or_exp><and_exp></and_exp></or_exp>
</condition>

<Node id="69" bw="2" op_0_bw="15">
<![CDATA[
_ZN13ap_fixed_baseILi2ELi2ELb1EL9ap_q_mode5EL9ap_o_mode3ELi0EEC1ILi2ELb1EEERK11ap_int_baseIXT_EXT0_EE.exit.i:2  %y_p_V = load i2* %y_V_addr, align 1

]]></Node>
<StgValue><ssdm name="y_p_V"/></StgValue>
</operation>
</state>

<state id="5" st_id="5">

<operation id="65" st_id="5" stage="2" lat="2">
<core></core>
<MemPortIdVec></MemPortIdVec>
<condition id="-1">
<or_exp><and_exp></and_exp></or_exp>
</condition>

<Node id="70" bw="32" op_0_bw="32" op_1_bw="32" op_2_bw="1" op_3_bw="2" op_4_bw="32" op_5_bw="16" op_6_bw="32" op_7_bw="2">
<![CDATA[
_ZN13ap_fixed_baseILi2ELi2ELb1EL9ap_q_mode5EL9ap_o_mode3ELi0EEC1ILi2ELb1EEERK11ap_int_baseIXT_EXT0_EE.exit.i:3  %u_p_V = call fastcc i32 @get_u_k(i32* %dot_product_matrix_outer_V_data_V, i1* %dot_product_matrix_outer_V_last, [20000 x i2]* %y_V, [20000 x i32]* %alpha_data_V, i16 %no_training_vectors_12, i32 %offset_V_1_load_1)

]]></Node>
<StgValue><ssdm name="u_p_V"/></StgValue>
</operation>

<operation id="66" st_id="5" stage="2" lat="2">
<core></core>
<MemPortIdVec></MemPortIdVec>
<condition id="-1">
<or_exp><and_exp></and_exp></or_exp>
</condition>

<Node id="78" bw="0" op_0_bw="0" op_1_bw="16" op_2_bw="1" op_3_bw="16" op_4_bw="9">
<![CDATA[
_ZN13ap_fixed_baseILi2ELi2ELb1EL9ap_q_mode5EL9ap_o_mode3ELi0EEC1ILi2ELb1EEERK11ap_int_baseIXT_EXT0_EE.exit.i:11  call fastcc void @get_training_vector(i16* %training_matrix_outer_V_data_V, i1* %training_matrix_outer_V_last, [256 x i16]* %x_p_V, i9 %no_variables_V_read_4)

]]></Node>
<StgValue><ssdm name="call_ln299"/></StgValue>
</operation>
</state>

<state id="6" st_id="6">

<operation id="67" st_id="6" stage="1" lat="2">
<core></core>
<MemPortIdVec></MemPortIdVec>
<condition id="-1">
<or_exp><and_exp></and_exp></or_exp>
</condition>

<Node id="70" bw="32" op_0_bw="32" op_1_bw="32" op_2_bw="1" op_3_bw="2" op_4_bw="32" op_5_bw="16" op_6_bw="32" op_7_bw="2">
<![CDATA[
_ZN13ap_fixed_baseILi2ELi2ELb1EL9ap_q_mode5EL9ap_o_mode3ELi0EEC1ILi2ELb1EEERK11ap_int_baseIXT_EXT0_EE.exit.i:3  %u_p_V = call fastcc i32 @get_u_k(i32* %dot_product_matrix_outer_V_data_V, i1* %dot_product_matrix_outer_V_last, [20000 x i2]* %y_V, [20000 x i32]* %alpha_data_V, i16 %no_training_vectors_12, i32 %offset_V_1_load_1)

]]></Node>
<StgValue><ssdm name="u_p_V"/></StgValue>
</operation>

<operation id="68" st_id="6" stage="1" lat="1">
<core>NULL</core>
<MemPortIdVec></MemPortIdVec>
<condition id="-1">
<or_exp><and_exp></and_exp></or_exp>
</condition>

<Node id="72" bw="22" op_0_bw="22" op_1_bw="2" op_2_bw="20">
<![CDATA[
_ZN13ap_fixed_baseILi2ELi2ELb1EL9ap_q_mode5EL9ap_o_mode3ELi0EEC1ILi2ELb1EEERK11ap_int_baseIXT_EXT0_EE.exit.i:5  %shl_ln = call i22 @_ssdm_op_BitConcatenate.i22.i2.i20(i2 %y_p_V, i20 0)

]]></Node>
<StgValue><ssdm name="shl_ln"/></StgValue>
</operation>

<operation id="69" st_id="6" stage="1" lat="1">
<core>NULL</core>
<MemPortIdVec></MemPortIdVec>
<condition id="-1">
<or_exp><and_exp></and_exp></or_exp>
</condition>

<Node id="73" bw="32" op_0_bw="22">
<![CDATA[
_ZN13ap_fixed_baseILi2ELi2ELb1EL9ap_q_mode5EL9ap_o_mode3ELi0EEC1ILi2ELb1EEERK11ap_int_baseIXT_EXT0_EE.exit.i:6  %sext_ln1193_1 = sext i22 %shl_ln to i32

]]></Node>
<StgValue><ssdm name="sext_ln1193_1"/></StgValue>
</operation>

<operation id="70" st_id="6" stage="1" lat="1">
<core>AddSub</core>
<MemPortIdVec></MemPortIdVec>
<condition id="-1">
<or_exp><and_exp></and_exp></or_exp>
</condition>

<Node id="74" bw="32" op_0_bw="32" op_1_bw="32">
<![CDATA[
_ZN13ap_fixed_baseILi2ELi2ELb1EL9ap_q_mode5EL9ap_o_mode3ELi0EEC1ILi2ELb1EEERK11ap_int_baseIXT_EXT0_EE.exit.i:7  %E_p_V = sub i32 %u_p_V, %sext_ln1193_1

]]></Node>
<StgValue><ssdm name="E_p_V"/></StgValue>
</operation>

<operation id="71" st_id="6" stage="1" lat="2">
<core></core>
<MemPortIdVec></MemPortIdVec>
<condition id="-1">
<or_exp><and_exp></and_exp></or_exp>
</condition>

<Node id="78" bw="0" op_0_bw="0" op_1_bw="16" op_2_bw="1" op_3_bw="16" op_4_bw="9">
<![CDATA[
_ZN13ap_fixed_baseILi2ELi2ELb1EL9ap_q_mode5EL9ap_o_mode3ELi0EEC1ILi2ELb1EEERK11ap_int_baseIXT_EXT0_EE.exit.i:11  call fastcc void @get_training_vector(i16* %training_matrix_outer_V_data_V, i1* %training_matrix_outer_V_last, [256 x i16]* %x_p_V, i9 %no_variables_V_read_4)

]]></Node>
<StgValue><ssdm name="call_ln299"/></StgValue>
</operation>
</state>

<state id="7" st_id="7">

<operation id="72" st_id="7" stage="1" lat="1">
<core>NULL</core>
<MemPortIdVec></MemPortIdVec>
<condition id="-1">
<or_exp><and_exp></and_exp></or_exp>
</condition>

<Node id="71" bw="32" op_0_bw="2">
<![CDATA[
_ZN13ap_fixed_baseILi2ELi2ELb1EL9ap_q_mode5EL9ap_o_mode3ELi0EEC1ILi2ELb1EEERK11ap_int_baseIXT_EXT0_EE.exit.i:4  %sext_ln1193 = sext i2 %y_p_V to i32

]]></Node>
<StgValue><ssdm name="sext_ln1193"/></StgValue>
</operation>

<operation id="73" st_id="7" stage="1" lat="1">
<core>NULL</core>
<MemPortIdVec></MemPortIdVec>
<condition id="-1">
<or_exp><and_exp></and_exp></or_exp>
</condition>

<Node id="75" bw="15" op_0_bw="32" op_1_bw="64" op_2_bw="64">
<![CDATA[
_ZN13ap_fixed_baseILi2ELi2ELb1EL9ap_q_mode5EL9ap_o_mode3ELi0EEC1ILi2ELb1EEERK11ap_int_baseIXT_EXT0_EE.exit.i:8  %alpha_data_V_addr = getelementptr [20000 x i32]* %alpha_data_V, i64 0, i64 %zext_ln544

]]></Node>
<StgValue><ssdm name="alpha_data_V_addr"/></StgValue>
</operation>

<operation id="74" st_id="7" stage="2" lat="2">
<core>RAM</core>
<MemPortIdVec></MemPortIdVec>
<condition id="-1">
<or_exp><and_exp></and_exp></or_exp>
</condition>

<Node id="76" bw="32" op_0_bw="15" op_1_bw="32">
<![CDATA[
_ZN13ap_fixed_baseILi2ELi2ELb1EL9ap_q_mode5EL9ap_o_mode3ELi0EEC1ILi2ELb1EEERK11ap_int_baseIXT_EXT0_EE.exit.i:9  %alpha_p_old_V = load i32* %alpha_data_V_addr, align 4

]]></Node>
<StgValue><ssdm name="alpha_p_old_V"/></StgValue>
</operation>

<operation id="75" st_id="7" stage="1" lat="1">
<core>Mul</core>
<MemPortIdVec></MemPortIdVec>
<condition id="-1">
<or_exp><and_exp></and_exp></or_exp>
</condition>

<Node id="77" bw="32" op_0_bw="32" op_1_bw="32">
<![CDATA[
_ZN13ap_fixed_baseILi2ELi2ELb1EL9ap_q_mode5EL9ap_o_mode3ELi0EEC1ILi2ELb1EEERK11ap_int_baseIXT_EXT0_EE.exit.i:10  %yp_Ep_V = mul i32 %sext_ln1193, %E_p_V

]]></Node>
<StgValue><ssdm name="yp_Ep_V"/></StgValue>
</operation>
</state>

<state id="8" st_id="8">

<operation id="76" st_id="8" stage="1" lat="2">
<core>RAM</core>
<MemPortIdVec></MemPortIdVec>
<condition id="-1">
<or_exp><and_exp></and_exp></or_exp>
</condition>

<Node id="76" bw="32" op_0_bw="15" op_1_bw="32">
<![CDATA[
_ZN13ap_fixed_baseILi2ELi2ELb1EL9ap_q_mode5EL9ap_o_mode3ELi0EEC1ILi2ELb1EEERK11ap_int_baseIXT_EXT0_EE.exit.i:9  %alpha_p_old_V = load i32* %alpha_data_V_addr, align 4

]]></Node>
<StgValue><ssdm name="alpha_p_old_V"/></StgValue>
</operation>

<operation id="77" st_id="8" stage="1" lat="1">
<core>Cmp</core>
<MemPortIdVec></MemPortIdVec>
<condition id="-1">
<or_exp><and_exp></and_exp></or_exp>
</condition>

<Node id="79" bw="1" op_0_bw="32" op_1_bw="32">
<![CDATA[
_ZN13ap_fixed_baseILi2ELi2ELb1EL9ap_q_mode5EL9ap_o_mode3ELi0EEC1ILi2ELb1EEERK11ap_int_baseIXT_EXT0_EE.exit.i:12  %icmp_ln1495 = icmp slt i32 %alpha_p_old_V, %C_V_read_2

]]></Node>
<StgValue><ssdm name="icmp_ln1495"/></StgValue>
</operation>

<operation id="78" st_id="8" stage="1" lat="1">
<core>NULL</core>
<MemPortIdVec></MemPortIdVec>
<condition id="-1">
<or_exp><and_exp></and_exp></or_exp>
</condition>

<Node id="80" bw="0" op_0_bw="1" op_1_bw="0" op_2_bw="0">
<![CDATA[
_ZN13ap_fixed_baseILi2ELi2ELb1EL9ap_q_mode5EL9ap_o_mode3ELi0EEC1ILi2ELb1EEERK11ap_int_baseIXT_EXT0_EE.exit.i:13  br i1 %icmp_ln1495, label %_ZNK13ap_fixed_baseILi32ELi12ELb1EL9ap_q_mode5EL9ap_o_mode3ELi0EEngEv.exit65, label %_ZgtILi32ELi12ELb1EL9ap_q_mode5EL9ap_o_mode3ELi0EEbRK13ap_fixed_baseIXT_EXT0_EXT1_EXT2_EXT3_EXT4_EEi.exit56

]]></Node>
<StgValue><ssdm name="br_ln304"/></StgValue>
</operation>

<operation id="79" st_id="8" stage="1" lat="1">
<core>NULL</core>
<MemPortIdVec></MemPortIdVec>
<condition id="-1">
<or_exp><and_exp><literal name="icmp_ln1495" val="1"/>
</and_exp></or_exp>
</condition>

<Node id="82" bw="33" op_0_bw="32">
<![CDATA[
_ZNK13ap_fixed_baseILi32ELi12ELb1EL9ap_q_mode5EL9ap_o_mode3ELi0EEngEv.exit65:0  %sext_ln1495 = sext i32 %yp_Ep_V to i33

]]></Node>
<StgValue><ssdm name="sext_ln1495"/></StgValue>
</operation>

<operation id="80" st_id="8" stage="1" lat="1">
<core>Cmp</core>
<MemPortIdVec></MemPortIdVec>
<condition id="-1">
<or_exp><and_exp><literal name="icmp_ln1495" val="1"/>
</and_exp></or_exp>
</condition>

<Node id="83" bw="1" op_0_bw="33" op_1_bw="33">
<![CDATA[
_ZNK13ap_fixed_baseILi32ELi12ELb1EL9ap_q_mode5EL9ap_o_mode3ELi0EEngEv.exit65:1  %icmp_ln1495_6 = icmp slt i33 %sext_ln1495, %r_V_20

]]></Node>
<StgValue><ssdm name="icmp_ln1495_6"/></StgValue>
</operation>

<operation id="81" st_id="8" stage="1" lat="1">
<core>NULL</core>
<MemPortIdVec></MemPortIdVec>
<condition id="-1">
<or_exp><and_exp><literal name="icmp_ln1495" val="1"/>
</and_exp></or_exp>
</condition>

<Node id="84" bw="0" op_0_bw="1" op_1_bw="0" op_2_bw="0">
<![CDATA[
_ZNK13ap_fixed_baseILi32ELi12ELb1EL9ap_q_mode5EL9ap_o_mode3ELi0EEngEv.exit65:2  br i1 %icmp_ln1495_6, label %_ZNK13ap_fixed_baseILi32ELi12ELb1EL9ap_q_mode5EL9ap_o_mode3ELi0EEngEv.exit65._crit_edge, label %_ZgtILi32ELi12ELb1EL9ap_q_mode5EL9ap_o_mode3ELi0EEbRK13ap_fixed_baseIXT_EXT0_EXT1_EXT2_EXT3_EXT4_EEi.exit56

]]></Node>
<StgValue><ssdm name="br_ln304"/></StgValue>
</operation>

<operation id="82" st_id="8" stage="1" lat="1">
<core>Cmp</core>
<MemPortIdVec></MemPortIdVec>
<condition id="-1">
<or_exp><and_exp><literal name="icmp_ln1495_6" val="0"/>
</and_exp><and_exp><literal name="icmp_ln1495" val="0"/>
</and_exp></or_exp>
</condition>

<Node id="86" bw="1" op_0_bw="32" op_1_bw="32">
<![CDATA[
_ZgtILi32ELi12ELb1EL9ap_q_mode5EL9ap_o_mode3ELi0EEbRK13ap_fixed_baseIXT_EXT0_EXT1_EXT2_EXT3_EXT4_EEi.exit56:0  %icmp_ln1494 = icmp sgt i32 %alpha_p_old_V, 0

]]></Node>
<StgValue><ssdm name="icmp_ln1494"/></StgValue>
</operation>

<operation id="83" st_id="8" stage="1" lat="1">
<core>Cmp</core>
<MemPortIdVec></MemPortIdVec>
<condition id="-1">
<or_exp><and_exp><literal name="icmp_ln1495_6" val="0"/>
</and_exp><and_exp><literal name="icmp_ln1495" val="0"/>
</and_exp></or_exp>
</condition>

<Node id="87" bw="1" op_0_bw="32" op_1_bw="32">
<![CDATA[
_ZgtILi32ELi12ELb1EL9ap_q_mode5EL9ap_o_mode3ELi0EEbRK13ap_fixed_baseIXT_EXT0_EXT1_EXT2_EXT3_EXT4_EEi.exit56:1  %icmp_ln1494_5 = icmp sgt i32 %yp_Ep_V, %tolerance_V_read_2

]]></Node>
<StgValue><ssdm name="icmp_ln1494_5"/></StgValue>
</operation>

<operation id="84" st_id="8" stage="1" lat="1">
<core>LogicGate</core>
<MemPortIdVec></MemPortIdVec>
<condition id="-1">
<or_exp><and_exp><literal name="icmp_ln1495_6" val="0"/>
</and_exp><and_exp><literal name="icmp_ln1495" val="0"/>
</and_exp></or_exp>
</condition>

<Node id="88" bw="1" op_0_bw="1" op_1_bw="1">
<![CDATA[
_ZgtILi32ELi12ELb1EL9ap_q_mode5EL9ap_o_mode3ELi0EEbRK13ap_fixed_baseIXT_EXT0_EXT1_EXT2_EXT3_EXT4_EEi.exit56:2  %and_ln304 = and i1 %icmp_ln1494, %icmp_ln1494_5

]]></Node>
<StgValue><ssdm name="and_ln304"/></StgValue>
</operation>

<operation id="85" st_id="8" stage="1" lat="1">
<core>NULL</core>
<MemPortIdVec></MemPortIdVec>
<condition id="-1">
<or_exp><and_exp><literal name="icmp_ln1495_6" val="0"/>
</and_exp><and_exp><literal name="icmp_ln1495" val="0"/>
</and_exp></or_exp>
</condition>

<Node id="89" bw="0" op_0_bw="1" op_1_bw="0" op_2_bw="0">
<![CDATA[
_ZgtILi32ELi12ELb1EL9ap_q_mode5EL9ap_o_mode3ELi0EEbRK13ap_fixed_baseIXT_EXT0_EXT1_EXT2_EXT3_EXT4_EEi.exit56:3  br i1 %and_ln304, label %_ZNK13ap_fixed_baseILi32ELi12ELb1EL9ap_q_mode5EL9ap_o_mode3ELi0EEngEv.exit65._crit_edge, label %_ZgtILi32ELi12ELb1EL9ap_q_mode5EL9ap_o_mode3ELi0EEbRK13ap_fixed_baseIXT_EXT0_EXT1_EXT2_EXT3_EXT4_EEi.exit56._crit_edge

]]></Node>
<StgValue><ssdm name="br_ln304"/></StgValue>
</operation>

<operation id="86" st_id="8" stage="1" lat="1">
<core>AXI4Stream</core>
<MemPortIdVec></MemPortIdVec>
<condition id="-1">
<or_exp><and_exp><literal name="and_ln304" val="1"/>
</and_exp><and_exp><literal name="icmp_ln1495" val="1"/>
<literal name="icmp_ln1495_6" val="1"/>
</and_exp></or_exp>
</condition>

<Node id="91" bw="0" op_0_bw="0" op_1_bw="8" op_2_bw="1" op_3_bw="8" op_4_bw="1">
<![CDATA[
_ZNK13ap_fixed_baseILi32ELi12ELb1EL9ap_q_mode5EL9ap_o_mode3ELi0EEngEv.exit65._crit_edge:0  call void @_ssdm_op_Write.axis.volatile.i8P.i1P(i8* %kkt_violations_V_data_V, i1* %kkt_violations_V_last, i8 1, i1 true)

]]></Node>
<StgValue><ssdm name="write_ln309"/></StgValue>
</operation>

<operation id="87" st_id="8" stage="1" lat="1">
<core>NULL</core>
<MemPortIdVec></MemPortIdVec>
<condition id="-1">
<or_exp><and_exp><literal name="and_ln304" val="1"/>
</and_exp><and_exp><literal name="icmp_ln1495" val="1"/>
<literal name="icmp_ln1495_6" val="1"/>
</and_exp></or_exp>
</condition>

<Node id="92" bw="0" op_0_bw="0">
<![CDATA[
_ZNK13ap_fixed_baseILi32ELi12ELb1EL9ap_q_mode5EL9ap_o_mode3ELi0EEngEv.exit65._crit_edge:1  br label %_ZgtILi32ELi12ELb1EL9ap_q_mode5EL9ap_o_mode3ELi0EEbRK13ap_fixed_baseIXT_EXT0_EXT1_EXT2_EXT3_EXT4_EEi.exit56._crit_edge

]]></Node>
<StgValue><ssdm name="br_ln310"/></StgValue>
</operation>

<operation id="88" st_id="8" stage="1" lat="1">
<core>NULL</core>
<MemPortIdVec></MemPortIdVec>
<condition id="-1">
<or_exp><and_exp></and_exp></or_exp>
</condition>

<Node id="94" bw="0" op_0_bw="1" op_1_bw="0" op_2_bw="0">
<![CDATA[
_ZgtILi32ELi12ELb1EL9ap_q_mode5EL9ap_o_mode3ELi0EEbRK13ap_fixed_baseIXT_EXT0_EXT1_EXT2_EXT3_EXT4_EEi.exit56._crit_edge:0  br i1 %icmp_ln1495, label %_ZNK13ap_fixed_baseILi32ELi12ELb1EL9ap_q_mode5EL9ap_o_mode3ELi0EEngEv.exit, label %_ZgtILi32ELi12ELb1EL9ap_q_mode5EL9ap_o_mode3ELi0EEbRK13ap_fixed_baseIXT_EXT0_EXT1_EXT2_EXT3_EXT4_EEi.exit

]]></Node>
<StgValue><ssdm name="br_ln311"/></StgValue>
</operation>

<operation id="89" st_id="8" stage="1" lat="1">
<core>NULL</core>
<MemPortIdVec></MemPortIdVec>
<condition id="-1">
<or_exp><and_exp><literal name="icmp_ln1495" val="1"/>
</and_exp></or_exp>
</condition>

<Node id="96" bw="33" op_0_bw="32">
<![CDATA[
_ZNK13ap_fixed_baseILi32ELi12ELb1EL9ap_q_mode5EL9ap_o_mode3ELi0EEngEv.exit:0  %sext_ln1495_1 = sext i32 %yp_Ep_V to i33

]]></Node>
<StgValue><ssdm name="sext_ln1495_1"/></StgValue>
</operation>

<operation id="90" st_id="8" stage="1" lat="1">
<core>Cmp</core>
<MemPortIdVec></MemPortIdVec>
<condition id="-1">
<or_exp><and_exp><literal name="icmp_ln1495" val="1"/>
</and_exp></or_exp>
</condition>

<Node id="97" bw="1" op_0_bw="33" op_1_bw="33">
<![CDATA[
_ZNK13ap_fixed_baseILi32ELi12ELb1EL9ap_q_mode5EL9ap_o_mode3ELi0EEngEv.exit:1  %icmp_ln1495_7 = icmp slt i33 %sext_ln1495_1, %r_V_20

]]></Node>
<StgValue><ssdm name="icmp_ln1495_7"/></StgValue>
</operation>

<operation id="91" st_id="8" stage="1" lat="1">
<core>NULL</core>
<MemPortIdVec></MemPortIdVec>
<condition id="-1">
<or_exp><and_exp><literal name="icmp_ln1495" val="1"/>
</and_exp></or_exp>
</condition>

<Node id="98" bw="0" op_0_bw="1" op_1_bw="0" op_2_bw="0">
<![CDATA[
_ZNK13ap_fixed_baseILi32ELi12ELb1EL9ap_q_mode5EL9ap_o_mode3ELi0EEngEv.exit:2  br i1 %icmp_ln1495_7, label %_ZNK13ap_fixed_baseILi32ELi12ELb1EL9ap_q_mode5EL9ap_o_mode3ELi0EEngEv.exit._crit_edge, label %_ZgtILi32ELi12ELb1EL9ap_q_mode5EL9ap_o_mode3ELi0EEbRK13ap_fixed_baseIXT_EXT0_EXT1_EXT2_EXT3_EXT4_EEi.exit

]]></Node>
<StgValue><ssdm name="br_ln311"/></StgValue>
</operation>

<operation id="92" st_id="8" stage="1" lat="1">
<core>Cmp</core>
<MemPortIdVec></MemPortIdVec>
<condition id="-1">
<or_exp><and_exp><literal name="icmp_ln1495_7" val="0"/>
</and_exp><and_exp><literal name="icmp_ln1495" val="0"/>
</and_exp></or_exp>
</condition>

<Node id="100" bw="1" op_0_bw="32" op_1_bw="32">
<![CDATA[
_ZgtILi32ELi12ELb1EL9ap_q_mode5EL9ap_o_mode3ELi0EEbRK13ap_fixed_baseIXT_EXT0_EXT1_EXT2_EXT3_EXT4_EEi.exit:0  %icmp_ln1494_6 = icmp sgt i32 %alpha_p_old_V, 0

]]></Node>
<StgValue><ssdm name="icmp_ln1494_6"/></StgValue>
</operation>

<operation id="93" st_id="8" stage="1" lat="1">
<core>Cmp</core>
<MemPortIdVec></MemPortIdVec>
<condition id="-1">
<or_exp><and_exp><literal name="icmp_ln1495_7" val="0"/>
</and_exp><and_exp><literal name="icmp_ln1495" val="0"/>
</and_exp></or_exp>
</condition>

<Node id="101" bw="1" op_0_bw="32" op_1_bw="32">
<![CDATA[
_ZgtILi32ELi12ELb1EL9ap_q_mode5EL9ap_o_mode3ELi0EEbRK13ap_fixed_baseIXT_EXT0_EXT1_EXT2_EXT3_EXT4_EEi.exit:1  %icmp_ln1494_7 = icmp sgt i32 %yp_Ep_V, %tolerance_V_read_2

]]></Node>
<StgValue><ssdm name="icmp_ln1494_7"/></StgValue>
</operation>

<operation id="94" st_id="8" stage="1" lat="1">
<core>LogicGate</core>
<MemPortIdVec></MemPortIdVec>
<condition id="-1">
<or_exp><and_exp><literal name="icmp_ln1495_7" val="0"/>
</and_exp><and_exp><literal name="icmp_ln1495" val="0"/>
</and_exp></or_exp>
</condition>

<Node id="102" bw="1" op_0_bw="1" op_1_bw="1">
<![CDATA[
_ZgtILi32ELi12ELb1EL9ap_q_mode5EL9ap_o_mode3ELi0EEbRK13ap_fixed_baseIXT_EXT0_EXT1_EXT2_EXT3_EXT4_EEi.exit:2  %and_ln311 = and i1 %icmp_ln1494_6, %icmp_ln1494_7

]]></Node>
<StgValue><ssdm name="and_ln311"/></StgValue>
</operation>

<operation id="95" st_id="8" stage="1" lat="1">
<core>NULL</core>
<MemPortIdVec></MemPortIdVec>
<condition id="-1">
<or_exp><and_exp><literal name="icmp_ln1495_7" val="0"/>
</and_exp><and_exp><literal name="icmp_ln1495" val="0"/>
</and_exp></or_exp>
</condition>

<Node id="103" bw="0" op_0_bw="1" op_1_bw="0" op_2_bw="0">
<![CDATA[
_ZgtILi32ELi12ELb1EL9ap_q_mode5EL9ap_o_mode3ELi0EEbRK13ap_fixed_baseIXT_EXT0_EXT1_EXT2_EXT3_EXT4_EEi.exit:3  br i1 %and_ln311, label %_ZNK13ap_fixed_baseILi32ELi12ELb1EL9ap_q_mode5EL9ap_o_mode3ELi0EEngEv.exit._crit_edge, label %_ZgtILi32ELi12ELb1EL9ap_q_mode5EL9ap_o_mode3ELi0EEbRK13ap_fixed_baseIXT_EXT0_EXT1_EXT2_EXT3_EXT4_EEi.exit._crit_edge

]]></Node>
<StgValue><ssdm name="br_ln311"/></StgValue>
</operation>
</state>

<state id="9" st_id="9">

<operation id="96" st_id="9" stage="1" lat="1">
<core>AXI4Stream</core>
<MemPortIdVec></MemPortIdVec>
<condition id="-1">
<or_exp><and_exp></and_exp></or_exp>
</condition>

<Node id="105" bw="0" op_0_bw="0" op_1_bw="8" op_2_bw="1" op_3_bw="8" op_4_bw="1" op_5_bw="0">
<![CDATA[
_ZgtILi32ELi12ELb1EL9ap_q_mode5EL9ap_o_mode3ELi0EEbRK13ap_fixed_baseIXT_EXT0_EXT1_EXT2_EXT3_EXT4_EEi.exit._crit_edge:0  call void @_ssdm_op_Write.axis.volatile.i8P.i1P(i8* %kkt_violations_V_data_V, i1* %kkt_violations_V_last, i8 2, i1 true)

]]></Node>
<StgValue><ssdm name="write_ln333"/></StgValue>
</operation>

<operation id="97" st_id="9" stage="1" lat="1">
<core>NULL</core>
<MemPortIdVec></MemPortIdVec>
<condition id="-1">
<or_exp><and_exp></and_exp></or_exp>
</condition>

<Node id="106" bw="0" op_0_bw="0">
<![CDATA[
_ZgtILi32ELi12ELb1EL9ap_q_mode5EL9ap_o_mode3ELi0EEbRK13ap_fixed_baseIXT_EXT0_EXT1_EXT2_EXT3_EXT4_EEi.exit._crit_edge:1  br label %.preheader.backedge

]]></Node>
<StgValue><ssdm name="br_ln0"/></StgValue>
</operation>
</state>

<state id="10" st_id="10">

<operation id="98" st_id="10" stage="2" lat="2">
<core></core>
<MemPortIdVec></MemPortIdVec>
<condition id="-1">
<or_exp><and_exp></and_exp></or_exp>
</condition>

<Node id="108" bw="48" op_0_bw="48" op_1_bw="32" op_2_bw="1" op_3_bw="16" op_4_bw="1" op_5_bw="16" op_6_bw="2" op_7_bw="32" op_8_bw="16" op_9_bw="9" op_10_bw="32" op_11_bw="32" op_12_bw="32" op_13_bw="32" op_14_bw="15" op_15_bw="16" op_16_bw="2" op_17_bw="32" op_18_bw="32" op_19_bw="0" op_20_bw="32" op_21_bw="0">
<![CDATA[
_ZNK13ap_fixed_baseILi32ELi12ELb1EL9ap_q_mode5EL9ap_o_mode3ELi0EEngEv.exit._crit_edge:0  %call_ret = call fastcc { i32, i16 } @SMO_p_loop_linear(i32* %dot_product_matrices_inner_V_data_V, i1* %dot_product_matrices_inner_V_last, i16* %training_matrices_inner_V_data_V, i1* %training_matrices_inner_V_last, [256 x i16]* %x_p_V, [20000 x i2]* %y_V, [20000 x i32]* %alpha_data_V, i16 %no_training_vectors_12, i9 %no_variables_V_read_4, i32 %C_V_read_2, i32 %tolerance_V_read_2, i32 %offset_V_1_load_1, i32 %E_p_V, i15 %p_V, i16 %changed_alphas_V_0)

]]></Node>
<StgValue><ssdm name="call_ret"/></StgValue>
</operation>
</state>

<state id="11" st_id="11">

<operation id="99" st_id="11" stage="1" lat="2">
<core></core>
<MemPortIdVec></MemPortIdVec>
<condition id="-1">
<or_exp><and_exp><literal name="and_ln311" val="1"/>
</and_exp><and_exp><literal name="icmp_ln1495" val="1"/>
<literal name="icmp_ln1495_7" val="1"/>
</and_exp></or_exp>
</condition>

<Node id="108" bw="48" op_0_bw="48" op_1_bw="32" op_2_bw="1" op_3_bw="16" op_4_bw="1" op_5_bw="16" op_6_bw="2" op_7_bw="32" op_8_bw="16" op_9_bw="9" op_10_bw="32" op_11_bw="32" op_12_bw="32" op_13_bw="32" op_14_bw="15" op_15_bw="16" op_16_bw="2" op_17_bw="32" op_18_bw="32" op_19_bw="0" op_20_bw="32" op_21_bw="0">
<![CDATA[
_ZNK13ap_fixed_baseILi32ELi12ELb1EL9ap_q_mode5EL9ap_o_mode3ELi0EEngEv.exit._crit_edge:0  %call_ret = call fastcc { i32, i16 } @SMO_p_loop_linear(i32* %dot_product_matrices_inner_V_data_V, i1* %dot_product_matrices_inner_V_last, i16* %training_matrices_inner_V_data_V, i1* %training_matrices_inner_V_last, [256 x i16]* %x_p_V, [20000 x i2]* %y_V, [20000 x i32]* %alpha_data_V, i16 %no_training_vectors_12, i9 %no_variables_V_read_4, i32 %C_V_read_2, i32 %tolerance_V_read_2, i32 %offset_V_1_load_1, i32 %E_p_V, i15 %p_V, i16 %changed_alphas_V_0)

]]></Node>
<StgValue><ssdm name="call_ret"/></StgValue>
</operation>

<operation id="100" st_id="11" stage="1" lat="1">
<core>NULL</core>
<MemPortIdVec></MemPortIdVec>
<condition id="-1">
<or_exp><and_exp><literal name="and_ln311" val="1"/>
</and_exp><and_exp><literal name="icmp_ln1495" val="1"/>
<literal name="icmp_ln1495_7" val="1"/>
</and_exp></or_exp>
</condition>

<Node id="109" bw="32" op_0_bw="48">
<![CDATA[
_ZNK13ap_fixed_baseILi32ELi12ELb1EL9ap_q_mode5EL9ap_o_mode3ELi0EEngEv.exit._crit_edge:1  %offset_V = extractvalue { i32, i16 } %call_ret, 0

]]></Node>
<StgValue><ssdm name="offset_V"/></StgValue>
</operation>

<operation id="101" st_id="11" stage="1" lat="1">
<core>NULL</core>
<MemPortIdVec></MemPortIdVec>
<condition id="-1">
<or_exp><and_exp><literal name="and_ln311" val="1"/>
</and_exp><and_exp><literal name="icmp_ln1495" val="1"/>
<literal name="icmp_ln1495_7" val="1"/>
</and_exp></or_exp>
</condition>

<Node id="110" bw="16" op_0_bw="48">
<![CDATA[
_ZNK13ap_fixed_baseILi32ELi12ELb1EL9ap_q_mode5EL9ap_o_mode3ELi0EEngEv.exit._crit_edge:2  %changed_alphas_V = extractvalue { i32, i16 } %call_ret, 1

]]></Node>
<StgValue><ssdm name="changed_alphas_V"/></StgValue>
</operation>

<operation id="102" st_id="11" stage="1" lat="1">
<core>NULL</core>
<MemPortIdVec></MemPortIdVec>
<condition id="-1">
<or_exp><and_exp><literal name="and_ln311" val="1"/>
</and_exp><and_exp><literal name="icmp_ln1495" val="1"/>
<literal name="icmp_ln1495_7" val="1"/>
</and_exp></or_exp>
</condition>

<Node id="111" bw="0" op_0_bw="32" op_1_bw="32" op_2_bw="0" op_3_bw="32" op_4_bw="32">
<![CDATA[
_ZNK13ap_fixed_baseILi32ELi12ELb1EL9ap_q_mode5EL9ap_o_mode3ELi0EEngEv.exit._crit_edge:3  store i32 %offset_V, i32* %offset_V_1

]]></Node>
<StgValue><ssdm name="store_ln327"/></StgValue>
</operation>

<operation id="103" st_id="11" stage="1" lat="1">
<core>NULL</core>
<MemPortIdVec></MemPortIdVec>
<condition id="-1">
<or_exp><and_exp><literal name="and_ln311" val="1"/>
</and_exp><and_exp><literal name="icmp_ln1495" val="1"/>
<literal name="icmp_ln1495_7" val="1"/>
</and_exp></or_exp>
</condition>

<Node id="112" bw="0" op_0_bw="0">
<![CDATA[
_ZNK13ap_fixed_baseILi32ELi12ELb1EL9ap_q_mode5EL9ap_o_mode3ELi0EEngEv.exit._crit_edge:4  br label %.preheader.backedge

]]></Node>
<StgValue><ssdm name="br_ln327"/></StgValue>
</operation>

<operation id="104" st_id="11" stage="1" lat="1">
<core>NULL</core>
<MemPortIdVec></MemPortIdVec>
<condition id="-1">
<or_exp><and_exp></and_exp></or_exp>
</condition>

<Node id="114" bw="16" op_0_bw="16" op_1_bw="0" op_2_bw="16" op_3_bw="0">
<![CDATA[
.preheader.backedge:0  %changed_alphas_V_0_b = phi i16 [ %changed_alphas_V, %_ZNK13ap_fixed_baseILi32ELi12ELb1EL9ap_q_mode5EL9ap_o_mode3ELi0EEngEv.exit._crit_edge ], [ %changed_alphas_V_0, %_ZgtILi32ELi12ELb1EL9ap_q_mode5EL9ap_o_mode3ELi0EEbRK13ap_fixed_baseIXT_EXT0_EXT1_EXT2_EXT3_EXT4_EEi.exit._crit_edge ]

]]></Node>
<StgValue><ssdm name="changed_alphas_V_0_b"/></StgValue>
</operation>

<operation id="105" st_id="11" stage="1" lat="1">
<core>NULL</core>
<MemPortIdVec></MemPortIdVec>
<condition id="-1">
<or_exp><and_exp></and_exp></or_exp>
</condition>

<Node id="115" bw="0" op_0_bw="0">
<![CDATA[
.preheader.backedge:1  br label %.preheader

]]></Node>
<StgValue><ssdm name="br_ln0"/></StgValue>
</operation>
</state>

<state id="12" st_id="12">

<operation id="106" st_id="12" stage="1" lat="1">
<core>NULL</core>
<MemPortIdVec></MemPortIdVec>
<condition id="-1">
<or_exp><and_exp></and_exp></or_exp>
</condition>

<Node id="126" bw="32" op_0_bw="32" op_1_bw="0" op_2_bw="32" op_3_bw="0" op_4_bw="32" op_5_bw="0">
<![CDATA[
.loopexit714:0  %offset_AXIS_data_V = phi i32 [ %offset_V_1_load, %0 ], [ %offset_V_1_load_1, %.loopexit ], [ %offset_V_1_load, %max_itr_loop_begin ]

]]></Node>
<StgValue><ssdm name="offset_AXIS_data_V"/></StgValue>
</operation>

<operation id="107" st_id="12" stage="1" lat="1">
<core>AXI4Stream</core>
<MemPortIdVec></MemPortIdVec>
<condition id="-1">
<or_exp><and_exp></and_exp></or_exp>
</condition>

<Node id="127" bw="0" op_0_bw="0" op_1_bw="32" op_2_bw="1" op_3_bw="32" op_4_bw="1">
<![CDATA[
.loopexit714:1  call void @_ssdm_op_Write.axis.volatile.i32P.i1P(i32* %output_details_V_data_V, i1* %output_details_V_last, i32 %offset_AXIS_data_V, i1 true)

]]></Node>
<StgValue><ssdm name="write_ln389"/></StgValue>
</operation>

<operation id="108" st_id="12" stage="1" lat="1">
<core>NULL</core>
<MemPortIdVec></MemPortIdVec>
<condition id="-1">
<or_exp><and_exp></and_exp></or_exp>
</condition>

<Node id="128" bw="0">
<![CDATA[
.loopexit714:2  ret void

]]></Node>
<StgValue><ssdm name="ret_ln391"/></StgValue>
</operation>
</state>
</state_list>


<ports>
</ports>


<dataflows>
</dataflows>


</stg>
