<profile>

<section name = "Vivado HLS Report for 'SMO_p_loop_linear'" level="0">
<item name = "Date">Fri Feb 28 16:32:35 2020
</item>
<item name = "Version">2019.1 (Build 2552052 on Fri May 24 15:28:33 MDT 2019)</item>
<item name = "Project">SMO_FULL_4</item>
<item name = "Solution">solution3</item>
<item name = "Product family">zynq</item>
<item name = "Target device">xc7z020-clg400-1</item>
</section>

<section name = "Performance Estimates" level="0">
<item name = "Timing (ns)">
<section name = "" level="1">
<item name = "Summary"><table name="" hasTotal="0">
<keys size="4">Clock, Target, Estimated, Uncertainty</keys>
<column name="ap_clk">10.00, 8.510, 1.25</column>
</table>
</item>
</section>
</item>
<item name = "Latency (clock cycles)">
<section name = "" level="1">
<item name = "Summary"><table name="" hasTotal="0">
<keys size="6">, min, max, min, max, Type</keys>
<column name="">?, ?, ?, ?, none</column>
</table>
</item>
<item name = "Detail">
<section name = "" level="1">
<item name = "Instance"><table name="" hasTotal="0">
<keys size="7">Instance, Module, min, max, min, max, Type</keys>
<column name="grp_get_u_k_fu_312">get_u_k, 6, 20005, 6, 20005, none</column>
<column name="grp_dot_product_fu_326">dot_product, 4, 259, 4, 259, none</column>
<column name="grp_dot_product_1_fu_335">dot_product_1, 4, 259, 4, 259, none</column>
<column name="grp_get_training_vector_fu_343">get_training_vector, 2, 257, 2, 257, none</column>
</table>
</item>
<item name = "Loop"><table name="" hasTotal="0">
<keys size="8">Loop Name, min, max, Latency, achieved, target, Count, Pipelined</keys>
<column name="- SMO_q_loop">?, ?, ?, -, -, 1 ~ 20000, no</column>
<column name=" + SMO_q_loop.1">0, 20000, 1, -, -, 0 ~ 20000, no</column>
<column name=" + SMO_q_loop.2">?, ?, 1, -, -, ?, no</column>
<column name=" + SMO_q_loop.3">256, 256, 1, -, -, 256, no</column>
</table>
</item>
</section>
</item>
</section>
</item>
</section>

<section name = "Utilization Estimates" level="0">
<item name = "Summary"><table name="" hasTotal="1">
<keys size="6">Name, BRAM_18K, DSP48E, FF, LUT, URAM</keys>
<column name="DSP">-, -, -, -, -</column>
<column name="Expression">-, 12, 0, 2391, -</column>
<column name="FIFO">-, -, -, -, -</column>
<column name="Instance">0, 5, 1233, 1015, -</column>
<column name="Memory">1, -, 0, 0, 0</column>
<column name="Multiplexer">-, -, -, 711, -</column>
<column name="Register">-, -, 1694, -, -</column>
<specialColumn name="Available">280, 220, 106400, 53200, 0</specialColumn>
<specialColumn name="Utilization (%)">~0, 7, 2, 7, 0</specialColumn>
</table>
</item>
<item name = "Detail">
<section name = "" level="1">
<item name = "Instance"><table name="" hasTotal="1">
<keys size="7">Instance, Module, BRAM_18K, DSP48E, FF, LUT, URAM</keys>
<column name="SMO_top_sdiv_55nsdEe_U19">SMO_top_sdiv_55nsdEe, 0, 0, 671, 406, 0</column>
<column name="grp_dot_product_fu_326">dot_product, 0, 1, 83, 91, 0</column>
<column name="grp_dot_product_1_fu_335">dot_product_1, 0, 1, 67, 91, 0</column>
<column name="grp_get_training_vector_fu_343">get_training_vector, 0, 0, 11, 65, 0</column>
<column name="grp_get_u_k_fu_312">get_u_k, 0, 3, 401, 362, 0</column>
</table>
</item>
<item name = "DSP48E"><table name="" hasTotal="0">
<keys size="3">Instance, Module, Expression</keys>
</table>
</item>
<item name = "Memory"><table name="" hasTotal="1">
<keys size="10">Memory, Module, BRAM_18K, FF, LUT, URAM, Words, Bits, Banks, W*Bits*Banks</keys>
<column name="x_q_V_U">SMO_p_loop_linearcud, 1, 0, 0, 0, 256, 16, 1, 4096</column>
</table>
</item>
<item name = "FIFO"><table name="" hasTotal="1">
<keys size="8">Name, BRAM_18K, FF, LUT, URAM, Depth, Bits, Size:D*B</keys>
</table>
</item>
<item name = "Expression"><table name="" hasTotal="1">
<keys size="7">Variable Name, Operation, DSP48E, FF, LUT, Bitwidth P0, Bitwidth P1</keys>
<column name="mul_ln703_fu_867_p2">*, 0, 0, 20, 2, 32</column>
<column name="r_V_11_fu_954_p2">*, 0, 0, 20, 2, 32</column>
<column name="r_V_15_fu_764_p2">*, 0, 0, 22, 33, 2</column>
<column name="r_V_16_fu_972_p2">*, 3, 0, 23, 32, 34</column>
<column name="r_V_17_fu_984_p2">*, 3, 0, 23, 32, 34</column>
<column name="r_V_18_fu_998_p2">*, 3, 0, 23, 32, 34</column>
<column name="r_V_19_fu_1007_p2">*, 3, 0, 23, 32, 34</column>
<column name="r_V_8_fu_942_p2">*, 0, 0, 20, 2, 32</column>
<column name="s_V_fu_567_p2">*, 0, 0, 8, 2, 2</column>
<column name="H_V_1_fu_660_p2">+, 0, 0, 39, 32, 32</column>
<column name="H_V_fu_644_p2">+, 0, 0, 39, 32, 32</column>
<column name="alpha_q_new_V_2_fu_790_p2">+, 0, 0, 39, 32, 32</column>
<column name="changed_alphas_temp_1_fu_1178_p2">+, 0, 0, 39, 32, 21</column>
<column name="n1_V_3_fu_1227_p2">+, 0, 0, 15, 9, 1</column>
<column name="n1_V_4_fu_1200_p2">+, 0, 0, 15, 9, 1</column>
<column name="n1_V_fu_1216_p2">+, 0, 0, 21, 15, 1</column>
<column name="p_V_fu_368_p2">+, 0, 0, 21, 2, 15</column>
<column name="q_V_fu_462_p2">+, 0, 0, 21, 15, 1</column>
<column name="ret_V_17_fu_579_p2">+, 0, 0, 40, 33, 33</column>
<column name="ret_V_18_fu_616_p2">+, 0, 0, 40, 33, 33</column>
<column name="ret_V_1_fu_506_p2">+, 0, 0, 12, 1, 12</column>
<column name="ret_V_25_fu_1113_p2">+, 0, 0, 40, 33, 33</column>
<column name="E_q_V_fu_562_p2">-, 0, 0, 39, 32, 32</column>
<column name="L_V_1_fu_664_p2">-, 0, 0, 39, 32, 32</column>
<column name="L_V_fu_612_p2">-, 0, 0, 39, 32, 32</column>
<column name="alpha_p_new_V_fu_881_p2">-, 0, 0, 39, 32, 32</column>
<column name="delta_p_V_fu_886_p2">-, 0, 0, 39, 1, 32</column>
<column name="delta_q_V_fu_817_p2">-, 0, 0, 39, 32, 32</column>
<column name="eta_V_fu_752_p2">-, 0, 0, 32, 32, 32</column>
<column name="ret_V_19_fu_964_p2">-, 0, 0, 40, 33, 33</column>
<column name="ret_V_20_fu_1031_p2">-, 0, 0, 74, 67, 67</column>
<column name="ret_V_21_fu_1044_p2">-, 0, 0, 75, 68, 68</column>
<column name="ret_V_22_fu_990_p2">-, 0, 0, 40, 33, 33</column>
<column name="ret_V_23_fu_1078_p2">-, 0, 0, 74, 67, 67</column>
<column name="ret_V_24_fu_1091_p2">-, 0, 0, 75, 68, 68</column>
<column name="ret_V_3_fu_589_p2">-, 0, 0, 41, 34, 34</column>
<column name="ret_V_4_fu_600_p2">-, 0, 0, 40, 33, 33</column>
<column name="ret_V_6_fu_628_p2">-, 0, 0, 41, 34, 34</column>
<column name="ret_V_7_fu_719_p2">-, 0, 0, 40, 33, 33</column>
<column name="ret_V_8_fu_737_p2">-, 0, 0, 40, 33, 33</column>
<column name="ret_V_9_fu_432_p2">-, 0, 0, 40, 1, 33</column>
<column name="sub_ln1148_1_fu_1143_p2">-, 0, 0, 39, 1, 32</column>
<column name="sub_ln1148_fu_1127_p2">-, 0, 0, 40, 1, 33</column>
<column name="sub_ln703_fu_747_p2">-, 0, 0, 32, 32, 32</column>
<column name="and_ln1495_fu_696_p2">and, 0, 0, 2, 1, 1</column>
<column name="and_ln209_fu_836_p2">and, 0, 0, 2, 1, 1</column>
<column name="and_ln212_fu_858_p2">and, 0, 0, 2, 1, 1</column>
<column name="and_ln229_1_fu_908_p2">and, 0, 0, 2, 1, 1</column>
<column name="and_ln229_fu_902_p2">and, 0, 0, 2, 1, 1</column>
<column name="and_ln232_1_fu_925_p2">and, 0, 0, 2, 1, 1</column>
<column name="and_ln232_fu_920_p2">and, 0, 0, 2, 1, 1</column>
<column name="ap_block_state81">and, 0, 0, 2, 1, 1</column>
<column name="ap_block_state82">and, 0, 0, 2, 1, 1</column>
<column name="ap_block_state83">and, 0, 0, 2, 1, 1</column>
<column name="ap_predicate_op374_read_state81">and, 0, 0, 2, 1, 1</column>
<column name="empty_fu_398_p2">icmp, 0, 0, 13, 16, 15</column>
<column name="icmp_ln103_fu_1222_p2">icmp, 0, 0, 13, 9, 9</column>
<column name="icmp_ln1494_1_fu_606_p2">icmp, 0, 0, 21, 33, 1</column>
<column name="icmp_ln1494_2_fu_826_p2">icmp, 0, 0, 21, 33, 33</column>
<column name="icmp_ln1494_3_fu_891_p2">icmp, 0, 0, 18, 32, 1</column>
<column name="icmp_ln1494_4_fu_872_p2">icmp, 0, 0, 18, 32, 1</column>
<column name="icmp_ln1494_fu_594_p2">icmp, 0, 0, 21, 34, 1</column>
<column name="icmp_ln1495_1_fu_639_p2">icmp, 0, 0, 21, 33, 33</column>
<column name="icmp_ln1495_2_fu_728_p2">icmp, 0, 0, 21, 33, 33</column>
<column name="icmp_ln1495_3_fu_854_p2">icmp, 0, 0, 18, 32, 32</column>
<column name="icmp_ln1495_4_fu_897_p2">icmp, 0, 0, 18, 32, 32</column>
<column name="icmp_ln1495_5_fu_877_p2">icmp, 0, 0, 18, 32, 32</column>
<column name="icmp_ln1495_fu_634_p2">icmp, 0, 0, 21, 34, 34</column>
<column name="icmp_ln1496_fu_795_p2">icmp, 0, 0, 18, 32, 32</column>
<column name="icmp_ln1497_1_fu_831_p2">icmp, 0, 0, 18, 32, 1</column>
<column name="icmp_ln1497_fu_799_p2">icmp, 0, 0, 18, 32, 32</column>
<column name="icmp_ln166_fu_1194_p2">icmp, 0, 0, 13, 9, 10</column>
<column name="icmp_ln851_fu_500_p2">icmp, 0, 0, 18, 20, 1</column>
<column name="icmp_ln879_1_fu_649_p2">icmp, 0, 0, 8, 2, 1</column>
<column name="icmp_ln879_fu_473_p2">icmp, 0, 0, 13, 15, 15</column>
<column name="icmp_ln887_2_fu_468_p2">icmp, 0, 0, 13, 16, 16</column>
<column name="icmp_ln887_3_fu_1206_p2">icmp, 0, 0, 13, 9, 9</column>
<column name="icmp_ln887_fu_456_p2">icmp, 0, 0, 13, 15, 15</column>
<column name="icmp_ln94_fu_1211_p2">icmp, 0, 0, 13, 15, 15</column>
<column name="or_ln232_fu_930_p2">or, 0, 0, 2, 1, 1</column>
<column name="alpha_q_new_V_3_fu_707_p3">select, 0, 0, 32, 1, 32</column>
<column name="alpha_q_new_V_fu_682_p3">select, 0, 0, 32, 1, 32</column>
<column name="offset_temp_V_fu_1172_p3">select, 0, 0, 32, 1, 32</column>
<column name="p_Val2_25_fu_809_p3">select, 0, 0, 32, 1, 32</column>
<column name="select_ln140_fu_676_p3">select, 0, 0, 32, 1, 32</column>
<column name="select_ln1494_fu_669_p3">select, 0, 0, 32, 1, 32</column>
<column name="select_ln1495_fu_701_p3">select, 0, 0, 32, 1, 32</column>
<column name="select_ln149_fu_654_p3">select, 0, 0, 32, 1, 32</column>
<column name="select_ln192_fu_803_p3">select, 0, 0, 32, 1, 32</column>
<column name="select_ln232_1_fu_1159_p3">select, 0, 0, 32, 1, 32</column>
<column name="select_ln232_fu_1167_p3">select, 0, 0, 32, 1, 32</column>
<column name="select_ln850_fu_520_p3">select, 0, 0, 12, 1, 12</column>
<column name="select_ln851_fu_512_p3">select, 0, 0, 12, 1, 12</column>
<column name="select_ln90_1_fu_408_p3">select, 0, 0, 15, 1, 15</column>
<column name="select_ln90_fu_392_p3">select, 0, 0, 10, 1, 10</column>
<column name="xor_ln1496_fu_848_p2">xor, 0, 0, 2, 1, 2</column>
<column name="xor_ln229_fu_914_p2">xor, 0, 0, 2, 2, 1</column>
<column name="xor_ln879_fu_690_p2">xor, 0, 0, 2, 1, 2</column>
</table>
</item>
<item name = "Multiplexer"><table name="" hasTotal="1">
<keys size="5">Name, LUT, Input Size, Bits, Total Bits</keys>
<column name="alpha_data_V_address0">15, 3, 15, 45</column>
<column name="alpha_data_V_address1">15, 3, 15, 45</column>
<column name="alpha_data_V_ce0">15, 3, 1, 3</column>
<column name="alpha_data_V_d0">15, 3, 32, 96</column>
<column name="ap_NS_fsm">369, 84, 1, 84</column>
<column name="dot_product_matrices_inner_TDATA_blk_n">9, 2, 1, 2</column>
<column name="dot_product_matrices_inner_TREADY">15, 3, 1, 3</column>
<column name="grp_dot_product_1_fu_335_row_vec_V_q0">15, 3, 16, 48</column>
<column name="grp_dot_product_fu_326_col_vec_V_q0">15, 3, 16, 48</column>
<column name="grp_dot_product_fu_326_row_vec_V_q0">15, 3, 16, 48</column>
<column name="p_Val2_29_fu_148">9, 2, 32, 64</column>
<column name="p_Val2_s_fu_144">9, 2, 32, 64</column>
<column name="t_V_4_reg_301">9, 2, 9, 18</column>
<column name="t_V_5_reg_279">9, 2, 9, 18</column>
<column name="t_V_6_reg_267">9, 2, 15, 30</column>
<column name="t_V_reg_290">9, 2, 15, 30</column>
<column name="training_matrices_inner_TDATA_blk_n">9, 2, 1, 2</column>
<column name="training_matrices_inner_TREADY">15, 3, 1, 3</column>
<column name="x_p_V_address0">21, 4, 8, 32</column>
<column name="x_p_V_ce0">21, 4, 1, 4</column>
<column name="x_q_V_address0">27, 5, 8, 40</column>
<column name="x_q_V_ce0">27, 5, 1, 5</column>
<column name="x_q_V_we0">9, 2, 1, 2</column>
<column name="y_V_address0">15, 3, 15, 45</column>
<column name="y_V_ce0">15, 3, 1, 3</column>
</table>
</item>
<item name = "Register"><table name="" hasTotal="1">
<keys size="5">Name, FF, LUT, Bits, Const Bits</keys>
<column name="E_q_V_reg_1399">32, 0, 32, 0</column>
<column name="H_V_reg_1435">32, 0, 32, 0</column>
<column name="L_V_reg_1420">32, 0, 32, 0</column>
<column name="alpha_data_V_addr_2_reg_1375">15, 0, 15, 0</column>
<column name="alpha_data_V_addr_reg_1292">15, 0, 15, 0</column>
<column name="alpha_q_new_V_2_reg_1503">32, 0, 32, 0</column>
<column name="alpha_q_new_V_3_reg_1446">32, 0, 32, 0</column>
<column name="alpha_q_new_V_reg_1440">32, 0, 32, 0</column>
<column name="and_ln209_reg_1530">1, 0, 1, 0</column>
<column name="and_ln212_reg_1534">1, 0, 1, 0</column>
<column name="and_ln232_1_reg_1564">1, 0, 1, 0</column>
<column name="ap_CS_fsm">83, 0, 83, 0</column>
<column name="b_p_new_V_reg_1614">32, 0, 32, 0</column>
<column name="b_q_new_V_reg_1620">32, 0, 32, 0</column>
<column name="delta_p_V_reg_1554">32, 0, 32, 0</column>
<column name="delta_q_V_reg_1516">32, 0, 32, 0</column>
<column name="eta_V_reg_1483">32, 0, 32, 0</column>
<column name="grp_dot_product_1_fu_335_ap_start_reg">1, 0, 1, 0</column>
<column name="grp_dot_product_fu_326_ap_start_reg">1, 0, 1, 0</column>
<column name="grp_get_training_vector_fu_343_ap_start_reg">1, 0, 1, 0</column>
<column name="grp_get_u_k_fu_312_ap_start_reg">1, 0, 1, 0</column>
<column name="icmp_ln1494_1_reg_1415">1, 0, 1, 0</column>
<column name="icmp_ln1494_2_reg_1525">1, 0, 1, 0</column>
<column name="icmp_ln1494_4_reg_1544">1, 0, 1, 0</column>
<column name="icmp_ln1494_reg_1410">1, 0, 1, 0</column>
<column name="icmp_ln1495_1_reg_1430">1, 0, 1, 0</column>
<column name="icmp_ln1495_2_reg_1452">1, 0, 1, 0</column>
<column name="icmp_ln1495_5_reg_1549">1, 0, 1, 0</column>
<column name="icmp_ln1495_reg_1425">1, 0, 1, 0</column>
<column name="icmp_ln879_reg_1356">1, 0, 1, 0</column>
<column name="lhs_V_11_reg_1468">33, 0, 33, 0</column>
<column name="lhs_V_reg_1318">33, 0, 33, 0</column>
<column name="mul_ln703_reg_1538">32, 0, 32, 0</column>
<column name="or_ln232_reg_1569">1, 0, 1, 0</column>
<column name="p_V_reg_1282">15, 0, 15, 0</column>
<column name="p_Val2_24_reg_1390">32, 0, 32, 0</column>
<column name="p_Val2_25_reg_1510">32, 0, 32, 0</column>
<column name="p_Val2_27_reg_1380">32, 0, 32, 0</column>
<column name="p_Val2_29_fu_148">32, 0, 32, 0</column>
<column name="p_Val2_s_fu_144">32, 0, 32, 0</column>
<column name="q_V_reg_1348">15, 0, 15, 0</column>
<column name="r_V_11_reg_1579">34, 0, 34, 0</column>
<column name="r_V_15_reg_1488">35, 0, 35, 0</column>
<column name="r_V_16_reg_1589">64, 0, 64, 0</column>
<column name="r_V_17_reg_1594">64, 0, 64, 0</column>
<column name="r_V_18_reg_1604">64, 0, 64, 0</column>
<column name="r_V_19_reg_1609">64, 0, 64, 0</column>
<column name="r_V_8_reg_1574">34, 0, 34, 0</column>
<column name="ret_V_19_reg_1584">33, 0, 33, 0</column>
<column name="ret_V_22_reg_1599">33, 0, 33, 0</column>
<column name="ret_V_8_reg_1473">33, 0, 33, 0</column>
<column name="ret_V_9_reg_1335">33, 0, 33, 0</column>
<column name="rhs_V_1_reg_1312">34, 0, 34, 0</column>
<column name="rhs_V_3_reg_1324">33, 0, 33, 0</column>
<column name="rhs_V_4_reg_1329">33, 0, 33, 0</column>
<column name="s_V_reg_1404">2, 0, 2, 0</column>
<column name="select_ln232_1_reg_1626">32, 0, 32, 0</column>
<column name="select_ln90_1_reg_1307">15, 0, 15, 0</column>
<column name="select_ln90_reg_1302">9, 0, 9, 0</column>
<column name="sext_ln90_reg_1340">64, 0, 64, 0</column>
<column name="t_V_4_reg_301">9, 0, 9, 0</column>
<column name="t_V_5_reg_279">9, 0, 9, 0</column>
<column name="t_V_6_reg_267">15, 0, 15, 0</column>
<column name="t_V_reg_290">15, 0, 15, 0</column>
<column name="tmp_19_reg_1256">1, 0, 1, 0</column>
<column name="tmp_V_1_reg_1456">2, 0, 2, 0</column>
<column name="tmp_V_2_reg_1559">2, 0, 2, 0</column>
<column name="u_q_V_reg_1365">32, 0, 32, 0</column>
<column name="xp_xp_V_reg_1287">32, 0, 32, 0</column>
<column name="xp_xq_V_reg_1462">32, 0, 32, 0</column>
<column name="xq_xq_V_reg_1478">32, 0, 32, 0</column>
<column name="y_V_addr_1_reg_1370">15, 0, 15, 0</column>
<column name="y_V_addr_reg_1297">15, 0, 15, 0</column>
</table>
</item>
</section>
</item>
</section>

<section name = "Interface" level="0">
<item name = "Summary"><table name="" hasTotal="0">
<keys size="6">RTL Ports, Dir, Bits, Protocol, Source Object, C Type</keys>
<column name="ap_clk">in, 1, ap_ctrl_hs, SMO_p_loop_linear, return value</column>
<column name="ap_rst">in, 1, ap_ctrl_hs, SMO_p_loop_linear, return value</column>
<column name="ap_start">in, 1, ap_ctrl_hs, SMO_p_loop_linear, return value</column>
<column name="ap_done">out, 1, ap_ctrl_hs, SMO_p_loop_linear, return value</column>
<column name="ap_idle">out, 1, ap_ctrl_hs, SMO_p_loop_linear, return value</column>
<column name="ap_ready">out, 1, ap_ctrl_hs, SMO_p_loop_linear, return value</column>
<column name="ap_return_0">out, 32, ap_ctrl_hs, SMO_p_loop_linear, return value</column>
<column name="ap_return_1">out, 16, ap_ctrl_hs, SMO_p_loop_linear, return value</column>
<column name="dot_product_matrices_inner_TDATA">in, 32, axis, dot_product_matrix_V_data_V, pointer</column>
<column name="dot_product_matrices_inner_TVALID">in, 1, axis, dot_product_matrix_V_last, pointer</column>
<column name="dot_product_matrices_inner_TREADY">out, 1, axis, dot_product_matrix_V_last, pointer</column>
<column name="dot_product_matrices_inner_TLAST">in, 1, axis, dot_product_matrix_V_last, pointer</column>
<column name="training_matrices_inner_TDATA">in, 16, axis, training_matrix_V_data_V, pointer</column>
<column name="training_matrices_inner_TVALID">in, 1, axis, training_matrix_V_last, pointer</column>
<column name="training_matrices_inner_TREADY">out, 1, axis, training_matrix_V_last, pointer</column>
<column name="training_matrices_inner_TLAST">in, 1, axis, training_matrix_V_last, pointer</column>
<column name="x_p_V_address0">out, 8, ap_memory, x_p_V, array</column>
<column name="x_p_V_ce0">out, 1, ap_memory, x_p_V, array</column>
<column name="x_p_V_q0">in, 16, ap_memory, x_p_V, array</column>
<column name="y_V_address0">out, 15, ap_memory, y_V, array</column>
<column name="y_V_ce0">out, 1, ap_memory, y_V, array</column>
<column name="y_V_q0">in, 2, ap_memory, y_V, array</column>
<column name="y_V_address1">out, 15, ap_memory, y_V, array</column>
<column name="y_V_ce1">out, 1, ap_memory, y_V, array</column>
<column name="y_V_q1">in, 2, ap_memory, y_V, array</column>
<column name="alpha_data_V_address0">out, 15, ap_memory, alpha_data_V, array</column>
<column name="alpha_data_V_ce0">out, 1, ap_memory, alpha_data_V, array</column>
<column name="alpha_data_V_we0">out, 1, ap_memory, alpha_data_V, array</column>
<column name="alpha_data_V_d0">out, 32, ap_memory, alpha_data_V, array</column>
<column name="alpha_data_V_q0">in, 32, ap_memory, alpha_data_V, array</column>
<column name="alpha_data_V_address1">out, 15, ap_memory, alpha_data_V, array</column>
<column name="alpha_data_V_ce1">out, 1, ap_memory, alpha_data_V, array</column>
<column name="alpha_data_V_we1">out, 1, ap_memory, alpha_data_V, array</column>
<column name="alpha_data_V_d1">out, 32, ap_memory, alpha_data_V, array</column>
<column name="alpha_data_V_q1">in, 32, ap_memory, alpha_data_V, array</column>
<column name="no_training_vectors_s">in, 16, ap_none, no_training_vectors_s, scalar</column>
<column name="no_variables_V_read">in, 9, ap_none, no_variables_V_read, scalar</column>
<column name="C_V_read">in, 32, ap_none, C_V_read, scalar</column>
<column name="tolerance_V_read">in, 32, ap_none, tolerance_V_read, scalar</column>
<column name="offset_V_read">in, 32, ap_none, offset_V_read, scalar</column>
<column name="E_p_V_read">in, 32, ap_none, E_p_V_read, scalar</column>
<column name="p_in_V_read">in, 15, ap_none, p_in_V_read, scalar</column>
<column name="changed_alphas_V_rea">in, 16, ap_none, changed_alphas_V_rea, scalar</column>
</table>
</item>
</section>
</profile>
