<?xml version="1.0" encoding="utf-8"?>
<xd:acceleratorMap xmlns:xd="http://www.xilinx.com/xidane" xd:functionName="geometric_values_rbf_top" xd:componentRef="geometric_values_rbf_top" xd:initiationInterval="x" xd:clockPeriod="10.000" xd:sequential="true" xd:hostMachine="64" xd:reset="control">
  <xd:arg xd:name="support_vectors.data" xd:originalName="support_vectors" xd:direction="in" xd:interfaceRef="support_vectors" xd:busTypeRef="axis" xd:dataWidth="16"/>
  <xd:arg xd:name="support_vectors.last" xd:originalName="support_vectors" xd:direction="in" xd:interfaceRef="support_vectors" xd:busTypeRef="axis" xd:dataWidth="1"/>
  <xd:arg xd:name="sv_coeffs.data" xd:originalName="sv_coeffs" xd:direction="in" xd:interfaceRef="sv_coeffs" xd:busTypeRef="axis" xd:dataWidth="32"/>
  <xd:arg xd:name="sv_coeffs.last" xd:originalName="sv_coeffs" xd:direction="in" xd:interfaceRef="sv_coeffs" xd:busTypeRef="axis" xd:dataWidth="1"/>
  <xd:arg xd:name="testing_matrix.data" xd:originalName="testing_matrix" xd:direction="in" xd:interfaceRef="testing_matrix" xd:busTypeRef="axis" xd:dataWidth="16"/>
  <xd:arg xd:name="testing_matrix.last" xd:originalName="testing_matrix" xd:direction="in" xd:interfaceRef="testing_matrix" xd:busTypeRef="axis" xd:dataWidth="1"/>
  <xd:arg xd:name="classification_details.data" xd:originalName="classification_details" xd:direction="in" xd:interfaceRef="classification_details" xd:busTypeRef="axis" xd:dataWidth="32"/>
  <xd:arg xd:name="classification_details.last" xd:originalName="classification_details" xd:direction="in" xd:interfaceRef="classification_details" xd:busTypeRef="axis" xd:dataWidth="1"/>
  <xd:arg xd:name="geometric_values_out.data" xd:originalName="geometric_values_out" xd:direction="out" xd:interfaceRef="geometric_values_out" xd:busTypeRef="axis" xd:dataWidth="32"/>
  <xd:arg xd:name="geometric_values_out.last" xd:originalName="geometric_values_out" xd:direction="out" xd:interfaceRef="geometric_values_out" xd:busTypeRef="axis" xd:dataWidth="1"/>
  <xd:latencyEstimates xd:best-case="52" xd:worst-case="282000265000058" xd:average-case="17875066500055"/>
  <xd:resourceEstimates xd:LUT="4529" xd:FF="2407" xd:BRAM="1" xd:DSP="21"/>
</xd:acceleratorMap>
