{
  "Top": "get_dpm_top",
  "RtlTop": "get_dpm_top",
  "RtlPrefix": "",
  "SourceLanguage": "cpp",
  "ResetStyle": "control",
  "GenerateBdFiles": "1",
  "HostMachineBits": "64",
  "Target": {
    "Family": "zynquplus",
    "Device": "xczu7ev",
    "Package": "-ffvc1156",
    "Speed": "-2-e"
  },
  "HlsSolution": {
    
  },
  "Args": {
    "training_matrix": {
      "index": "0",
      "type": {
        "kinds": ["struct"],
        "dataType": "training_matrix_AXIS",
        "structImpl": "flat-interface",
        "fields": {
          "data": {
            "order": "0",
            "dataType": "ap_fixed"
          },
          "last": {
            "order": "1",
            "dataType": "bool"
          }
        }
      }
    },
    "training_matrix_transpose": {
      "index": "1",
      "type": {
        "kinds": ["struct"],
        "dataType": "training_matrix_AXIS",
        "structImpl": "flat-field",
        "dataPack": true,
        "fields": {
          "data": {
            "order": "0",
            "dataType": "ap_fixed"
          },
          "last": {
            "order": "1",
            "dataType": "bool"
          }
        }
      }
    },
    "dot_product_matrix_out": {
      "index": "2",
      "type": {
        "kinds": ["struct"],
        "dataType": "dot_product_matrix_AXIS",
        "structImpl": "flat-field",
        "dataPack": true,
        "fields": {
          "data": {
            "order": "0",
            "dataType": "ap_fixed"
          },
          "last": {
            "order": "1",
            "dataType": "bool"
          }
        }
      }
    },
    "input_details": {
      "index": "3",
      "type": {
        "kinds": ["struct"],
        "dataType": "input_details_AXIS",
        "structImpl": "flat-field",
        "dataPack": true,
        "fields": {
          "data": {
            "order": "0",
            "dataType": "ap_uint"
          },
          "last": {
            "order": "1",
            "dataType": "bool"
          }
        }
      }
    }
  },
  "Return": {
    
  },
  "ClockInfo": {
    "ClockName": "ap_clk",
    "ClockPeriod": "10",
    "IsCombLogic": "0",
    "II": "x",
    "Latency": "13",
    "Uncertainty": "1.25"
  },
  "Xdc": {"OocClocks": ["create_clock -name ap_clk -period 10.000 [get_ports ap_clk]"]},
  "Ipx": {
    "Vendor": "xilinx.com",
    "Library": "hls",
    "Name": "get_dpm_top",
    "Version": "1.0",
    "DisplayName": "Get_dpm_top",
    "Revision": "",
    "Description": "An IP generated by Vivado HLS",
    "Taxonomy": "\/VIVADO_HLS_IP",
    "AutoFamilySupport": ""
  },
  "Files": {
    "CSource": ["..\/..\/get_dpm.cpp"],
    "Vhdl": [
      "impl\/vhdl\/get_dot_product.vhd",
      "impl\/vhdl\/get_dpm_top_firstcud.vhd",
      "impl\/vhdl\/get_dpm_top_mac_mbkb.vhd",
      "impl\/vhdl\/get_dpm_top.vhd"
    ],
    "Verilog": [
      "impl\/verilog\/get_dot_product.v",
      "impl\/verilog\/get_dpm_top_firstcud.v",
      "impl\/verilog\/get_dpm_top_mac_mbkb.v",
      "impl\/verilog\/get_dpm_top.v"
    ],
    "Misc": ["impl\/misc\/logo.png"],
    "DesignXml": "C:\/Users\/Ryan\/Documents\/University\/Project\/HLS\/get_dot_product_matrix_ZCU104\/get_dot_product_matrix_ZCU104\/solution1\/.autopilot\/db\/get_dpm_top.design.xml",
    "DebugDir": "C:\/Users\/Ryan\/Documents\/University\/Project\/HLS\/get_dot_product_matrix_ZCU104\/get_dot_product_matrix_ZCU104\/solution1\/.debug",
    "ProtoInst": ["C:\/Users\/Ryan\/Documents\/University\/Project\/HLS\/get_dot_product_matrix_ZCU104\/get_dot_product_matrix_ZCU104\/solution1\/.debug\/get_dpm_top.protoinst"]
  },
  "SubcoreInfo": {
    "HasXpmMemory": false,
    "HasClockedDsp": false,
    "IP": []
  },
  "Interfaces": {
    "ap_clk": {
      "type": "clock",
      "ctype": {"CLK": {"Type": "bool"}},
      "bundle_name": "ap_clk",
      "bundle_role": "default",
      "buses": "training_matrix training_matrix_transpose dot_product_matrix_out input_details",
      "reset": "ap_rst_n"
    },
    "ap_rst_n": {
      "type": "reset",
      "polarity": "ACTIVE_LOW",
      "ctype": {"RST": {"Type": "bool"}},
      "bundle_name": "ap_rst_n",
      "bundle_role": "default"
    },
    "dot_product_matrix_out": {
      "type": "axi4stream",
      "mode": "master",
      "port_prefix": "dot_product_matrix_out",
      "has_tready": "1",
      "ctype": {
        "TDATA": {
          "Type": "real fixed signed 20",
          "Width": "32"
        },
        "TREADY": {"Type": "bool"},
        "TVALID": {"Type": "bool"},
        "TLAST": {
          "Type": "null",
          "Width": "1"
        }
      },
      "port_width": {
        "TDATA": "32",
        "TLAST": "1"
      }
    },
    "input_details": {
      "type": "axi4stream",
      "mode": "slave",
      "port_prefix": "input_details",
      "has_tready": "1",
      "ctype": {
        "TDATA": {
          "Type": "integer unsigned",
          "Width": "16"
        },
        "TVALID": {"Type": "bool"},
        "TREADY": {"Type": "bool"},
        "TLAST": {
          "Type": "null",
          "Width": "1"
        }
      },
      "port_width": {
        "TDATA": "16",
        "TLAST": "1"
      }
    },
    "training_matrix": {
      "type": "axi4stream",
      "mode": "slave",
      "port_prefix": "training_matrix",
      "has_tready": "1",
      "ctype": {
        "TDATA": {
          "Type": "real fixed signed 15",
          "Width": "16"
        },
        "TVALID": {"Type": "bool"},
        "TREADY": {"Type": "bool"},
        "TLAST": {
          "Type": "null",
          "Width": "1"
        }
      },
      "port_width": {
        "TDATA": "16",
        "TLAST": "1"
      }
    },
    "training_matrix_transpose": {
      "type": "axi4stream",
      "mode": "slave",
      "port_prefix": "training_matrix_transpose",
      "has_tready": "1",
      "ctype": {
        "TDATA": {
          "Type": "real fixed signed 15",
          "Width": "16"
        },
        "TVALID": {"Type": "bool"},
        "TREADY": {"Type": "bool"},
        "TLAST": {
          "Type": "null",
          "Width": "1"
        }
      },
      "port_width": {
        "TDATA": "16",
        "TLAST": "1"
      }
    }
  },
  "RtlPorts": {
    "ap_clk": {
      "dir": "in",
      "width": "1"
    },
    "ap_rst_n": {
      "dir": "in",
      "width": "1"
    },
    "training_matrix_TDATA": {
      "dir": "in",
      "width": "16"
    },
    "training_matrix_TVALID": {
      "dir": "in",
      "width": "1"
    },
    "training_matrix_TREADY": {
      "dir": "out",
      "width": "1"
    },
    "training_matrix_TLAST": {
      "dir": "in",
      "width": "1"
    },
    "training_matrix_transpose_TDATA": {
      "dir": "in",
      "width": "16"
    },
    "training_matrix_transpose_TVALID": {
      "dir": "in",
      "width": "1"
    },
    "training_matrix_transpose_TREADY": {
      "dir": "out",
      "width": "1"
    },
    "training_matrix_transpose_TLAST": {
      "dir": "in",
      "width": "1"
    },
    "dot_product_matrix_out_TDATA": {
      "dir": "out",
      "width": "32"
    },
    "dot_product_matrix_out_TREADY": {
      "dir": "in",
      "width": "1"
    },
    "dot_product_matrix_out_TVALID": {
      "dir": "out",
      "width": "1"
    },
    "dot_product_matrix_out_TLAST": {
      "dir": "out",
      "width": "1"
    },
    "input_details_TDATA": {
      "dir": "in",
      "width": "16"
    },
    "input_details_TVALID": {
      "dir": "in",
      "width": "1"
    },
    "input_details_TREADY": {
      "dir": "out",
      "width": "1"
    },
    "input_details_TLAST": {
      "dir": "in",
      "width": "1"
    }
  },
  "ModuleInfo": {
    "Hierarchy": {
      "ModuleName": "get_dpm_top",
      "Instances": [{
          "ModuleName": "get_dot_product",
          "InstanceName": "grp_get_dot_product_fu_166"
        }]
    },
    "Info": {
      "get_dot_product": {
        "FunctionProtocol": "ap_ctrl_hs",
        "isTaskLevelControl": "1",
        "isPipelined": "0",
        "isCombinational": "0",
        "isOneStateSeq": "0"
      },
      "get_dpm_top": {
        "FunctionProtocol": "ap_ctrl_none",
        "isTaskLevelControl": "1",
        "isPipelined": "0",
        "isCombinational": "0",
        "isOneStateSeq": "0"
      }
    },
    "Metrics": {
      "get_dot_product": {
        "Latency": {
          "LatencyBest": "3",
          "LatencyAvg": "130",
          "LatencyWorst": "258",
          "PipelineIIMin": "3",
          "PipelineIIMax": "258",
          "PipelineII": "3 ~ 258",
          "PipelineDepth": "",
          "PipelineType": "none"
        },
        "Timing": {
          "Target": "10.00",
          "Uncertainty": "1.25",
          "Estimate": "3.770"
        },
        "Loops": [{
            "Name": "dp_loop",
            "TripCount": "",
            "LatencyMin": "1",
            "LatencyMax": "256",
            "Latency": "1 ~ 256",
            "PipelineII": "1",
            "PipelineDepth": "2"
          }],
        "Area": {
          "DSP48E": "1",
          "FF": "64",
          "LUT": "104",
          "BRAM_18K": "0",
          "URAM": "0"
        }
      },
      "get_dpm_top": {
        "Latency": {
          "LatencyBest": "13",
          "LatencyAvg": "13301980002",
          "LatencyWorst": "104410380002",
          "PipelineIIMin": "14",
          "PipelineIIMax": "104410380003",
          "PipelineII": "14 ~ 104410380003",
          "PipelineDepth": "",
          "PipelineType": "none"
        },
        "Timing": {
          "Target": "10.00",
          "Uncertainty": "1.25",
          "Estimate": "3.770"
        },
        "Loops": [{
            "Name": "first_rows",
            "TripCount": "",
            "LatencyMin": "11",
            "LatencyMax": "104410380000",
            "Latency": "11 ~ 104410380000",
            "PipelineII": "",
            "PipelineDepthMin": "11",
            "PipelineDepthMax": "5220519",
            "PipelineDepth": "11 ~ 5220519",
            "Loops": [
              {
                "Name": "get_row",
                "TripCount": "",
                "LatencyMin": "1",
                "LatencyMax": "256",
                "Latency": "1 ~ 256",
                "PipelineII": "",
                "PipelineDepth": "1"
              },
              {
                "Name": "second_columns",
                "TripCount": "",
                "LatencyMin": "6",
                "LatencyMax": "5220000",
                "Latency": "6 ~ 5220000",
                "PipelineII": "",
                "PipelineDepthMin": "6",
                "PipelineDepthMax": "261",
                "PipelineDepth": "6 ~ 261"
              }
            ]
          }],
        "Area": {
          "BRAM_18K": "1",
          "DSP48E": "1",
          "FF": "382",
          "LUT": "718",
          "URAM": "0"
        }
      }
    }
  },
  "Sdx": {
    "Target": "none",
    "ProfileOption": "0",
    "ProfileType": "none",
    "XO": "",
    "KernelName": "get_dpm_top",
    "EnableXoSwEmu": "1"
  },
  "GenData": {
    "DataVersion": "0.2",
    "Time": "2020-03-09 21:37:40 +0000",
    "ToolName": "vivado_hls",
    "ToolVersion": "2019.1"
  }
}
