<annotationInfo>
<annotationInfo>
<item  id="18" filename="get_norm_w.cpp" linenumber="24" name="w_V" contextFuncName="get_w" moduleName="get_w" rtlName="w_V_U" latency="0" BRAM="-1" DSP="-1" FF="-1" LUT="-1" fileDirectory="C:\Users\Ryan\Documents\University\Project\HLS\get_norm_w"><\/item>
<item  id="28" filename="get_norm_w.cpp" linenumber="19" name="no_variables_V" contextFuncName="get_w" moduleName="get_w" rtlName="no_variables_V_fu_310_p1" latency="0" BRAM="-1" DSP="-1" FF="-1" LUT="-1" fileDirectory="C:\Users\Ryan\Documents\University\Project\HLS\get_norm_w"><\/item>
<item  id="32" filename="get_norm_w.cpp" linenumber="26" name="icmp_ln26" contextFuncName="get_w" moduleName="get_w" rtlName="icmp_ln26_fu_314_p2" latency="0" BRAM="-1" DSP="-1" FF="0" LUT="13" fileDirectory="C:\Users\Ryan\Documents\University\Project\HLS\get_norm_w"><\/item>
<item  id="34" filename="get_norm_w.cpp" linenumber="26" name="n1_V" contextFuncName="get_w" moduleName="get_w" rtlName="n1_V_fu_320_p2" latency="0" BRAM="-1" DSP="-1" FF="0" LUT="15" fileDirectory="C:\Users\Ryan\Documents\University\Project\HLS\get_norm_w"><\/item>
<item  id="37" filename="get_norm_w.cpp" linenumber="27" name="zext_ln544" contextFuncName="get_w" moduleName="get_w" rtlName="zext_ln544_fu_326_p1" latency="0" BRAM="-1" DSP="-1" FF="-1" LUT="-1" fileDirectory="C:\Users\Ryan\Documents\University\Project\HLS\get_norm_w"><\/item>
<item  id="42" filename="get_norm_w.cpp" linenumber="18" name="empty_19" contextFuncName="get_w" moduleName="get_w" rtlName="empty_19_fu_331_p1" latency="0" BRAM="-1" DSP="-1" FF="-1" LUT="-1" fileDirectory="C:\Users\Ryan\Documents\University\Project\HLS\get_norm_w"><\/item>
<item  id="43" filename="get_norm_w.cpp" linenumber="18" name="empty_20" contextFuncName="get_w" moduleName="get_w" rtlName="empty_20_fu_334_p2" latency="0" BRAM="-1" DSP="-1" FF="0" LUT="18" fileDirectory="C:\Users\Ryan\Documents\University\Project\HLS\get_norm_w"><\/item>
<item  id="44" filename="get_norm_w.cpp" linenumber="32" name="select_ln32" contextFuncName="get_w" moduleName="get_w" rtlName="select_ln32_fu_340_p3" latency="0" BRAM="-1" DSP="-1" FF="0" LUT="20" fileDirectory="C:\Users\Ryan\Documents\University\Project\HLS\get_norm_w"><\/item>
<item  id="48" filename="get_norm_w.cpp" linenumber="31" name="icmp_ln31" contextFuncName="get_w" moduleName="get_w" rtlName="icmp_ln31_fu_348_p2" latency="0" BRAM="-1" DSP="-1" FF="0" LUT="18" fileDirectory="C:\Users\Ryan\Documents\University\Project\HLS\get_norm_w"><\/item>
<item  id="49" filename="get_norm_w.cpp" linenumber="31" name="n1_V_1" contextFuncName="get_w" moduleName="get_w" rtlName="n1_V_1_fu_353_p2" latency="0" BRAM="-1" DSP="-1" FF="0" LUT="27" fileDirectory="C:\Users\Ryan\Documents\University\Project\HLS\get_norm_w"><\/item>
<item  id="54" filename="get_norm_w.cpp" linenumber="41" name="sext_ln1192" contextFuncName="get_w" moduleName="get_w" rtlName="sext_ln1192_fu_363_p1" latency="0" BRAM="-1" DSP="-1" FF="-1" LUT="-1" fileDirectory="C:\Users\Ryan\Documents\University\Project\HLS\get_norm_w"><\/item>
<item  id="58" filename="get_norm_w.cpp" linenumber="37" name="tmp_6" contextFuncName="get_w" moduleName="get_w" rtlName="tmp_6_reg_1063" latency="0" BRAM="-1" DSP="-1" FF="-1" LUT="-1" fileDirectory="C:\Users\Ryan\Documents\University\Project\HLS\get_norm_w"><\/item>
<item  id="60" filename="get_norm_w.cpp" linenumber="37" name="n2_V" contextFuncName="get_w" moduleName="get_w" rtlName="n2_V_fu_375_p2" latency="0" BRAM="-1" DSP="-1" FF="0" LUT="15" fileDirectory="C:\Users\Ryan\Documents\University\Project\HLS\get_norm_w"><\/item>
<item  id="65" filename="get_norm_w.cpp" linenumber="39" name="icmp_ln887_1" contextFuncName="get_w" moduleName="get_w" rtlName="icmp_ln887_1_fu_381_p2" latency="0" BRAM="-1" DSP="-1" FF="0" LUT="13" fileDirectory="C:\Users\Ryan\Documents\University\Project\HLS\get_norm_w"><\/item>
<item  id="68" filename="get_norm_w.cpp" linenumber="41" name="zext_ln544_2" contextFuncName="get_w" moduleName="get_w" rtlName="zext_ln544_2_fu_386_p1" latency="0" BRAM="-1" DSP="-1" FF="-1" LUT="-1" fileDirectory="C:\Users\Ryan\Documents\University\Project\HLS\get_norm_w"><\/item>
<item  id="72" filename="get_norm_w.cpp" linenumber="41" name="mul_ln1192_1" contextFuncName="get_w" moduleName="get_w" rtlName="mul_ln1192_1_fu_399_p2" latency="0" BRAM="-1" DSP="2" FF="0" LUT="20" fileDirectory="C:\Users\Ryan\Documents\University\Project\HLS\get_norm_w"><\/item>
<item  id="75" filename="get_norm_w.cpp" linenumber="41" name="lhs_V_1" contextFuncName="get_w" moduleName="get_w" rtlName="lhs_V_1_fu_404_p3" latency="0" BRAM="-1" DSP="-1" FF="-1" LUT="-1" fileDirectory="C:\Users\Ryan\Documents\University\Project\HLS\get_norm_w"><\/item>
<item  id="76" filename="get_norm_w.cpp" linenumber="41" name="ret_V" contextFuncName="get_w" moduleName="get_w" rtlName="ret_V_fu_412_p2" latency="0" BRAM="-1" DSP="-1" FF="0" LUT="54" fileDirectory="C:\Users\Ryan\Documents\University\Project\HLS\get_norm_w"><\/item>
<item  id="77" filename="get_norm_w.cpp" linenumber="41" name="trunc_ln6" contextFuncName="get_w" moduleName="get_w" rtlName="trunc_ln6_reg_1087" latency="0" BRAM="-1" DSP="-1" FF="-1" LUT="-1" fileDirectory="C:\Users\Ryan\Documents\University\Project\HLS\get_norm_w"><\/item>
<item  id="88" filename="get_norm_w.cpp" linenumber="55" name="tmp_4" contextFuncName="get_w" moduleName="get_w" rtlName="tmp_4_reg_1092" latency="0" BRAM="-1" DSP="-1" FF="-1" LUT="-1" fileDirectory="C:\Users\Ryan\Documents\University\Project\HLS\get_norm_w"><\/item>
<item  id="90" filename="get_norm_w.cpp" linenumber="55" name="n3_V" contextFuncName="get_w" moduleName="get_w" rtlName="n3_V_fu_435_p2" latency="0" BRAM="-1" DSP="-1" FF="0" LUT="15" fileDirectory="C:\Users\Ryan\Documents\University\Project\HLS\get_norm_w"><\/item>
<item  id="95" filename="get_norm_w.cpp" linenumber="57" name="icmp_ln887" contextFuncName="get_w" moduleName="get_w" rtlName="icmp_ln887_fu_441_p2" latency="0" BRAM="-1" DSP="-1" FF="0" LUT="13" fileDirectory="C:\Users\Ryan\Documents\University\Project\HLS\get_norm_w"><\/item>
<item  id="98" filename="get_norm_w.cpp" linenumber="58" name="zext_ln544_1" contextFuncName="get_w" moduleName="get_w" rtlName="zext_ln544_1_fu_446_p1" latency="0" BRAM="-1" DSP="-1" FF="-1" LUT="-1" fileDirectory="C:\Users\Ryan\Documents\University\Project\HLS\get_norm_w"><\/item>
<item  id="101" filename="get_norm_w.cpp" linenumber="58" name="sext_ln1118" contextFuncName="get_w" moduleName="get_w" rtlName="sext_ln1118_fu_451_p1" latency="0" BRAM="-1" DSP="-1" FF="-1" LUT="-1" fileDirectory="C:\Users\Ryan\Documents\University\Project\HLS\get_norm_w"><\/item>
<item  id="102" filename="get_norm_w.cpp" linenumber="58" name="lhs_V" contextFuncName="get_w" moduleName="get_w" rtlName="lhs_V_fu_460_p3" latency="0" BRAM="-1" DSP="-1" FF="-1" LUT="-1" fileDirectory="C:\Users\Ryan\Documents\University\Project\HLS\get_norm_w"><\/item>
<item  id="103" filename="get_norm_w.cpp" linenumber="58" name="mul_ln1192" contextFuncName="get_w" moduleName="get_w" rtlName="mul_ln1192_fu_454_p2" latency="0" BRAM="-1" DSP="4" FF="0" LUT="20" fileDirectory="C:\Users\Ryan\Documents\University\Project\HLS\get_norm_w"><\/item>
<item  id="104" filename="get_norm_w.cpp" linenumber="58" name="ret_V_2" contextFuncName="get_w" moduleName="get_w" rtlName="ret_V_2_fu_468_p2" latency="0" BRAM="-1" DSP="-1" FF="0" LUT="59" fileDirectory="C:\Users\Ryan\Documents\University\Project\HLS\get_norm_w"><\/item>
<item  id="105" filename="get_norm_w.cpp" linenumber="58" name="square_norm_V" contextFuncName="get_w" moduleName="get_w" rtlName="tmp_V_3_reg_275" latency="0" BRAM="-1" DSP="-1" FF="-1" LUT="-1" fileDirectory="C:\Users\Ryan\Documents\University\Project\HLS\get_norm_w"><\/item>
<item  id="109" filename="get_norm_w.cpp" linenumber="64" name="icmp_ln935" contextFuncName="get_w" moduleName="get_w" rtlName="icmp_ln935_fu_638_p2" latency="0" BRAM="-1" DSP="-1" FF="0" LUT="18" fileDirectory="C:\Users\Ryan\Documents\University\Project\HLS\get_norm_w"><\/item>
<item  id="110" filename="get_norm_w.cpp" linenumber="64" name="p_Result_5" contextFuncName="get_w" moduleName="get_w" rtlName="p_Result_5_reg_1125" latency="0" BRAM="-1" DSP="-1" FF="-1" LUT="-1" fileDirectory="C:\Users\Ryan\Documents\University\Project\HLS\get_norm_w"><\/item>
<item  id="111" filename="get_norm_w.cpp" linenumber="64" name="tmp_V" contextFuncName="get_w" moduleName="get_w" rtlName="tmp_V_fu_491_p2" latency="0" BRAM="-1" DSP="-1" FF="0" LUT="39" fileDirectory="C:\Users\Ryan\Documents\University\Project\HLS\get_norm_w"><\/item>
<item  id="112" filename="get_norm_w.cpp" linenumber="64" name="tmp_V_4" contextFuncName="get_w" moduleName="get_w" rtlName="tmp_V_4_fu_497_p3" latency="0" BRAM="-1" DSP="-1" FF="0" LUT="32" fileDirectory="C:\Users\Ryan\Documents\University\Project\HLS\get_norm_w"><\/item>
<item  id="113" filename="get_norm_w.cpp" linenumber="64" name="p_Result_6" contextFuncName="get_w" moduleName="get_w" rtlName="p_Result_6_fu_505_p4" latency="0" BRAM="-1" DSP="-1" FF="-1" LUT="-1" fileDirectory="C:\Users\Ryan\Documents\University\Project\HLS\get_norm_w"><\/item>
<item  id="114" filename="get_norm_w.cpp" linenumber="64" name="l" contextFuncName="get_w" moduleName="get_w" rtlName="l_fu_515_p3" latency="0" BRAM="-1" DSP="-1" FF="40" LUT="36" fileDirectory="C:\Users\Ryan\Documents\University\Project\HLS\get_norm_w"><\/item>
<item  id="115" filename="get_norm_w.cpp" linenumber="64" name="sub_ln944" contextFuncName="get_w" moduleName="get_w" rtlName="sub_ln944_fu_527_p2" latency="0" BRAM="-1" DSP="-1" FF="0" LUT="39" fileDirectory="C:\Users\Ryan\Documents\University\Project\HLS\get_norm_w"><\/item>
<item  id="116" filename="get_norm_w.cpp" linenumber="64" name="lsb_index" contextFuncName="get_w" moduleName="get_w" rtlName="lsb_index_fu_532_p2" latency="0" BRAM="-1" DSP="-1" FF="0" LUT="39" fileDirectory="C:\Users\Ryan\Documents\University\Project\HLS\get_norm_w"><\/item>
<item  id="117" filename="get_norm_w.cpp" linenumber="64" name="tmp_8" contextFuncName="get_w" moduleName="get_w" rtlName="tmp_8_fu_538_p4" latency="0" BRAM="-1" DSP="-1" FF="-1" LUT="-1" fileDirectory="C:\Users\Ryan\Documents\University\Project\HLS\get_norm_w"><\/item>
<item  id="118" filename="get_norm_w.cpp" linenumber="64" name="icmp_ln947" contextFuncName="get_w" moduleName="get_w" rtlName="icmp_ln947_fu_548_p2" latency="0" BRAM="-1" DSP="-1" FF="0" LUT="18" fileDirectory="C:\Users\Ryan\Documents\University\Project\HLS\get_norm_w"><\/item>
<item  id="119" filename="get_norm_w.cpp" linenumber="64" name="trunc_ln947" contextFuncName="get_w" moduleName="get_w" rtlName="trunc_ln947_fu_554_p1" latency="0" BRAM="-1" DSP="-1" FF="-1" LUT="-1" fileDirectory="C:\Users\Ryan\Documents\University\Project\HLS\get_norm_w"><\/item>
<item  id="120" filename="get_norm_w.cpp" linenumber="64" name="sub_ln947" contextFuncName="get_w" moduleName="get_w" rtlName="sub_ln947_fu_558_p2" latency="0" BRAM="-1" DSP="-1" FF="0" LUT="15" fileDirectory="C:\Users\Ryan\Documents\University\Project\HLS\get_norm_w"><\/item>
<item  id="121" filename="get_norm_w.cpp" linenumber="64" name="zext_ln947" contextFuncName="get_w" moduleName="get_w" rtlName="zext_ln947_fu_564_p1" latency="0" BRAM="-1" DSP="-1" FF="-1" LUT="-1" fileDirectory="C:\Users\Ryan\Documents\University\Project\HLS\get_norm_w"><\/item>
<item  id="122" filename="get_norm_w.cpp" linenumber="64" name="lshr_ln947" contextFuncName="get_w" moduleName="get_w" rtlName="lshr_ln947_fu_568_p2" latency="0" BRAM="-1" DSP="-1" FF="0" LUT="101" fileDirectory="C:\Users\Ryan\Documents\University\Project\HLS\get_norm_w"><\/item>
<item  id="123" filename="get_norm_w.cpp" linenumber="64" name="p_Result_s" contextFuncName="get_w" moduleName="get_w" rtlName="p_Result_s_fu_574_p2" latency="0" BRAM="-1" DSP="-1" FF="0" LUT="32" fileDirectory="C:\Users\Ryan\Documents\University\Project\HLS\get_norm_w"><\/item>
<item  id="124" filename="get_norm_w.cpp" linenumber="64" name="icmp_ln947_1" contextFuncName="get_w" moduleName="get_w" rtlName="icmp_ln947_1_fu_579_p2" latency="0" BRAM="-1" DSP="-1" FF="0" LUT="18" fileDirectory="C:\Users\Ryan\Documents\University\Project\HLS\get_norm_w"><\/item>
<item  id="125" filename="get_norm_w.cpp" linenumber="64" name="a" contextFuncName="get_w" moduleName="get_w" rtlName="a_fu_585_p2" latency="0" BRAM="-1" DSP="-1" FF="0" LUT="2" fileDirectory="C:\Users\Ryan\Documents\University\Project\HLS\get_norm_w"><\/item>
<item  id="126" filename="get_norm_w.cpp" linenumber="64" name="tmp_9" contextFuncName="get_w" moduleName="get_w" rtlName="tmp_9_fu_591_p3" latency="0" BRAM="-1" DSP="-1" FF="-1" LUT="-1" fileDirectory="C:\Users\Ryan\Documents\University\Project\HLS\get_norm_w"><\/item>
<item  id="127" filename="get_norm_w.cpp" linenumber="64" name="xor_ln949" contextFuncName="get_w" moduleName="get_w" rtlName="xor_ln949_fu_599_p2" latency="0" BRAM="-1" DSP="-1" FF="0" LUT="2" fileDirectory="C:\Users\Ryan\Documents\University\Project\HLS\get_norm_w"><\/item>
<item  id="128" filename="get_norm_w.cpp" linenumber="64" name="p_Result_1" contextFuncName="get_w" moduleName="get_w" rtlName="p_Result_1_fu_605_p3" latency="0" BRAM="-1" DSP="-1" FF="-1" LUT="-1" fileDirectory="C:\Users\Ryan\Documents\University\Project\HLS\get_norm_w"><\/item>
<item  id="129" filename="get_norm_w.cpp" linenumber="64" name="and_ln949" contextFuncName="get_w" moduleName="get_w" rtlName="and_ln949_fu_612_p2" latency="0" BRAM="-1" DSP="-1" FF="0" LUT="2" fileDirectory="C:\Users\Ryan\Documents\University\Project\HLS\get_norm_w"><\/item>
<item  id="130" filename="get_norm_w.cpp" linenumber="64" name="or_ln949" contextFuncName="get_w" moduleName="get_w" rtlName="or_ln949_fu_618_p2" latency="0" BRAM="-1" DSP="-1" FF="0" LUT="2" fileDirectory="C:\Users\Ryan\Documents\University\Project\HLS\get_norm_w"><\/item>
<item  id="131" filename="get_norm_w.cpp" linenumber="64" name="or_ln" contextFuncName="get_w" moduleName="get_w" rtlName="or_ln_fu_624_p3" latency="0" BRAM="-1" DSP="-1" FF="-1" LUT="-1" fileDirectory="C:\Users\Ryan\Documents\University\Project\HLS\get_norm_w"><\/item>
<item  id="132" filename="get_norm_w.cpp" linenumber="64" name="icmp_ln958" contextFuncName="get_w" moduleName="get_w" rtlName="icmp_ln958_fu_632_p2" latency="0" BRAM="-1" DSP="-1" FF="0" LUT="18" fileDirectory="C:\Users\Ryan\Documents\University\Project\HLS\get_norm_w"><\/item>
<item  id="133" filename="get_norm_w.cpp" linenumber="64" name="add_ln958" contextFuncName="get_w" moduleName="get_w" rtlName="add_ln958_fu_644_p2" latency="0" BRAM="-1" DSP="-1" FF="0" LUT="39" fileDirectory="C:\Users\Ryan\Documents\University\Project\HLS\get_norm_w"><\/item>
<item  id="134" filename="get_norm_w.cpp" linenumber="64" name="lshr_ln958" contextFuncName="get_w" moduleName="get_w" rtlName="lshr_ln958_fu_649_p2" latency="0" BRAM="-1" DSP="-1" FF="0" LUT="101" fileDirectory="C:\Users\Ryan\Documents\University\Project\HLS\get_norm_w"><\/item>
<item  id="135" filename="get_norm_w.cpp" linenumber="64" name="sub_ln958" contextFuncName="get_w" moduleName="get_w" rtlName="sub_ln958_fu_654_p2" latency="0" BRAM="-1" DSP="-1" FF="0" LUT="39" fileDirectory="C:\Users\Ryan\Documents\University\Project\HLS\get_norm_w"><\/item>
<item  id="136" filename="get_norm_w.cpp" linenumber="64" name="shl_ln958" contextFuncName="get_w" moduleName="get_w" rtlName="shl_ln958_fu_659_p2" latency="0" BRAM="-1" DSP="-1" FF="0" LUT="101" fileDirectory="C:\Users\Ryan\Documents\University\Project\HLS\get_norm_w"><\/item>
<item  id="137" filename="get_norm_w.cpp" linenumber="64" name="m_2" contextFuncName="get_w" moduleName="get_w" rtlName="m_2_fu_664_p3" latency="0" BRAM="-1" DSP="-1" FF="0" LUT="32" fileDirectory="C:\Users\Ryan\Documents\University\Project\HLS\get_norm_w"><\/item>
<item  id="138" filename="get_norm_w.cpp" linenumber="64" name="m_3" contextFuncName="get_w" moduleName="get_w" rtlName="m_3_fu_671_p2" latency="0" BRAM="-1" DSP="-1" FF="0" LUT="39" fileDirectory="C:\Users\Ryan\Documents\University\Project\HLS\get_norm_w"><\/item>
<item  id="139" filename="get_norm_w.cpp" linenumber="64" name="m" contextFuncName="get_w" moduleName="get_w" rtlName="m_reg_1169" latency="0" BRAM="-1" DSP="-1" FF="-1" LUT="-1" fileDirectory="C:\Users\Ryan\Documents\University\Project\HLS\get_norm_w"><\/item>
<item  id="140" filename="get_norm_w.cpp" linenumber="64" name="m_6" contextFuncName="get_w" moduleName="get_w" rtlName="m_6_fu_702_p1" latency="0" BRAM="-1" DSP="-1" FF="-1" LUT="-1" fileDirectory="C:\Users\Ryan\Documents\University\Project\HLS\get_norm_w"><\/item>
<item  id="141" filename="get_norm_w.cpp" linenumber="64" name="tmp_10" contextFuncName="get_w" moduleName="get_w" rtlName="tmp_10_fu_686_p3" latency="0" BRAM="-1" DSP="-1" FF="-1" LUT="-1" fileDirectory="C:\Users\Ryan\Documents\University\Project\HLS\get_norm_w"><\/item>
<item  id="142" filename="get_norm_w.cpp" linenumber="64" name="select_ln964" contextFuncName="get_w" moduleName="get_w" rtlName="select_ln964_fu_694_p3" latency="0" BRAM="-1" DSP="-1" FF="0" LUT="7" fileDirectory="C:\Users\Ryan\Documents\University\Project\HLS\get_norm_w"><\/item>
<item  id="143" filename="get_norm_w.cpp" linenumber="64" name="trunc_ln943" contextFuncName="get_w" moduleName="get_w" rtlName="trunc_ln943_fu_523_p1" latency="0" BRAM="-1" DSP="-1" FF="-1" LUT="-1" fileDirectory="C:\Users\Ryan\Documents\University\Project\HLS\get_norm_w"><\/item>
<item  id="144" filename="get_norm_w.cpp" linenumber="64" name="sub_ln964" contextFuncName="get_w" moduleName="get_w" rtlName="sub_ln964_fu_705_p2" latency="0" BRAM="-1" DSP="-1" FF="0" LUT="8" fileDirectory="C:\Users\Ryan\Documents\University\Project\HLS\get_norm_w"><\/item>
<item  id="145" filename="get_norm_w.cpp" linenumber="64" name="add_ln964" contextFuncName="get_w" moduleName="get_w" rtlName="add_ln964_fu_710_p2" latency="0" BRAM="-1" DSP="-1" FF="0" LUT="8" fileDirectory="C:\Users\Ryan\Documents\University\Project\HLS\get_norm_w"><\/item>
<item  id="146" filename="get_norm_w.cpp" linenumber="64" name="tmp_3" contextFuncName="get_w" moduleName="get_w" rtlName="tmp_3_fu_715_p3" latency="0" BRAM="-1" DSP="-1" FF="-1" LUT="-1" fileDirectory="C:\Users\Ryan\Documents\University\Project\HLS\get_norm_w"><\/item>
<item  id="147" filename="get_norm_w.cpp" linenumber="64" name="p_Result_7" contextFuncName="get_w" moduleName="get_w" rtlName="p_Result_7_fu_722_p5" latency="0" BRAM="-1" DSP="-1" FF="-1" LUT="-1" fileDirectory="C:\Users\Ryan\Documents\University\Project\HLS\get_norm_w"><\/item>
<item  id="148" filename="get_norm_w.cpp" linenumber="64" name="bitcast_ln739" contextFuncName="get_w" moduleName="get_w" rtlName="grp_fu_298_p0" latency="0" BRAM="-1" DSP="-1" FF="-1" LUT="-1" fileDirectory="C:\Users\Ryan\Documents\University\Project\HLS\get_norm_w"><\/item>
<item  id="149" filename="get_norm_w.cpp" linenumber="64" name="tmp_2" contextFuncName="get_w" moduleName="get_w" rtlName="get_w_fpext_32ns_bkb_U1" latency="1" BRAM="-1" DSP="-1" FF="-1" LUT="-1" fileDirectory="C:\Users\Ryan\Documents\University\Project\HLS\get_norm_w"><\/item>
<item  id="150" filename="get_norm_w.cpp" linenumber="64" name="select_ln64" contextFuncName="get_w" moduleName="get_w" rtlName="select_ln64_fu_739_p3" latency="0" BRAM="-1" DSP="-1" FF="0" LUT="64" fileDirectory="C:\Users\Ryan\Documents\University\Project\HLS\get_norm_w"><\/item>
<item  id="151" filename="get_norm_w.cpp" linenumber="64" name="v_assign" contextFuncName="get_w" moduleName="get_w" rtlName="get_w_dsqrt_64ns_cud_U2" latency="30" BRAM="-1" DSP="-1" FF="-1" LUT="-1" fileDirectory="C:\Users\Ryan\Documents\University\Project\HLS\get_norm_w"><\/item>
<item  id="152" filename="get_norm_w.cpp" linenumber="64" name="ireg_V" contextFuncName="get_w" moduleName="get_w" rtlName="ireg_V_fu_746_p1" latency="0" BRAM="-1" DSP="-1" FF="-1" LUT="-1" fileDirectory="C:\Users\Ryan\Documents\University\Project\HLS\get_norm_w"><\/item>
<item  id="153" filename="get_norm_w.cpp" linenumber="64" name="trunc_ln556" contextFuncName="get_w" moduleName="get_w" rtlName="trunc_ln556_fu_749_p1" latency="0" BRAM="-1" DSP="-1" FF="-1" LUT="-1" fileDirectory="C:\Users\Ryan\Documents\University\Project\HLS\get_norm_w"><\/item>
<item  id="154" filename="get_norm_w.cpp" linenumber="64" name="p_Result_8" contextFuncName="get_w" moduleName="get_w" rtlName="p_Result_8_fu_753_p3" latency="0" BRAM="-1" DSP="-1" FF="-1" LUT="-1" fileDirectory="C:\Users\Ryan\Documents\University\Project\HLS\get_norm_w"><\/item>
<item  id="155" filename="get_norm_w.cpp" linenumber="64" name="exp_tmp_V" contextFuncName="get_w" moduleName="get_w" rtlName="exp_tmp_V_fu_761_p4" latency="0" BRAM="-1" DSP="-1" FF="-1" LUT="-1" fileDirectory="C:\Users\Ryan\Documents\University\Project\HLS\get_norm_w"><\/item>
<item  id="156" filename="get_norm_w.cpp" linenumber="64" name="zext_ln461" contextFuncName="get_w" moduleName="get_w" rtlName="zext_ln461_fu_771_p1" latency="0" BRAM="-1" DSP="-1" FF="-1" LUT="-1" fileDirectory="C:\Users\Ryan\Documents\University\Project\HLS\get_norm_w"><\/item>
<item  id="157" filename="get_norm_w.cpp" linenumber="64" name="trunc_ln565" contextFuncName="get_w" moduleName="get_w" rtlName="trunc_ln565_fu_775_p1" latency="0" BRAM="-1" DSP="-1" FF="-1" LUT="-1" fileDirectory="C:\Users\Ryan\Documents\University\Project\HLS\get_norm_w"><\/item>
<item  id="158" filename="get_norm_w.cpp" linenumber="64" name="tmp_5" contextFuncName="get_w" moduleName="get_w" rtlName="tmp_5_fu_779_p3" latency="0" BRAM="-1" DSP="-1" FF="-1" LUT="-1" fileDirectory="C:\Users\Ryan\Documents\University\Project\HLS\get_norm_w"><\/item>
<item  id="159" filename="get_norm_w.cpp" linenumber="64" name="p_Result_9" contextFuncName="get_w" moduleName="get_w" rtlName="p_Result_9_fu_787_p1" latency="0" BRAM="-1" DSP="-1" FF="-1" LUT="-1" fileDirectory="C:\Users\Ryan\Documents\University\Project\HLS\get_norm_w"><\/item>
<item  id="160" filename="get_norm_w.cpp" linenumber="64" name="man_V_1" contextFuncName="get_w" moduleName="get_w" rtlName="man_V_1_fu_791_p2" latency="0" BRAM="-1" DSP="-1" FF="0" LUT="61" fileDirectory="C:\Users\Ryan\Documents\University\Project\HLS\get_norm_w"><\/item>
<item  id="161" filename="get_norm_w.cpp" linenumber="64" name="man_V_2" contextFuncName="get_w" moduleName="get_w" rtlName="man_V_2_fu_797_p3" latency="0" BRAM="-1" DSP="-1" FF="0" LUT="54" fileDirectory="C:\Users\Ryan\Documents\University\Project\HLS\get_norm_w"><\/item>
<item  id="162" filename="get_norm_w.cpp" linenumber="64" name="icmp_ln571" contextFuncName="get_w" moduleName="get_w" rtlName="icmp_ln571_fu_805_p2" latency="0" BRAM="-1" DSP="-1" FF="0" LUT="29" fileDirectory="C:\Users\Ryan\Documents\University\Project\HLS\get_norm_w"><\/item>
<item  id="163" filename="get_norm_w.cpp" linenumber="64" name="F2" contextFuncName="get_w" moduleName="get_w" rtlName="F2_fu_811_p2" latency="0" BRAM="-1" DSP="-1" FF="0" LUT="12" fileDirectory="C:\Users\Ryan\Documents\University\Project\HLS\get_norm_w"><\/item>
<item  id="164" filename="get_norm_w.cpp" linenumber="64" name="icmp_ln581" contextFuncName="get_w" moduleName="get_w" rtlName="icmp_ln581_fu_817_p2" latency="0" BRAM="-1" DSP="-1" FF="0" LUT="13" fileDirectory="C:\Users\Ryan\Documents\University\Project\HLS\get_norm_w"><\/item>
<item  id="165" filename="get_norm_w.cpp" linenumber="64" name="add_ln581" contextFuncName="get_w" moduleName="get_w" rtlName="add_ln581_fu_823_p2" latency="0" BRAM="-1" DSP="-1" FF="0" LUT="12" fileDirectory="C:\Users\Ryan\Documents\University\Project\HLS\get_norm_w"><\/item>
<item  id="166" filename="get_norm_w.cpp" linenumber="64" name="sub_ln581" contextFuncName="get_w" moduleName="get_w" rtlName="sub_ln581_fu_829_p2" latency="0" BRAM="-1" DSP="-1" FF="0" LUT="12" fileDirectory="C:\Users\Ryan\Documents\University\Project\HLS\get_norm_w"><\/item>
<item  id="167" filename="get_norm_w.cpp" linenumber="64" name="sh_amt" contextFuncName="get_w" moduleName="get_w" rtlName="sh_amt_fu_835_p3" latency="0" BRAM="-1" DSP="-1" FF="0" LUT="12" fileDirectory="C:\Users\Ryan\Documents\University\Project\HLS\get_norm_w"><\/item>
<item  id="168" filename="get_norm_w.cpp" linenumber="64" name="sext_ln581" contextFuncName="get_w" moduleName="get_w" rtlName="sext_ln581_fu_983_p1" latency="0" BRAM="-1" DSP="-1" FF="-1" LUT="-1" fileDirectory="C:\Users\Ryan\Documents\University\Project\HLS\get_norm_w"><\/item>
<item  id="169" filename="get_norm_w.cpp" linenumber="64" name="icmp_ln582" contextFuncName="get_w" moduleName="get_w" rtlName="icmp_ln582_fu_843_p2" latency="0" BRAM="-1" DSP="-1" FF="0" LUT="13" fileDirectory="C:\Users\Ryan\Documents\University\Project\HLS\get_norm_w"><\/item>
<item  id="170" filename="get_norm_w.cpp" linenumber="64" name="trunc_ln583" contextFuncName="get_w" moduleName="get_w" rtlName="trunc_ln583_fu_849_p1" latency="0" BRAM="-1" DSP="-1" FF="-1" LUT="-1" fileDirectory="C:\Users\Ryan\Documents\University\Project\HLS\get_norm_w"><\/item>
<item  id="171" filename="get_norm_w.cpp" linenumber="64" name="icmp_ln585" contextFuncName="get_w" moduleName="get_w" rtlName="icmp_ln585_fu_853_p2" latency="0" BRAM="-1" DSP="-1" FF="0" LUT="13" fileDirectory="C:\Users\Ryan\Documents\University\Project\HLS\get_norm_w"><\/item>
<item  id="172" filename="get_norm_w.cpp" linenumber="64" name="tmp_12" contextFuncName="get_w" moduleName="get_w" rtlName="tmp_12_fu_859_p4" latency="0" BRAM="-1" DSP="-1" FF="-1" LUT="-1" fileDirectory="C:\Users\Ryan\Documents\University\Project\HLS\get_norm_w"><\/item>
<item  id="173" filename="get_norm_w.cpp" linenumber="64" name="icmp_ln603" contextFuncName="get_w" moduleName="get_w" rtlName="icmp_ln603_fu_869_p2" latency="0" BRAM="-1" DSP="-1" FF="0" LUT="11" fileDirectory="C:\Users\Ryan\Documents\University\Project\HLS\get_norm_w"><\/item>
<item  id="174" filename="get_norm_w.cpp" linenumber="64" name="zext_ln586" contextFuncName="get_w" moduleName="get_w" rtlName="zext_ln586_fu_986_p1" latency="0" BRAM="-1" DSP="-1" FF="-1" LUT="-1" fileDirectory="C:\Users\Ryan\Documents\University\Project\HLS\get_norm_w"><\/item>
<item  id="175" filename="get_norm_w.cpp" linenumber="64" name="ashr_ln586" contextFuncName="get_w" moduleName="get_w" rtlName="ashr_ln586_fu_990_p2" latency="0" BRAM="-1" DSP="-1" FF="0" LUT="162" fileDirectory="C:\Users\Ryan\Documents\University\Project\HLS\get_norm_w"><\/item>
<item  id="176" filename="get_norm_w.cpp" linenumber="64" name="trunc_ln586" contextFuncName="get_w" moduleName="get_w" rtlName="trunc_ln586_fu_995_p1" latency="0" BRAM="-1" DSP="-1" FF="-1" LUT="-1" fileDirectory="C:\Users\Ryan\Documents\University\Project\HLS\get_norm_w"><\/item>
<item  id="177" filename="get_norm_w.cpp" linenumber="64" name="tmp_13" contextFuncName="get_w" moduleName="get_w" rtlName="tmp_13_fu_875_p3" latency="0" BRAM="-1" DSP="-1" FF="-1" LUT="-1" fileDirectory="C:\Users\Ryan\Documents\University\Project\HLS\get_norm_w"><\/item>
<item  id="178" filename="get_norm_w.cpp" linenumber="64" name="select_ln588" contextFuncName="get_w" moduleName="get_w" rtlName="select_ln588_fu_883_p3" latency="0" BRAM="-1" DSP="-1" FF="0" LUT="2" fileDirectory="C:\Users\Ryan\Documents\University\Project\HLS\get_norm_w"><\/item>
<item  id="179" filename="get_norm_w.cpp" linenumber="64" name="shl_ln604" contextFuncName="get_w" moduleName="get_w" rtlName="shl_ln604_fu_999_p2" latency="0" BRAM="-1" DSP="-1" FF="0" LUT="101" fileDirectory="C:\Users\Ryan\Documents\University\Project\HLS\get_norm_w"><\/item>
<item  id="180" filename="get_norm_w.cpp" linenumber="64" name="xor_ln571" contextFuncName="get_w" moduleName="get_w" rtlName="xor_ln571_fu_891_p2" latency="0" BRAM="-1" DSP="-1" FF="0" LUT="2" fileDirectory="C:\Users\Ryan\Documents\University\Project\HLS\get_norm_w"><\/item>
<item  id="181" filename="get_norm_w.cpp" linenumber="64" name="and_ln582" contextFuncName="get_w" moduleName="get_w" rtlName="and_ln582_fu_897_p2" latency="0" BRAM="-1" DSP="-1" FF="0" LUT="2" fileDirectory="C:\Users\Ryan\Documents\University\Project\HLS\get_norm_w"><\/item>
<item  id="182" filename="get_norm_w.cpp" linenumber="64" name="or_ln582" contextFuncName="get_w" moduleName="get_w" rtlName="or_ln582_fu_903_p2" latency="0" BRAM="-1" DSP="-1" FF="0" LUT="2" fileDirectory="C:\Users\Ryan\Documents\University\Project\HLS\get_norm_w"><\/item>
<item  id="183" filename="get_norm_w.cpp" linenumber="64" name="xor_ln582" contextFuncName="get_w" moduleName="get_w" rtlName="xor_ln582_fu_909_p2" latency="0" BRAM="-1" DSP="-1" FF="0" LUT="2" fileDirectory="C:\Users\Ryan\Documents\University\Project\HLS\get_norm_w"><\/item>
<item  id="184" filename="get_norm_w.cpp" linenumber="64" name="and_ln581" contextFuncName="get_w" moduleName="get_w" rtlName="and_ln581_fu_915_p2" latency="0" BRAM="-1" DSP="-1" FF="0" LUT="2" fileDirectory="C:\Users\Ryan\Documents\University\Project\HLS\get_norm_w"><\/item>
<item  id="185" filename="get_norm_w.cpp" linenumber="64" name="xor_ln585" contextFuncName="get_w" moduleName="get_w" rtlName="xor_ln585_fu_921_p2" latency="0" BRAM="-1" DSP="-1" FF="0" LUT="2" fileDirectory="C:\Users\Ryan\Documents\University\Project\HLS\get_norm_w"><\/item>
<item  id="186" filename="get_norm_w.cpp" linenumber="64" name="and_ln585" contextFuncName="get_w" moduleName="get_w" rtlName="and_ln585_fu_927_p2" latency="0" BRAM="-1" DSP="-1" FF="0" LUT="2" fileDirectory="C:\Users\Ryan\Documents\University\Project\HLS\get_norm_w"><\/item>
<item  id="187" filename="get_norm_w.cpp" linenumber="64" name="and_ln585_1" contextFuncName="get_w" moduleName="get_w" rtlName="and_ln585_1_fu_933_p2" latency="0" BRAM="-1" DSP="-1" FF="0" LUT="2" fileDirectory="C:\Users\Ryan\Documents\University\Project\HLS\get_norm_w"><\/item>
<item  id="188" filename="get_norm_w.cpp" linenumber="64" name="or_ln581" contextFuncName="get_w" moduleName="get_w" rtlName="or_ln581_fu_939_p2" latency="0" BRAM="-1" DSP="-1" FF="0" LUT="2" fileDirectory="C:\Users\Ryan\Documents\University\Project\HLS\get_norm_w"><\/item>
<item  id="189" filename="get_norm_w.cpp" linenumber="64" name="xor_ln581" contextFuncName="get_w" moduleName="get_w" rtlName="xor_ln581_fu_945_p2" latency="0" BRAM="-1" DSP="-1" FF="0" LUT="2" fileDirectory="C:\Users\Ryan\Documents\University\Project\HLS\get_norm_w"><\/item>
<item  id="190" filename="get_norm_w.cpp" linenumber="64" name="and_ln603" contextFuncName="get_w" moduleName="get_w" rtlName="and_ln603_fu_951_p2" latency="0" BRAM="-1" DSP="-1" FF="0" LUT="2" fileDirectory="C:\Users\Ryan\Documents\University\Project\HLS\get_norm_w"><\/item>
<item  id="191" filename="get_norm_w.cpp" linenumber="64" name="select_ln603" contextFuncName="get_w" moduleName="get_w" rtlName="select_ln603_fu_1004_p3" latency="0" BRAM="-1" DSP="-1" FF="0" LUT="32" fileDirectory="C:\Users\Ryan\Documents\University\Project\HLS\get_norm_w"><\/item>
<item  id="192" filename="get_norm_w.cpp" linenumber="64" name="or_ln603" contextFuncName="get_w" moduleName="get_w" rtlName="or_ln603_fu_957_p2" latency="0" BRAM="-1" DSP="-1" FF="0" LUT="2" fileDirectory="C:\Users\Ryan\Documents\University\Project\HLS\get_norm_w"><\/item>
<item  id="193" filename="get_norm_w.cpp" linenumber="64" name="select_ln603_1" contextFuncName="get_w" moduleName="get_w" rtlName="select_ln603_1_fu_963_p3" latency="0" BRAM="-1" DSP="-1" FF="0" LUT="32" fileDirectory="C:\Users\Ryan\Documents\University\Project\HLS\get_norm_w"><\/item>
<item  id="194" filename="get_norm_w.cpp" linenumber="64" name="or_ln603_1" contextFuncName="get_w" moduleName="get_w" rtlName="or_ln603_1_fu_971_p2" latency="0" BRAM="-1" DSP="-1" FF="0" LUT="2" fileDirectory="C:\Users\Ryan\Documents\University\Project\HLS\get_norm_w"><\/item>
<item  id="195" filename="get_norm_w.cpp" linenumber="64" name="select_ln603_2" contextFuncName="get_w" moduleName="get_w" rtlName="select_ln603_2_fu_1011_p3" latency="0" BRAM="-1" DSP="-1" FF="0" LUT="32" fileDirectory="C:\Users\Ryan\Documents\University\Project\HLS\get_norm_w"><\/item>
<item  id="196" filename="get_norm_w.cpp" linenumber="64" name="or_ln603_2" contextFuncName="get_w" moduleName="get_w" rtlName="or_ln603_2_fu_977_p2" latency="0" BRAM="-1" DSP="-1" FF="0" LUT="2" fileDirectory="C:\Users\Ryan\Documents\University\Project\HLS\get_norm_w"><\/item>
<item  id="197" filename="get_norm_w.cpp" linenumber="64" name="norm_w_V" contextFuncName="get_w" moduleName="get_w" rtlName="norm_w_V_fu_1017_p3" latency="0" BRAM="-1" DSP="-1" FF="0" LUT="32" fileDirectory="C:\Users\Ryan\Documents\University\Project\HLS\get_norm_w"><\/item>
<\/annotationInfo>
</annotationInfo>
