<profile>

<section name = "Vivado HLS Report for 'get_w'" level="0">
<item name = "Date">Sat Feb  1 14:15:29 2020
</item>
<item name = "Version">2019.1 (Build 2552052 on Fri May 24 15:28:33 MDT 2019)</item>
<item name = "Project">get_norm_w</item>
<item name = "Solution">solution4</item>
<item name = "Product family">zynq</item>
<item name = "Target device">xc7z020-clg400-1</item>
</section>

<section name = "Performance Estimates" level="0">
<item name = "Timing (ns)">
<section name = "" level="1">
<item name = "Summary"><table name="" hasTotal="0">
<keys size="4">Clock, Target, Estimated, Uncertainty</keys>
<column name="ap_clk">10.00, 8.657, 1.25</column>
</table>
</item>
</section>
</item>
<item name = "Latency (clock cycles)">
<section name = "" level="1">
<item name = "Summary"><table name="" hasTotal="0">
<keys size="6">, min, max, min, max, Type</keys>
<column name="">?, ?, ?, ?, none</column>
</table>
</item>
<item name = "Detail">
<section name = "" level="1">
<item name = "Instance"><table name="" hasTotal="0">
<keys size="7">Instance, Module, min, max, min, max, Type</keys>
</table>
</item>
<item name = "Loop"><table name="" hasTotal="0">
<keys size="8">Loop Name, min, max, Latency, achieved, target, Count, Pipelined</keys>
<column name="- Loop 1">256, 256, 1, -, -, 256, no</column>
<column name="- Loop 2">?, ?, 5 ~ 260, -, -, ?, no</column>
<column name=" + Loop 2.1">2, 257, 3, 1, 1, 1 ~ 256, yes</column>
<column name="- Loop 3">3, 258, 4, 1, 1, 1 ~ 256, yes</column>
</table>
</item>
</section>
</item>
</section>
</item>
</section>

<section name = "Utilization Estimates" level="0">
<item name = "Summary"><table name="" hasTotal="1">
<keys size="6">Name, BRAM_18K, DSP48E, FF, LUT, URAM</keys>
<column name="DSP">-, -, -, -, -</column>
<column name="Expression">-, 6, 40, 1904, -</column>
<column name="FIFO">-, -, -, -, -</column>
<column name="Instance">-, 0, 1932, 2318, -</column>
<column name="Memory">2, -, 0, 0, 0</column>
<column name="Multiplexer">-, -, -, 508, -</column>
<column name="Register">0, -, 1223, 64, -</column>
<specialColumn name="Available">280, 220, 106400, 53200, 0</specialColumn>
<specialColumn name="Utilization (%)">~0, 2, 3, 9, 0</specialColumn>
</table>
</item>
<item name = "Detail">
<section name = "" level="1">
<item name = "Instance"><table name="" hasTotal="1">
<keys size="7">Instance, Module, BRAM_18K, DSP48E, FF, LUT, URAM</keys>
<column name="get_w_dsqrt_64ns_cud_U2">get_w_dsqrt_64ns_cud, 0, 0, 1832, 2180, 0</column>
<column name="get_w_fpext_32ns_bkb_U1">get_w_fpext_32ns_bkb, 0, 0, 100, 138, 0</column>
</table>
</item>
<item name = "DSP48E"><table name="" hasTotal="0">
<keys size="3">Instance, Module, Expression</keys>
</table>
</item>
<item name = "Memory"><table name="" hasTotal="1">
<keys size="10">Memory, Module, BRAM_18K, FF, LUT, URAM, Words, Bits, Banks, W*Bits*Banks</keys>
<column name="w_V_U">get_w_w_V, 2, 0, 0, 0, 256, 32, 1, 8192</column>
</table>
</item>
<item name = "FIFO"><table name="" hasTotal="1">
<keys size="8">Name, BRAM_18K, FF, LUT, URAM, Depth, Bits, Size:D*B</keys>
</table>
</item>
<item name = "Expression"><table name="" hasTotal="1">
<keys size="7">Variable Name, Operation, DSP48E, FF, LUT, Bitwidth P0, Bitwidth P1</keys>
<column name="mul_ln1192_1_fu_399_p2">*, 2, 0, 20, 16, 32</column>
<column name="mul_ln1192_fu_454_p2">*, 4, 0, 20, 32, 32</column>
<column name="add_ln581_fu_823_p2">+, 0, 0, 12, 6, 12</column>
<column name="add_ln958_fu_644_p2">+, 0, 0, 39, 6, 32</column>
<column name="add_ln964_fu_710_p2">+, 0, 0, 8, 8, 8</column>
<column name="lsb_index_fu_532_p2">+, 0, 0, 39, 6, 32</column>
<column name="m_3_fu_671_p2">+, 0, 0, 39, 32, 32</column>
<column name="n1_V_1_fu_353_p2">+, 0, 0, 27, 20, 1</column>
<column name="n1_V_fu_320_p2">+, 0, 0, 15, 9, 1</column>
<column name="n2_V_fu_375_p2">+, 0, 0, 15, 9, 1</column>
<column name="n3_V_fu_435_p2">+, 0, 0, 15, 9, 1</column>
<column name="ret_V_2_fu_468_p2">+, 0, 0, 59, 52, 52</column>
<column name="ret_V_fu_412_p2">+, 0, 0, 54, 47, 47</column>
<column name="F2_fu_811_p2">-, 0, 0, 12, 11, 12</column>
<column name="man_V_1_fu_791_p2">-, 0, 0, 61, 1, 54</column>
<column name="sub_ln581_fu_829_p2">-, 0, 0, 12, 5, 12</column>
<column name="sub_ln944_fu_527_p2">-, 0, 0, 39, 6, 32</column>
<column name="sub_ln947_fu_558_p2">-, 0, 0, 15, 4, 6</column>
<column name="sub_ln958_fu_654_p2">-, 0, 0, 39, 5, 32</column>
<column name="sub_ln964_fu_705_p2">-, 0, 0, 8, 4, 8</column>
<column name="tmp_V_fu_491_p2">-, 0, 0, 39, 1, 32</column>
<column name="a_fu_585_p2">and, 0, 0, 2, 1, 1</column>
<column name="and_ln581_fu_915_p2">and, 0, 0, 2, 1, 1</column>
<column name="and_ln582_fu_897_p2">and, 0, 0, 2, 1, 1</column>
<column name="and_ln585_1_fu_933_p2">and, 0, 0, 2, 1, 1</column>
<column name="and_ln585_fu_927_p2">and, 0, 0, 2, 1, 1</column>
<column name="and_ln603_fu_951_p2">and, 0, 0, 2, 1, 1</column>
<column name="and_ln949_fu_612_p2">and, 0, 0, 2, 1, 1</column>
<column name="ap_block_pp0_stage0_11001">and, 0, 0, 2, 1, 1</column>
<column name="ap_block_state4">and, 0, 0, 2, 1, 1</column>
<column name="ap_block_state5_pp0_stage0_iter0">and, 0, 0, 2, 1, 1</column>
<column name="ap_predicate_op105_read_state5">and, 0, 0, 2, 1, 1</column>
<column name="data_matrices_V_data_V_0_load_A">and, 0, 0, 2, 1, 1</column>
<column name="data_matrices_V_data_V_0_load_B">and, 0, 0, 2, 1, 1</column>
<column name="ds_details_in_V_data_V_0_load_A">and, 0, 0, 2, 1, 1</column>
<column name="ds_details_in_V_data_V_0_load_B">and, 0, 0, 2, 1, 1</column>
<column name="norm_w_out_V_data_V_1_load_A">and, 0, 0, 2, 1, 1</column>
<column name="norm_w_out_V_data_V_1_load_B">and, 0, 0, 2, 1, 1</column>
<column name="p_Result_s_fu_574_p2">and, 0, 0, 32, 32, 32</column>
<column name="sv_coeffs_V_data_V_0_load_A">and, 0, 0, 2, 1, 1</column>
<column name="sv_coeffs_V_data_V_0_load_B">and, 0, 0, 2, 1, 1</column>
<column name="ashr_ln586_fu_990_p2">ashr, 0, 0, 162, 54, 54</column>
<column name="l_fu_515_p3">cttz, 0, 40, 36, 32, 0</column>
<column name="data_matrices_V_data_V_0_state_cmp_full">icmp, 0, 0, 8, 2, 1</column>
<column name="ds_details_in_V_data_V_0_state_cmp_full">icmp, 0, 0, 8, 2, 1</column>
<column name="empty_20_fu_334_p2">icmp, 0, 0, 18, 20, 17</column>
<column name="icmp_ln26_fu_314_p2">icmp, 0, 0, 13, 9, 10</column>
<column name="icmp_ln31_fu_348_p2">icmp, 0, 0, 18, 20, 20</column>
<column name="icmp_ln571_fu_805_p2">icmp, 0, 0, 29, 63, 1</column>
<column name="icmp_ln581_fu_817_p2">icmp, 0, 0, 13, 12, 5</column>
<column name="icmp_ln582_fu_843_p2">icmp, 0, 0, 13, 12, 5</column>
<column name="icmp_ln585_fu_853_p2">icmp, 0, 0, 13, 12, 6</column>
<column name="icmp_ln603_fu_869_p2">icmp, 0, 0, 11, 7, 1</column>
<column name="icmp_ln887_1_fu_381_p2">icmp, 0, 0, 13, 9, 9</column>
<column name="icmp_ln887_fu_441_p2">icmp, 0, 0, 13, 9, 9</column>
<column name="icmp_ln935_fu_638_p2">icmp, 0, 0, 18, 32, 1</column>
<column name="icmp_ln947_1_fu_579_p2">icmp, 0, 0, 18, 32, 1</column>
<column name="icmp_ln947_fu_548_p2">icmp, 0, 0, 18, 31, 1</column>
<column name="icmp_ln958_fu_632_p2">icmp, 0, 0, 18, 32, 1</column>
<column name="norm_w_out_V_data_V_1_state_cmp_full">icmp, 0, 0, 8, 2, 1</column>
<column name="sv_coeffs_V_data_V_0_state_cmp_full">icmp, 0, 0, 8, 2, 1</column>
<column name="lshr_ln947_fu_568_p2">lshr, 0, 0, 101, 2, 32</column>
<column name="lshr_ln958_fu_649_p2">lshr, 0, 0, 101, 32, 32</column>
<column name="ap_block_state51">or, 0, 0, 2, 1, 1</column>
<column name="ap_predicate_tran5to8_state5">or, 0, 0, 2, 1, 1</column>
<column name="ap_predicate_tran9to13_state9">or, 0, 0, 2, 1, 1</column>
<column name="or_ln581_fu_939_p2">or, 0, 0, 2, 1, 1</column>
<column name="or_ln582_fu_903_p2">or, 0, 0, 2, 1, 1</column>
<column name="or_ln603_1_fu_971_p2">or, 0, 0, 2, 1, 1</column>
<column name="or_ln603_2_fu_977_p2">or, 0, 0, 2, 1, 1</column>
<column name="or_ln603_fu_957_p2">or, 0, 0, 2, 1, 1</column>
<column name="or_ln949_fu_618_p2">or, 0, 0, 2, 1, 1</column>
<column name="m_2_fu_664_p3">select, 0, 0, 32, 1, 32</column>
<column name="man_V_2_fu_797_p3">select, 0, 0, 54, 1, 54</column>
<column name="norm_w_V_fu_1017_p3">select, 0, 0, 32, 1, 32</column>
<column name="select_ln32_fu_340_p3">select, 0, 0, 20, 1, 20</column>
<column name="select_ln588_fu_883_p3">select, 0, 0, 2, 1, 2</column>
<column name="select_ln603_1_fu_963_p3">select, 0, 0, 32, 1, 32</column>
<column name="select_ln603_2_fu_1011_p3">select, 0, 0, 32, 1, 32</column>
<column name="select_ln603_fu_1004_p3">select, 0, 0, 32, 1, 32</column>
<column name="select_ln64_fu_739_p3">select, 0, 0, 64, 1, 1</column>
<column name="select_ln964_fu_694_p3">select, 0, 0, 7, 1, 7</column>
<column name="sh_amt_fu_835_p3">select, 0, 0, 12, 1, 12</column>
<column name="tmp_V_4_fu_497_p3">select, 0, 0, 32, 1, 32</column>
<column name="shl_ln604_fu_999_p2">shl, 0, 0, 101, 32, 32</column>
<column name="shl_ln958_fu_659_p2">shl, 0, 0, 101, 32, 32</column>
<column name="ap_enable_pp0">xor, 0, 0, 2, 1, 2</column>
<column name="ap_enable_pp1">xor, 0, 0, 2, 1, 2</column>
<column name="ap_enable_reg_pp0_iter1">xor, 0, 0, 2, 2, 1</column>
<column name="ap_enable_reg_pp1_iter1">xor, 0, 0, 2, 2, 1</column>
<column name="xor_ln571_fu_891_p2">xor, 0, 0, 2, 1, 2</column>
<column name="xor_ln581_fu_945_p2">xor, 0, 0, 2, 1, 2</column>
<column name="xor_ln582_fu_909_p2">xor, 0, 0, 2, 1, 2</column>
<column name="xor_ln585_fu_921_p2">xor, 0, 0, 2, 1, 2</column>
<column name="xor_ln949_fu_599_p2">xor, 0, 0, 2, 1, 2</column>
</table>
</item>
<item name = "Multiplexer"><table name="" hasTotal="1">
<keys size="5">Name, LUT, Input Size, Bits, Total Bits</keys>
<column name="ap_NS_fsm">205, 47, 1, 47</column>
<column name="ap_enable_reg_pp0_iter1">9, 2, 1, 2</column>
<column name="ap_enable_reg_pp0_iter2">9, 2, 1, 2</column>
<column name="ap_enable_reg_pp1_iter1">9, 2, 1, 2</column>
<column name="ap_enable_reg_pp1_iter3">9, 2, 1, 2</column>
<column name="data_matrices_TDATA_blk_n">9, 2, 1, 2</column>
<column name="data_matrices_V_data_V_0_data_out">9, 2, 16, 32</column>
<column name="data_matrices_V_data_V_0_state">15, 3, 2, 6</column>
<column name="data_matrices_V_last_0_state">15, 3, 2, 6</column>
<column name="ds_details_in_TDATA_blk_n">9, 2, 1, 2</column>
<column name="ds_details_in_V_data_V_0_data_out">9, 2, 32, 64</column>
<column name="ds_details_in_V_data_V_0_state">15, 3, 2, 6</column>
<column name="ds_details_in_V_last_0_state">15, 3, 2, 6</column>
<column name="norm_w_out_TDATA_blk_n">9, 2, 1, 2</column>
<column name="norm_w_out_V_data_V_1_data_out">9, 2, 32, 64</column>
<column name="norm_w_out_V_data_V_1_state">15, 3, 2, 6</column>
<column name="norm_w_out_V_last_1_state">15, 3, 2, 6</column>
<column name="sv_coeffs_TDATA_blk_n">9, 2, 1, 2</column>
<column name="sv_coeffs_V_data_V_0_data_out">9, 2, 32, 64</column>
<column name="sv_coeffs_V_data_V_0_state">15, 3, 2, 6</column>
<column name="sv_coeffs_V_last_0_state">15, 3, 2, 6</column>
<column name="t_V_1_reg_253">9, 2, 20, 40</column>
<column name="t_V_2_reg_287">9, 2, 9, 18</column>
<column name="t_V_4_reg_264">9, 2, 9, 18</column>
<column name="t_V_reg_242">9, 2, 9, 18</column>
<column name="tmp_V_3_reg_275">9, 2, 32, 64</column>
<column name="w_V_address0">15, 3, 8, 24</column>
<column name="w_V_address1">15, 3, 8, 24</column>
</table>
</item>
<item name = "Register"><table name="" hasTotal="1">
<keys size="5">Name, FF, LUT, Bits, Const Bits</keys>
<column name="and_ln603_reg_1209">1, 0, 1, 0</column>
<column name="ap_CS_fsm">46, 0, 46, 0</column>
<column name="ap_enable_reg_pp0_iter0">1, 0, 1, 0</column>
<column name="ap_enable_reg_pp0_iter1">1, 0, 1, 0</column>
<column name="ap_enable_reg_pp0_iter2">1, 0, 1, 0</column>
<column name="ap_enable_reg_pp1_iter0">1, 0, 1, 0</column>
<column name="ap_enable_reg_pp1_iter1">1, 0, 1, 0</column>
<column name="ap_enable_reg_pp1_iter2">1, 0, 1, 0</column>
<column name="ap_enable_reg_pp1_iter3">1, 0, 1, 0</column>
<column name="data_matrices_V_data_V_0_payload_A">16, 0, 16, 0</column>
<column name="data_matrices_V_data_V_0_payload_B">16, 0, 16, 0</column>
<column name="data_matrices_V_data_V_0_sel_rd">1, 0, 1, 0</column>
<column name="data_matrices_V_data_V_0_sel_wr">1, 0, 1, 0</column>
<column name="data_matrices_V_data_V_0_state">2, 0, 2, 0</column>
<column name="data_matrices_V_last_0_state">2, 0, 2, 0</column>
<column name="ds_details_in_V_data_V_0_payload_A">32, 0, 32, 0</column>
<column name="ds_details_in_V_data_V_0_payload_B">32, 0, 32, 0</column>
<column name="ds_details_in_V_data_V_0_sel_rd">1, 0, 1, 0</column>
<column name="ds_details_in_V_data_V_0_sel_wr">1, 0, 1, 0</column>
<column name="ds_details_in_V_data_V_0_state">2, 0, 2, 0</column>
<column name="ds_details_in_V_last_0_state">2, 0, 2, 0</column>
<column name="icmp_ln887_1_reg_1072">1, 0, 1, 0</column>
<column name="icmp_ln887_1_reg_1072_pp0_iter1_reg">1, 0, 1, 0</column>
<column name="icmp_ln887_reg_1101">1, 0, 1, 0</column>
<column name="icmp_ln935_reg_1164">1, 0, 1, 0</column>
<column name="icmp_ln958_reg_1159">1, 0, 1, 0</column>
<column name="l_reg_1138">32, 0, 32, 0</column>
<column name="m_reg_1169">31, 0, 31, 0</column>
<column name="man_V_2_reg_1194">54, 0, 54, 0</column>
<column name="mul_ln1192_1_reg_1076">47, 0, 47, 0</column>
<column name="mul_ln1192_reg_1115">52, 0, 52, 0</column>
<column name="n1_V_1_reg_1053">20, 0, 20, 0</column>
<column name="no_variables_V_reg_1030">9, 0, 9, 0</column>
<column name="norm_w_out_V_data_V_1_payload_A">32, 0, 32, 0</column>
<column name="norm_w_out_V_data_V_1_payload_B">32, 0, 32, 0</column>
<column name="norm_w_out_V_data_V_1_sel_rd">1, 0, 1, 0</column>
<column name="norm_w_out_V_data_V_1_sel_wr">1, 0, 1, 0</column>
<column name="norm_w_out_V_data_V_1_state">2, 0, 2, 0</column>
<column name="norm_w_out_V_last_1_sel_rd">1, 0, 1, 0</column>
<column name="norm_w_out_V_last_1_state">2, 0, 2, 0</column>
<column name="or_ln603_2_reg_1224">1, 0, 1, 0</column>
<column name="or_ln603_reg_1214">1, 0, 1, 0</column>
<column name="or_ln_reg_1154">1, 0, 32, 31</column>
<column name="p_Result_5_reg_1125">1, 0, 1, 0</column>
<column name="select_ln32_reg_1044">20, 0, 20, 0</column>
<column name="select_ln603_1_reg_1219">32, 0, 32, 0</column>
<column name="select_ln64_reg_1184">64, 0, 64, 0</column>
<column name="select_ln964_reg_1174">1, 0, 8, 7</column>
<column name="sext_ln1192_reg_1058">47, 0, 47, 0</column>
<column name="sh_amt_reg_1199">12, 0, 12, 0</column>
<column name="sub_ln944_reg_1148">32, 0, 32, 0</column>
<column name="sv_coeffs_V_data_V_0_payload_A">32, 0, 32, 0</column>
<column name="sv_coeffs_V_data_V_0_payload_B">32, 0, 32, 0</column>
<column name="sv_coeffs_V_data_V_0_sel_rd">1, 0, 1, 0</column>
<column name="sv_coeffs_V_data_V_0_sel_wr">1, 0, 1, 0</column>
<column name="sv_coeffs_V_data_V_0_state">2, 0, 2, 0</column>
<column name="sv_coeffs_V_last_0_state">2, 0, 2, 0</column>
<column name="t_V_1_reg_253">20, 0, 20, 0</column>
<column name="t_V_2_reg_287">9, 0, 9, 0</column>
<column name="t_V_4_reg_264">9, 0, 9, 0</column>
<column name="t_V_reg_242">9, 0, 9, 0</column>
<column name="tmp_4_reg_1092">1, 0, 1, 0</column>
<column name="tmp_6_reg_1063">1, 0, 1, 0</column>
<column name="tmp_6_reg_1063_pp0_iter1_reg">1, 0, 1, 0</column>
<column name="tmp_V_3_reg_275">32, 0, 32, 0</column>
<column name="tmp_V_4_reg_1130">32, 0, 32, 0</column>
<column name="tmp_data_V_reg_1025">32, 0, 32, 0</column>
<column name="trunc_ln583_reg_1204">32, 0, 32, 0</column>
<column name="trunc_ln6_reg_1087">32, 0, 32, 0</column>
<column name="trunc_ln943_reg_1143">8, 0, 8, 0</column>
<column name="v_assign_reg_1189">64, 0, 64, 0</column>
<column name="w_V_addr_2_reg_1081">8, 0, 8, 0</column>
<column name="w_V_addr_2_reg_1081_pp0_iter1_reg">8, 0, 8, 0</column>
<column name="w_V_load_reg_1110">32, 0, 32, 0</column>
<column name="icmp_ln887_reg_1101">64, 32, 1, 0</column>
<column name="tmp_4_reg_1092">64, 32, 1, 0</column>
</table>
</item>
</section>
</item>
</section>

<section name = "Interface" level="0">
<item name = "Summary"><table name="" hasTotal="0">
<keys size="6">RTL Ports, Dir, Bits, Protocol, Source Object, C Type</keys>
<column name="ap_clk">in, 1, ap_ctrl_none, get_w, return value</column>
<column name="ap_rst_n">in, 1, ap_ctrl_none, get_w, return value</column>
<column name="data_matrices_TDATA">in, 16, axis, data_matrices_V_data_V, pointer</column>
<column name="data_matrices_TVALID">in, 1, axis, data_matrices_V_last, pointer</column>
<column name="data_matrices_TREADY">out, 1, axis, data_matrices_V_last, pointer</column>
<column name="data_matrices_TLAST">in, 1, axis, data_matrices_V_last, pointer</column>
<column name="sv_coeffs_TDATA">in, 32, axis, sv_coeffs_V_data_V, pointer</column>
<column name="sv_coeffs_TVALID">in, 1, axis, sv_coeffs_V_last, pointer</column>
<column name="sv_coeffs_TREADY">out, 1, axis, sv_coeffs_V_last, pointer</column>
<column name="sv_coeffs_TLAST">in, 1, axis, sv_coeffs_V_last, pointer</column>
<column name="ds_details_in_TDATA">in, 32, axis, ds_details_in_V_data_V, pointer</column>
<column name="ds_details_in_TVALID">in, 1, axis, ds_details_in_V_last, pointer</column>
<column name="ds_details_in_TREADY">out, 1, axis, ds_details_in_V_last, pointer</column>
<column name="ds_details_in_TLAST">in, 1, axis, ds_details_in_V_last, pointer</column>
<column name="norm_w_out_TDATA">out, 32, axis, norm_w_out_V_data_V, pointer</column>
<column name="norm_w_out_TREADY">in, 1, axis, norm_w_out_V_data_V, pointer</column>
<column name="norm_w_out_TVALID">out, 1, axis, norm_w_out_V_last, pointer</column>
<column name="norm_w_out_TLAST">out, 1, axis, norm_w_out_V_last, pointer</column>
</table>
</item>
</section>
</profile>
