<?xml version="1.0" encoding="utf-8"?>
<xd:acceleratorMap xmlns:xd="http://www.xilinx.com/xidane" xd:functionName="SMO_top" xd:componentRef="SMO_top" xd:initiationInterval="x" xd:clockPeriod="10.000" xd:sequential="true" xd:hostMachine="64" xd:reset="control">
  <xd:arg xd:name="dot_product_matrix_outer.data" xd:originalName="dot_product_matrix_outer" xd:direction="in" xd:interfaceRef="dot_product_matrix_outer" xd:busTypeRef="axis" xd:dataWidth="32"/>
  <xd:arg xd:name="dot_product_matrix_outer.last" xd:originalName="dot_product_matrix_outer" xd:direction="in" xd:interfaceRef="dot_product_matrix_outer" xd:busTypeRef="axis" xd:dataWidth="1"/>
  <xd:arg xd:name="dot_product_matrices_inner.data" xd:originalName="dot_product_matrices_inner" xd:direction="in" xd:interfaceRef="dot_product_matrices_inner" xd:busTypeRef="axis" xd:dataWidth="32"/>
  <xd:arg xd:name="dot_product_matrices_inner.last" xd:originalName="dot_product_matrices_inner" xd:direction="in" xd:interfaceRef="dot_product_matrices_inner" xd:busTypeRef="axis" xd:dataWidth="1"/>
  <xd:arg xd:name="training_labels_in.data" xd:originalName="training_labels_in" xd:direction="in" xd:interfaceRef="training_labels_in" xd:busTypeRef="axis" xd:dataWidth="8"/>
  <xd:arg xd:name="training_labels_in.last" xd:originalName="training_labels_in" xd:direction="in" xd:interfaceRef="training_labels_in" xd:busTypeRef="axis" xd:dataWidth="1"/>
  <xd:arg xd:name="training_matrix_outer.data" xd:originalName="training_matrix_outer" xd:direction="in" xd:interfaceRef="training_matrix_outer" xd:busTypeRef="axis" xd:dataWidth="16"/>
  <xd:arg xd:name="training_matrix_outer.last" xd:originalName="training_matrix_outer" xd:direction="in" xd:interfaceRef="training_matrix_outer" xd:busTypeRef="axis" xd:dataWidth="1"/>
  <xd:arg xd:name="training_matrices_inner.data" xd:originalName="training_matrices_inner" xd:direction="in" xd:interfaceRef="training_matrices_inner" xd:busTypeRef="axis" xd:dataWidth="16"/>
  <xd:arg xd:name="training_matrices_inner.last" xd:originalName="training_matrices_inner" xd:direction="in" xd:interfaceRef="training_matrices_inner" xd:busTypeRef="axis" xd:dataWidth="1"/>
  <xd:arg xd:name="input_details.data" xd:originalName="input_details" xd:direction="in" xd:interfaceRef="input_details" xd:busTypeRef="axis" xd:dataWidth="32"/>
  <xd:arg xd:name="input_details.last" xd:originalName="input_details" xd:direction="in" xd:interfaceRef="input_details" xd:busTypeRef="axis" xd:dataWidth="1"/>
  <xd:arg xd:name="alpha_out.data" xd:originalName="alpha_out" xd:direction="out" xd:interfaceRef="alpha_out" xd:busTypeRef="axis" xd:dataWidth="32"/>
  <xd:arg xd:name="alpha_out.last" xd:originalName="alpha_out" xd:direction="out" xd:interfaceRef="alpha_out" xd:busTypeRef="axis" xd:dataWidth="1"/>
  <xd:arg xd:name="kkt_violations.data" xd:originalName="kkt_violations" xd:direction="out" xd:interfaceRef="kkt_violations" xd:busTypeRef="axis" xd:dataWidth="8"/>
  <xd:arg xd:name="kkt_violations.last" xd:originalName="kkt_violations" xd:direction="out" xd:interfaceRef="kkt_violations" xd:busTypeRef="axis" xd:dataWidth="1"/>
  <xd:arg xd:name="output_details.data" xd:originalName="output_details" xd:direction="out" xd:interfaceRef="output_details" xd:busTypeRef="axis" xd:dataWidth="32"/>
  <xd:arg xd:name="output_details.last" xd:originalName="output_details" xd:direction="out" xd:interfaceRef="output_details" xd:busTypeRef="axis" xd:dataWidth="1"/>
  <xd:latencyEstimates xd:best-case="undef" xd:worst-case="undef" xd:average-case="undef"/>
  <xd:resourceEstimates xd:LUT="8738" xd:FF="3554" xd:BRAM="44" xd:DSP="20"/>
</xd:acceleratorMap>
