{
  "Top": "SMO_top",
  "RtlTop": "SMO_top",
  "RtlPrefix": "",
  "SourceLanguage": "cpp",
  "ResetStyle": "control",
  "GenerateBdFiles": "1",
  "HostMachineBits": "64",
  "Target": {
    "Family": "zynquplus",
    "Device": "xczu7ev",
    "Package": "-ffvc1156",
    "Speed": "-2-e"
  },
  "HlsSolution": {
    
  },
  "Args": {
    "dot_product_matrix_outer": {
      "index": "0",
      "type": {
        "kinds": ["struct"],
        "dataType": "dot_product_matrix_AXIS",
        "structImpl": "flat-field",
        "dataPack": true,
        "fields": {
          "data": {
            "order": "0",
            "dataType": "ap_fixed"
          },
          "last": {
            "order": "1",
            "dataType": "bool"
          }
        }
      }
    },
    "dot_product_matrices_inner": {
      "index": "1",
      "type": {
        "kinds": ["struct"],
        "dataType": "dot_product_matrix_AXIS",
        "structImpl": "flat-field",
        "dataPack": true,
        "fields": {
          "data": {
            "order": "0",
            "dataType": "ap_fixed"
          },
          "last": {
            "order": "1",
            "dataType": "bool"
          }
        }
      }
    },
    "training_labels_in": {
      "index": "2",
      "type": {
        "kinds": ["struct"],
        "dataType": "training_labels_AXIS",
        "structImpl": "flat-field",
        "dataPack": true,
        "fields": {
          "data": {
            "order": "0",
            "dataType": "ap_int"
          },
          "last": {
            "order": "1",
            "dataType": "bool"
          }
        }
      }
    },
    "training_matrix_outer": {
      "index": "3",
      "type": {
        "kinds": ["struct"],
        "dataType": "training_matrix_AXIS",
        "structImpl": "flat-field",
        "dataPack": true,
        "fields": {
          "data": {
            "order": "0",
            "dataType": "ap_fixed"
          },
          "last": {
            "order": "1",
            "dataType": "bool"
          }
        }
      }
    },
    "training_matrices_inner": {
      "index": "4",
      "type": {
        "kinds": ["struct"],
        "dataType": "training_matrix_AXIS",
        "structImpl": "flat-field",
        "dataPack": true,
        "fields": {
          "data": {
            "order": "0",
            "dataType": "ap_fixed"
          },
          "last": {
            "order": "1",
            "dataType": "bool"
          }
        }
      }
    },
    "input_details": {
      "index": "5",
      "type": {
        "kinds": ["struct"],
        "dataType": "input_details_AXIS",
        "structImpl": "flat-field",
        "dataPack": true,
        "fields": {
          "data": {
            "order": "0",
            "dataType": "float"
          },
          "last": {
            "order": "1",
            "dataType": "bool"
          }
        }
      }
    },
    "alpha_out": {
      "index": "6",
      "type": {
        "kinds": ["struct"],
        "dataType": "alphas_AXIS",
        "structImpl": "flat-field",
        "dataPack": true,
        "fields": {
          "data": {
            "order": "0",
            "dataType": "ap_fixed"
          },
          "last": {
            "order": "1",
            "dataType": "bool"
          }
        }
      }
    },
    "kkt_violations": {
      "index": "7",
      "type": {
        "kinds": ["struct"],
        "dataType": "indicators_AXIS",
        "structImpl": "flat-field",
        "dataPack": true,
        "fields": {
          "data": {
            "order": "0",
            "dataType": "ap_uint"
          },
          "last": {
            "order": "1",
            "dataType": "bool"
          }
        }
      }
    },
    "output_details": {
      "index": "8",
      "type": {
        "kinds": ["struct"],
        "dataType": "scalars_AXIS",
        "structImpl": "flat-field",
        "dataPack": true,
        "fields": {
          "data": {
            "order": "0",
            "dataType": "ap_fixed"
          },
          "last": {
            "order": "1",
            "dataType": "bool"
          }
        }
      }
    }
  },
  "Return": {
    
  },
  "ClockInfo": {
    "ClockName": "ap_clk",
    "ClockPeriod": "10",
    "IsCombLogic": "0",
    "II": "x",
    "Latency": "undef",
    "Uncertainty": "1.25"
  },
  "Xdc": {"OocClocks": ["create_clock -name ap_clk -period 10.000 [get_ports ap_clk]"]},
  "Ipx": {
    "Vendor": "xilinx.com",
    "Library": "hls",
    "Name": "SMO_top",
    "Version": "1.0",
    "DisplayName": "Smo_top",
    "Revision": "",
    "Description": "An IP generated by Vivado HLS",
    "Taxonomy": "\/VIVADO_HLS_IP",
    "AutoFamilySupport": ""
  },
  "Files": {
    "CSource": ["..\/..\/SMO.cpp"],
    "Vhdl": [
      "impl\/vhdl\/dot_product.vhd",
      "impl\/vhdl\/dot_product_1.vhd",
      "impl\/vhdl\/get_training_vector.vhd",
      "impl\/vhdl\/get_u_k.vhd",
      "impl\/vhdl\/SMO_outer.vhd",
      "impl\/vhdl\/SMO_outer_x_p_V.vhd",
      "impl\/vhdl\/SMO_p_loop_linear.vhd",
      "impl\/vhdl\/SMO_p_loop_linearcud.vhd",
      "impl\/vhdl\/SMO_top_alpha_dateOg.vhd",
      "impl\/vhdl\/SMO_top_alpha_last.vhd",
      "impl\/vhdl\/SMO_top_fpext_32nfYi.vhd",
      "impl\/vhdl\/SMO_top_mac_muladbkb.vhd",
      "impl\/vhdl\/SMO_top_sdiv_55nsdEe.vhd",
      "impl\/vhdl\/SMO_top_y_V.vhd",
      "impl\/vhdl\/SMO_top.vhd"
    ],
    "Verilog": [
      "impl\/verilog\/dot_product.v",
      "impl\/verilog\/dot_product_1.v",
      "impl\/verilog\/get_training_vector.v",
      "impl\/verilog\/get_u_k.v",
      "impl\/verilog\/SMO_outer.v",
      "impl\/verilog\/SMO_outer_x_p_V.v",
      "impl\/verilog\/SMO_p_loop_linear.v",
      "impl\/verilog\/SMO_p_loop_linearcud.v",
      "impl\/verilog\/SMO_top_alpha_dateOg.v",
      "impl\/verilog\/SMO_top_alpha_last.v",
      "impl\/verilog\/SMO_top_fpext_32nfYi.v",
      "impl\/verilog\/SMO_top_mac_muladbkb.v",
      "impl\/verilog\/SMO_top_sdiv_55nsdEe.v",
      "impl\/verilog\/SMO_top_y_V.v",
      "impl\/verilog\/SMO_top.v"
    ],
    "Misc": ["impl\/misc\/logo.png"],
    "Subcore": ["impl\/misc\/SMO_top_ap_fpext_0_no_dsp_32_ip.tcl"],
    "DesignXml": "C:\/Users\/Ryan\/Documents\/University\/Project\/HLS\/SMO_FULL_ZCU104\/SMO_FULL_ZCU104\/solution1\/.autopilot\/db\/SMO_top.design.xml",
    "DebugDir": "C:\/Users\/Ryan\/Documents\/University\/Project\/HLS\/SMO_FULL_ZCU104\/SMO_FULL_ZCU104\/solution1\/.debug",
    "ProtoInst": ["C:\/Users\/Ryan\/Documents\/University\/Project\/HLS\/SMO_FULL_ZCU104\/SMO_FULL_ZCU104\/solution1\/.debug\/SMO_top.protoinst"]
  },
  "SubcoreInfo": {
    "HasXpmMemory": false,
    "HasClockedDsp": false,
    "IP": [{
        "name": "SMO_top_ap_fpext_0_no_dsp_32",
        "vlnv": "xilinx.com:ip:floating_point:7.1",
        "params": "CONFIG.a_precision_type Single CONFIG.a_tuser_width 1 CONFIG.add_sub_value Both CONFIG.b_tuser_width 1 CONFIG.c_a_exponent_width 8 CONFIG.c_a_fraction_width 24 CONFIG.c_compare_operation Programmable CONFIG.c_has_divide_by_zero false CONFIG.c_has_invalid_op false CONFIG.c_has_overflow false CONFIG.c_has_underflow false CONFIG.c_latency 0 CONFIG.c_mult_usage No_Usage CONFIG.c_optimization Speed_Optimized CONFIG.c_rate 1 CONFIG.c_result_exponent_width 11 CONFIG.c_result_fraction_width 53 CONFIG.component_name SMO_top_ap_fpext_0_no_dsp_32 CONFIG.flow_control NonBlocking CONFIG.has_a_tlast false CONFIG.has_a_tuser false CONFIG.has_aclken false CONFIG.has_aresetn false CONFIG.has_b_tlast false CONFIG.has_b_tuser false CONFIG.has_operation_tlast false CONFIG.has_operation_tuser false CONFIG.has_result_tready false CONFIG.maximum_latency false CONFIG.operation_tuser_width 1 CONFIG.operation_type Float_to_Float CONFIG.result_precision_type Double CONFIG.result_tlast_behv Null"
      }]
  },
  "Interfaces": {
    "alpha_out": {
      "type": "axi4stream",
      "mode": "master",
      "port_prefix": "alpha_out",
      "has_tready": "1",
      "ctype": {
        "TDATA": {
          "Type": "real fixed signed 20",
          "Width": "32"
        },
        "TREADY": {"Type": "bool"},
        "TVALID": {"Type": "bool"},
        "TLAST": {
          "Type": "null",
          "Width": "1"
        }
      },
      "port_width": {
        "TDATA": "32",
        "TLAST": "1"
      }
    },
    "ap_clk": {
      "type": "clock",
      "ctype": {"CLK": {"Type": "bool"}},
      "bundle_name": "ap_clk",
      "bundle_role": "default",
      "buses": "dot_product_matrix_outer dot_product_matrices_inner training_labels_in training_matrix_outer training_matrices_inner input_details alpha_out kkt_violations output_details",
      "reset": "ap_rst_n"
    },
    "ap_rst_n": {
      "type": "reset",
      "polarity": "ACTIVE_LOW",
      "ctype": {"RST": {"Type": "bool"}},
      "bundle_name": "ap_rst_n",
      "bundle_role": "default"
    },
    "dot_product_matrices_inner": {
      "type": "axi4stream",
      "mode": "slave",
      "port_prefix": "dot_product_matrices_inner",
      "has_tready": "1",
      "ctype": {
        "TDATA": {
          "Type": "real fixed signed 20",
          "Width": "32"
        },
        "TVALID": {"Type": "bool"},
        "TREADY": {"Type": "bool"},
        "TLAST": {
          "Type": "null",
          "Width": "1"
        }
      },
      "port_width": {
        "TDATA": "32",
        "TLAST": "1"
      }
    },
    "dot_product_matrix_outer": {
      "type": "axi4stream",
      "mode": "slave",
      "port_prefix": "dot_product_matrix_outer",
      "has_tready": "1",
      "ctype": {
        "TDATA": {
          "Type": "real fixed signed 20",
          "Width": "32"
        },
        "TVALID": {"Type": "bool"},
        "TREADY": {"Type": "bool"},
        "TLAST": {
          "Type": "null",
          "Width": "1"
        }
      },
      "port_width": {
        "TDATA": "32",
        "TLAST": "1"
      }
    },
    "input_details": {
      "type": "axi4stream",
      "mode": "slave",
      "port_prefix": "input_details",
      "has_tready": "1",
      "ctype": {
        "TDATA": {
          "Type": "real float",
          "Width": "32"
        },
        "TVALID": {"Type": "bool"},
        "TREADY": {"Type": "bool"},
        "TLAST": {
          "Type": "null",
          "Width": "1"
        }
      },
      "port_width": {
        "TDATA": "32",
        "TLAST": "1"
      }
    },
    "kkt_violations": {
      "type": "axi4stream",
      "mode": "master",
      "port_prefix": "kkt_violations",
      "has_tready": "1",
      "ctype": {
        "TDATA": {
          "Type": "integer unsigned",
          "Width": "8"
        },
        "TVALID": {"Type": "bool"},
        "TREADY": {"Type": "bool"},
        "TLAST": {
          "Type": "null",
          "Width": "1"
        }
      },
      "port_width": {
        "TDATA": "8",
        "TLAST": "1"
      }
    },
    "output_details": {
      "type": "axi4stream",
      "mode": "master",
      "port_prefix": "output_details",
      "has_tready": "1",
      "ctype": {
        "TDATA": {
          "Type": "real fixed signed 20",
          "Width": "32"
        },
        "TVALID": {"Type": "bool"},
        "TREADY": {"Type": "bool"},
        "TLAST": {
          "Type": "null",
          "Width": "1"
        }
      },
      "port_width": {
        "TDATA": "32",
        "TLAST": "1"
      }
    },
    "training_labels_in": {
      "type": "axi4stream",
      "mode": "slave",
      "port_prefix": "training_labels_in",
      "has_tready": "1",
      "ctype": {
        "TDATA": {
          "Type": "integer signed",
          "Width": "8"
        },
        "TVALID": {"Type": "bool"},
        "TREADY": {"Type": "bool"},
        "TLAST": {
          "Type": "null",
          "Width": "1"
        }
      },
      "port_width": {
        "TDATA": "8",
        "TLAST": "1"
      }
    },
    "training_matrices_inner": {
      "type": "axi4stream",
      "mode": "slave",
      "port_prefix": "training_matrices_inner",
      "has_tready": "1",
      "ctype": {
        "TDATA": {
          "Type": "real fixed signed 15",
          "Width": "16"
        },
        "TVALID": {"Type": "bool"},
        "TREADY": {"Type": "bool"},
        "TLAST": {
          "Type": "null",
          "Width": "1"
        }
      },
      "port_width": {
        "TDATA": "16",
        "TLAST": "1"
      }
    },
    "training_matrix_outer": {
      "type": "axi4stream",
      "mode": "slave",
      "port_prefix": "training_matrix_outer",
      "has_tready": "1",
      "ctype": {
        "TDATA": {
          "Type": "real fixed signed 15",
          "Width": "16"
        },
        "TVALID": {"Type": "bool"},
        "TREADY": {"Type": "bool"},
        "TLAST": {
          "Type": "null",
          "Width": "1"
        }
      },
      "port_width": {
        "TDATA": "16",
        "TLAST": "1"
      }
    }
  },
  "RtlPorts": {
    "ap_clk": {
      "dir": "in",
      "width": "1"
    },
    "ap_rst_n": {
      "dir": "in",
      "width": "1"
    },
    "dot_product_matrix_outer_TDATA": {
      "dir": "in",
      "width": "32"
    },
    "dot_product_matrix_outer_TVALID": {
      "dir": "in",
      "width": "1"
    },
    "dot_product_matrix_outer_TREADY": {
      "dir": "out",
      "width": "1"
    },
    "dot_product_matrix_outer_TLAST": {
      "dir": "in",
      "width": "1"
    },
    "dot_product_matrices_inner_TDATA": {
      "dir": "in",
      "width": "32"
    },
    "dot_product_matrices_inner_TVALID": {
      "dir": "in",
      "width": "1"
    },
    "dot_product_matrices_inner_TREADY": {
      "dir": "out",
      "width": "1"
    },
    "dot_product_matrices_inner_TLAST": {
      "dir": "in",
      "width": "1"
    },
    "training_labels_in_TDATA": {
      "dir": "in",
      "width": "8"
    },
    "training_labels_in_TVALID": {
      "dir": "in",
      "width": "1"
    },
    "training_labels_in_TREADY": {
      "dir": "out",
      "width": "1"
    },
    "training_labels_in_TLAST": {
      "dir": "in",
      "width": "1"
    },
    "training_matrix_outer_TDATA": {
      "dir": "in",
      "width": "16"
    },
    "training_matrix_outer_TVALID": {
      "dir": "in",
      "width": "1"
    },
    "training_matrix_outer_TREADY": {
      "dir": "out",
      "width": "1"
    },
    "training_matrix_outer_TLAST": {
      "dir": "in",
      "width": "1"
    },
    "training_matrices_inner_TDATA": {
      "dir": "in",
      "width": "16"
    },
    "training_matrices_inner_TVALID": {
      "dir": "in",
      "width": "1"
    },
    "training_matrices_inner_TREADY": {
      "dir": "out",
      "width": "1"
    },
    "training_matrices_inner_TLAST": {
      "dir": "in",
      "width": "1"
    },
    "input_details_TDATA": {
      "dir": "in",
      "width": "32"
    },
    "input_details_TVALID": {
      "dir": "in",
      "width": "1"
    },
    "input_details_TREADY": {
      "dir": "out",
      "width": "1"
    },
    "input_details_TLAST": {
      "dir": "in",
      "width": "1"
    },
    "alpha_out_TDATA": {
      "dir": "out",
      "width": "32"
    },
    "alpha_out_TREADY": {
      "dir": "in",
      "width": "1"
    },
    "alpha_out_TVALID": {
      "dir": "out",
      "width": "1"
    },
    "alpha_out_TLAST": {
      "dir": "out",
      "width": "1"
    },
    "kkt_violations_TDATA": {
      "dir": "out",
      "width": "8"
    },
    "kkt_violations_TVALID": {
      "dir": "out",
      "width": "1"
    },
    "kkt_violations_TREADY": {
      "dir": "in",
      "width": "1"
    },
    "kkt_violations_TLAST": {
      "dir": "out",
      "width": "1"
    },
    "output_details_TDATA": {
      "dir": "out",
      "width": "32"
    },
    "output_details_TVALID": {
      "dir": "out",
      "width": "1"
    },
    "output_details_TREADY": {
      "dir": "in",
      "width": "1"
    },
    "output_details_TLAST": {
      "dir": "out",
      "width": "1"
    }
  },
  "ModuleInfo": {
    "Hierarchy": {
      "ModuleName": "SMO_top",
      "Instances": [{
          "ModuleName": "SMO_outer",
          "InstanceName": "grp_SMO_outer_fu_301",
          "Instances": [
            {
              "ModuleName": "SMO_p_loop_linear",
              "InstanceName": "grp_SMO_p_loop_linear_fu_280",
              "Instances": [
                {
                  "ModuleName": "get_u_k",
                  "InstanceName": "grp_get_u_k_fu_313"
                },
                {
                  "ModuleName": "dot_product",
                  "InstanceName": "grp_dot_product_fu_327"
                },
                {
                  "ModuleName": "dot_product_1",
                  "InstanceName": "grp_dot_product_1_fu_336"
                },
                {
                  "ModuleName": "get_training_vector",
                  "InstanceName": "grp_get_training_vector_fu_344"
                }
              ]
            },
            {
              "ModuleName": "get_u_k",
              "InstanceName": "grp_get_u_k_fu_306"
            },
            {
              "ModuleName": "get_training_vector",
              "InstanceName": "grp_get_training_vector_fu_320"
            }
          ]
        }]
    },
    "Info": {
      "get_u_k": {
        "FunctionProtocol": "ap_ctrl_hs",
        "isTaskLevelControl": "1",
        "isPipelined": "0",
        "isCombinational": "0",
        "isOneStateSeq": "0"
      },
      "get_training_vector": {
        "FunctionProtocol": "ap_ctrl_hs",
        "isTaskLevelControl": "1",
        "isPipelined": "0",
        "isCombinational": "0",
        "isOneStateSeq": "0"
      },
      "dot_product_1": {
        "FunctionProtocol": "ap_ctrl_hs",
        "isTaskLevelControl": "1",
        "isPipelined": "0",
        "isCombinational": "0",
        "isOneStateSeq": "0"
      },
      "dot_product": {
        "FunctionProtocol": "ap_ctrl_hs",
        "isTaskLevelControl": "1",
        "isPipelined": "0",
        "isCombinational": "0",
        "isOneStateSeq": "0"
      },
      "SMO_p_loop_linear": {
        "FunctionProtocol": "ap_ctrl_hs",
        "isTaskLevelControl": "1",
        "isPipelined": "0",
        "isCombinational": "0",
        "isOneStateSeq": "0"
      },
      "SMO_outer": {
        "FunctionProtocol": "ap_ctrl_hs",
        "isTaskLevelControl": "1",
        "isPipelined": "0",
        "isCombinational": "0",
        "isOneStateSeq": "0"
      },
      "SMO_top": {
        "FunctionProtocol": "ap_ctrl_none",
        "isTaskLevelControl": "1",
        "isPipelined": "0",
        "isCombinational": "0",
        "isOneStateSeq": "0"
      }
    },
    "Metrics": {
      "get_u_k": {
        "Latency": {
          "LatencyBest": "4",
          "LatencyAvg": "10003",
          "LatencyWorst": "20003",
          "PipelineIIMin": "4",
          "PipelineIIMax": "20003",
          "PipelineII": "4 ~ 20003",
          "PipelineDepth": "",
          "PipelineType": "none"
        },
        "Timing": {
          "Target": "10.00",
          "Uncertainty": "1.25",
          "Estimate": "8.067"
        },
        "Loops": [{
            "Name": "u_k_accum",
            "TripCount": "",
            "LatencyMin": "2",
            "LatencyMax": "20001",
            "Latency": "2 ~ 20001",
            "PipelineII": "1",
            "PipelineDepth": "3"
          }],
        "Area": {
          "DSP48E": "3",
          "FF": "141",
          "LUT": "266",
          "BRAM_18K": "0",
          "URAM": "0"
        }
      },
      "get_training_vector": {
        "Latency": {
          "LatencyBest": "2",
          "LatencyAvg": "129",
          "LatencyWorst": "257",
          "PipelineIIMin": "2",
          "PipelineIIMax": "257",
          "PipelineII": "2 ~ 257",
          "PipelineDepth": "",
          "PipelineType": "none"
        },
        "Timing": {
          "Target": "10.00",
          "Uncertainty": "1.25",
          "Estimate": "1.237"
        },
        "Loops": [{
            "Name": "get_training_vector_loop",
            "TripCount": "",
            "LatencyMin": "1",
            "LatencyMax": "256",
            "Latency": "1 ~ 256",
            "PipelineII": "",
            "PipelineDepth": "1"
          }],
        "Area": {
          "FF": "11",
          "LUT": "66",
          "BRAM_18K": "0",
          "DSP48E": "0",
          "URAM": "0"
        }
      },
      "dot_product_1": {
        "Latency": {
          "LatencyBest": "3",
          "LatencyAvg": "130",
          "LatencyWorst": "258",
          "PipelineIIMin": "3",
          "PipelineIIMax": "258",
          "PipelineII": "3 ~ 258",
          "PipelineDepth": "",
          "PipelineType": "none"
        },
        "Timing": {
          "Target": "10.00",
          "Uncertainty": "1.25",
          "Estimate": "3.770"
        },
        "Loops": [{
            "Name": "dot_product_accum",
            "TripCount": "",
            "LatencyMin": "1",
            "LatencyMax": "256",
            "Latency": "1 ~ 256",
            "PipelineII": "1",
            "PipelineDepth": "2"
          }],
        "Area": {
          "DSP48E": "1",
          "FF": "48",
          "LUT": "89",
          "BRAM_18K": "0",
          "URAM": "0"
        }
      },
      "dot_product": {
        "Latency": {
          "LatencyBest": "3",
          "LatencyAvg": "130",
          "LatencyWorst": "258",
          "PipelineIIMin": "3",
          "PipelineIIMax": "258",
          "PipelineII": "3 ~ 258",
          "PipelineDepth": "",
          "PipelineType": "none"
        },
        "Timing": {
          "Target": "10.00",
          "Uncertainty": "1.25",
          "Estimate": "3.770"
        },
        "Loops": [{
            "Name": "dot_product_accum",
            "TripCount": "",
            "LatencyMin": "1",
            "LatencyMax": "256",
            "Latency": "1 ~ 256",
            "PipelineII": "1",
            "PipelineDepth": "2"
          }],
        "Area": {
          "DSP48E": "1",
          "FF": "48",
          "LUT": "89",
          "BRAM_18K": "0",
          "URAM": "0"
        }
      },
      "SMO_p_loop_linear": {
        "Latency": {
          "LatencyBest": "",
          "LatencyAvg": "",
          "LatencyWorst": "",
          "PipelineII": "",
          "PipelineDepth": "",
          "PipelineType": "none"
        },
        "Timing": {
          "Target": "10.00",
          "Uncertainty": "1.25",
          "Estimate": "8.426"
        },
        "Loops": [{
            "Name": "SMO_q_loop",
            "TripCount": "",
            "Latency": "",
            "PipelineII": "",
            "PipelineDepth": "",
            "Loops": [
              {
                "Name": "SMO_q_loop.1",
                "TripCount": "",
                "LatencyMin": "0",
                "LatencyMax": "20000",
                "Latency": "0 ~ 20000",
                "PipelineII": "",
                "PipelineDepth": "1"
              },
              {
                "Name": "SMO_q_loop.2",
                "TripCount": "",
                "Latency": "",
                "PipelineII": "",
                "PipelineDepth": "1"
              },
              {
                "Name": "SMO_q_loop.3",
                "TripCount": "256",
                "Latency": "256",
                "PipelineII": "",
                "PipelineDepth": "1"
              }
            ]
          }],
        "Area": {
          "BRAM_18K": "1",
          "DSP48E": "17",
          "FF": "2107",
          "LUT": "4010",
          "URAM": "0"
        }
      },
      "SMO_outer": {
        "Latency": {
          "LatencyBest": "",
          "LatencyAvg": "",
          "LatencyWorst": "",
          "PipelineII": "",
          "PipelineDepth": "",
          "PipelineType": "none"
        },
        "Timing": {
          "Target": "10.00",
          "Uncertainty": "1.25",
          "Estimate": "8.426"
        },
        "Loops": [{
            "Name": "max_itr_loop",
            "TripCount": "",
            "Latency": "",
            "PipelineII": "",
            "PipelineDepth": "",
            "Loops": [{
                "Name": "smo_p_loop",
                "TripCount": "",
                "Latency": "",
                "PipelineII": "",
                "PipelineDepth": ""
              }]
          }],
        "Area": {
          "BRAM_18K": "2",
          "DSP48E": "20",
          "FF": "2590",
          "LUT": "5095",
          "URAM": "0"
        }
      },
      "SMO_top": {
        "Latency": {
          "LatencyBest": "",
          "LatencyAvg": "",
          "LatencyWorst": "",
          "PipelineII": "",
          "PipelineDepth": "",
          "PipelineType": "none"
        },
        "Timing": {
          "Target": "10.00",
          "Uncertainty": "1.25",
          "Estimate": "8.426"
        },
        "Loops": [
          {
            "Name": "Loop 1",
            "TripCount": "",
            "LatencyMin": "0",
            "LatencyMax": "20000",
            "Latency": "0 ~ 20000",
            "PipelineII": "",
            "PipelineDepth": "1"
          },
          {
            "Name": "Loop 2",
            "TripCount": "",
            "LatencyMin": "0",
            "LatencyMax": "20000",
            "Latency": "0 ~ 20000",
            "PipelineII": "",
            "PipelineDepth": "1"
          },
          {
            "Name": "Loop 3",
            "TripCount": "",
            "LatencyMin": "0",
            "LatencyMax": "60000",
            "Latency": "0 ~ 60000",
            "PipelineII": "",
            "PipelineDepth": "3"
          }
        ],
        "Area": {
          "BRAM_18K": "44",
          "DSP48E": "20",
          "FF": "3554",
          "LUT": "8738",
          "URAM": "0"
        }
      }
    }
  },
  "Sdx": {
    "Target": "none",
    "ProfileOption": "0",
    "ProfileType": "none",
    "XO": "",
    "KernelName": "SMO_top",
    "EnableXoSwEmu": "1"
  },
  "GenData": {
    "DataVersion": "0.2",
    "Time": "2020-03-09 21:31:15 +0000",
    "ToolName": "vivado_hls",
    "ToolVersion": "2019.1"
  }
}
