<profile>

<section name = "Vivado HLS Report for 'geometric_values_top'" level="0">
<item name = "Date">Sat Feb  1 20:11:05 2020
</item>
<item name = "Version">2019.1 (Build 2552052 on Fri May 24 15:28:33 MDT 2019)</item>
<item name = "Project">geometric_values_ZCU104_1</item>
<item name = "Solution">solution1</item>
<item name = "Product family">zynquplus</item>
<item name = "Target device">xczu7ev-ffvc1156-2-e</item>
</section>

<section name = "Performance Estimates" level="0">
<item name = "Timing (ns)">
<section name = "" level="1">
<item name = "Summary"><table name="" hasTotal="0">
<keys size="4">Clock, Target, Estimated, Uncertainty</keys>
<column name="ap_clk">10.00, 8.743, 1.25</column>
</table>
</item>
</section>
</item>
<item name = "Latency (clock cycles)">
<section name = "" level="1">
<item name = "Summary"><table name="" hasTotal="0">
<keys size="6">, min, max, min, max, Type</keys>
<column name="">?, ?, ?, ?, none</column>
</table>
</item>
<item name = "Detail">
<section name = "" level="1">
<item name = "Instance"><table name="" hasTotal="0">
<keys size="7">Instance, Module, min, max, min, max, Type</keys>
<column name="grp_get_geometric_values_fu_48">get_geometric_values, ?, ?, ?, ?, none</column>
</table>
</item>
<item name = "Loop"><table name="" hasTotal="0">
<keys size="8">Loop Name, min, max, Latency, achieved, target, Count, Pipelined</keys>
</table>
</item>
</section>
</item>
</section>
</item>
</section>
</profile>
