<profile>

<section name = "Vivado HLS Report for 'geometric_values_top'" level="0">
<item name = "Date">Sat Feb  1 20:11:08 2020
</item>
<item name = "Version">2019.1 (Build 2552052 on Fri May 24 15:28:33 MDT 2019)</item>
<item name = "Project">geometric_values_ZCU104_1</item>
<item name = "Solution">solution1</item>
<item name = "Product family">zynquplus</item>
<item name = "Target device">xczu7ev-ffvc1156-2-e</item>
</section>

<section name = "Performance Estimates" level="0">
<item name = "Timing (ns)">
<section name = "" level="1">
<item name = "Summary"><table name="" hasTotal="0">
<keys size="4">Clock, Target, Estimated, Uncertainty</keys>
<column name="ap_clk">10.00, 8.743, 1.25</column>
</table>
</item>
</section>
</item>
<item name = "Latency (clock cycles)">
<section name = "" level="1">
<item name = "Summary"><table name="" hasTotal="0">
<keys size="6">, min, max, min, max, Type</keys>
<column name="">?, ?, ?, ?, none</column>
</table>
</item>
<item name = "Detail">
<section name = "" level="1">
<item name = "Instance"><table name="" hasTotal="0">
<keys size="7">Instance, Module, min, max, min, max, Type</keys>
<column name="grp_get_geometric_values_fu_48">get_geometric_values, ?, ?, ?, ?, none</column>
</table>
</item>
<item name = "Loop"><table name="" hasTotal="0">
<keys size="8">Loop Name, min, max, Latency, achieved, target, Count, Pipelined</keys>
</table>
</item>
</section>
</item>
</section>
</item>
</section>

<section name = "Utilization Estimates" level="0">
<item name = "Summary"><table name="" hasTotal="1">
<keys size="6">Name, BRAM_18K, DSP48E, FF, LUT, URAM</keys>
<column name="DSP">-, -, -, -, -</column>
<column name="Expression">-, -, 0, 88, -</column>
<column name="FIFO">-, -, -, -, -</column>
<column name="Instance">2, 12, 1607, 3869, 0</column>
<column name="Memory">-, -, -, -, -</column>
<column name="Multiplexer">-, -, -, 261, -</column>
<column name="Register">-, -, 315, -, -</column>
<specialColumn name="Available">624, 1728, 460800, 230400, 96</specialColumn>
<specialColumn name="Utilization (%)">~0, ~0, ~0, 1, 0</specialColumn>
</table>
</item>
<item name = "Detail">
<section name = "" level="1">
<item name = "Instance"><table name="" hasTotal="1">
<keys size="7">Instance, Module, BRAM_18K, DSP48E, FF, LUT, URAM</keys>
<column name="grp_get_geometric_values_fu_48">get_geometric_values, 2, 12, 1607, 3869, 0</column>
</table>
</item>
<item name = "DSP48E"><table name="" hasTotal="0">
<keys size="3">Instance, Module, Expression</keys>
</table>
</item>
<item name = "Memory"><table name="" hasTotal="1">
<keys size="10">Memory, Module, BRAM_18K, FF, LUT, URAM, Words, Bits, Banks, W*Bits*Banks</keys>
</table>
</item>
<item name = "FIFO"><table name="" hasTotal="1">
<keys size="8">Name, BRAM_18K, FF, LUT, URAM, Depth, Bits, Size:D*B</keys>
</table>
</item>
<item name = "Expression"><table name="" hasTotal="1">
<keys size="7">Variable Name, Operation, DSP48E, FF, LUT, Bitwidth P0, Bitwidth P1</keys>
<column name="data_matrices_V_data_V_0_load_A">and, 0, 0, 2, 1, 1</column>
<column name="data_matrices_V_data_V_0_load_B">and, 0, 0, 2, 1, 1</column>
<column name="data_matrices_V_last_0_load_A">and, 0, 0, 2, 1, 1</column>
<column name="data_matrices_V_last_0_load_B">and, 0, 0, 2, 1, 1</column>
<column name="dataset_details_V_data_V_0_load_A">and, 0, 0, 2, 1, 1</column>
<column name="dataset_details_V_data_V_0_load_B">and, 0, 0, 2, 1, 1</column>
<column name="geometric_values_V_data_V_1_load_A">and, 0, 0, 2, 1, 1</column>
<column name="geometric_values_V_data_V_1_load_B">and, 0, 0, 2, 1, 1</column>
<column name="geometric_values_V_last_1_load_A">and, 0, 0, 2, 1, 1</column>
<column name="geometric_values_V_last_1_load_B">and, 0, 0, 2, 1, 1</column>
<column name="sv_coeffs_V_data_V_0_load_A">and, 0, 0, 2, 1, 1</column>
<column name="sv_coeffs_V_data_V_0_load_B">and, 0, 0, 2, 1, 1</column>
<column name="sv_coeffs_V_last_0_load_A">and, 0, 0, 2, 1, 1</column>
<column name="sv_coeffs_V_last_0_load_B">and, 0, 0, 2, 1, 1</column>
<column name="data_matrices_V_data_V_0_state_cmp_full">icmp, 0, 0, 8, 2, 1</column>
<column name="data_matrices_V_last_0_state_cmp_full">icmp, 0, 0, 8, 2, 1</column>
<column name="dataset_details_V_data_V_0_state_cmp_full">icmp, 0, 0, 8, 2, 1</column>
<column name="geometric_values_V_data_V_1_state_cmp_full">icmp, 0, 0, 8, 2, 1</column>
<column name="geometric_values_V_last_1_state_cmp_full">icmp, 0, 0, 8, 2, 1</column>
<column name="sv_coeffs_V_data_V_0_state_cmp_full">icmp, 0, 0, 8, 2, 1</column>
<column name="sv_coeffs_V_last_0_state_cmp_full">icmp, 0, 0, 8, 2, 1</column>
<column name="ap_block_state5">or, 0, 0, 2, 1, 1</column>
<column name="grp_get_geometric_values_fu_48_geometric_values_TREADY">or, 0, 0, 2, 1, 1</column>
</table>
</item>
<item name = "Multiplexer"><table name="" hasTotal="1">
<keys size="5">Name, LUT, Input Size, Bits, Total Bits</keys>
<column name="ap_NS_fsm">33, 6, 1, 6</column>
<column name="data_matrices_V_data_V_0_ack_out">9, 2, 1, 2</column>
<column name="data_matrices_V_data_V_0_data_out">9, 2, 16, 32</column>
<column name="data_matrices_V_data_V_0_state">15, 3, 2, 6</column>
<column name="data_matrices_V_last_0_ack_out">9, 2, 1, 2</column>
<column name="data_matrices_V_last_0_data_out">9, 2, 1, 2</column>
<column name="data_matrices_V_last_0_state">15, 3, 2, 6</column>
<column name="dataset_details_TDATA_blk_n">9, 2, 1, 2</column>
<column name="dataset_details_V_data_V_0_data_out">9, 2, 32, 64</column>
<column name="dataset_details_V_data_V_0_state">15, 3, 2, 6</column>
<column name="dataset_details_V_last_0_state">15, 3, 2, 6</column>
<column name="geometric_values_V_data_V_1_data_out">9, 2, 32, 64</column>
<column name="geometric_values_V_data_V_1_state">15, 3, 2, 6</column>
<column name="geometric_values_V_last_1_data_out">9, 2, 1, 2</column>
<column name="geometric_values_V_last_1_state">15, 3, 2, 6</column>
<column name="sv_coeffs_V_data_V_0_ack_out">9, 2, 1, 2</column>
<column name="sv_coeffs_V_data_V_0_data_out">9, 2, 32, 64</column>
<column name="sv_coeffs_V_data_V_0_state">15, 3, 2, 6</column>
<column name="sv_coeffs_V_last_0_ack_out">9, 2, 1, 2</column>
<column name="sv_coeffs_V_last_0_data_out">9, 2, 1, 2</column>
<column name="sv_coeffs_V_last_0_state">15, 3, 2, 6</column>
</table>
</item>
<item name = "Register"><table name="" hasTotal="1">
<keys size="5">Name, FF, LUT, Bits, Const Bits</keys>
<column name="ap_CS_fsm">5, 0, 5, 0</column>
<column name="data_matrices_V_data_V_0_payload_A">16, 0, 16, 0</column>
<column name="data_matrices_V_data_V_0_payload_B">16, 0, 16, 0</column>
<column name="data_matrices_V_data_V_0_sel_rd">1, 0, 1, 0</column>
<column name="data_matrices_V_data_V_0_sel_wr">1, 0, 1, 0</column>
<column name="data_matrices_V_data_V_0_state">2, 0, 2, 0</column>
<column name="data_matrices_V_last_0_payload_A">1, 0, 1, 0</column>
<column name="data_matrices_V_last_0_payload_B">1, 0, 1, 0</column>
<column name="data_matrices_V_last_0_sel_rd">1, 0, 1, 0</column>
<column name="data_matrices_V_last_0_sel_wr">1, 0, 1, 0</column>
<column name="data_matrices_V_last_0_state">2, 0, 2, 0</column>
<column name="dataset_details_V_data_V_0_payload_A">32, 0, 32, 0</column>
<column name="dataset_details_V_data_V_0_payload_B">32, 0, 32, 0</column>
<column name="dataset_details_V_data_V_0_sel_rd">1, 0, 1, 0</column>
<column name="dataset_details_V_data_V_0_sel_wr">1, 0, 1, 0</column>
<column name="dataset_details_V_data_V_0_state">2, 0, 2, 0</column>
<column name="dataset_details_V_last_0_state">2, 0, 2, 0</column>
<column name="geometric_values_V_data_V_1_payload_A">32, 0, 32, 0</column>
<column name="geometric_values_V_data_V_1_payload_B">32, 0, 32, 0</column>
<column name="geometric_values_V_data_V_1_sel_rd">1, 0, 1, 0</column>
<column name="geometric_values_V_data_V_1_sel_wr">1, 0, 1, 0</column>
<column name="geometric_values_V_data_V_1_state">2, 0, 2, 0</column>
<column name="geometric_values_V_last_1_payload_A">1, 0, 1, 0</column>
<column name="geometric_values_V_last_1_payload_B">1, 0, 1, 0</column>
<column name="geometric_values_V_last_1_sel_rd">1, 0, 1, 0</column>
<column name="geometric_values_V_last_1_sel_wr">1, 0, 1, 0</column>
<column name="geometric_values_V_last_1_state">2, 0, 2, 0</column>
<column name="grp_get_geometric_values_fu_48_ap_start_reg">1, 0, 1, 0</column>
<column name="no_svs_V_reg_84">20, 0, 20, 0</column>
<column name="no_test_vectors_V_reg_94">20, 0, 20, 0</column>
<column name="no_variables_V_reg_89">9, 0, 9, 0</column>
<column name="sv_coeffs_V_data_V_0_payload_A">32, 0, 32, 0</column>
<column name="sv_coeffs_V_data_V_0_payload_B">32, 0, 32, 0</column>
<column name="sv_coeffs_V_data_V_0_sel_rd">1, 0, 1, 0</column>
<column name="sv_coeffs_V_data_V_0_sel_wr">1, 0, 1, 0</column>
<column name="sv_coeffs_V_data_V_0_state">2, 0, 2, 0</column>
<column name="sv_coeffs_V_last_0_payload_A">1, 0, 1, 0</column>
<column name="sv_coeffs_V_last_0_payload_B">1, 0, 1, 0</column>
<column name="sv_coeffs_V_last_0_sel_rd">1, 0, 1, 0</column>
<column name="sv_coeffs_V_last_0_sel_wr">1, 0, 1, 0</column>
<column name="sv_coeffs_V_last_0_state">2, 0, 2, 0</column>
</table>
</item>
</section>
</item>
</section>

<section name = "Interface" level="0">
<item name = "Summary"><table name="" hasTotal="0">
<keys size="6">RTL Ports, Dir, Bits, Protocol, Source Object, C Type</keys>
<column name="ap_clk">in, 1, ap_ctrl_none, geometric_values_top, return value</column>
<column name="ap_rst_n">in, 1, ap_ctrl_none, geometric_values_top, return value</column>
<column name="data_matrices_TDATA">in, 16, axis, data_matrices_V_data_V, pointer</column>
<column name="data_matrices_TVALID">in, 1, axis, data_matrices_V_last, pointer</column>
<column name="data_matrices_TREADY">out, 1, axis, data_matrices_V_last, pointer</column>
<column name="data_matrices_TLAST">in, 1, axis, data_matrices_V_last, pointer</column>
<column name="sv_coeffs_TDATA">in, 32, axis, sv_coeffs_V_data_V, pointer</column>
<column name="sv_coeffs_TVALID">in, 1, axis, sv_coeffs_V_last, pointer</column>
<column name="sv_coeffs_TREADY">out, 1, axis, sv_coeffs_V_last, pointer</column>
<column name="sv_coeffs_TLAST">in, 1, axis, sv_coeffs_V_last, pointer</column>
<column name="dataset_details_TDATA">in, 32, axis, dataset_details_V_data_V, pointer</column>
<column name="dataset_details_TVALID">in, 1, axis, dataset_details_V_last, pointer</column>
<column name="dataset_details_TREADY">out, 1, axis, dataset_details_V_last, pointer</column>
<column name="dataset_details_TLAST">in, 1, axis, dataset_details_V_last, pointer</column>
<column name="geometric_values_TDATA">out, 32, axis, geometric_values_V_data_V, pointer</column>
<column name="geometric_values_TVALID">out, 1, axis, geometric_values_V_last, pointer</column>
<column name="geometric_values_TREADY">in, 1, axis, geometric_values_V_last, pointer</column>
<column name="geometric_values_TLAST">out, 1, axis, geometric_values_V_last, pointer</column>
</table>
</item>
</section>
</profile>
