<stg><name>get_dot_product</name>


<trans_list>

<trans id="36" from="1" to="2">
<condition id="-1">
<or_exp><and_exp></and_exp></or_exp>
</condition>
</trans>

<trans id="46" from="2" to="5">
<condition id="-1">
<or_exp><and_exp><literal name="icmp_ln887" val="0"/>
</and_exp><and_exp><literal name="tmp_2" val="1"/>
</and_exp></or_exp>
</condition>
</trans>

<trans id="47" from="2" to="3">
<condition id="-1">
<or_exp><and_exp><literal name="tmp_2" val="0"/>
<literal name="icmp_ln887" val="1"/>
</and_exp></or_exp>
</condition>
</trans>

<trans id="44" from="3" to="4">
<condition id="-1">
<or_exp><and_exp></and_exp></or_exp>
</condition>
</trans>

<trans id="45" from="4" to="2">
<condition id="-1">
<or_exp><and_exp></and_exp></or_exp>
</condition>
</trans>
</trans_list>



<state_list>

<state id="1" st_id="1">

<operation id="6" st_id="1" stage="1" lat="1">
<core>NULL</core>
<MemPortIdVec></MemPortIdVec>
<condition id="-1">
<or_exp><and_exp></and_exp></or_exp>
</condition>

<Node id="5" bw="0" op_0_bw="0" op_1_bw="16" op_2_bw="1" op_3_bw="0" op_4_bw="32" op_5_bw="32" op_6_bw="0" op_7_bw="32" op_8_bw="32" op_9_bw="0" op_10_bw="0" op_11_bw="0" op_12_bw="32" op_13_bw="32" op_14_bw="32" op_15_bw="32" op_16_bw="0" op_17_bw="0">
<![CDATA[
_ZN8ap_fixedILi32ELi12EL9ap_q_mode5EL9ap_o_mode3ELi0EEC1Ei.exit:0  call void (...)* @_ssdm_op_SpecInterface(i16* %col_vec_V_data_V, i1* %col_vec_V_last, [5 x i8]* @p_str3, i32 0, i32 0, [5 x i8]* @p_str4, i32 0, i32 0, [1 x i8]* @p_str1, [1 x i8]* @p_str1, [1 x i8]* @p_str1, i32 0, i32 0, i32 0, i32 0, [1 x i8]* @p_str1, [1 x i8]* @p_str1) nounwind

]]></Node>
<StgValue><ssdm name="specinterface_ln0"/></StgValue>
</operation>

<operation id="7" st_id="1" stage="1" lat="1">
<core>NULL</core>
<MemPortIdVec></MemPortIdVec>
<condition id="-1">
<or_exp><and_exp></and_exp></or_exp>
</condition>

<Node id="6" bw="9" op_0_bw="9" op_1_bw="9">
<![CDATA[
_ZN8ap_fixedILi32ELi12EL9ap_q_mode5EL9ap_o_mode3ELi0EEC1Ei.exit:1  %no_variables_V_read_1 = call i9 @_ssdm_op_Read.ap_auto.i9(i9 %no_variables_V_read)

]]></Node>
<StgValue><ssdm name="no_variables_V_read_1"/></StgValue>
</operation>

<operation id="8" st_id="1" stage="1" lat="1">
<core>NULL</core>
<MemPortIdVec></MemPortIdVec>
<condition id="-1">
<or_exp><and_exp></and_exp></or_exp>
</condition>

<Node id="7" bw="0" op_0_bw="0">
<![CDATA[
_ZN8ap_fixedILi32ELi12EL9ap_q_mode5EL9ap_o_mode3ELi0EEC1Ei.exit:2  br label %0

]]></Node>
<StgValue><ssdm name="br_ln7"/></StgValue>
</operation>
</state>

<state id="2" st_id="2">

<operation id="9" st_id="2" stage="1" lat="1">
<core>NULL</core>
<MemPortIdVec></MemPortIdVec>
<condition id="-1">
<or_exp><and_exp></and_exp></or_exp>
</condition>

<Node id="9" bw="32" op_0_bw="32" op_1_bw="0" op_2_bw="32" op_3_bw="0">
<![CDATA[
:0  %p_Val2_s = phi i32 [ 0, %_ZN8ap_fixedILi32ELi12EL9ap_q_mode5EL9ap_o_mode3ELi0EEC1Ei.exit ], [ %accumulator_V, %dp_loop_end ]

]]></Node>
<StgValue><ssdm name="p_Val2_s"/></StgValue>
</operation>

<operation id="10" st_id="2" stage="1" lat="1">
<core>NULL</core>
<MemPortIdVec></MemPortIdVec>
<condition id="-1">
<or_exp><and_exp></and_exp></or_exp>
</condition>

<Node id="10" bw="9" op_0_bw="9" op_1_bw="0" op_2_bw="9" op_3_bw="0">
<![CDATA[
:1  %t_V = phi i9 [ 0, %_ZN8ap_fixedILi32ELi12EL9ap_q_mode5EL9ap_o_mode3ELi0EEC1Ei.exit ], [ %n1_V, %dp_loop_end ]

]]></Node>
<StgValue><ssdm name="t_V"/></StgValue>
</operation>

<operation id="11" st_id="2" stage="1" lat="1">
<core>NULL</core>
<MemPortIdVec></MemPortIdVec>
<condition id="-1">
<or_exp><and_exp></and_exp></or_exp>
</condition>

<Node id="11" bw="1" op_0_bw="1" op_1_bw="9" op_2_bw="32">
<![CDATA[
:2  %tmp_2 = call i1 @_ssdm_op_BitSelect.i1.i9.i32(i9 %t_V, i32 8)

]]></Node>
<StgValue><ssdm name="tmp_2"/></StgValue>
</operation>

<operation id="12" st_id="2" stage="1" lat="1">
<core>NULL</core>
<MemPortIdVec></MemPortIdVec>
<condition id="-1">
<or_exp><and_exp></and_exp></or_exp>
</condition>

<Node id="12" bw="32" op_0_bw="32" op_1_bw="64" op_2_bw="64" op_3_bw="64">
<![CDATA[
:3  %empty = call i32 (...)* @_ssdm_op_SpecLoopTripCount(i64 1, i64 256, i64 128)

]]></Node>
<StgValue><ssdm name="empty"/></StgValue>
</operation>

<operation id="13" st_id="2" stage="1" lat="1">
<core>AddSub</core>
<MemPortIdVec></MemPortIdVec>
<condition id="-1">
<or_exp><and_exp></and_exp></or_exp>
</condition>

<Node id="13" bw="9" op_0_bw="9" op_1_bw="9">
<![CDATA[
:4  %n1_V = add i9 %t_V, 1

]]></Node>
<StgValue><ssdm name="n1_V"/></StgValue>
</operation>

<operation id="14" st_id="2" stage="1" lat="1">
<core>NULL</core>
<MemPortIdVec></MemPortIdVec>
<condition id="-1">
<or_exp><and_exp></and_exp></or_exp>
</condition>

<Node id="14" bw="0" op_0_bw="1" op_1_bw="0" op_2_bw="0">
<![CDATA[
:5  br i1 %tmp_2, label %.loopexit, label %dp_loop_begin

]]></Node>
<StgValue><ssdm name="br_ln7"/></StgValue>
</operation>

<operation id="15" st_id="2" stage="1" lat="1">
<core>NULL</core>
<MemPortIdVec></MemPortIdVec>
<condition id="-1">
<or_exp><and_exp><literal name="tmp_2" val="0"/>
</and_exp></or_exp>
</condition>

<Node id="16" bw="0" op_0_bw="0" op_1_bw="0">
<![CDATA[
dp_loop_begin:0  call void (...)* @_ssdm_op_SpecLoopName([8 x i8]* @p_str) nounwind

]]></Node>
<StgValue><ssdm name="specloopname_ln7"/></StgValue>
</operation>

<operation id="16" st_id="2" stage="1" lat="1">
<core>NULL</core>
<MemPortIdVec></MemPortIdVec>
<condition id="-1">
<or_exp><and_exp><literal name="tmp_2" val="0"/>
</and_exp></or_exp>
</condition>

<Node id="17" bw="32" op_0_bw="32" op_1_bw="0">
<![CDATA[
dp_loop_begin:1  %tmp = call i32 (...)* @_ssdm_op_SpecRegionBegin([8 x i8]* @p_str)

]]></Node>
<StgValue><ssdm name="tmp"/></StgValue>
</operation>

<operation id="17" st_id="2" stage="1" lat="1">
<core>NULL</core>
<MemPortIdVec></MemPortIdVec>
<condition id="-1">
<or_exp><and_exp><literal name="tmp_2" val="0"/>
</and_exp></or_exp>
</condition>

<Node id="18" bw="0" op_0_bw="0" op_1_bw="32" op_2_bw="32" op_3_bw="32" op_4_bw="32" op_5_bw="0">
<![CDATA[
dp_loop_begin:2  call void (...)* @_ssdm_op_SpecPipeline(i32 -1, i32 1, i32 1, i32 0, [1 x i8]* @p_str1) nounwind

]]></Node>
<StgValue><ssdm name="specpipeline_ln8"/></StgValue>
</operation>

<operation id="18" st_id="2" stage="1" lat="1">
<core>Cmp</core>
<MemPortIdVec></MemPortIdVec>
<condition id="-1">
<or_exp><and_exp><literal name="tmp_2" val="0"/>
</and_exp></or_exp>
</condition>

<Node id="19" bw="1" op_0_bw="9" op_1_bw="9">
<![CDATA[
dp_loop_begin:3  %icmp_ln887 = icmp ult i9 %t_V, %no_variables_V_read_1

]]></Node>
<StgValue><ssdm name="icmp_ln887"/></StgValue>
</operation>

<operation id="19" st_id="2" stage="1" lat="1">
<core>NULL</core>
<MemPortIdVec></MemPortIdVec>
<condition id="-1">
<or_exp><and_exp><literal name="tmp_2" val="0"/>
</and_exp></or_exp>
</condition>

<Node id="20" bw="0" op_0_bw="1" op_1_bw="0" op_2_bw="0">
<![CDATA[
dp_loop_begin:4  br i1 %icmp_ln887, label %dp_loop_end, label %.loopexit

]]></Node>
<StgValue><ssdm name="br_ln9"/></StgValue>
</operation>

<operation id="20" st_id="2" stage="1" lat="1">
<core>NULL</core>
<MemPortIdVec></MemPortIdVec>
<condition id="-1">
<or_exp><and_exp><literal name="tmp_2" val="0"/>
<literal name="icmp_ln887" val="1"/>
</and_exp></or_exp>
</condition>

<Node id="22" bw="64" op_0_bw="9">
<![CDATA[
dp_loop_end:0  %zext_ln544 = zext i9 %t_V to i64

]]></Node>
<StgValue><ssdm name="zext_ln544"/></StgValue>
</operation>

<operation id="21" st_id="2" stage="1" lat="1">
<core>AXI4Stream</core>
<MemPortIdVec></MemPortIdVec>
<condition id="-1">
<or_exp><and_exp><literal name="tmp_2" val="0"/>
<literal name="icmp_ln887" val="1"/>
</and_exp></or_exp>
</condition>

<Node id="23" bw="17" op_0_bw="17" op_1_bw="16" op_2_bw="1">
<![CDATA[
dp_loop_end:1  %empty_11 = call { i16, i1 } @_ssdm_op_Read.axis.volatile.i16P.i1P(i16* %col_vec_V_data_V, i1* %col_vec_V_last)

]]></Node>
<StgValue><ssdm name="empty_11"/></StgValue>
</operation>

<operation id="22" st_id="2" stage="1" lat="1">
<core>NULL</core>
<MemPortIdVec></MemPortIdVec>
<condition id="-1">
<or_exp><and_exp><literal name="tmp_2" val="0"/>
<literal name="icmp_ln887" val="1"/>
</and_exp></or_exp>
</condition>

<Node id="24" bw="16" op_0_bw="17">
<![CDATA[
dp_loop_end:2  %tmp_data_V = extractvalue { i16, i1 } %empty_11, 0

]]></Node>
<StgValue><ssdm name="tmp_data_V"/></StgValue>
</operation>

<operation id="23" st_id="2" stage="1" lat="1">
<core>NULL</core>
<MemPortIdVec></MemPortIdVec>
<condition id="-1">
<or_exp><and_exp><literal name="tmp_2" val="0"/>
<literal name="icmp_ln887" val="1"/>
</and_exp></or_exp>
</condition>

<Node id="25" bw="8" op_0_bw="16" op_1_bw="64" op_2_bw="64">
<![CDATA[
dp_loop_end:3  %row_vec_V_addr = getelementptr [256 x i16]* %row_vec_V, i64 0, i64 %zext_ln544

]]></Node>
<StgValue><ssdm name="row_vec_V_addr"/></StgValue>
</operation>

<operation id="24" st_id="2" stage="2" lat="2">
<core>RAM</core>
<MemPortIdVec></MemPortIdVec>
<condition id="-1">
<or_exp><and_exp><literal name="tmp_2" val="0"/>
<literal name="icmp_ln887" val="1"/>
</and_exp></or_exp>
</condition>

<Node id="26" bw="16" op_0_bw="8">
<![CDATA[
dp_loop_end:4  %row_vec_V_load = load i16* %row_vec_V_addr, align 2

]]></Node>
<StgValue><ssdm name="row_vec_V_load"/></StgValue>
</operation>
</state>

<state id="3" st_id="3">

<operation id="25" st_id="3" stage="1" lat="2">
<core>RAM</core>
<MemPortIdVec></MemPortIdVec>
<condition id="-1">
<or_exp><and_exp><literal name="tmp_2" val="0"/>
<literal name="icmp_ln887" val="1"/>
</and_exp></or_exp>
</condition>

<Node id="26" bw="16" op_0_bw="8">
<![CDATA[
dp_loop_end:4  %row_vec_V_load = load i16* %row_vec_V_addr, align 2

]]></Node>
<StgValue><ssdm name="row_vec_V_load"/></StgValue>
</operation>
</state>

<state id="4" st_id="4">

<operation id="26" st_id="4" stage="1" lat="1">
<core>NULL</core>
<MemPortIdVec></MemPortIdVec>
<condition id="-1">
<or_exp><and_exp><literal name="tmp_2" val="0"/>
<literal name="icmp_ln887" val="1"/>
</and_exp></or_exp>
</condition>

<Node id="27" bw="32" op_0_bw="16">
<![CDATA[
dp_loop_end:5  %r_V = sext i16 %row_vec_V_load to i32

]]></Node>
<StgValue><ssdm name="r_V"/></StgValue>
</operation>

<operation id="27" st_id="4" stage="1" lat="1">
<core>NULL</core>
<MemPortIdVec></MemPortIdVec>
<condition id="-1">
<or_exp><and_exp><literal name="tmp_2" val="0"/>
<literal name="icmp_ln887" val="1"/>
</and_exp></or_exp>
</condition>

<Node id="28" bw="32" op_0_bw="16">
<![CDATA[
dp_loop_end:6  %sext_ln1118 = sext i16 %tmp_data_V to i32

]]></Node>
<StgValue><ssdm name="sext_ln1118"/></StgValue>
</operation>

<operation id="28" st_id="4" stage="1" lat="1">
<core>DSP48</core>
<MemPortIdVec></MemPortIdVec>
<condition id="-1">
<or_exp><and_exp><literal name="tmp_2" val="0"/>
<literal name="icmp_ln887" val="1"/>
</and_exp></or_exp>
</condition>

<Node id="29" bw="32" op_0_bw="32" op_1_bw="32">
<![CDATA[
dp_loop_end:7  %r_V_2 = mul nsw i32 %sext_ln1118, %r_V

]]></Node>
<StgValue><ssdm name="r_V_2"/></StgValue>
</operation>

<operation id="29" st_id="4" stage="1" lat="1">
<core>NULL</core>
<MemPortIdVec></MemPortIdVec>
<condition id="-1">
<or_exp><and_exp><literal name="tmp_2" val="0"/>
<literal name="icmp_ln887" val="1"/>
</and_exp></or_exp>
</condition>

<Node id="30" bw="42" op_0_bw="42" op_1_bw="32" op_2_bw="10">
<![CDATA[
dp_loop_end:8  %lhs_V = call i42 @_ssdm_op_BitConcatenate.i42.i32.i10(i32 %p_Val2_s, i10 0)

]]></Node>
<StgValue><ssdm name="lhs_V"/></StgValue>
</operation>

<operation id="30" st_id="4" stage="1" lat="1">
<core>NULL</core>
<MemPortIdVec></MemPortIdVec>
<condition id="-1">
<or_exp><and_exp><literal name="tmp_2" val="0"/>
<literal name="icmp_ln887" val="1"/>
</and_exp></or_exp>
</condition>

<Node id="31" bw="42" op_0_bw="32">
<![CDATA[
dp_loop_end:9  %sext_ln703 = sext i32 %r_V_2 to i42

]]></Node>
<StgValue><ssdm name="sext_ln703"/></StgValue>
</operation>

<operation id="31" st_id="4" stage="1" lat="1">
<core>DSP48</core>
<MemPortIdVec></MemPortIdVec>
<condition id="-1">
<or_exp><and_exp><literal name="tmp_2" val="0"/>
<literal name="icmp_ln887" val="1"/>
</and_exp></or_exp>
</condition>

<Node id="32" bw="42" op_0_bw="42" op_1_bw="42">
<![CDATA[
dp_loop_end:10  %ret_V = add i42 %sext_ln703, %lhs_V

]]></Node>
<StgValue><ssdm name="ret_V"/></StgValue>
</operation>

<operation id="32" st_id="4" stage="1" lat="1">
<core>NULL</core>
<MemPortIdVec></MemPortIdVec>
<condition id="-1">
<or_exp><and_exp><literal name="tmp_2" val="0"/>
<literal name="icmp_ln887" val="1"/>
</and_exp></or_exp>
</condition>

<Node id="33" bw="32" op_0_bw="32" op_1_bw="42" op_2_bw="32" op_3_bw="32">
<![CDATA[
dp_loop_end:11  %accumulator_V = call i32 @_ssdm_op_PartSelect.i32.i42.i32.i32(i42 %ret_V, i32 10, i32 41)

]]></Node>
<StgValue><ssdm name="accumulator_V"/></StgValue>
</operation>

<operation id="33" st_id="4" stage="1" lat="1">
<core>NULL</core>
<MemPortIdVec></MemPortIdVec>
<condition id="-1">
<or_exp><and_exp><literal name="tmp_2" val="0"/>
<literal name="icmp_ln887" val="1"/>
</and_exp></or_exp>
</condition>

<Node id="34" bw="32" op_0_bw="32" op_1_bw="0" op_2_bw="32">
<![CDATA[
dp_loop_end:12  %empty_12 = call i32 (...)* @_ssdm_op_SpecRegionEnd([8 x i8]* @p_str, i32 %tmp)

]]></Node>
<StgValue><ssdm name="empty_12"/></StgValue>
</operation>

<operation id="34" st_id="4" stage="1" lat="1">
<core>NULL</core>
<MemPortIdVec></MemPortIdVec>
<condition id="-1">
<or_exp><and_exp><literal name="tmp_2" val="0"/>
<literal name="icmp_ln887" val="1"/>
</and_exp></or_exp>
</condition>

<Node id="35" bw="0" op_0_bw="0">
<![CDATA[
dp_loop_end:13  br label %0

]]></Node>
<StgValue><ssdm name="br_ln7"/></StgValue>
</operation>
</state>

<state id="5" st_id="5">

<operation id="35" st_id="5" stage="1" lat="1">
<core>NULL</core>
<MemPortIdVec></MemPortIdVec>
<condition id="-1">
<or_exp><and_exp></and_exp></or_exp>
</condition>

<Node id="37" bw="0" op_0_bw="32">
<![CDATA[
.loopexit:0  ret i32 %p_Val2_s

]]></Node>
<StgValue><ssdm name="ret_ln17"/></StgValue>
</operation>
</state>
</state_list>


<ports>
</ports>


<dataflows>
</dataflows>


</stg>
