<annotationInfo>
<annotationInfo>
<item  id="11" filename="get_dpm.cpp" linenumber="7" name="tmp_2" contextFuncName="get_dot_product" moduleName="get_dot_product" rtlName="tmp_2_reg_179" latency="0" BRAM="-1" DSP="-1" FF="-1" LUT="-1" fileDirectory="C:\Users\Ryan\Documents\University\Project\HLS\get_dot_product_matrix"&gt;&lt;\/item&gt;
<item  id="13" filename="get_dpm.cpp" linenumber="7" name="n1_V" contextFuncName="get_dot_product" moduleName="get_dot_product" rtlName="n1_V_fu_122_p2" latency="0" BRAM="-1" DSP="-1" FF="0" LUT="15" fileDirectory="C:\Users\Ryan\Documents\University\Project\HLS\get_dot_product_matrix"&gt;&lt;\/item&gt;
<item  id="19" filename="get_dpm.cpp" linenumber="9" name="icmp_ln887" contextFuncName="get_dot_product" moduleName="get_dot_product" rtlName="icmp_ln887_fu_128_p2" latency="0" BRAM="-1" DSP="-1" FF="0" LUT="13" fileDirectory="C:\Users\Ryan\Documents\University\Project\HLS\get_dot_product_matrix"&gt;&lt;\/item&gt;
<item  id="22" filename="get_dpm.cpp" linenumber="10" name="zext_ln544" contextFuncName="get_dot_product" moduleName="get_dot_product" rtlName="zext_ln544_fu_133_p1" latency="0" BRAM="-1" DSP="-1" FF="-1" LUT="-1" fileDirectory="C:\Users\Ryan\Documents\University\Project\HLS\get_dot_product_matrix"&gt;&lt;\/item&gt;
<item  id="29" filename="get_dpm.cpp" linenumber="10" name="r_V_2" contextFuncName="get_dot_product" moduleName="get_dot_product" rtlName="get_dpm_top_mac_mbkb_U1" latency="0" BRAM="-1" DSP="-1" FF="-1" LUT="-1" fileDirectory="C:\Users\Ryan\Documents\University\Project\HLS\get_dot_product_matrix"&gt;&lt;\/item&gt;
<item  id="30" filename="get_dpm.cpp" linenumber="10" name="lhs_V" contextFuncName="get_dot_product" moduleName="get_dot_product" rtlName="grp_fu_165_p2" latency="0" BRAM="-1" DSP="-1" FF="-1" LUT="-1" fileDirectory="C:\Users\Ryan\Documents\University\Project\HLS\get_dot_product_matrix"&gt;&lt;\/item&gt;
<item  id="31" filename="get_dpm.cpp" linenumber="10" name="sext_ln703" contextFuncName="get_dot_product" moduleName="get_dot_product" rtlName="get_dpm_top_mac_mbkb_U1" latency="0" BRAM="-1" DSP="-1" FF="-1" LUT="-1" fileDirectory="C:\Users\Ryan\Documents\University\Project\HLS\get_dot_product_matrix"&gt;&lt;\/item&gt;
<item  id="32" filename="get_dpm.cpp" linenumber="10" name="ret_V" contextFuncName="get_dot_product" moduleName="get_dot_product" rtlName="get_dpm_top_mac_mbkb_U1" latency="0" BRAM="-1" DSP="-1" FF="-1" LUT="-1" fileDirectory="C:\Users\Ryan\Documents\University\Project\HLS\get_dot_product_matrix"&gt;&lt;\/item&gt;
<item  id="33" filename="get_dpm.cpp" linenumber="10" name="accumulator_V" contextFuncName="get_dot_product" moduleName="get_dot_product" rtlName="p_Val2_s_reg_91" latency="0" BRAM="-1" DSP="-1" FF="-1" LUT="-1" fileDirectory="C:\Users\Ryan\Documents\University\Project\HLS\get_dot_product_matrix"&gt;&lt;\/item&gt;
&lt;\/annotationInfo&gt;
<annotationInfo>
<item  id="18" filename="get_dpm.cpp" linenumber="40" name="first_mat_row_V" contextFuncName="get_dpm_top" moduleName="get_dpm_top" rtlName="first_mat_row_V_U" latency="0" BRAM="-1" DSP="-1" FF="-1" LUT="-1" fileDirectory="C:\Users\Ryan\Documents\University\Project\HLS\get_dot_product_matrix"><\/item>
<item  id="28" filename="get_dpm.cpp" linenumber="38" name="no_variables_V" contextFuncName="get_dpm_top" moduleName="get_dpm_top" rtlName="no_variables_V_fu_181_p1" latency="0" BRAM="-1" DSP="-1" FF="-1" LUT="-1" fileDirectory="C:\Users\Ryan\Documents\University\Project\HLS\get_dot_product_matrix"><\/item>
<item  id="29" filename="get_dpm.cpp" linenumber="61" name="zext_ln1354" contextFuncName="get_dpm_top" moduleName="get_dpm_top" rtlName="zext_ln1354_fu_185_p1" latency="0" BRAM="-1" DSP="-1" FF="-1" LUT="-1" fileDirectory="C:\Users\Ryan\Documents\University\Project\HLS\get_dot_product_matrix"><\/item>
<item  id="30" filename="get_dpm.cpp" linenumber="61" name="ret_V" contextFuncName="get_dpm_top" moduleName="get_dpm_top" rtlName="ret_V_fu_188_p2" latency="0" BRAM="-1" DSP="-1" FF="0" LUT="24" fileDirectory="C:\Users\Ryan\Documents\University\Project\HLS\get_dot_product_matrix"><\/item>
<item  id="34" filename="get_dpm.cpp" linenumber="43" name="zext_ln887" contextFuncName="get_dpm_top" moduleName="get_dpm_top" rtlName="zext_ln887_fu_194_p1" latency="0" BRAM="-1" DSP="-1" FF="-1" LUT="-1" fileDirectory="C:\Users\Ryan\Documents\University\Project\HLS\get_dot_product_matrix"><\/item>
<item  id="35" filename="get_dpm.cpp" linenumber="43" name="icmp_ln887" contextFuncName="get_dpm_top" moduleName="get_dpm_top" rtlName="icmp_ln887_fu_198_p2" latency="0" BRAM="-1" DSP="-1" FF="0" LUT="13" fileDirectory="C:\Users\Ryan\Documents\University\Project\HLS\get_dot_product_matrix"><\/item>
<item  id="37" filename="get_dpm.cpp" linenumber="43" name="n1_V" contextFuncName="get_dpm_top" moduleName="get_dpm_top" rtlName="n1_V_fu_204_p2" latency="0" BRAM="-1" DSP="-1" FF="0" LUT="21" fileDirectory="C:\Users\Ryan\Documents\University\Project\HLS\get_dot_product_matrix"><\/item>
<item  id="42" filename="get_dpm.cpp" linenumber="44" name="icmp_ln887_1" contextFuncName="get_dpm_top" moduleName="get_dpm_top" rtlName="icmp_ln887_1_fu_210_p2" latency="0" BRAM="-1" DSP="-1" FF="0" LUT="13" fileDirectory="C:\Users\Ryan\Documents\University\Project\HLS\get_dot_product_matrix"><\/item>
<item  id="48" filename="get_dpm.cpp" linenumber="47" name="tmp_1" contextFuncName="get_dpm_top" moduleName="get_dpm_top" rtlName="tmp_1_fu_215_p3" latency="0" BRAM="-1" DSP="-1" FF="-1" LUT="-1" fileDirectory="C:\Users\Ryan\Documents\University\Project\HLS\get_dot_product_matrix"><\/item>
<item  id="50" filename="get_dpm.cpp" linenumber="47" name="n1_1_V" contextFuncName="get_dpm_top" moduleName="get_dpm_top" rtlName="n1_1_V_fu_223_p2" latency="0" BRAM="-1" DSP="-1" FF="0" LUT="15" fileDirectory="C:\Users\Ryan\Documents\University\Project\HLS\get_dot_product_matrix"><\/item>
<item  id="54" filename="get_dpm.cpp" linenumber="48" name="icmp_ln887_2" contextFuncName="get_dpm_top" moduleName="get_dpm_top" rtlName="icmp_ln887_2_fu_229_p2" latency="0" BRAM="-1" DSP="-1" FF="0" LUT="13" fileDirectory="C:\Users\Ryan\Documents\University\Project\HLS\get_dot_product_matrix"><\/item>
<item  id="57" filename="get_dpm.cpp" linenumber="49" name="zext_ln544" contextFuncName="get_dpm_top" moduleName="get_dpm_top" rtlName="zext_ln544_fu_234_p1" latency="0" BRAM="-1" DSP="-1" FF="-1" LUT="-1" fileDirectory="C:\Users\Ryan\Documents\University\Project\HLS\get_dot_product_matrix"><\/item>
<item  id="64" filename="get_dpm.cpp" linenumber="66" name="zext_ln879" contextFuncName="get_dpm_top" moduleName="get_dpm_top" rtlName="zext_ln879_fu_244_p1" latency="0" BRAM="-1" DSP="-1" FF="-1" LUT="-1" fileDirectory="C:\Users\Ryan\Documents\University\Project\HLS\get_dot_product_matrix"><\/item>
<item  id="65" filename="get_dpm.cpp" linenumber="66" name="icmp_ln879" contextFuncName="get_dpm_top" moduleName="get_dpm_top" rtlName="icmp_ln879_fu_248_p2" latency="0" BRAM="-1" DSP="-1" FF="0" LUT="18" fileDirectory="C:\Users\Ryan\Documents\University\Project\HLS\get_dot_product_matrix"><\/item>
<item  id="69" filename="get_dpm.cpp" linenumber="59" name="zext_ln887_1" contextFuncName="get_dpm_top" moduleName="get_dpm_top" rtlName="zext_ln887_1_fu_253_p1" latency="0" BRAM="-1" DSP="-1" FF="-1" LUT="-1" fileDirectory="C:\Users\Ryan\Documents\University\Project\HLS\get_dot_product_matrix"><\/item>
<item  id="70" filename="get_dpm.cpp" linenumber="59" name="icmp_ln887_3" contextFuncName="get_dpm_top" moduleName="get_dpm_top" rtlName="icmp_ln887_3_fu_257_p2" latency="0" BRAM="-1" DSP="-1" FF="0" LUT="13" fileDirectory="C:\Users\Ryan\Documents\University\Project\HLS\get_dot_product_matrix"><\/item>
<item  id="72" filename="get_dpm.cpp" linenumber="59" name="n2_V" contextFuncName="get_dpm_top" moduleName="get_dpm_top" rtlName="n2_V_fu_263_p2" latency="0" BRAM="-1" DSP="-1" FF="0" LUT="21" fileDirectory="C:\Users\Ryan\Documents\University\Project\HLS\get_dot_product_matrix"><\/item>
<item  id="76" filename="get_dpm.cpp" linenumber="60" name="icmp_ln887_4" contextFuncName="get_dpm_top" moduleName="get_dpm_top" rtlName="icmp_ln887_4_fu_269_p2" latency="0" BRAM="-1" DSP="-1" FF="0" LUT="13" fileDirectory="C:\Users\Ryan\Documents\University\Project\HLS\get_dot_product_matrix"><\/item>
<item  id="79" filename="get_dpm.cpp" linenumber="61" name="zext_ln887_2" contextFuncName="get_dpm_top" moduleName="get_dpm_top" rtlName="zext_ln887_2_fu_274_p1" latency="0" BRAM="-1" DSP="-1" FF="-1" LUT="-1" fileDirectory="C:\Users\Ryan\Documents\University\Project\HLS\get_dot_product_matrix"><\/item>
<item  id="80" filename="get_dpm.cpp" linenumber="61" name="icmp_ln887_5" contextFuncName="get_dpm_top" moduleName="get_dpm_top" rtlName="icmp_ln887_5_fu_278_p2" latency="0" BRAM="-1" DSP="-1" FF="0" LUT="18" fileDirectory="C:\Users\Ryan\Documents\University\Project\HLS\get_dot_product_matrix"><\/item>
<item  id="85" filename="get_dpm.cpp" linenumber="73" name="result_data_V_2" contextFuncName="get_dpm_top" moduleName="get_dpm_top" rtlName="grp_get_dot_product_fu_166" latency="1" BRAM="-1" DSP="-1" FF="-1" LUT="-1" fileDirectory="C:\Users\Ryan\Documents\University\Project\HLS\get_dot_product_matrix"><\/item>
<item  id="89" filename="get_dpm.cpp" linenumber="67" name="result_data_V_1" contextFuncName="get_dpm_top" moduleName="get_dpm_top" rtlName="grp_get_dot_product_fu_166" latency="1" BRAM="-1" DSP="-1" FF="-1" LUT="-1" fileDirectory="C:\Users\Ryan\Documents\University\Project\HLS\get_dot_product_matrix"><\/item>
<item  id="93" filename="get_dpm.cpp" linenumber="62" name="result_data_V" contextFuncName="get_dpm_top" moduleName="get_dpm_top" rtlName="grp_get_dot_product_fu_166" latency="1" BRAM="-1" DSP="-1" FF="-1" LUT="-1" fileDirectory="C:\Users\Ryan\Documents\University\Project\HLS\get_dot_product_matrix"><\/item>
<\/annotationInfo>
</annotationInfo>
