<profile>

<section name = "Vivado HLS Report for 'get_dpm_top'" level="0">
<item name = "Date">Thu Feb 27 14:23:16 2020
</item>
<item name = "Version">2019.1 (Build 2552052 on Fri May 24 15:28:33 MDT 2019)</item>
<item name = "Project">get_dot_product_matrix</item>
<item name = "Solution">solution4</item>
<item name = "Product family">zynq</item>
<item name = "Target device">xc7z020-clg400-1</item>
</section>

<section name = "Performance Estimates" level="0">
<item name = "Timing (ns)">
<section name = "" level="1">
<item name = "Summary"><table name="" hasTotal="0">
<keys size="4">Clock, Target, Estimated, Uncertainty</keys>
<column name="ap_clk">10.00, 6.380, 1.25</column>
</table>
</item>
</section>
</item>
<item name = "Latency (clock cycles)">
<section name = "" level="1">
<item name = "Summary"><table name="" hasTotal="0">
<keys size="6">, min, max, min, max, Type</keys>
<column name="">14, 104810400002, 14, 104810400002, none</column>
</table>
</item>
<item name = "Detail">
<section name = "" level="1">
<item name = "Instance"><table name="" hasTotal="0">
<keys size="7">Instance, Module, min, max, min, max, Type</keys>
<column name="grp_get_dot_product_fu_166">get_dot_product, 4, 259, 4, 259, none</column>
</table>
</item>
<item name = "Loop"><table name="" hasTotal="0">
<keys size="8">Loop Name, min, max, Latency, achieved, target, Count, Pipelined</keys>
<column name="- first_rows">12, 104810400000, 12 ~ 5240520, -, -, 1 ~ 20000, no</column>
<column name=" + get_row">1, 256, 1, -, -, 1 ~ 256, no</column>
<column name=" + second_columns">7, 5240000, 7 ~ 262, -, -, 1 ~ 20000, no</column>
</table>
</item>
</section>
</item>
</section>
</item>
</section>

<section name = "Utilization Estimates" level="0">
<item name = "Summary"><table name="" hasTotal="1">
<keys size="6">Name, BRAM_18K, DSP48E, FF, LUT, URAM</keys>
<column name="DSP">-, -, -, -, -</column>
<column name="Expression">-, -, 0, 266, -</column>
<column name="FIFO">-, -, -, -, -</column>
<column name="Instance">-, 1, 99, 106, -</column>
<column name="Memory">1, -, 0, 0, 0</column>
<column name="Multiplexer">-, -, -, 341, -</column>
<column name="Register">-, -, 318, -, -</column>
<specialColumn name="Available">280, 220, 106400, 53200, 0</specialColumn>
<specialColumn name="Utilization (%)">~0, ~0, ~0, 1, 0</specialColumn>
</table>
</item>
<item name = "Detail">
<section name = "" level="1">
<item name = "Instance"><table name="" hasTotal="1">
<keys size="7">Instance, Module, BRAM_18K, DSP48E, FF, LUT, URAM</keys>
<column name="grp_get_dot_product_fu_166">get_dot_product, 0, 1, 99, 106, 0</column>
</table>
</item>
<item name = "DSP48E"><table name="" hasTotal="0">
<keys size="3">Instance, Module, Expression</keys>
</table>
</item>
<item name = "Memory"><table name="" hasTotal="1">
<keys size="10">Memory, Module, BRAM_18K, FF, LUT, URAM, Words, Bits, Banks, W*Bits*Banks</keys>
<column name="first_mat_row_V_U">get_dpm_top_firstcud, 1, 0, 0, 0, 256, 16, 1, 4096</column>
</table>
</item>
<item name = "FIFO"><table name="" hasTotal="1">
<keys size="8">Name, BRAM_18K, FF, LUT, URAM, Depth, Bits, Size:D*B</keys>
</table>
</item>
<item name = "Expression"><table name="" hasTotal="1">
<keys size="7">Variable Name, Operation, DSP48E, FF, LUT, Bitwidth P0, Bitwidth P1</keys>
<column name="n1_1_V_fu_223_p2">+, 0, 0, 15, 9, 1</column>
<column name="n1_V_fu_204_p2">+, 0, 0, 21, 15, 1</column>
<column name="n2_V_fu_263_p2">+, 0, 0, 21, 15, 1</column>
<column name="ret_V_fu_188_p2">+, 0, 0, 24, 2, 17</column>
<column name="ap_block_state4">and, 0, 0, 2, 1, 1</column>
<column name="ap_block_state9_io">and, 0, 0, 2, 1, 1</column>
<column name="ap_predicate_op55_read_state4">and, 0, 0, 2, 1, 1</column>
<column name="ap_predicate_op89_write_state9">and, 0, 0, 2, 1, 1</column>
<column name="dot_product_matrix_out_V_data_V_1_load_A">and, 0, 0, 2, 1, 1</column>
<column name="dot_product_matrix_out_V_data_V_1_load_B">and, 0, 0, 2, 1, 1</column>
<column name="dot_product_matrix_out_V_last_1_load_A">and, 0, 0, 2, 1, 1</column>
<column name="dot_product_matrix_out_V_last_1_load_B">and, 0, 0, 2, 1, 1</column>
<column name="input_details_V_data_V_0_load_A">and, 0, 0, 2, 1, 1</column>
<column name="input_details_V_data_V_0_load_B">and, 0, 0, 2, 1, 1</column>
<column name="training_matrix_V_data_V_0_load_A">and, 0, 0, 2, 1, 1</column>
<column name="training_matrix_V_data_V_0_load_B">and, 0, 0, 2, 1, 1</column>
<column name="training_matrix_transpose_V_data_V_0_load_A">and, 0, 0, 2, 1, 1</column>
<column name="training_matrix_transpose_V_data_V_0_load_B">and, 0, 0, 2, 1, 1</column>
<column name="training_matrix_transpose_V_last_0_load_A">and, 0, 0, 2, 1, 1</column>
<column name="training_matrix_transpose_V_last_0_load_B">and, 0, 0, 2, 1, 1</column>
<column name="dot_product_matrix_out_V_data_V_1_state_cmp_full">icmp, 0, 0, 8, 2, 1</column>
<column name="dot_product_matrix_out_V_last_1_state_cmp_full">icmp, 0, 0, 8, 2, 1</column>
<column name="icmp_ln879_fu_248_p2">icmp, 0, 0, 18, 17, 17</column>
<column name="icmp_ln887_1_fu_210_p2">icmp, 0, 0, 13, 16, 16</column>
<column name="icmp_ln887_2_fu_229_p2">icmp, 0, 0, 13, 9, 9</column>
<column name="icmp_ln887_3_fu_257_p2">icmp, 0, 0, 13, 15, 15</column>
<column name="icmp_ln887_4_fu_269_p2">icmp, 0, 0, 13, 16, 16</column>
<column name="icmp_ln887_5_fu_278_p2">icmp, 0, 0, 18, 17, 17</column>
<column name="icmp_ln887_fu_198_p2">icmp, 0, 0, 13, 15, 15</column>
<column name="input_details_V_data_V_0_state_cmp_full">icmp, 0, 0, 8, 2, 1</column>
<column name="training_matrix_V_data_V_0_state_cmp_full">icmp, 0, 0, 8, 2, 1</column>
<column name="training_matrix_transpose_V_data_V_0_state_cmp_full">icmp, 0, 0, 8, 2, 1</column>
<column name="training_matrix_transpose_V_last_0_state_cmp_full">icmp, 0, 0, 8, 2, 1</column>
<column name="ap_block_state3">or, 0, 0, 2, 1, 1</column>
<column name="ap_block_state7_io">or, 0, 0, 2, 1, 1</column>
</table>
</item>
<item name = "Multiplexer"><table name="" hasTotal="1">
<keys size="5">Name, LUT, Input Size, Bits, Total Bits</keys>
<column name="ap_NS_fsm">50, 11, 1, 11</column>
<column name="dot_product_matrix_out_TDATA_blk_n">9, 2, 1, 2</column>
<column name="dot_product_matrix_out_V_data_V_1_data_out">9, 2, 32, 64</column>
<column name="dot_product_matrix_out_V_data_V_1_state">15, 3, 2, 6</column>
<column name="dot_product_matrix_out_V_last_1_data_in">15, 3, 1, 3</column>
<column name="dot_product_matrix_out_V_last_1_data_out">9, 2, 1, 2</column>
<column name="dot_product_matrix_out_V_last_1_state">15, 3, 2, 6</column>
<column name="first_mat_row_V_address0">15, 3, 8, 24</column>
<column name="first_mat_row_V_ce0">15, 3, 1, 3</column>
<column name="input_details_TDATA_blk_n">9, 2, 1, 2</column>
<column name="input_details_V_data_V_0_data_out">9, 2, 16, 32</column>
<column name="input_details_V_data_V_0_state">15, 3, 2, 6</column>
<column name="input_details_V_last_0_state">15, 3, 2, 6</column>
<column name="t_V_1_reg_132">9, 2, 15, 30</column>
<column name="t_V_2_reg_155">9, 2, 15, 30</column>
<column name="t_V_reg_144">9, 2, 9, 18</column>
<column name="training_matrix_TDATA_blk_n">9, 2, 1, 2</column>
<column name="training_matrix_V_data_V_0_data_out">9, 2, 16, 32</column>
<column name="training_matrix_V_data_V_0_state">15, 3, 2, 6</column>
<column name="training_matrix_V_last_0_state">15, 3, 2, 6</column>
<column name="training_matrix_transpose_V_data_V_0_ack_out">9, 2, 1, 2</column>
<column name="training_matrix_transpose_V_data_V_0_data_out">9, 2, 16, 32</column>
<column name="training_matrix_transpose_V_data_V_0_state">15, 3, 2, 6</column>
<column name="training_matrix_transpose_V_last_0_ack_out">9, 2, 1, 2</column>
<column name="training_matrix_transpose_V_last_0_data_out">9, 2, 1, 2</column>
<column name="training_matrix_transpose_V_last_0_state">15, 3, 2, 6</column>
</table>
</item>
<item name = "Register"><table name="" hasTotal="1">
<keys size="5">Name, FF, LUT, Bits, Const Bits</keys>
<column name="ap_CS_fsm">10, 0, 10, 0</column>
<column name="dot_product_matrix_out_V_data_V_1_payload_A">32, 0, 32, 0</column>
<column name="dot_product_matrix_out_V_data_V_1_payload_B">32, 0, 32, 0</column>
<column name="dot_product_matrix_out_V_data_V_1_sel_rd">1, 0, 1, 0</column>
<column name="dot_product_matrix_out_V_data_V_1_sel_wr">1, 0, 1, 0</column>
<column name="dot_product_matrix_out_V_data_V_1_state">2, 0, 2, 0</column>
<column name="dot_product_matrix_out_V_last_1_payload_A">1, 0, 1, 0</column>
<column name="dot_product_matrix_out_V_last_1_payload_B">1, 0, 1, 0</column>
<column name="dot_product_matrix_out_V_last_1_sel_rd">1, 0, 1, 0</column>
<column name="dot_product_matrix_out_V_last_1_sel_wr">1, 0, 1, 0</column>
<column name="dot_product_matrix_out_V_last_1_state">2, 0, 2, 0</column>
<column name="grp_get_dot_product_fu_166_ap_start_reg">1, 0, 1, 0</column>
<column name="icmp_ln879_reg_324">1, 0, 1, 0</column>
<column name="icmp_ln887_3_reg_328">1, 0, 1, 0</column>
<column name="icmp_ln887_4_reg_337">1, 0, 1, 0</column>
<column name="icmp_ln887_5_reg_341">1, 0, 1, 0</column>
<column name="input_details_V_data_V_0_payload_A">16, 0, 16, 0</column>
<column name="input_details_V_data_V_0_payload_B">16, 0, 16, 0</column>
<column name="input_details_V_data_V_0_sel_rd">1, 0, 1, 0</column>
<column name="input_details_V_data_V_0_sel_wr">1, 0, 1, 0</column>
<column name="input_details_V_data_V_0_state">2, 0, 2, 0</column>
<column name="input_details_V_last_0_state">2, 0, 2, 0</column>
<column name="n1_V_reg_305">15, 0, 15, 0</column>
<column name="n2_V_reg_332">15, 0, 15, 0</column>
<column name="no_variables_V_reg_290">9, 0, 9, 0</column>
<column name="ret_V_reg_296">17, 0, 17, 0</column>
<column name="t_V_1_reg_132">15, 0, 15, 0</column>
<column name="t_V_2_reg_155">15, 0, 15, 0</column>
<column name="t_V_reg_144">9, 0, 9, 0</column>
<column name="tmp_data_V_5_reg_283">16, 0, 16, 0</column>
<column name="training_matrix_V_data_V_0_payload_A">16, 0, 16, 0</column>
<column name="training_matrix_V_data_V_0_payload_B">16, 0, 16, 0</column>
<column name="training_matrix_V_data_V_0_sel_rd">1, 0, 1, 0</column>
<column name="training_matrix_V_data_V_0_sel_wr">1, 0, 1, 0</column>
<column name="training_matrix_V_data_V_0_state">2, 0, 2, 0</column>
<column name="training_matrix_V_last_0_state">2, 0, 2, 0</column>
<column name="training_matrix_transpose_V_data_V_0_payload_A">16, 0, 16, 0</column>
<column name="training_matrix_transpose_V_data_V_0_payload_B">16, 0, 16, 0</column>
<column name="training_matrix_transpose_V_data_V_0_sel_rd">1, 0, 1, 0</column>
<column name="training_matrix_transpose_V_data_V_0_sel_wr">1, 0, 1, 0</column>
<column name="training_matrix_transpose_V_data_V_0_state">2, 0, 2, 0</column>
<column name="training_matrix_transpose_V_last_0_payload_A">1, 0, 1, 0</column>
<column name="training_matrix_transpose_V_last_0_payload_B">1, 0, 1, 0</column>
<column name="training_matrix_transpose_V_last_0_sel_rd">1, 0, 1, 0</column>
<column name="training_matrix_transpose_V_last_0_sel_wr">1, 0, 1, 0</column>
<column name="training_matrix_transpose_V_last_0_state">2, 0, 2, 0</column>
</table>
</item>
</section>
</item>
</section>

<section name = "Interface" level="0">
<item name = "Summary"><table name="" hasTotal="0">
<keys size="6">RTL Ports, Dir, Bits, Protocol, Source Object, C Type</keys>
<column name="ap_clk">in, 1, ap_ctrl_none, get_dpm_top, return value</column>
<column name="ap_rst_n">in, 1, ap_ctrl_none, get_dpm_top, return value</column>
<column name="training_matrix_TDATA">in, 16, axis, training_matrix_V_data_V, pointer</column>
<column name="training_matrix_TVALID">in, 1, axis, training_matrix_V_last, pointer</column>
<column name="training_matrix_TREADY">out, 1, axis, training_matrix_V_last, pointer</column>
<column name="training_matrix_TLAST">in, 1, axis, training_matrix_V_last, pointer</column>
<column name="training_matrix_transpose_TDATA">in, 16, axis, training_matrix_transpose_V_data_V, pointer</column>
<column name="training_matrix_transpose_TVALID">in, 1, axis, training_matrix_transpose_V_last, pointer</column>
<column name="training_matrix_transpose_TREADY">out, 1, axis, training_matrix_transpose_V_last, pointer</column>
<column name="training_matrix_transpose_TLAST">in, 1, axis, training_matrix_transpose_V_last, pointer</column>
<column name="dot_product_matrix_out_TDATA">out, 32, axis, dot_product_matrix_out_V_data_V, pointer</column>
<column name="dot_product_matrix_out_TREADY">in, 1, axis, dot_product_matrix_out_V_data_V, pointer</column>
<column name="dot_product_matrix_out_TVALID">out, 1, axis, dot_product_matrix_out_V_last, pointer</column>
<column name="dot_product_matrix_out_TLAST">out, 1, axis, dot_product_matrix_out_V_last, pointer</column>
<column name="input_details_TDATA">in, 16, axis, input_details_V_data_V, pointer</column>
<column name="input_details_TVALID">in, 1, axis, input_details_V_last, pointer</column>
<column name="input_details_TREADY">out, 1, axis, input_details_V_last, pointer</column>
<column name="input_details_TLAST">in, 1, axis, input_details_V_last, pointer</column>
</table>
</item>
</section>
</profile>
