<profile>

<section name = "Vivado HLS Report for 'get_dpm_top'" level="0">
<item name = "Date">Thu Feb 27 14:23:14 2020
</item>
<item name = "Version">2019.1 (Build 2552052 on Fri May 24 15:28:33 MDT 2019)</item>
<item name = "Project">get_dot_product_matrix</item>
<item name = "Solution">solution4</item>
<item name = "Product family">zynq</item>
<item name = "Target device">xc7z020-clg400-1</item>
</section>

<section name = "Performance Estimates" level="0">
<item name = "Timing (ns)">
<section name = "" level="1">
<item name = "Summary"><table name="" hasTotal="0">
<keys size="4">Clock, Target, Estimated, Uncertainty</keys>
<column name="ap_clk">10.00, 6.380, 1.25</column>
</table>
</item>
</section>
</item>
<item name = "Latency (clock cycles)">
<section name = "" level="1">
<item name = "Summary"><table name="" hasTotal="0">
<keys size="6">, min, max, min, max, Type</keys>
<column name="">14, 104810400002, 14, 104810400002, none</column>
</table>
</item>
<item name = "Detail">
<section name = "" level="1">
<item name = "Instance"><table name="" hasTotal="0">
<keys size="7">Instance, Module, min, max, min, max, Type</keys>
<column name="grp_get_dot_product_fu_166">get_dot_product, 4, 259, 4, 259, none</column>
</table>
</item>
<item name = "Loop"><table name="" hasTotal="0">
<keys size="8">Loop Name, min, max, Latency, achieved, target, Count, Pipelined</keys>
<column name="- first_rows">12, 104810400000, 12 ~ 5240520, -, -, 1 ~ 20000, no</column>
<column name=" + get_row">1, 256, 1, -, -, 1 ~ 256, no</column>
<column name=" + second_columns">7, 5240000, 7 ~ 262, -, -, 1 ~ 20000, no</column>
</table>
</item>
</section>
</item>
</section>
</item>
</section>
</profile>
