<stg><name>get_training_vector</name>


<trans_list>

<trans id="21" from="1" to="2">
<condition id="-1">
<or_exp><and_exp></and_exp></or_exp>
</condition>
</trans>

<trans id="22" from="2" to="2">
<condition id="-1">
<or_exp><and_exp><literal name="tmp" val="0"/>
<literal name="icmp_ln887" val="1"/>
</and_exp></or_exp>
</condition>
</trans>
</trans_list>



<state_list>

<state id="1" st_id="1">

<operation id="3" st_id="1" stage="1" lat="1">
<core>NULL</core>
<MemPortIdVec></MemPortIdVec>
<condition id="-1">
<or_exp><and_exp></and_exp></or_exp>
</condition>

<Node id="5" bw="0" op_0_bw="0" op_1_bw="16" op_2_bw="1" op_3_bw="0" op_4_bw="32" op_5_bw="32" op_6_bw="0" op_7_bw="32" op_8_bw="32" op_9_bw="0" op_10_bw="0" op_11_bw="0" op_12_bw="32" op_13_bw="32" op_14_bw="32" op_15_bw="32" op_16_bw="0" op_17_bw="0">
<![CDATA[
:0  call void (...)* @_ssdm_op_SpecInterface(i16* %training_matrix_V_data_V, i1* %training_matrix_V_last, [5 x i8]* @p_str7, i32 0, i32 0, [5 x i8]* @p_str8, i32 0, i32 0, [1 x i8]* @p_str1, [1 x i8]* @p_str1, [1 x i8]* @p_str1, i32 0, i32 0, i32 0, i32 0, [1 x i8]* @p_str1, [1 x i8]* @p_str1) nounwind

]]></Node>
<StgValue><ssdm name="specinterface_ln0"/></StgValue>
</operation>

<operation id="4" st_id="1" stage="1" lat="1">
<core>NULL</core>
<MemPortIdVec></MemPortIdVec>
<condition id="-1">
<or_exp><and_exp></and_exp></or_exp>
</condition>

<Node id="6" bw="9" op_0_bw="9" op_1_bw="9">
<![CDATA[
:1  %no_variables_V_read_1 = call i9 @_ssdm_op_Read.ap_auto.i9(i9 %no_variables_V_read)

]]></Node>
<StgValue><ssdm name="no_variables_V_read_1"/></StgValue>
</operation>

<operation id="5" st_id="1" stage="1" lat="1">
<core>NULL</core>
<MemPortIdVec></MemPortIdVec>
<condition id="-1">
<or_exp><and_exp></and_exp></or_exp>
</condition>

<Node id="7" bw="0" op_0_bw="0">
<![CDATA[
:2  br label %1

]]></Node>
<StgValue><ssdm name="br_ln28"/></StgValue>
</operation>
</state>

<state id="2" st_id="2">

<operation id="6" st_id="2" stage="1" lat="1">
<core>NULL</core>
<MemPortIdVec></MemPortIdVec>
<condition id="-1">
<or_exp><and_exp></and_exp></or_exp>
</condition>

<Node id="9" bw="9" op_0_bw="9" op_1_bw="0" op_2_bw="9" op_3_bw="0">
<![CDATA[
:0  %t_V = phi i9 [ 0, %0 ], [ %n1_V, %3 ]

]]></Node>
<StgValue><ssdm name="t_V"/></StgValue>
</operation>

<operation id="7" st_id="2" stage="1" lat="1">
<core>NULL</core>
<MemPortIdVec></MemPortIdVec>
<condition id="-1">
<or_exp><and_exp></and_exp></or_exp>
</condition>

<Node id="10" bw="1" op_0_bw="1" op_1_bw="9" op_2_bw="32">
<![CDATA[
:1  %tmp = call i1 @_ssdm_op_BitSelect.i1.i9.i32(i9 %t_V, i32 8)

]]></Node>
<StgValue><ssdm name="tmp"/></StgValue>
</operation>

<operation id="8" st_id="2" stage="1" lat="1">
<core>NULL</core>
<MemPortIdVec></MemPortIdVec>
<condition id="-1">
<or_exp><and_exp></and_exp></or_exp>
</condition>

<Node id="11" bw="32" op_0_bw="32" op_1_bw="64" op_2_bw="64" op_3_bw="64">
<![CDATA[
:2  %empty = call i32 (...)* @_ssdm_op_SpecLoopTripCount(i64 1, i64 256, i64 128)

]]></Node>
<StgValue><ssdm name="empty"/></StgValue>
</operation>

<operation id="9" st_id="2" stage="1" lat="1">
<core>AddSub</core>
<MemPortIdVec></MemPortIdVec>
<condition id="-1">
<or_exp><and_exp></and_exp></or_exp>
</condition>

<Node id="12" bw="9" op_0_bw="9" op_1_bw="9">
<![CDATA[
:3  %n1_V = add i9 %t_V, 1

]]></Node>
<StgValue><ssdm name="n1_V"/></StgValue>
</operation>

<operation id="10" st_id="2" stage="1" lat="1">
<core>NULL</core>
<MemPortIdVec></MemPortIdVec>
<condition id="-1">
<or_exp><and_exp></and_exp></or_exp>
</condition>

<Node id="13" bw="0" op_0_bw="1" op_1_bw="0" op_2_bw="0">
<![CDATA[
:4  br i1 %tmp, label %.loopexit, label %2

]]></Node>
<StgValue><ssdm name="br_ln28"/></StgValue>
</operation>

<operation id="11" st_id="2" stage="1" lat="1">
<core>NULL</core>
<MemPortIdVec></MemPortIdVec>
<condition id="-1">
<or_exp><and_exp><literal name="tmp" val="0"/>
</and_exp></or_exp>
</condition>

<Node id="15" bw="0" op_0_bw="0" op_1_bw="0">
<![CDATA[
:0  call void (...)* @_ssdm_op_SpecLoopName([25 x i8]* @p_str2) nounwind

]]></Node>
<StgValue><ssdm name="specloopname_ln28"/></StgValue>
</operation>

<operation id="12" st_id="2" stage="1" lat="1">
<core>Cmp</core>
<MemPortIdVec></MemPortIdVec>
<condition id="-1">
<or_exp><and_exp><literal name="tmp" val="0"/>
</and_exp></or_exp>
</condition>

<Node id="16" bw="1" op_0_bw="9" op_1_bw="9">
<![CDATA[
:1  %icmp_ln887 = icmp ult i9 %t_V, %no_variables_V_read_1

]]></Node>
<StgValue><ssdm name="icmp_ln887"/></StgValue>
</operation>

<operation id="13" st_id="2" stage="1" lat="1">
<core>NULL</core>
<MemPortIdVec></MemPortIdVec>
<condition id="-1">
<or_exp><and_exp><literal name="tmp" val="0"/>
</and_exp></or_exp>
</condition>

<Node id="17" bw="0" op_0_bw="1" op_1_bw="0" op_2_bw="0">
<![CDATA[
:2  br i1 %icmp_ln887, label %3, label %.loopexit

]]></Node>
<StgValue><ssdm name="br_ln29"/></StgValue>
</operation>

<operation id="14" st_id="2" stage="1" lat="1">
<core>NULL</core>
<MemPortIdVec></MemPortIdVec>
<condition id="-1">
<or_exp><and_exp><literal name="tmp" val="0"/>
<literal name="icmp_ln887" val="1"/>
</and_exp></or_exp>
</condition>

<Node id="19" bw="64" op_0_bw="9">
<![CDATA[
:0  %zext_ln544 = zext i9 %t_V to i64

]]></Node>
<StgValue><ssdm name="zext_ln544"/></StgValue>
</operation>

<operation id="15" st_id="2" stage="1" lat="1">
<core>AXI4Stream</core>
<MemPortIdVec></MemPortIdVec>
<condition id="-1">
<or_exp><and_exp><literal name="tmp" val="0"/>
<literal name="icmp_ln887" val="1"/>
</and_exp></or_exp>
</condition>

<Node id="20" bw="17" op_0_bw="17" op_1_bw="16" op_2_bw="1">
<![CDATA[
:1  %empty_21 = call { i16, i1 } @_ssdm_op_Read.axis.volatile.i16P.i1P(i16* %training_matrix_V_data_V, i1* %training_matrix_V_last)

]]></Node>
<StgValue><ssdm name="empty_21"/></StgValue>
</operation>

<operation id="16" st_id="2" stage="1" lat="1">
<core>NULL</core>
<MemPortIdVec></MemPortIdVec>
<condition id="-1">
<or_exp><and_exp><literal name="tmp" val="0"/>
<literal name="icmp_ln887" val="1"/>
</and_exp></or_exp>
</condition>

<Node id="21" bw="16" op_0_bw="17">
<![CDATA[
:2  %tmp_data_V = extractvalue { i16, i1 } %empty_21, 0

]]></Node>
<StgValue><ssdm name="tmp_data_V"/></StgValue>
</operation>

<operation id="17" st_id="2" stage="1" lat="1">
<core>NULL</core>
<MemPortIdVec></MemPortIdVec>
<condition id="-1">
<or_exp><and_exp><literal name="tmp" val="0"/>
<literal name="icmp_ln887" val="1"/>
</and_exp></or_exp>
</condition>

<Node id="22" bw="8" op_0_bw="16" op_1_bw="64" op_2_bw="64">
<![CDATA[
:3  %x_q_V_addr = getelementptr [256 x i16]* %x_q_V, i64 0, i64 %zext_ln544

]]></Node>
<StgValue><ssdm name="x_q_V_addr"/></StgValue>
</operation>

<operation id="18" st_id="2" stage="1" lat="1">
<core>RAM</core>
<MemPortIdVec>0 </MemPortIdVec>
<condition id="-1">
<or_exp><and_exp><literal name="tmp" val="0"/>
<literal name="icmp_ln887" val="1"/>
</and_exp></or_exp>
</condition>

<Node id="23" bw="0" op_0_bw="16" op_1_bw="8">
<![CDATA[
:4  store i16 %tmp_data_V, i16* %x_q_V_addr, align 2

]]></Node>
<StgValue><ssdm name="store_ln30"/></StgValue>
</operation>

<operation id="19" st_id="2" stage="1" lat="1">
<core>NULL</core>
<MemPortIdVec></MemPortIdVec>
<condition id="-1">
<or_exp><and_exp><literal name="tmp" val="0"/>
<literal name="icmp_ln887" val="1"/>
</and_exp></or_exp>
</condition>

<Node id="24" bw="0" op_0_bw="0">
<![CDATA[
:5  br label %1

]]></Node>
<StgValue><ssdm name="br_ln28"/></StgValue>
</operation>

<operation id="20" st_id="2" stage="1" lat="1">
<core>NULL</core>
<MemPortIdVec></MemPortIdVec>
<condition id="-1">
<or_exp><and_exp><literal name="icmp_ln887" val="0"/>
</and_exp><and_exp><literal name="tmp" val="1"/>
</and_exp></or_exp>
</condition>

<Node id="26" bw="0">
<![CDATA[
.loopexit:0  ret void

]]></Node>
<StgValue><ssdm name="ret_ln37"/></StgValue>
</operation>
</state>
</state_list>


<ports>
<port id="23" name="training_matrix_V_data_V" dir="0" iftype="0">
<core>NULL</core><StgValue><ssdm name="training_matrix_V_data_V"/></StgValue>
</port>
<port id="24" name="training_matrix_V_last" dir="0" iftype="0">
<core>NULL</core><StgValue><ssdm name="training_matrix_V_last"/></StgValue>
</port>
<port id="25" name="x_q_V" dir="1" iftype="1">
<core>RAM</core><StgValue><ssdm name="x_q_V"/><MemPortTyVec>0 3 </MemPortTyVec>
</StgValue>
</port>
<port id="26" name="no_variables_V_read" dir="0" iftype="0">
<core>NULL</core><StgValue><ssdm name="no_variables_V_read"/></StgValue>
</port>
</ports>


<dataflows>
<dataflow id="28" from="_ssdm_op_SpecInterface" to="specinterface_ln0" fromId="27" toId="3">
</dataflow>
<dataflow id="29" from="training_matrix_V_data_V" to="specinterface_ln0" fromId="23" toId="3">
</dataflow>
<dataflow id="30" from="training_matrix_V_last" to="specinterface_ln0" fromId="24" toId="3">
</dataflow>
<dataflow id="32" from="p_str7" to="specinterface_ln0" fromId="31" toId="3">
</dataflow>
<dataflow id="34" from="StgValue_33" to="specinterface_ln0" fromId="33" toId="3">
</dataflow>
<dataflow id="35" from="StgValue_33" to="specinterface_ln0" fromId="33" toId="3">
</dataflow>
<dataflow id="37" from="p_str8" to="specinterface_ln0" fromId="36" toId="3">
</dataflow>
<dataflow id="38" from="StgValue_33" to="specinterface_ln0" fromId="33" toId="3">
</dataflow>
<dataflow id="39" from="StgValue_33" to="specinterface_ln0" fromId="33" toId="3">
</dataflow>
<dataflow id="41" from="p_str1" to="specinterface_ln0" fromId="40" toId="3">
</dataflow>
<dataflow id="42" from="p_str1" to="specinterface_ln0" fromId="40" toId="3">
</dataflow>
<dataflow id="43" from="p_str1" to="specinterface_ln0" fromId="40" toId="3">
</dataflow>
<dataflow id="44" from="StgValue_33" to="specinterface_ln0" fromId="33" toId="3">
</dataflow>
<dataflow id="45" from="StgValue_33" to="specinterface_ln0" fromId="33" toId="3">
</dataflow>
<dataflow id="46" from="StgValue_33" to="specinterface_ln0" fromId="33" toId="3">
</dataflow>
<dataflow id="47" from="StgValue_33" to="specinterface_ln0" fromId="33" toId="3">
</dataflow>
<dataflow id="48" from="p_str1" to="specinterface_ln0" fromId="40" toId="3">
</dataflow>
<dataflow id="49" from="p_str1" to="specinterface_ln0" fromId="40" toId="3">
</dataflow>
<dataflow id="51" from="_ssdm_op_Read.ap_auto.i9" to="no_variables_V_read_1" fromId="50" toId="4">
</dataflow>
<dataflow id="52" from="no_variables_V_read" to="no_variables_V_read_1" fromId="26" toId="4">
</dataflow>
<dataflow id="54" from="StgValue_53" to="t_V" fromId="53" toId="6">
<condition id="-1">
<or_exp><and_exp></and_exp></or_exp>
</condition>
</dataflow>
<dataflow id="55" from="br_ln28" to="t_V" fromId="5" toId="6">
</dataflow>
<dataflow id="56" from="n1_V" to="t_V" fromId="9" toId="6">
<BackEdge/>
<condition id="-1">
<or_exp><and_exp><literal name="tmp" val="0"/>
<literal name="icmp_ln887" val="1"/>
</and_exp></or_exp>
</condition>
</dataflow>
<dataflow id="57" from="br_ln28" to="t_V" fromId="19" toId="6">
<BackEdge/>
</dataflow>
<dataflow id="59" from="_ssdm_op_BitSelect.i1.i9.i32" to="tmp" fromId="58" toId="7">
</dataflow>
<dataflow id="60" from="t_V" to="tmp" fromId="6" toId="7">
</dataflow>
<dataflow id="62" from="StgValue_61" to="tmp" fromId="61" toId="7">
</dataflow>
<dataflow id="64" from="_ssdm_op_SpecLoopTripCount" to="empty" fromId="63" toId="8">
</dataflow>
<dataflow id="66" from="StgValue_65" to="empty" fromId="65" toId="8">
</dataflow>
<dataflow id="68" from="StgValue_67" to="empty" fromId="67" toId="8">
</dataflow>
<dataflow id="70" from="StgValue_69" to="empty" fromId="69" toId="8">
</dataflow>
<dataflow id="71" from="t_V" to="n1_V" fromId="6" toId="9">
</dataflow>
<dataflow id="73" from="StgValue_72" to="n1_V" fromId="72" toId="9">
</dataflow>
<dataflow id="74" from="tmp" to="br_ln28" fromId="7" toId="10">
</dataflow>
<dataflow id="76" from="_ssdm_op_SpecLoopName" to="specloopname_ln28" fromId="75" toId="11">
</dataflow>
<dataflow id="78" from="p_str2" to="specloopname_ln28" fromId="77" toId="11">
</dataflow>
<dataflow id="79" from="t_V" to="icmp_ln887" fromId="6" toId="12">
</dataflow>
<dataflow id="80" from="no_variables_V_read_1" to="icmp_ln887" fromId="4" toId="12">
</dataflow>
<dataflow id="81" from="icmp_ln887" to="br_ln29" fromId="12" toId="13">
</dataflow>
<dataflow id="82" from="t_V" to="zext_ln544" fromId="6" toId="14">
</dataflow>
<dataflow id="84" from="_ssdm_op_Read.axis.volatile.i16P.i1P" to="empty_21" fromId="83" toId="15">
</dataflow>
<dataflow id="85" from="training_matrix_V_data_V" to="empty_21" fromId="23" toId="15">
</dataflow>
<dataflow id="86" from="training_matrix_V_last" to="empty_21" fromId="24" toId="15">
</dataflow>
<dataflow id="87" from="empty_21" to="tmp_data_V" fromId="15" toId="16">
</dataflow>
<dataflow id="88" from="x_q_V" to="x_q_V_addr" fromId="25" toId="17">
</dataflow>
<dataflow id="90" from="StgValue_89" to="x_q_V_addr" fromId="89" toId="17">
</dataflow>
<dataflow id="91" from="zext_ln544" to="x_q_V_addr" fromId="14" toId="17">
</dataflow>
<dataflow id="92" from="tmp_data_V" to="store_ln30" fromId="16" toId="18">
</dataflow>
<dataflow id="93" from="x_q_V_addr" to="store_ln30" fromId="17" toId="18">
</dataflow>
<dataflow id="94" from="tmp" to="StgValue_2" fromId="7" toId="2">
</dataflow>
<dataflow id="95" from="icmp_ln887" to="StgValue_2" fromId="12" toId="2">
</dataflow>
</dataflows>


</stg>
