<profile>

<section name = "Vivado HLS Report for 'get_training_vector'" level="0">
<item name = "Date">Mon Mar  9 21:31:06 2020
</item>
<item name = "Version">2019.1 (Build 2552052 on Fri May 24 15:28:33 MDT 2019)</item>
<item name = "Project">SMO_FULL_ZCU104</item>
<item name = "Solution">solution1</item>
<item name = "Product family">zynquplus</item>
<item name = "Target device">xczu7ev-ffvc1156-2-e</item>
</section>

<section name = "Performance Estimates" level="0">
<item name = "Timing (ns)">
<section name = "" level="1">
<item name = "Summary"><table name="" hasTotal="0">
<keys size="4">Clock, Target, Estimated, Uncertainty</keys>
<column name="ap_clk">10.00, 1.237, 1.25</column>
</table>
</item>
</section>
</item>
<item name = "Latency (clock cycles)">
<section name = "" level="1">
<item name = "Summary"><table name="" hasTotal="0">
<keys size="6">, min, max, min, max, Type</keys>
<column name="">2, 257, 2, 257, none</column>
</table>
</item>
<item name = "Detail">
<section name = "" level="1">
<item name = "Instance"><table name="" hasTotal="0">
<keys size="7">Instance, Module, min, max, min, max, Type</keys>
</table>
</item>
<item name = "Loop"><table name="" hasTotal="0">
<keys size="8">Loop Name, min, max, Latency, achieved, target, Count, Pipelined</keys>
<column name="- get_training_vector_loop">1, 256, 1, -, -, 1 ~ 256, no</column>
</table>
</item>
</section>
</item>
</section>
</item>
</section>

<section name = "Utilization Estimates" level="0">
<item name = "Summary"><table name="" hasTotal="1">
<keys size="6">Name, BRAM_18K, DSP48E, FF, LUT, URAM</keys>
<column name="DSP">-, -, -, -, -</column>
<column name="Expression">-, -, 0, 33, -</column>
<column name="FIFO">-, -, -, -, -</column>
<column name="Instance">-, -, -, -, -</column>
<column name="Memory">-, -, -, -, -</column>
<column name="Multiplexer">-, -, -, 33, -</column>
<column name="Register">-, -, 11, -, -</column>
<specialColumn name="Available">624, 1728, 460800, 230400, 96</specialColumn>
<specialColumn name="Utilization (%)">0, 0, ~0, ~0, 0</specialColumn>
</table>
</item>
<item name = "Detail">
<section name = "" level="1">
<item name = "Instance"><table name="" hasTotal="1">
<keys size="7">Instance, Module, BRAM_18K, DSP48E, FF, LUT, URAM</keys>
</table>
</item>
<item name = "DSP48E"><table name="" hasTotal="0">
<keys size="3">Instance, Module, Expression</keys>
</table>
</item>
<item name = "Memory"><table name="" hasTotal="1">
<keys size="10">Memory, Module, BRAM_18K, FF, LUT, URAM, Words, Bits, Banks, W*Bits*Banks</keys>
</table>
</item>
<item name = "FIFO"><table name="" hasTotal="1">
<keys size="8">Name, BRAM_18K, FF, LUT, URAM, Depth, Bits, Size:D*B</keys>
</table>
</item>
<item name = "Expression"><table name="" hasTotal="1">
<keys size="7">Variable Name, Operation, DSP48E, FF, LUT, Bitwidth P0, Bitwidth P1</keys>
<column name="n1_V_fu_90_p2">+, 0, 0, 16, 9, 1</column>
<column name="ap_block_state2">and, 0, 0, 2, 1, 1</column>
<column name="ap_predicate_op15_read_state2">and, 0, 0, 2, 1, 1</column>
<column name="icmp_ln887_fu_96_p2">icmp, 0, 0, 13, 9, 9</column>
</table>
</item>
<item name = "Multiplexer"><table name="" hasTotal="1">
<keys size="5">Name, LUT, Input Size, Bits, Total Bits</keys>
<column name="ap_NS_fsm">15, 3, 1, 3</column>
<column name="t_V_reg_71">9, 2, 9, 18</column>
<column name="training_matrices_inner_TDATA_blk_n">9, 2, 1, 2</column>
</table>
</item>
<item name = "Register"><table name="" hasTotal="1">
<keys size="5">Name, FF, LUT, Bits, Const Bits</keys>
<column name="ap_CS_fsm">2, 0, 2, 0</column>
<column name="t_V_reg_71">9, 0, 9, 0</column>
</table>
</item>
</section>
</item>
</section>

<section name = "Interface" level="0">
<item name = "Summary"><table name="" hasTotal="0">
<keys size="6">RTL Ports, Dir, Bits, Protocol, Source Object, C Type</keys>
<column name="ap_clk">in, 1, ap_ctrl_hs, get_training_vector, return value</column>
<column name="ap_rst">in, 1, ap_ctrl_hs, get_training_vector, return value</column>
<column name="ap_start">in, 1, ap_ctrl_hs, get_training_vector, return value</column>
<column name="ap_done">out, 1, ap_ctrl_hs, get_training_vector, return value</column>
<column name="ap_idle">out, 1, ap_ctrl_hs, get_training_vector, return value</column>
<column name="ap_ready">out, 1, ap_ctrl_hs, get_training_vector, return value</column>
<column name="training_matrices_inner_TDATA">in, 16, axis, training_matrix_V_data_V, pointer</column>
<column name="training_matrices_inner_TVALID">in, 1, axis, training_matrix_V_data_V, pointer</column>
<column name="training_matrices_inner_TREADY">out, 1, axis, training_matrix_V_last, pointer</column>
<column name="training_matrices_inner_TLAST">in, 1, axis, training_matrix_V_last, pointer</column>
<column name="x_q_V_address0">out, 8, ap_memory, x_q_V, array</column>
<column name="x_q_V_ce0">out, 1, ap_memory, x_q_V, array</column>
<column name="x_q_V_we0">out, 1, ap_memory, x_q_V, array</column>
<column name="x_q_V_d0">out, 16, ap_memory, x_q_V, array</column>
<column name="no_variables_V_read">in, 9, ap_none, no_variables_V_read, scalar</column>
</table>
</item>
</section>
</profile>
