<profile>

<section name = "Vivado HLS Report for 'get_u_k'" level="0">
<item name = "Date">Mon Mar  9 21:31:05 2020
</item>
<item name = "Version">2019.1 (Build 2552052 on Fri May 24 15:28:33 MDT 2019)</item>
<item name = "Project">SMO_FULL_ZCU104</item>
<item name = "Solution">solution1</item>
<item name = "Product family">zynquplus</item>
<item name = "Target device">xczu7ev-ffvc1156-2-e</item>
</section>

<section name = "Performance Estimates" level="0">
<item name = "Timing (ns)">
<section name = "" level="1">
<item name = "Summary"><table name="" hasTotal="0">
<keys size="4">Clock, Target, Estimated, Uncertainty</keys>
<column name="ap_clk">10.00, 8.067, 1.25</column>
</table>
</item>
</section>
</item>
<item name = "Latency (clock cycles)">
<section name = "" level="1">
<item name = "Summary"><table name="" hasTotal="0">
<keys size="6">, min, max, min, max, Type</keys>
<column name="">4, 20003, 4, 20003, none</column>
</table>
</item>
<item name = "Detail">
<section name = "" level="1">
<item name = "Instance"><table name="" hasTotal="0">
<keys size="7">Instance, Module, min, max, min, max, Type</keys>
</table>
</item>
<item name = "Loop"><table name="" hasTotal="0">
<keys size="8">Loop Name, min, max, Latency, achieved, target, Count, Pipelined</keys>
<column name="- u_k_accum">2, 20001, 3, 1, 1, 1 ~ 20000, yes</column>
</table>
</item>
</section>
</item>
</section>
</item>
</section>

<section name = "Utilization Estimates" level="0">
<item name = "Summary"><table name="" hasTotal="1">
<keys size="6">Name, BRAM_18K, DSP48E, FF, LUT, URAM</keys>
<column name="DSP">-, -, -, -, -</column>
<column name="Expression">-, 3, 0, 200, -</column>
<column name="FIFO">-, -, -, -, -</column>
<column name="Instance">-, -, -, -, -</column>
<column name="Memory">-, -, -, -, -</column>
<column name="Multiplexer">-, -, -, 66, -</column>
<column name="Register">-, -, 141, -, -</column>
<specialColumn name="Available">624, 1728, 460800, 230400, 96</specialColumn>
<specialColumn name="Utilization (%)">0, ~0, ~0, ~0, 0</specialColumn>
</table>
</item>
<item name = "Detail">
<section name = "" level="1">
<item name = "Instance"><table name="" hasTotal="1">
<keys size="7">Instance, Module, BRAM_18K, DSP48E, FF, LUT, URAM</keys>
</table>
</item>
<item name = "DSP48E"><table name="" hasTotal="0">
<keys size="3">Instance, Module, Expression</keys>
</table>
</item>
<item name = "Memory"><table name="" hasTotal="1">
<keys size="10">Memory, Module, BRAM_18K, FF, LUT, URAM, Words, Bits, Banks, W*Bits*Banks</keys>
</table>
</item>
<item name = "FIFO"><table name="" hasTotal="1">
<keys size="8">Name, BRAM_18K, FF, LUT, URAM, Depth, Bits, Size:D*B</keys>
</table>
</item>
<item name = "Expression"><table name="" hasTotal="1">
<keys size="7">Variable Name, Operation, DSP48E, FF, LUT, Bitwidth P0, Bitwidth P1</keys>
<column name="mul_ln1192_fu_189_p2">*, 3, 0, 22, 32, 34</column>
<column name="r_V_1_fu_176_p2">*, 0, 0, 20, 2, 32</column>
<column name="ap_return">+, 0, 0, 39, 32, 32</column>
<column name="n1_V_fu_143_p2">+, 0, 0, 22, 15, 1</column>
<column name="ret_V_fu_203_p2">+, 0, 0, 59, 52, 52</column>
<column name="ap_block_pp0_stage0_11001">and, 0, 0, 2, 1, 1</column>
<column name="ap_block_state2_pp0_stage0_iter0">and, 0, 0, 2, 1, 1</column>
<column name="ap_predicate_op27_read_state2">and, 0, 0, 2, 1, 1</column>
<column name="icmp_ln887_1_fu_153_p2">icmp, 0, 0, 13, 16, 16</column>
<column name="icmp_ln887_fu_137_p2">icmp, 0, 0, 13, 15, 15</column>
<column name="ap_predicate_tran2to5_state2">or, 0, 0, 2, 1, 1</column>
<column name="ap_enable_pp0">xor, 0, 0, 2, 1, 2</column>
<column name="ap_enable_reg_pp0_iter1">xor, 0, 0, 2, 2, 1</column>
</table>
</item>
<item name = "Multiplexer"><table name="" hasTotal="1">
<keys size="5">Name, LUT, Input Size, Bits, Total Bits</keys>
<column name="ap_NS_fsm">21, 4, 1, 4</column>
<column name="ap_enable_reg_pp0_iter1">9, 2, 1, 2</column>
<column name="ap_enable_reg_pp0_iter2">9, 2, 1, 2</column>
<column name="dot_product_matrices_inner_TDATA_blk_n">9, 2, 1, 2</column>
<column name="p_Val2_1_reg_114">9, 2, 32, 64</column>
<column name="t_V_reg_126">9, 2, 15, 30</column>
</table>
</item>
<item name = "Register"><table name="" hasTotal="1">
<keys size="5">Name, FF, LUT, Bits, Const Bits</keys>
<column name="ap_CS_fsm">3, 0, 3, 0</column>
<column name="ap_enable_reg_pp0_iter0">1, 0, 1, 0</column>
<column name="ap_enable_reg_pp0_iter1">1, 0, 1, 0</column>
<column name="ap_enable_reg_pp0_iter2">1, 0, 1, 0</column>
<column name="icmp_ln887_1_reg_242">1, 0, 1, 0</column>
<column name="icmp_ln887_1_reg_242_pp0_iter1_reg">1, 0, 1, 0</column>
<column name="icmp_ln887_reg_233">1, 0, 1, 0</column>
<column name="icmp_ln887_reg_233_pp0_iter1_reg">1, 0, 1, 0</column>
<column name="mul_ln1192_reg_261">52, 0, 52, 0</column>
<column name="p_Val2_1_reg_114">32, 0, 32, 0</column>
<column name="t_V_reg_126">15, 0, 15, 0</column>
<column name="tmp_data_V_reg_256">32, 0, 32, 0</column>
</table>
</item>
</section>
</item>
</section>

<section name = "Interface" level="0">
<item name = "Summary"><table name="" hasTotal="0">
<keys size="6">RTL Ports, Dir, Bits, Protocol, Source Object, C Type</keys>
<column name="ap_clk">in, 1, ap_ctrl_hs, get_u_k, return value</column>
<column name="ap_rst">in, 1, ap_ctrl_hs, get_u_k, return value</column>
<column name="ap_start">in, 1, ap_ctrl_hs, get_u_k, return value</column>
<column name="ap_done">out, 1, ap_ctrl_hs, get_u_k, return value</column>
<column name="ap_idle">out, 1, ap_ctrl_hs, get_u_k, return value</column>
<column name="ap_ready">out, 1, ap_ctrl_hs, get_u_k, return value</column>
<column name="ap_return">out, 32, ap_ctrl_hs, get_u_k, return value</column>
<column name="dot_product_matrices_inner_TDATA">in, 32, axis, dot_product_matrix_V_data_V, pointer</column>
<column name="dot_product_matrices_inner_TVALID">in, 1, axis, dot_product_matrix_V_data_V, pointer</column>
<column name="dot_product_matrices_inner_TREADY">out, 1, axis, dot_product_matrix_V_last, pointer</column>
<column name="dot_product_matrices_inner_TLAST">in, 1, axis, dot_product_matrix_V_last, pointer</column>
<column name="y_V_address0">out, 15, ap_memory, y_V, array</column>
<column name="y_V_ce0">out, 1, ap_memory, y_V, array</column>
<column name="y_V_q0">in, 2, ap_memory, y_V, array</column>
<column name="alpha_data_V_address0">out, 15, ap_memory, alpha_data_V, array</column>
<column name="alpha_data_V_ce0">out, 1, ap_memory, alpha_data_V, array</column>
<column name="alpha_data_V_q0">in, 32, ap_memory, alpha_data_V, array</column>
<column name="no_training_vectors_s">in, 16, ap_none, no_training_vectors_s, scalar</column>
<column name="offset_V_read">in, 32, ap_none, offset_V_read, scalar</column>
</table>
</item>
</section>
</profile>
