<stg><name>get_u_k</name>


<trans_list>

<trans id="44" from="1" to="2">
<condition id="-1">
<or_exp><and_exp></and_exp></or_exp>
</condition>
</trans>

<trans id="54" from="2" to="5">
<condition id="-1">
<or_exp><and_exp><literal name="icmp_ln887_1" val="0"/>
</and_exp><and_exp><literal name="icmp_ln887" val="1"/>
</and_exp></or_exp>
</condition>
</trans>

<trans id="55" from="2" to="3">
<condition id="-1">
<or_exp><and_exp><literal name="icmp_ln887" val="0"/>
<literal name="icmp_ln887_1" val="1"/>
</and_exp></or_exp>
</condition>
</trans>

<trans id="52" from="3" to="4">
<condition id="-1">
<or_exp><and_exp></and_exp></or_exp>
</condition>
</trans>

<trans id="53" from="4" to="2">
<condition id="-1">
<or_exp><and_exp></and_exp></or_exp>
</condition>
</trans>
</trans_list>



<state_list>

<state id="1" st_id="1">

<operation id="6" st_id="1" stage="1" lat="1">
<core>NULL</core>
<MemPortIdVec></MemPortIdVec>
<condition id="-1">
<or_exp><and_exp></and_exp></or_exp>
</condition>

<Node id="7" bw="0" op_0_bw="0" op_1_bw="32" op_2_bw="1" op_3_bw="0" op_4_bw="32" op_5_bw="32" op_6_bw="0" op_7_bw="32" op_8_bw="32" op_9_bw="0" op_10_bw="0" op_11_bw="0" op_12_bw="32" op_13_bw="32" op_14_bw="32" op_15_bw="32" op_16_bw="0" op_17_bw="0">
<![CDATA[
:0  call void (...)* @_ssdm_op_SpecInterface(i32* %dot_product_matrix_V_data_V, i1* %dot_product_matrix_V_last, [5 x i8]* @p_str7, i32 0, i32 0, [5 x i8]* @p_str8, i32 0, i32 0, [1 x i8]* @p_str1, [1 x i8]* @p_str1, [1 x i8]* @p_str1, i32 0, i32 0, i32 0, i32 0, [1 x i8]* @p_str1, [1 x i8]* @p_str1) nounwind

]]></Node>
<StgValue><ssdm name="specinterface_ln0"/></StgValue>
</operation>

<operation id="7" st_id="1" stage="1" lat="1">
<core>NULL</core>
<MemPortIdVec></MemPortIdVec>
<condition id="-1">
<or_exp><and_exp></and_exp></or_exp>
</condition>

<Node id="8" bw="32" op_0_bw="32" op_1_bw="32">
<![CDATA[
:1  %offset_V_read_1 = call i32 @_ssdm_op_Read.ap_auto.i32(i32 %offset_V_read)

]]></Node>
<StgValue><ssdm name="offset_V_read_1"/></StgValue>
</operation>

<operation id="8" st_id="1" stage="1" lat="1">
<core>NULL</core>
<MemPortIdVec></MemPortIdVec>
<condition id="-1">
<or_exp><and_exp></and_exp></or_exp>
</condition>

<Node id="9" bw="16" op_0_bw="16" op_1_bw="16">
<![CDATA[
:2  %no_training_vectors_1 = call i16 @_ssdm_op_Read.ap_auto.i16(i16 %no_training_vectors_s)

]]></Node>
<StgValue><ssdm name="no_training_vectors_1"/></StgValue>
</operation>

<operation id="9" st_id="1" stage="1" lat="1">
<core>NULL</core>
<MemPortIdVec></MemPortIdVec>
<condition id="-1">
<or_exp><and_exp></and_exp></or_exp>
</condition>

<Node id="10" bw="0" op_0_bw="0">
<![CDATA[
:3  br label %1

]]></Node>
<StgValue><ssdm name="br_ln51"/></StgValue>
</operation>
</state>

<state id="2" st_id="2">

<operation id="10" st_id="2" stage="1" lat="1">
<core>NULL</core>
<MemPortIdVec></MemPortIdVec>
<condition id="-1">
<or_exp><and_exp></and_exp></or_exp>
</condition>

<Node id="12" bw="32" op_0_bw="32" op_1_bw="0" op_2_bw="32" op_3_bw="0">
<![CDATA[
:0  %p_Val2_1 = phi i32 [ 0, %0 ], [ %accumulator_V, %u_k_accum_end ]

]]></Node>
<StgValue><ssdm name="p_Val2_1"/></StgValue>
</operation>

<operation id="11" st_id="2" stage="1" lat="1">
<core>NULL</core>
<MemPortIdVec></MemPortIdVec>
<condition id="-1">
<or_exp><and_exp></and_exp></or_exp>
</condition>

<Node id="13" bw="15" op_0_bw="15" op_1_bw="0" op_2_bw="15" op_3_bw="0">
<![CDATA[
:1  %t_V = phi i15 [ 0, %0 ], [ %n1_V, %u_k_accum_end ]

]]></Node>
<StgValue><ssdm name="t_V"/></StgValue>
</operation>

<operation id="12" st_id="2" stage="1" lat="1">
<core>Cmp</core>
<MemPortIdVec></MemPortIdVec>
<condition id="-1">
<or_exp><and_exp></and_exp></or_exp>
</condition>

<Node id="14" bw="1" op_0_bw="15" op_1_bw="15">
<![CDATA[
:2  %icmp_ln887 = icmp eq i15 %t_V, -12768

]]></Node>
<StgValue><ssdm name="icmp_ln887"/></StgValue>
</operation>

<operation id="13" st_id="2" stage="1" lat="1">
<core>NULL</core>
<MemPortIdVec></MemPortIdVec>
<condition id="-1">
<or_exp><and_exp></and_exp></or_exp>
</condition>

<Node id="15" bw="32" op_0_bw="32" op_1_bw="64" op_2_bw="64" op_3_bw="64">
<![CDATA[
:3  %empty = call i32 (...)* @_ssdm_op_SpecLoopTripCount(i64 1, i64 20000, i64 10000)

]]></Node>
<StgValue><ssdm name="empty"/></StgValue>
</operation>

<operation id="14" st_id="2" stage="1" lat="1">
<core>AddSub</core>
<MemPortIdVec></MemPortIdVec>
<condition id="-1">
<or_exp><and_exp></and_exp></or_exp>
</condition>

<Node id="16" bw="15" op_0_bw="15" op_1_bw="15">
<![CDATA[
:4  %n1_V = add i15 %t_V, 1

]]></Node>
<StgValue><ssdm name="n1_V"/></StgValue>
</operation>

<operation id="15" st_id="2" stage="1" lat="1">
<core>NULL</core>
<MemPortIdVec></MemPortIdVec>
<condition id="-1">
<or_exp><and_exp></and_exp></or_exp>
</condition>

<Node id="17" bw="0" op_0_bw="1" op_1_bw="0" op_2_bw="0">
<![CDATA[
:5  br i1 %icmp_ln887, label %.loopexit, label %u_k_accum_begin

]]></Node>
<StgValue><ssdm name="br_ln51"/></StgValue>
</operation>

<operation id="16" st_id="2" stage="1" lat="1">
<core>NULL</core>
<MemPortIdVec></MemPortIdVec>
<condition id="-1">
<or_exp><and_exp><literal name="icmp_ln887" val="0"/>
</and_exp></or_exp>
</condition>

<Node id="19" bw="16" op_0_bw="15">
<![CDATA[
u_k_accum_begin:0  %zext_ln887 = zext i15 %t_V to i16

]]></Node>
<StgValue><ssdm name="zext_ln887"/></StgValue>
</operation>

<operation id="17" st_id="2" stage="1" lat="1">
<core>NULL</core>
<MemPortIdVec></MemPortIdVec>
<condition id="-1">
<or_exp><and_exp><literal name="icmp_ln887" val="0"/>
</and_exp></or_exp>
</condition>

<Node id="20" bw="0" op_0_bw="0" op_1_bw="0">
<![CDATA[
u_k_accum_begin:1  call void (...)* @_ssdm_op_SpecLoopName([10 x i8]* @p_str3) nounwind

]]></Node>
<StgValue><ssdm name="specloopname_ln51"/></StgValue>
</operation>

<operation id="18" st_id="2" stage="1" lat="1">
<core>NULL</core>
<MemPortIdVec></MemPortIdVec>
<condition id="-1">
<or_exp><and_exp><literal name="icmp_ln887" val="0"/>
</and_exp></or_exp>
</condition>

<Node id="21" bw="32" op_0_bw="32" op_1_bw="0">
<![CDATA[
u_k_accum_begin:2  %tmp = call i32 (...)* @_ssdm_op_SpecRegionBegin([10 x i8]* @p_str3)

]]></Node>
<StgValue><ssdm name="tmp"/></StgValue>
</operation>

<operation id="19" st_id="2" stage="1" lat="1">
<core>NULL</core>
<MemPortIdVec></MemPortIdVec>
<condition id="-1">
<or_exp><and_exp><literal name="icmp_ln887" val="0"/>
</and_exp></or_exp>
</condition>

<Node id="22" bw="0" op_0_bw="0" op_1_bw="32" op_2_bw="32" op_3_bw="32" op_4_bw="32" op_5_bw="0">
<![CDATA[
u_k_accum_begin:3  call void (...)* @_ssdm_op_SpecPipeline(i32 -1, i32 1, i32 1, i32 0, [1 x i8]* @p_str1) nounwind

]]></Node>
<StgValue><ssdm name="specpipeline_ln52"/></StgValue>
</operation>

<operation id="20" st_id="2" stage="1" lat="1">
<core>Cmp</core>
<MemPortIdVec></MemPortIdVec>
<condition id="-1">
<or_exp><and_exp><literal name="icmp_ln887" val="0"/>
</and_exp></or_exp>
</condition>

<Node id="23" bw="1" op_0_bw="16" op_1_bw="16">
<![CDATA[
u_k_accum_begin:4  %icmp_ln887_1 = icmp ult i16 %zext_ln887, %no_training_vectors_1

]]></Node>
<StgValue><ssdm name="icmp_ln887_1"/></StgValue>
</operation>

<operation id="21" st_id="2" stage="1" lat="1">
<core>NULL</core>
<MemPortIdVec></MemPortIdVec>
<condition id="-1">
<or_exp><and_exp><literal name="icmp_ln887" val="0"/>
</and_exp></or_exp>
</condition>

<Node id="24" bw="0" op_0_bw="1" op_1_bw="0" op_2_bw="0">
<![CDATA[
u_k_accum_begin:5  br i1 %icmp_ln887_1, label %u_k_accum_end, label %.loopexit

]]></Node>
<StgValue><ssdm name="br_ln53"/></StgValue>
</operation>

<operation id="22" st_id="2" stage="1" lat="1">
<core>NULL</core>
<MemPortIdVec></MemPortIdVec>
<condition id="-1">
<or_exp><and_exp><literal name="icmp_ln887" val="0"/>
<literal name="icmp_ln887_1" val="1"/>
</and_exp></or_exp>
</condition>

<Node id="26" bw="64" op_0_bw="15">
<![CDATA[
u_k_accum_end:0  %zext_ln544 = zext i15 %t_V to i64

]]></Node>
<StgValue><ssdm name="zext_ln544"/></StgValue>
</operation>

<operation id="23" st_id="2" stage="1" lat="1">
<core>NULL</core>
<MemPortIdVec></MemPortIdVec>
<condition id="-1">
<or_exp><and_exp><literal name="icmp_ln887" val="0"/>
<literal name="icmp_ln887_1" val="1"/>
</and_exp></or_exp>
</condition>

<Node id="27" bw="15" op_0_bw="2" op_1_bw="64" op_2_bw="64">
<![CDATA[
u_k_accum_end:1  %y_V_addr = getelementptr [20000 x i2]* %y_V, i64 0, i64 %zext_ln544

]]></Node>
<StgValue><ssdm name="y_V_addr"/></StgValue>
</operation>

<operation id="24" st_id="2" stage="2" lat="2">
<core>RAM</core>
<MemPortIdVec>0 </MemPortIdVec>
<condition id="-1">
<or_exp><and_exp><literal name="icmp_ln887" val="0"/>
<literal name="icmp_ln887_1" val="1"/>
</and_exp></or_exp>
</condition>

<Node id="28" bw="2" op_0_bw="15">
<![CDATA[
u_k_accum_end:2  %tmp_V = load i2* %y_V_addr, align 1

]]></Node>
<StgValue><ssdm name="tmp_V"/></StgValue>
</operation>

<operation id="25" st_id="2" stage="1" lat="1">
<core>NULL</core>
<MemPortIdVec></MemPortIdVec>
<condition id="-1">
<or_exp><and_exp><literal name="icmp_ln887" val="0"/>
<literal name="icmp_ln887_1" val="1"/>
</and_exp></or_exp>
</condition>

<Node id="29" bw="15" op_0_bw="32" op_1_bw="64" op_2_bw="64">
<![CDATA[
u_k_accum_end:3  %alpha_data_V_addr = getelementptr [20000 x i32]* %alpha_data_V, i64 0, i64 %zext_ln544

]]></Node>
<StgValue><ssdm name="alpha_data_V_addr"/></StgValue>
</operation>

<operation id="26" st_id="2" stage="2" lat="2">
<core>RAM</core>
<MemPortIdVec>0 </MemPortIdVec>
<condition id="-1">
<or_exp><and_exp><literal name="icmp_ln887" val="0"/>
<literal name="icmp_ln887_1" val="1"/>
</and_exp></or_exp>
</condition>

<Node id="30" bw="32" op_0_bw="15">
<![CDATA[
u_k_accum_end:4  %alpha_data_V_load = load i32* %alpha_data_V_addr, align 4

]]></Node>
<StgValue><ssdm name="alpha_data_V_load"/></StgValue>
</operation>

<operation id="27" st_id="2" stage="1" lat="1">
<core>AXI4Stream</core>
<MemPortIdVec></MemPortIdVec>
<condition id="-1">
<or_exp><and_exp><literal name="icmp_ln887" val="0"/>
<literal name="icmp_ln887_1" val="1"/>
</and_exp></or_exp>
</condition>

<Node id="34" bw="33" op_0_bw="33" op_1_bw="32" op_2_bw="1">
<![CDATA[
u_k_accum_end:8  %empty_19 = call { i32, i1 } @_ssdm_op_Read.axis.volatile.i32P.i1P(i32* %dot_product_matrix_V_data_V, i1* %dot_product_matrix_V_last)

]]></Node>
<StgValue><ssdm name="empty_19"/></StgValue>
</operation>

<operation id="28" st_id="2" stage="1" lat="1">
<core>NULL</core>
<MemPortIdVec></MemPortIdVec>
<condition id="-1">
<or_exp><and_exp><literal name="icmp_ln887" val="0"/>
<literal name="icmp_ln887_1" val="1"/>
</and_exp></or_exp>
</condition>

<Node id="35" bw="32" op_0_bw="33">
<![CDATA[
u_k_accum_end:9  %tmp_data_V = extractvalue { i32, i1 } %empty_19, 0

]]></Node>
<StgValue><ssdm name="tmp_data_V"/></StgValue>
</operation>
</state>

<state id="3" st_id="3">

<operation id="29" st_id="3" stage="1" lat="2">
<core>RAM</core>
<MemPortIdVec>0 </MemPortIdVec>
<condition id="-1">
<or_exp><and_exp><literal name="icmp_ln887" val="0"/>
<literal name="icmp_ln887_1" val="1"/>
</and_exp></or_exp>
</condition>

<Node id="28" bw="2" op_0_bw="15">
<![CDATA[
u_k_accum_end:2  %tmp_V = load i2* %y_V_addr, align 1

]]></Node>
<StgValue><ssdm name="tmp_V"/></StgValue>
</operation>

<operation id="30" st_id="3" stage="1" lat="2">
<core>RAM</core>
<MemPortIdVec>0 </MemPortIdVec>
<condition id="-1">
<or_exp><and_exp><literal name="icmp_ln887" val="0"/>
<literal name="icmp_ln887_1" val="1"/>
</and_exp></or_exp>
</condition>

<Node id="30" bw="32" op_0_bw="15">
<![CDATA[
u_k_accum_end:4  %alpha_data_V_load = load i32* %alpha_data_V_addr, align 4

]]></Node>
<StgValue><ssdm name="alpha_data_V_load"/></StgValue>
</operation>

<operation id="31" st_id="3" stage="1" lat="1">
<core>NULL</core>
<MemPortIdVec></MemPortIdVec>
<condition id="-1">
<or_exp><and_exp><literal name="icmp_ln887" val="0"/>
<literal name="icmp_ln887_1" val="1"/>
</and_exp></or_exp>
</condition>

<Node id="31" bw="34" op_0_bw="32">
<![CDATA[
u_k_accum_end:5  %r_V = sext i32 %alpha_data_V_load to i34

]]></Node>
<StgValue><ssdm name="r_V"/></StgValue>
</operation>

<operation id="32" st_id="3" stage="1" lat="1">
<core>NULL</core>
<MemPortIdVec></MemPortIdVec>
<condition id="-1">
<or_exp><and_exp><literal name="icmp_ln887" val="0"/>
<literal name="icmp_ln887_1" val="1"/>
</and_exp></or_exp>
</condition>

<Node id="32" bw="34" op_0_bw="2">
<![CDATA[
u_k_accum_end:6  %sext_ln1118 = sext i2 %tmp_V to i34

]]></Node>
<StgValue><ssdm name="sext_ln1118"/></StgValue>
</operation>

<operation id="33" st_id="3" stage="1" lat="1">
<core>Mul</core>
<MemPortIdVec></MemPortIdVec>
<condition id="-1">
<or_exp><and_exp><literal name="icmp_ln887" val="0"/>
<literal name="icmp_ln887_1" val="1"/>
</and_exp></or_exp>
</condition>

<Node id="33" bw="34" op_0_bw="34" op_1_bw="34">
<![CDATA[
u_k_accum_end:7  %r_V_1 = mul nsw i34 %sext_ln1118, %r_V

]]></Node>
<StgValue><ssdm name="r_V_1"/></StgValue>
</operation>

<operation id="34" st_id="3" stage="1" lat="1">
<core>NULL</core>
<MemPortIdVec></MemPortIdVec>
<condition id="-1">
<or_exp><and_exp><literal name="icmp_ln887" val="0"/>
<literal name="icmp_ln887_1" val="1"/>
</and_exp></or_exp>
</condition>

<Node id="36" bw="52" op_0_bw="34">
<![CDATA[
u_k_accum_end:10  %sext_ln1192 = sext i34 %r_V_1 to i52

]]></Node>
<StgValue><ssdm name="sext_ln1192"/></StgValue>
</operation>

<operation id="35" st_id="3" stage="1" lat="1">
<core>NULL</core>
<MemPortIdVec></MemPortIdVec>
<condition id="-1">
<or_exp><and_exp><literal name="icmp_ln887" val="0"/>
<literal name="icmp_ln887_1" val="1"/>
</and_exp></or_exp>
</condition>

<Node id="37" bw="52" op_0_bw="32">
<![CDATA[
u_k_accum_end:11  %sext_ln1192_1 = sext i32 %tmp_data_V to i52

]]></Node>
<StgValue><ssdm name="sext_ln1192_1"/></StgValue>
</operation>

<operation id="36" st_id="3" stage="1" lat="1">
<core>Mul</core>
<MemPortIdVec></MemPortIdVec>
<condition id="-1">
<or_exp><and_exp><literal name="icmp_ln887" val="0"/>
<literal name="icmp_ln887_1" val="1"/>
</and_exp></or_exp>
</condition>

<Node id="38" bw="52" op_0_bw="52" op_1_bw="52">
<![CDATA[
u_k_accum_end:12  %mul_ln1192 = mul i52 %sext_ln1192_1, %sext_ln1192

]]></Node>
<StgValue><ssdm name="mul_ln1192"/></StgValue>
</operation>
</state>

<state id="4" st_id="4">

<operation id="37" st_id="4" stage="1" lat="1">
<core>NULL</core>
<MemPortIdVec></MemPortIdVec>
<condition id="-1">
<or_exp><and_exp><literal name="icmp_ln887" val="0"/>
<literal name="icmp_ln887_1" val="1"/>
</and_exp></or_exp>
</condition>

<Node id="39" bw="52" op_0_bw="52" op_1_bw="32" op_2_bw="20">
<![CDATA[
u_k_accum_end:13  %lhs_V = call i52 @_ssdm_op_BitConcatenate.i52.i32.i20(i32 %p_Val2_1, i20 0)

]]></Node>
<StgValue><ssdm name="lhs_V"/></StgValue>
</operation>

<operation id="38" st_id="4" stage="1" lat="1">
<core>AddSub</core>
<MemPortIdVec></MemPortIdVec>
<condition id="-1">
<or_exp><and_exp><literal name="icmp_ln887" val="0"/>
<literal name="icmp_ln887_1" val="1"/>
</and_exp></or_exp>
</condition>

<Node id="40" bw="52" op_0_bw="52" op_1_bw="52">
<![CDATA[
u_k_accum_end:14  %ret_V = add i52 %mul_ln1192, %lhs_V

]]></Node>
<StgValue><ssdm name="ret_V"/></StgValue>
</operation>

<operation id="39" st_id="4" stage="1" lat="1">
<core>NULL</core>
<MemPortIdVec></MemPortIdVec>
<condition id="-1">
<or_exp><and_exp><literal name="icmp_ln887" val="0"/>
<literal name="icmp_ln887_1" val="1"/>
</and_exp></or_exp>
</condition>

<Node id="41" bw="32" op_0_bw="32" op_1_bw="52" op_2_bw="32" op_3_bw="32">
<![CDATA[
u_k_accum_end:15  %accumulator_V = call i32 @_ssdm_op_PartSelect.i32.i52.i32.i32(i52 %ret_V, i32 20, i32 51)

]]></Node>
<StgValue><ssdm name="accumulator_V"/></StgValue>
</operation>

<operation id="40" st_id="4" stage="1" lat="1">
<core>NULL</core>
<MemPortIdVec></MemPortIdVec>
<condition id="-1">
<or_exp><and_exp><literal name="icmp_ln887" val="0"/>
<literal name="icmp_ln887_1" val="1"/>
</and_exp></or_exp>
</condition>

<Node id="42" bw="32" op_0_bw="32" op_1_bw="0" op_2_bw="32">
<![CDATA[
u_k_accum_end:16  %empty_20 = call i32 (...)* @_ssdm_op_SpecRegionEnd([10 x i8]* @p_str3, i32 %tmp)

]]></Node>
<StgValue><ssdm name="empty_20"/></StgValue>
</operation>

<operation id="41" st_id="4" stage="1" lat="1">
<core>NULL</core>
<MemPortIdVec></MemPortIdVec>
<condition id="-1">
<or_exp><and_exp><literal name="icmp_ln887" val="0"/>
<literal name="icmp_ln887_1" val="1"/>
</and_exp></or_exp>
</condition>

<Node id="43" bw="0" op_0_bw="0">
<![CDATA[
u_k_accum_end:17  br label %1

]]></Node>
<StgValue><ssdm name="br_ln51"/></StgValue>
</operation>
</state>

<state id="5" st_id="5">

<operation id="42" st_id="5" stage="1" lat="1">
<core>AddSub</core>
<MemPortIdVec></MemPortIdVec>
<condition id="-1">
<or_exp><and_exp></and_exp></or_exp>
</condition>

<Node id="45" bw="32" op_0_bw="32" op_1_bw="32">
<![CDATA[
.loopexit:0  %add_ln703 = add i32 %p_Val2_1, %offset_V_read_1

]]></Node>
<StgValue><ssdm name="add_ln703"/></StgValue>
</operation>

<operation id="43" st_id="5" stage="1" lat="1">
<core>NULL</core>
<MemPortIdVec></MemPortIdVec>
<condition id="-1">
<or_exp><and_exp></and_exp></or_exp>
</condition>

<Node id="46" bw="0" op_0_bw="32">
<![CDATA[
.loopexit:1  ret i32 %add_ln703

]]></Node>
<StgValue><ssdm name="ret_ln63"/></StgValue>
</operation>
</state>
</state_list>


<ports>
<port id="56" name="dot_product_matrix_V_data_V" dir="0" iftype="0">
<core>NULL</core><StgValue><ssdm name="dot_product_matrix_V_data_V"/></StgValue>
</port>
<port id="57" name="dot_product_matrix_V_last" dir="0" iftype="0">
<core>NULL</core><StgValue><ssdm name="dot_product_matrix_V_last"/></StgValue>
</port>
<port id="58" name="y_V" dir="0" iftype="1">
<core>RAM</core><StgValue><ssdm name="y_V"/><MemPortTyVec>1 3 </MemPortTyVec>
</StgValue>
</port>
<port id="59" name="alpha_data_V" dir="0" iftype="1">
<core>RAM</core><StgValue><ssdm name="alpha_data_V"/><MemPortTyVec>1 3 </MemPortTyVec>
</StgValue>
</port>
<port id="60" name="no_training_vectors_s" dir="0" iftype="0">
<core>NULL</core><StgValue><ssdm name="no_training_vectors_s"/></StgValue>
</port>
<port id="61" name="offset_V_read" dir="0" iftype="0">
<core>NULL</core><StgValue><ssdm name="offset_V_read"/></StgValue>
</port>
</ports>


<dataflows>
<dataflow id="63" from="_ssdm_op_SpecInterface" to="specinterface_ln0" fromId="62" toId="6">
</dataflow>
<dataflow id="64" from="dot_product_matrix_V_data_V" to="specinterface_ln0" fromId="56" toId="6">
</dataflow>
<dataflow id="65" from="dot_product_matrix_V_last" to="specinterface_ln0" fromId="57" toId="6">
</dataflow>
<dataflow id="67" from="p_str7" to="specinterface_ln0" fromId="66" toId="6">
</dataflow>
<dataflow id="69" from="StgValue_68" to="specinterface_ln0" fromId="68" toId="6">
</dataflow>
<dataflow id="70" from="StgValue_68" to="specinterface_ln0" fromId="68" toId="6">
</dataflow>
<dataflow id="72" from="p_str8" to="specinterface_ln0" fromId="71" toId="6">
</dataflow>
<dataflow id="73" from="StgValue_68" to="specinterface_ln0" fromId="68" toId="6">
</dataflow>
<dataflow id="74" from="StgValue_68" to="specinterface_ln0" fromId="68" toId="6">
</dataflow>
<dataflow id="76" from="p_str1" to="specinterface_ln0" fromId="75" toId="6">
</dataflow>
<dataflow id="77" from="p_str1" to="specinterface_ln0" fromId="75" toId="6">
</dataflow>
<dataflow id="78" from="p_str1" to="specinterface_ln0" fromId="75" toId="6">
</dataflow>
<dataflow id="79" from="StgValue_68" to="specinterface_ln0" fromId="68" toId="6">
</dataflow>
<dataflow id="80" from="StgValue_68" to="specinterface_ln0" fromId="68" toId="6">
</dataflow>
<dataflow id="81" from="StgValue_68" to="specinterface_ln0" fromId="68" toId="6">
</dataflow>
<dataflow id="82" from="StgValue_68" to="specinterface_ln0" fromId="68" toId="6">
</dataflow>
<dataflow id="83" from="p_str1" to="specinterface_ln0" fromId="75" toId="6">
</dataflow>
<dataflow id="84" from="p_str1" to="specinterface_ln0" fromId="75" toId="6">
</dataflow>
<dataflow id="86" from="_ssdm_op_Read.ap_auto.i32" to="offset_V_read_1" fromId="85" toId="7">
</dataflow>
<dataflow id="87" from="offset_V_read" to="offset_V_read_1" fromId="61" toId="7">
</dataflow>
<dataflow id="89" from="_ssdm_op_Read.ap_auto.i16" to="no_training_vectors_1" fromId="88" toId="8">
</dataflow>
<dataflow id="90" from="no_training_vectors_s" to="no_training_vectors_1" fromId="60" toId="8">
</dataflow>
<dataflow id="91" from="StgValue_68" to="p_Val2_1" fromId="68" toId="10">
<condition id="-1">
<or_exp><and_exp></and_exp></or_exp>
</condition>
</dataflow>
<dataflow id="92" from="br_ln51" to="p_Val2_1" fromId="9" toId="10">
</dataflow>
<dataflow id="93" from="accumulator_V" to="p_Val2_1" fromId="39" toId="10">
<BackEdge/>
<condition id="-1">
<or_exp><and_exp><literal name="icmp_ln887" val="0"/>
<literal name="icmp_ln887_1" val="1"/>
</and_exp></or_exp>
</condition>
</dataflow>
<dataflow id="94" from="br_ln51" to="p_Val2_1" fromId="41" toId="10">
<BackEdge/>
</dataflow>
<dataflow id="96" from="StgValue_95" to="t_V" fromId="95" toId="11">
<condition id="-1">
<or_exp><and_exp></and_exp></or_exp>
</condition>
</dataflow>
<dataflow id="97" from="br_ln51" to="t_V" fromId="9" toId="11">
</dataflow>
<dataflow id="98" from="n1_V" to="t_V" fromId="14" toId="11">
<BackEdge/>
<condition id="-1">
<or_exp><and_exp><literal name="icmp_ln887" val="0"/>
<literal name="icmp_ln887_1" val="1"/>
</and_exp></or_exp>
</condition>
</dataflow>
<dataflow id="99" from="br_ln51" to="t_V" fromId="41" toId="11">
<BackEdge/>
</dataflow>
<dataflow id="100" from="t_V" to="icmp_ln887" fromId="11" toId="12">
</dataflow>
<dataflow id="102" from="StgValue_101" to="icmp_ln887" fromId="101" toId="12">
</dataflow>
<dataflow id="104" from="_ssdm_op_SpecLoopTripCount" to="empty" fromId="103" toId="13">
</dataflow>
<dataflow id="106" from="StgValue_105" to="empty" fromId="105" toId="13">
</dataflow>
<dataflow id="108" from="StgValue_107" to="empty" fromId="107" toId="13">
</dataflow>
<dataflow id="110" from="StgValue_109" to="empty" fromId="109" toId="13">
</dataflow>
<dataflow id="111" from="t_V" to="n1_V" fromId="11" toId="14">
</dataflow>
<dataflow id="113" from="StgValue_112" to="n1_V" fromId="112" toId="14">
</dataflow>
<dataflow id="114" from="icmp_ln887" to="br_ln51" fromId="12" toId="15">
</dataflow>
<dataflow id="115" from="t_V" to="zext_ln887" fromId="11" toId="16">
</dataflow>
<dataflow id="117" from="_ssdm_op_SpecLoopName" to="specloopname_ln51" fromId="116" toId="17">
</dataflow>
<dataflow id="119" from="p_str3" to="specloopname_ln51" fromId="118" toId="17">
</dataflow>
<dataflow id="121" from="_ssdm_op_SpecRegionBegin" to="tmp" fromId="120" toId="18">
</dataflow>
<dataflow id="122" from="p_str3" to="tmp" fromId="118" toId="18">
</dataflow>
<dataflow id="124" from="_ssdm_op_SpecPipeline" to="specpipeline_ln52" fromId="123" toId="19">
</dataflow>
<dataflow id="126" from="StgValue_125" to="specpipeline_ln52" fromId="125" toId="19">
</dataflow>
<dataflow id="128" from="StgValue_127" to="specpipeline_ln52" fromId="127" toId="19">
</dataflow>
<dataflow id="129" from="StgValue_127" to="specpipeline_ln52" fromId="127" toId="19">
</dataflow>
<dataflow id="130" from="StgValue_68" to="specpipeline_ln52" fromId="68" toId="19">
</dataflow>
<dataflow id="131" from="p_str1" to="specpipeline_ln52" fromId="75" toId="19">
</dataflow>
<dataflow id="132" from="zext_ln887" to="icmp_ln887_1" fromId="16" toId="20">
</dataflow>
<dataflow id="133" from="no_training_vectors_1" to="icmp_ln887_1" fromId="8" toId="20">
</dataflow>
<dataflow id="134" from="icmp_ln887_1" to="br_ln53" fromId="20" toId="21">
</dataflow>
<dataflow id="135" from="t_V" to="zext_ln544" fromId="11" toId="22">
</dataflow>
<dataflow id="136" from="y_V" to="y_V_addr" fromId="58" toId="23">
</dataflow>
<dataflow id="138" from="StgValue_137" to="y_V_addr" fromId="137" toId="23">
</dataflow>
<dataflow id="139" from="zext_ln544" to="y_V_addr" fromId="22" toId="23">
</dataflow>
<dataflow id="140" from="y_V_addr" to="tmp_V" fromId="23" toId="24">
</dataflow>
<dataflow id="141" from="alpha_data_V" to="alpha_data_V_addr" fromId="59" toId="25">
</dataflow>
<dataflow id="142" from="StgValue_137" to="alpha_data_V_addr" fromId="137" toId="25">
</dataflow>
<dataflow id="143" from="zext_ln544" to="alpha_data_V_addr" fromId="22" toId="25">
</dataflow>
<dataflow id="144" from="alpha_data_V_addr" to="alpha_data_V_load" fromId="25" toId="26">
</dataflow>
<dataflow id="146" from="_ssdm_op_Read.axis.volatile.i32P.i1P" to="empty_19" fromId="145" toId="27">
</dataflow>
<dataflow id="147" from="dot_product_matrix_V_data_V" to="empty_19" fromId="56" toId="27">
</dataflow>
<dataflow id="148" from="dot_product_matrix_V_last" to="empty_19" fromId="57" toId="27">
</dataflow>
<dataflow id="149" from="empty_19" to="tmp_data_V" fromId="27" toId="28">
</dataflow>
<dataflow id="150" from="y_V_addr" to="tmp_V" fromId="23" toId="29">
</dataflow>
<dataflow id="151" from="alpha_data_V_addr" to="alpha_data_V_load" fromId="25" toId="30">
</dataflow>
<dataflow id="152" from="alpha_data_V_load" to="r_V" fromId="30" toId="31">
</dataflow>
<dataflow id="153" from="tmp_V" to="sext_ln1118" fromId="29" toId="32">
</dataflow>
<dataflow id="154" from="sext_ln1118" to="r_V_1" fromId="32" toId="33">
</dataflow>
<dataflow id="155" from="r_V" to="r_V_1" fromId="31" toId="33">
</dataflow>
<dataflow id="156" from="r_V_1" to="sext_ln1192" fromId="33" toId="34">
</dataflow>
<dataflow id="157" from="tmp_data_V" to="sext_ln1192_1" fromId="28" toId="35">
</dataflow>
<dataflow id="158" from="sext_ln1192_1" to="mul_ln1192" fromId="35" toId="36">
</dataflow>
<dataflow id="159" from="sext_ln1192" to="mul_ln1192" fromId="34" toId="36">
</dataflow>
<dataflow id="161" from="_ssdm_op_BitConcatenate.i52.i32.i20" to="lhs_V" fromId="160" toId="37">
</dataflow>
<dataflow id="162" from="p_Val2_1" to="lhs_V" fromId="10" toId="37">
</dataflow>
<dataflow id="164" from="StgValue_163" to="lhs_V" fromId="163" toId="37">
</dataflow>
<dataflow id="165" from="mul_ln1192" to="ret_V" fromId="36" toId="38">
</dataflow>
<dataflow id="166" from="lhs_V" to="ret_V" fromId="37" toId="38">
</dataflow>
<dataflow id="168" from="_ssdm_op_PartSelect.i32.i52.i32.i32" to="accumulator_V" fromId="167" toId="39">
</dataflow>
<dataflow id="169" from="ret_V" to="accumulator_V" fromId="38" toId="39">
</dataflow>
<dataflow id="171" from="StgValue_170" to="accumulator_V" fromId="170" toId="39">
</dataflow>
<dataflow id="173" from="StgValue_172" to="accumulator_V" fromId="172" toId="39">
</dataflow>
<dataflow id="175" from="_ssdm_op_SpecRegionEnd" to="empty_20" fromId="174" toId="40">
</dataflow>
<dataflow id="176" from="p_str3" to="empty_20" fromId="118" toId="40">
</dataflow>
<dataflow id="177" from="tmp" to="empty_20" fromId="18" toId="40">
</dataflow>
<dataflow id="178" from="p_Val2_1" to="add_ln703" fromId="10" toId="42">
</dataflow>
<dataflow id="179" from="offset_V_read_1" to="add_ln703" fromId="7" toId="42">
</dataflow>
<dataflow id="180" from="add_ln703" to="ret_ln63" fromId="42" toId="43">
</dataflow>
<dataflow id="181" from="icmp_ln887" to="StgValue_2" fromId="12" toId="2">
</dataflow>
<dataflow id="182" from="icmp_ln887_1" to="StgValue_2" fromId="20" toId="2">
</dataflow>
<dataflow id="183" from="icmp_ln887" to="StgValue_3" fromId="12" toId="3">
</dataflow>
<dataflow id="184" from="icmp_ln887_1" to="StgValue_3" fromId="20" toId="3">
</dataflow>
<dataflow id="185" from="icmp_ln887" to="StgValue_4" fromId="12" toId="4">
</dataflow>
<dataflow id="186" from="icmp_ln887_1" to="StgValue_4" fromId="20" toId="4">
</dataflow>
</dataflows>


</stg>
