<profile>

<section name = "Vivado HLS Report for 'SMO_p_loop_linear'" level="0">
<item name = "Date">Mon Mar  9 21:31:03 2020
</item>
<item name = "Version">2019.1 (Build 2552052 on Fri May 24 15:28:33 MDT 2019)</item>
<item name = "Project">SMO_FULL_ZCU104</item>
<item name = "Solution">solution1</item>
<item name = "Product family">zynquplus</item>
<item name = "Target device">xczu7ev-ffvc1156-2-e</item>
</section>

<section name = "Performance Estimates" level="0">
<item name = "Timing (ns)">
<section name = "" level="1">
<item name = "Summary"><table name="" hasTotal="0">
<keys size="4">Clock, Target, Estimated, Uncertainty</keys>
<column name="ap_clk">10.00, 8.426, 1.25</column>
</table>
</item>
</section>
</item>
<item name = "Latency (clock cycles)">
<section name = "" level="1">
<item name = "Summary"><table name="" hasTotal="0">
<keys size="6">, min, max, min, max, Type</keys>
<column name="">?, ?, ?, ?, none</column>
</table>
</item>
<item name = "Detail">
<section name = "" level="1">
<item name = "Instance"><table name="" hasTotal="0">
<keys size="7">Instance, Module, min, max, min, max, Type</keys>
<column name="grp_get_u_k_fu_313">get_u_k, 4, 20003, 4, 20003, none</column>
<column name="grp_dot_product_fu_327">dot_product, 3, 258, 3, 258, none</column>
<column name="grp_dot_product_1_fu_336">dot_product_1, 3, 258, 3, 258, none</column>
<column name="grp_get_training_vector_fu_344">get_training_vector, 2, 257, 2, 257, none</column>
</table>
</item>
<item name = "Loop"><table name="" hasTotal="0">
<keys size="8">Loop Name, min, max, Latency, achieved, target, Count, Pipelined</keys>
<column name="- SMO_q_loop">?, ?, ?, -, -, 1 ~ 20000, no</column>
<column name=" + SMO_q_loop.1">0, 20000, 1, -, -, 0 ~ 20000, no</column>
<column name=" + SMO_q_loop.2">?, ?, 1, -, -, ?, no</column>
<column name=" + SMO_q_loop.3">256, 256, 1, -, -, 256, no</column>
</table>
</item>
</section>
</item>
</section>
</item>
</section>
</profile>
