<profile>

<section name = "Vivado HLS Report for 'SMO_p_loop_linear'" level="0">
<item name = "Date">Mon Mar  9 21:31:07 2020
</item>
<item name = "Version">2019.1 (Build 2552052 on Fri May 24 15:28:33 MDT 2019)</item>
<item name = "Project">SMO_FULL_ZCU104</item>
<item name = "Solution">solution1</item>
<item name = "Product family">zynquplus</item>
<item name = "Target device">xczu7ev-ffvc1156-2-e</item>
</section>

<section name = "Performance Estimates" level="0">
<item name = "Timing (ns)">
<section name = "" level="1">
<item name = "Summary"><table name="" hasTotal="0">
<keys size="4">Clock, Target, Estimated, Uncertainty</keys>
<column name="ap_clk">10.00, 8.426, 1.25</column>
</table>
</item>
</section>
</item>
<item name = "Latency (clock cycles)">
<section name = "" level="1">
<item name = "Summary"><table name="" hasTotal="0">
<keys size="6">, min, max, min, max, Type</keys>
<column name="">?, ?, ?, ?, none</column>
</table>
</item>
<item name = "Detail">
<section name = "" level="1">
<item name = "Instance"><table name="" hasTotal="0">
<keys size="7">Instance, Module, min, max, min, max, Type</keys>
<column name="grp_get_u_k_fu_313">get_u_k, 4, 20003, 4, 20003, none</column>
<column name="grp_dot_product_fu_327">dot_product, 3, 258, 3, 258, none</column>
<column name="grp_dot_product_1_fu_336">dot_product_1, 3, 258, 3, 258, none</column>
<column name="grp_get_training_vector_fu_344">get_training_vector, 2, 257, 2, 257, none</column>
</table>
</item>
<item name = "Loop"><table name="" hasTotal="0">
<keys size="8">Loop Name, min, max, Latency, achieved, target, Count, Pipelined</keys>
<column name="- SMO_q_loop">?, ?, ?, -, -, 1 ~ 20000, no</column>
<column name=" + SMO_q_loop.1">0, 20000, 1, -, -, 0 ~ 20000, no</column>
<column name=" + SMO_q_loop.2">?, ?, 1, -, -, ?, no</column>
<column name=" + SMO_q_loop.3">256, 256, 1, -, -, 256, no</column>
</table>
</item>
</section>
</item>
</section>
</item>
</section>

<section name = "Utilization Estimates" level="0">
<item name = "Summary"><table name="" hasTotal="1">
<keys size="6">Name, BRAM_18K, DSP48E, FF, LUT, URAM</keys>
<column name="DSP">-, -, -, -, -</column>
<column name="Expression">-, 12, 0, 2413, -</column>
<column name="FIFO">-, -, -, -, -</column>
<column name="Instance">-, 5, 919, 916, -</column>
<column name="Memory">1, -, 0, 0, 0</column>
<column name="Multiplexer">-, -, -, 681, -</column>
<column name="Register">-, -, 1188, -, -</column>
<specialColumn name="Available">624, 1728, 460800, 230400, 96</specialColumn>
<specialColumn name="Utilization (%)">~0, ~0, ~0, 1, 0</specialColumn>
</table>
</item>
<item name = "Detail">
<section name = "" level="1">
<item name = "Instance"><table name="" hasTotal="1">
<keys size="7">Instance, Module, BRAM_18K, DSP48E, FF, LUT, URAM</keys>
<column name="SMO_top_sdiv_55nsdEe_U19">SMO_top_sdiv_55nsdEe, 0, 0, 671, 406, 0</column>
<column name="grp_dot_product_fu_327">dot_product, 0, 1, 48, 89, 0</column>
<column name="grp_dot_product_1_fu_336">dot_product_1, 0, 1, 48, 89, 0</column>
<column name="grp_get_training_vector_fu_344">get_training_vector, 0, 0, 11, 66, 0</column>
<column name="grp_get_u_k_fu_313">get_u_k, 0, 3, 141, 266, 0</column>
</table>
</item>
<item name = "DSP48E"><table name="" hasTotal="0">
<keys size="3">Instance, Module, Expression</keys>
</table>
</item>
<item name = "Memory"><table name="" hasTotal="1">
<keys size="10">Memory, Module, BRAM_18K, FF, LUT, URAM, Words, Bits, Banks, W*Bits*Banks</keys>
<column name="x_q_V_U">SMO_p_loop_linearcud, 1, 0, 0, 0, 256, 16, 1, 4096</column>
</table>
</item>
<item name = "FIFO"><table name="" hasTotal="1">
<keys size="8">Name, BRAM_18K, FF, LUT, URAM, Depth, Bits, Size:D*B</keys>
</table>
</item>
<item name = "Expression"><table name="" hasTotal="1">
<keys size="7">Variable Name, Operation, DSP48E, FF, LUT, Bitwidth P0, Bitwidth P1</keys>
<column name="mul_ln703_fu_892_p2">*, 0, 0, 20, 2, 32</column>
<column name="r_V_11_fu_948_p2">*, 0, 0, 20, 2, 32</column>
<column name="r_V_15_fu_780_p2">*, 0, 0, 21, 33, 2</column>
<column name="r_V_16_fu_937_p2">*, 3, 0, 22, 32, 34</column>
<column name="r_V_17_fu_962_p2">*, 3, 0, 22, 32, 34</column>
<column name="r_V_18_fu_971_p2">*, 3, 0, 22, 32, 34</column>
<column name="r_V_19_fu_980_p2">*, 3, 0, 22, 32, 34</column>
<column name="r_V_8_fu_927_p2">*, 0, 0, 20, 2, 32</column>
<column name="s_V_fu_568_p2">*, 0, 0, 7, 2, 2</column>
<column name="H_V_1_fu_659_p2">+, 0, 0, 39, 32, 32</column>
<column name="H_V_fu_690_p2">+, 0, 0, 39, 32, 32</column>
<column name="alpha_q_new_V_2_fu_808_p2">+, 0, 0, 39, 32, 32</column>
<column name="changed_alphas_temp_1_fu_1217_p2">+, 0, 0, 39, 32, 21</column>
<column name="n1_V_3_fu_1266_p2">+, 0, 0, 16, 9, 1</column>
<column name="n1_V_4_fu_1239_p2">+, 0, 0, 16, 9, 1</column>
<column name="n1_V_fu_1255_p2">+, 0, 0, 22, 15, 1</column>
<column name="p_V_fu_369_p2">+, 0, 0, 22, 2, 15</column>
<column name="q_V_fu_463_p2">+, 0, 0, 22, 15, 1</column>
<column name="ret_V_17_fu_588_p2">+, 0, 0, 40, 33, 33</column>
<column name="ret_V_18_fu_635_p2">+, 0, 0, 40, 33, 33</column>
<column name="ret_V_1_fu_507_p2">+, 0, 0, 19, 1, 12</column>
<column name="ret_V_25_fu_1149_p2">+, 0, 0, 40, 33, 33</column>
<column name="E_q_V_fu_563_p2">-, 0, 0, 39, 32, 32</column>
<column name="L_V_1_fu_665_p2">-, 0, 0, 39, 32, 32</column>
<column name="L_V_fu_621_p2">-, 0, 0, 39, 32, 32</column>
<column name="alpha_p_new_V_fu_909_p2">-, 0, 0, 39, 32, 32</column>
<column name="delta_p_V_fu_914_p2">-, 0, 0, 39, 1, 32</column>
<column name="delta_q_V_fu_838_p2">-, 0, 0, 39, 32, 32</column>
<column name="eta_V_fu_759_p2">-, 0, 0, 32, 32, 32</column>
<column name="ret_V_19_fu_1035_p2">-, 0, 0, 40, 33, 33</column>
<column name="ret_V_20_fu_1059_p2">-, 0, 0, 74, 67, 67</column>
<column name="ret_V_21_fu_1072_p2">-, 0, 0, 75, 68, 68</column>
<column name="ret_V_22_fu_1088_p2">-, 0, 0, 40, 33, 33</column>
<column name="ret_V_23_fu_1112_p2">-, 0, 0, 74, 67, 67</column>
<column name="ret_V_24_fu_1125_p2">-, 0, 0, 75, 68, 68</column>
<column name="ret_V_3_fu_598_p2">-, 0, 0, 41, 34, 34</column>
<column name="ret_V_4_fu_609_p2">-, 0, 0, 40, 33, 33</column>
<column name="ret_V_6_fu_648_p2">-, 0, 0, 41, 34, 34</column>
<column name="ret_V_7_fu_734_p2">-, 0, 0, 40, 33, 33</column>
<column name="ret_V_8_fu_768_p2">-, 0, 0, 40, 33, 33</column>
<column name="ret_V_9_fu_433_p2">-, 0, 0, 40, 1, 33</column>
<column name="sub_ln1148_1_fu_1179_p2">-, 0, 0, 39, 1, 32</column>
<column name="sub_ln1148_fu_1163_p2">-, 0, 0, 40, 1, 33</column>
<column name="sub_ln703_fu_754_p2">-, 0, 0, 32, 32, 32</column>
<column name="and_ln1495_fu_709_p2">and, 0, 0, 2, 1, 1</column>
<column name="and_ln209_fu_858_p2">and, 0, 0, 2, 1, 1</column>
<column name="and_ln212_fu_883_p2">and, 0, 0, 2, 1, 1</column>
<column name="and_ln229_1_fu_1003_p2">and, 0, 0, 2, 1, 1</column>
<column name="and_ln229_fu_997_p2">and, 0, 0, 2, 1, 1</column>
<column name="and_ln232_1_fu_1020_p2">and, 0, 0, 2, 1, 1</column>
<column name="and_ln232_fu_1015_p2">and, 0, 0, 2, 1, 1</column>
<column name="ap_block_state72">and, 0, 0, 2, 1, 1</column>
<column name="ap_block_state73">and, 0, 0, 2, 1, 1</column>
<column name="ap_block_state74">and, 0, 0, 2, 1, 1</column>
<column name="ap_predicate_op365_read_state72">and, 0, 0, 2, 1, 1</column>
<column name="empty_fu_399_p2">icmp, 0, 0, 13, 16, 15</column>
<column name="icmp_ln103_fu_1261_p2">icmp, 0, 0, 13, 9, 9</column>
<column name="icmp_ln1494_1_fu_615_p2">icmp, 0, 0, 21, 33, 1</column>
<column name="icmp_ln1494_2_fu_853_p2">icmp, 0, 0, 21, 33, 33</column>
<column name="icmp_ln1494_3_fu_986_p2">icmp, 0, 0, 20, 32, 1</column>
<column name="icmp_ln1494_4_fu_898_p2">icmp, 0, 0, 20, 32, 1</column>
<column name="icmp_ln1494_fu_603_p2">icmp, 0, 0, 21, 34, 1</column>
<column name="icmp_ln1495_1_fu_678_p2">icmp, 0, 0, 21, 33, 33</column>
<column name="icmp_ln1495_2_fu_743_p2">icmp, 0, 0, 21, 33, 33</column>
<column name="icmp_ln1495_3_fu_878_p2">icmp, 0, 0, 20, 32, 32</column>
<column name="icmp_ln1495_4_fu_992_p2">icmp, 0, 0, 20, 32, 32</column>
<column name="icmp_ln1495_5_fu_904_p2">icmp, 0, 0, 20, 32, 32</column>
<column name="icmp_ln1495_fu_654_p2">icmp, 0, 0, 21, 34, 34</column>
<column name="icmp_ln1496_fu_813_p2">icmp, 0, 0, 20, 32, 32</column>
<column name="icmp_ln1497_1_fu_843_p2">icmp, 0, 0, 20, 32, 1</column>
<column name="icmp_ln1497_fu_818_p2">icmp, 0, 0, 20, 32, 32</column>
<column name="icmp_ln166_fu_1233_p2">icmp, 0, 0, 13, 9, 10</column>
<column name="icmp_ln851_fu_501_p2">icmp, 0, 0, 20, 20, 1</column>
<column name="icmp_ln879_1_fu_574_p2">icmp, 0, 0, 8, 2, 1</column>
<column name="icmp_ln879_fu_474_p2">icmp, 0, 0, 13, 15, 15</column>
<column name="icmp_ln887_2_fu_469_p2">icmp, 0, 0, 13, 16, 16</column>
<column name="icmp_ln887_3_fu_1245_p2">icmp, 0, 0, 13, 9, 9</column>
<column name="icmp_ln887_fu_457_p2">icmp, 0, 0, 13, 15, 15</column>
<column name="icmp_ln94_fu_1250_p2">icmp, 0, 0, 13, 15, 15</column>
<column name="or_ln232_fu_1025_p2">or, 0, 0, 2, 1, 1</column>
<column name="alpha_q_new_V_3_fu_722_p3">select, 0, 0, 32, 1, 32</column>
<column name="alpha_q_new_V_fu_695_p3">select, 0, 0, 32, 1, 32</column>
<column name="offset_temp_V_fu_1210_p3">select, 0, 0, 32, 1, 32</column>
<column name="p_Val2_25_fu_830_p3">select, 0, 0, 32, 1, 32</column>
<column name="select_ln140_fu_683_p3">select, 0, 0, 32, 1, 32</column>
<column name="select_ln1494_fu_670_p3">select, 0, 0, 32, 1, 32</column>
<column name="select_ln1495_fu_715_p3">select, 0, 0, 32, 1, 32</column>
<column name="select_ln149_fu_627_p3">select, 0, 0, 32, 1, 32</column>
<column name="select_ln192_fu_823_p3">select, 0, 0, 32, 1, 32</column>
<column name="select_ln232_1_fu_1202_p3">select, 0, 0, 32, 1, 32</column>
<column name="select_ln232_fu_1195_p3">select, 0, 0, 32, 1, 32</column>
<column name="select_ln850_fu_521_p3">select, 0, 0, 11, 1, 12</column>
<column name="select_ln851_fu_513_p3">select, 0, 0, 11, 1, 12</column>
<column name="select_ln90_1_fu_409_p3">select, 0, 0, 15, 1, 15</column>
<column name="select_ln90_fu_393_p3">select, 0, 0, 10, 1, 10</column>
<column name="xor_ln1496_fu_872_p2">xor, 0, 0, 2, 1, 2</column>
<column name="xor_ln229_fu_1009_p2">xor, 0, 0, 2, 2, 1</column>
<column name="xor_ln879_fu_703_p2">xor, 0, 0, 2, 1, 2</column>
</table>
</item>
<item name = "Multiplexer"><table name="" hasTotal="1">
<keys size="5">Name, LUT, Input Size, Bits, Total Bits</keys>
<column name="alpha_data_V_address0">15, 3, 15, 45</column>
<column name="alpha_data_V_address1">15, 3, 15, 45</column>
<column name="alpha_data_V_ce0">15, 3, 1, 3</column>
<column name="alpha_data_V_d0">15, 3, 32, 96</column>
<column name="ap_NS_fsm">333, 75, 1, 75</column>
<column name="dot_product_matrices_inner_TDATA_blk_n">9, 2, 1, 2</column>
<column name="dot_product_matrices_inner_TREADY">15, 3, 1, 3</column>
<column name="grp_dot_product_1_fu_336_row_vec_V_q0">15, 3, 16, 48</column>
<column name="grp_dot_product_fu_327_col_vec_V_q0">15, 3, 16, 48</column>
<column name="grp_dot_product_fu_327_row_vec_V_q0">15, 3, 16, 48</column>
<column name="p_Val2_29_fu_148">9, 2, 32, 64</column>
<column name="p_Val2_s_fu_144">9, 2, 32, 64</column>
<column name="t_V_4_reg_302">9, 2, 9, 18</column>
<column name="t_V_5_reg_280">9, 2, 9, 18</column>
<column name="t_V_6_reg_268">9, 2, 15, 30</column>
<column name="t_V_reg_291">9, 2, 15, 30</column>
<column name="training_matrices_inner_TDATA_blk_n">9, 2, 1, 2</column>
<column name="training_matrices_inner_TREADY">15, 3, 1, 3</column>
<column name="x_p_V_address0">21, 4, 8, 32</column>
<column name="x_p_V_ce0">21, 4, 1, 4</column>
<column name="x_q_V_address0">27, 5, 8, 40</column>
<column name="x_q_V_ce0">27, 5, 1, 5</column>
<column name="x_q_V_we0">9, 2, 1, 2</column>
<column name="y_V_address0">21, 4, 15, 60</column>
<column name="y_V_ce0">15, 3, 1, 3</column>
</table>
</item>
<item name = "Register"><table name="" hasTotal="1">
<keys size="5">Name, FF, LUT, Bits, Const Bits</keys>
<column name="E_q_V_reg_1419">32, 0, 32, 0</column>
<column name="alpha_data_V_addr_2_reg_1414">15, 0, 15, 0</column>
<column name="alpha_data_V_addr_reg_1331">15, 0, 15, 0</column>
<column name="alpha_q_new_V_3_reg_1447">32, 0, 32, 0</column>
<column name="alpha_q_new_V_reg_1441">32, 0, 32, 0</column>
<column name="and_ln209_reg_1494">1, 0, 1, 0</column>
<column name="and_ln212_reg_1498">1, 0, 1, 0</column>
<column name="and_ln232_1_reg_1538">1, 0, 1, 0</column>
<column name="ap_CS_fsm">74, 0, 74, 0</column>
<column name="delta_q_V_reg_1489">32, 0, 32, 0</column>
<column name="grp_dot_product_1_fu_336_ap_start_reg">1, 0, 1, 0</column>
<column name="grp_dot_product_fu_327_ap_start_reg">1, 0, 1, 0</column>
<column name="grp_get_training_vector_fu_344_ap_start_reg">1, 0, 1, 0</column>
<column name="grp_get_u_k_fu_313_ap_start_reg">1, 0, 1, 0</column>
<column name="icmp_ln1494_4_reg_1508">1, 0, 1, 0</column>
<column name="icmp_ln1495_2_reg_1453">1, 0, 1, 0</column>
<column name="icmp_ln1495_5_reg_1513">1, 0, 1, 0</column>
<column name="icmp_ln879_reg_1395">1, 0, 1, 0</column>
<column name="lhs_V_11_reg_1474">33, 0, 33, 0</column>
<column name="lhs_V_reg_1357">33, 0, 33, 0</column>
<column name="mul_ln703_reg_1502">32, 0, 32, 0</column>
<column name="or_ln232_reg_1543">1, 0, 1, 0</column>
<column name="p_V_reg_1321">15, 0, 15, 0</column>
<column name="p_Val2_24_reg_1430">32, 0, 32, 0</column>
<column name="p_Val2_27_reg_1424">32, 0, 32, 0</column>
<column name="p_Val2_29_fu_148">32, 0, 32, 0</column>
<column name="p_Val2_s_fu_144">32, 0, 32, 0</column>
<column name="q_V_reg_1387">15, 0, 15, 0</column>
<column name="r_V_16_reg_1518">64, 0, 64, 0</column>
<column name="r_V_17_reg_1523">64, 0, 64, 0</column>
<column name="r_V_18_reg_1528">64, 0, 64, 0</column>
<column name="r_V_19_reg_1533">64, 0, 64, 0</column>
<column name="ret_V_9_reg_1374">33, 0, 33, 0</column>
<column name="rhs_V_1_reg_1351">34, 0, 34, 0</column>
<column name="rhs_V_3_reg_1363">33, 0, 33, 0</column>
<column name="rhs_V_4_reg_1368">33, 0, 33, 0</column>
<column name="s_V_reg_1436">2, 0, 2, 0</column>
<column name="select_ln90_1_reg_1346">15, 0, 15, 0</column>
<column name="select_ln90_reg_1341">9, 0, 9, 0</column>
<column name="sext_ln90_reg_1379">64, 0, 64, 0</column>
<column name="t_V_4_reg_302">9, 0, 9, 0</column>
<column name="t_V_5_reg_280">9, 0, 9, 0</column>
<column name="t_V_6_reg_268">15, 0, 15, 0</column>
<column name="t_V_reg_291">15, 0, 15, 0</column>
<column name="tmp_19_reg_1295">1, 0, 1, 0</column>
<column name="tmp_V_1_reg_1457">2, 0, 2, 0</column>
<column name="u_q_V_reg_1404">32, 0, 32, 0</column>
<column name="xp_xp_V_reg_1326">32, 0, 32, 0</column>
<column name="xp_xq_V_reg_1463">32, 0, 32, 0</column>
<column name="xq_xq_V_reg_1469">32, 0, 32, 0</column>
<column name="y_V_addr_1_reg_1409">15, 0, 15, 0</column>
<column name="y_V_addr_reg_1336">15, 0, 15, 0</column>
</table>
</item>
</section>
</item>
</section>

<section name = "Interface" level="0">
<item name = "Summary"><table name="" hasTotal="0">
<keys size="6">RTL Ports, Dir, Bits, Protocol, Source Object, C Type</keys>
<column name="ap_clk">in, 1, ap_ctrl_hs, SMO_p_loop_linear, return value</column>
<column name="ap_rst">in, 1, ap_ctrl_hs, SMO_p_loop_linear, return value</column>
<column name="ap_start">in, 1, ap_ctrl_hs, SMO_p_loop_linear, return value</column>
<column name="ap_done">out, 1, ap_ctrl_hs, SMO_p_loop_linear, return value</column>
<column name="ap_idle">out, 1, ap_ctrl_hs, SMO_p_loop_linear, return value</column>
<column name="ap_ready">out, 1, ap_ctrl_hs, SMO_p_loop_linear, return value</column>
<column name="ap_return_0">out, 32, ap_ctrl_hs, SMO_p_loop_linear, return value</column>
<column name="ap_return_1">out, 16, ap_ctrl_hs, SMO_p_loop_linear, return value</column>
<column name="dot_product_matrices_inner_TDATA">in, 32, axis, dot_product_matrix_V_data_V, pointer</column>
<column name="dot_product_matrices_inner_TVALID">in, 1, axis, dot_product_matrix_V_last, pointer</column>
<column name="dot_product_matrices_inner_TREADY">out, 1, axis, dot_product_matrix_V_last, pointer</column>
<column name="dot_product_matrices_inner_TLAST">in, 1, axis, dot_product_matrix_V_last, pointer</column>
<column name="training_matrices_inner_TDATA">in, 16, axis, training_matrix_V_data_V, pointer</column>
<column name="training_matrices_inner_TVALID">in, 1, axis, training_matrix_V_last, pointer</column>
<column name="training_matrices_inner_TREADY">out, 1, axis, training_matrix_V_last, pointer</column>
<column name="training_matrices_inner_TLAST">in, 1, axis, training_matrix_V_last, pointer</column>
<column name="x_p_V_address0">out, 8, ap_memory, x_p_V, array</column>
<column name="x_p_V_ce0">out, 1, ap_memory, x_p_V, array</column>
<column name="x_p_V_q0">in, 16, ap_memory, x_p_V, array</column>
<column name="y_V_address0">out, 15, ap_memory, y_V, array</column>
<column name="y_V_ce0">out, 1, ap_memory, y_V, array</column>
<column name="y_V_q0">in, 2, ap_memory, y_V, array</column>
<column name="y_V_address1">out, 15, ap_memory, y_V, array</column>
<column name="y_V_ce1">out, 1, ap_memory, y_V, array</column>
<column name="y_V_q1">in, 2, ap_memory, y_V, array</column>
<column name="alpha_data_V_address0">out, 15, ap_memory, alpha_data_V, array</column>
<column name="alpha_data_V_ce0">out, 1, ap_memory, alpha_data_V, array</column>
<column name="alpha_data_V_we0">out, 1, ap_memory, alpha_data_V, array</column>
<column name="alpha_data_V_d0">out, 32, ap_memory, alpha_data_V, array</column>
<column name="alpha_data_V_q0">in, 32, ap_memory, alpha_data_V, array</column>
<column name="alpha_data_V_address1">out, 15, ap_memory, alpha_data_V, array</column>
<column name="alpha_data_V_ce1">out, 1, ap_memory, alpha_data_V, array</column>
<column name="alpha_data_V_we1">out, 1, ap_memory, alpha_data_V, array</column>
<column name="alpha_data_V_d1">out, 32, ap_memory, alpha_data_V, array</column>
<column name="alpha_data_V_q1">in, 32, ap_memory, alpha_data_V, array</column>
<column name="no_training_vectors_s">in, 16, ap_none, no_training_vectors_s, scalar</column>
<column name="no_variables_V_read">in, 9, ap_none, no_variables_V_read, scalar</column>
<column name="C_V_read">in, 32, ap_none, C_V_read, scalar</column>
<column name="tolerance_V_read">in, 32, ap_none, tolerance_V_read, scalar</column>
<column name="offset_V_read">in, 32, ap_none, offset_V_read, scalar</column>
<column name="E_p_V_read">in, 32, ap_none, E_p_V_read, scalar</column>
<column name="p_in_V_read">in, 15, ap_none, p_in_V_read, scalar</column>
<column name="changed_alphas_V_rea">in, 16, ap_none, changed_alphas_V_rea, scalar</column>
</table>
</item>
</section>
</profile>
