<profile>

<section name = "Vivado HLS Report for 'SMO_top'" level="0">
<item name = "Date">Mon Mar  9 21:31:10 2020
</item>
<item name = "Version">2019.1 (Build 2552052 on Fri May 24 15:28:33 MDT 2019)</item>
<item name = "Project">SMO_FULL_ZCU104</item>
<item name = "Solution">solution1</item>
<item name = "Product family">zynquplus</item>
<item name = "Target device">xczu7ev-ffvc1156-2-e</item>
</section>

<section name = "Performance Estimates" level="0">
<item name = "Timing (ns)">
<section name = "" level="1">
<item name = "Summary"><table name="" hasTotal="0">
<keys size="4">Clock, Target, Estimated, Uncertainty</keys>
<column name="ap_clk">10.00, 8.426, 1.25</column>
</table>
</item>
</section>
</item>
<item name = "Latency (clock cycles)">
<section name = "" level="1">
<item name = "Summary"><table name="" hasTotal="0">
<keys size="6">, min, max, min, max, Type</keys>
<column name="">?, ?, ?, ?, none</column>
</table>
</item>
<item name = "Detail">
<section name = "" level="1">
<item name = "Instance"><table name="" hasTotal="0">
<keys size="7">Instance, Module, min, max, min, max, Type</keys>
<column name="grp_SMO_outer_fu_301">SMO_outer, ?, ?, ?, ?, none</column>
</table>
</item>
<item name = "Loop"><table name="" hasTotal="0">
<keys size="8">Loop Name, min, max, Latency, achieved, target, Count, Pipelined</keys>
<column name="- Loop 1">0, 20000, 1, -, -, 0 ~ 20000, no</column>
<column name="- Loop 2">0, 20000, 1, -, -, 0 ~ 20000, no</column>
<column name="- Loop 3">0, 60000, 3, -, -, 0 ~ 20000, no</column>
</table>
</item>
</section>
</item>
</section>
</item>
</section>

<section name = "Utilization Estimates" level="0">
<item name = "Summary"><table name="" hasTotal="1">
<keys size="6">Name, BRAM_18K, DSP48E, FF, LUT, URAM</keys>
<column name="DSP">-, -, -, -, -</column>
<column name="Expression">-, -, 0, 2612, -</column>
<column name="FIFO">-, -, -, -, -</column>
<column name="Instance">2, 20, 2790, 5371, 0</column>
<column name="Memory">42, -, 0, 0, 0</column>
<column name="Multiplexer">-, -, -, 755, -</column>
<column name="Register">-, -, 764, -, -</column>
<specialColumn name="Available">624, 1728, 460800, 230400, 96</specialColumn>
<specialColumn name="Utilization (%)">7, 1, ~0, 3, 0</specialColumn>
</table>
</item>
<item name = "Detail">
<section name = "" level="1">
<item name = "Instance"><table name="" hasTotal="1">
<keys size="7">Instance, Module, BRAM_18K, DSP48E, FF, LUT, URAM</keys>
<column name="grp_SMO_outer_fu_301">SMO_outer, 2, 20, 2590, 5095, 0</column>
<column name="SMO_top_fpext_32nfYi_U57">SMO_top_fpext_32nfYi, 0, 0, 100, 138, 0</column>
<column name="SMO_top_fpext_32nfYi_U58">SMO_top_fpext_32nfYi, 0, 0, 100, 138, 0</column>
</table>
</item>
<item name = "DSP48E"><table name="" hasTotal="0">
<keys size="3">Instance, Module, Expression</keys>
</table>
</item>
<item name = "Memory"><table name="" hasTotal="1">
<keys size="10">Memory, Module, BRAM_18K, FF, LUT, URAM, Words, Bits, Banks, W*Bits*Banks</keys>
<column name="alpha_data_V_U">SMO_top_alpha_dateOg, 37, 0, 0, 0, 20000, 32, 1, 640000</column>
<column name="alpha_last_U">SMO_top_alpha_last, 2, 0, 0, 0, 20000, 1, 1, 20000</column>
<column name="y_V_U">SMO_top_y_V, 3, 0, 0, 0, 20000, 2, 1, 40000</column>
</table>
</item>
<item name = "FIFO"><table name="" hasTotal="1">
<keys size="8">Name, BRAM_18K, FF, LUT, URAM, Depth, Bits, Size:D*B</keys>
</table>
</item>
<item name = "Expression"><table name="" hasTotal="1">
<keys size="7">Variable Name, Operation, DSP48E, FF, LUT, Bitwidth P0, Bitwidth P1</keys>
<column name="add_ln581_1_fu_1491_p2">+, 0, 0, 19, 6, 12</column>
<column name="add_ln581_fu_1202_p2">+, 0, 0, 19, 6, 12</column>
<column name="n1_V_1_fu_1746_p2">+, 0, 0, 22, 15, 1</column>
<column name="n1_V_2_fu_1777_p2">+, 0, 0, 22, 15, 1</column>
<column name="n1_V_fu_1721_p2">+, 0, 0, 22, 15, 1</column>
<column name="ret_V_fu_1761_p2">+, 0, 0, 24, 17, 2</column>
<column name="F2_1_fu_1479_p2">-, 0, 0, 19, 11, 12</column>
<column name="F2_fu_1190_p2">-, 0, 0, 19, 11, 12</column>
<column name="man_V_1_fu_1170_p2">-, 0, 0, 61, 1, 54</column>
<column name="man_V_4_fu_1459_p2">-, 0, 0, 61, 1, 54</column>
<column name="max_itr_V_8_fu_1095_p2">-, 0, 0, 15, 1, 8</column>
<column name="no_training_vectors_9_fu_1109_p2">-, 0, 0, 23, 1, 16</column>
<column name="no_variables_V_8_fu_833_p2">-, 0, 0, 16, 1, 9</column>
<column name="sh_amt_1_fu_427_p2">-, 0, 0, 16, 1, 9</column>
<column name="sh_amt_2_fu_647_p2">-, 0, 0, 16, 8, 9</column>
<column name="sh_amt_3_fu_675_p2">-, 0, 0, 16, 1, 9</column>
<column name="sh_amt_4_fu_899_p2">-, 0, 0, 16, 8, 9</column>
<column name="sh_amt_5_fu_927_p2">-, 0, 0, 16, 1, 9</column>
<column name="sh_amt_fu_399_p2">-, 0, 0, 16, 8, 9</column>
<column name="sub_ln581_1_fu_1497_p2">-, 0, 0, 19, 5, 12</column>
<column name="sub_ln581_fu_1208_p2">-, 0, 0, 19, 5, 12</column>
<column name="alpha_out_V_data_V_1_load_A">and, 0, 0, 2, 1, 1</column>
<column name="alpha_out_V_data_V_1_load_B">and, 0, 0, 2, 1, 1</column>
<column name="alpha_out_V_last_1_load_A">and, 0, 0, 2, 1, 1</column>
<column name="alpha_out_V_last_1_load_B">and, 0, 0, 2, 1, 1</column>
<column name="and_ln282_1_fu_819_p2">and, 0, 0, 2, 1, 1</column>
<column name="and_ln282_2_fu_1081_p2">and, 0, 0, 2, 1, 1</column>
<column name="and_ln282_fu_581_p2">and, 0, 0, 2, 1, 1</column>
<column name="and_ln284_1_fu_739_p2">and, 0, 0, 2, 1, 1</column>
<column name="and_ln284_2_fu_1001_p2">and, 0, 0, 2, 1, 1</column>
<column name="and_ln284_fu_501_p2">and, 0, 0, 2, 1, 1</column>
<column name="and_ln285_1_fu_553_p2">and, 0, 0, 2, 1, 1</column>
<column name="and_ln285_2_fu_745_p2">and, 0, 0, 2, 1, 1</column>
<column name="and_ln285_3_fu_791_p2">and, 0, 0, 2, 1, 1</column>
<column name="and_ln285_4_fu_1007_p2">and, 0, 0, 2, 1, 1</column>
<column name="and_ln285_5_fu_1053_p2">and, 0, 0, 2, 1, 1</column>
<column name="and_ln285_fu_507_p2">and, 0, 0, 2, 1, 1</column>
<column name="and_ln295_1_fu_771_p2">and, 0, 0, 2, 1, 1</column>
<column name="and_ln295_2_fu_1033_p2">and, 0, 0, 2, 1, 1</column>
<column name="and_ln295_fu_533_p2">and, 0, 0, 2, 1, 1</column>
<column name="and_ln581_1_fu_1610_p2">and, 0, 0, 2, 1, 1</column>
<column name="and_ln581_fu_1321_p2">and, 0, 0, 2, 1, 1</column>
<column name="and_ln582_1_fu_1592_p2">and, 0, 0, 2, 1, 1</column>
<column name="and_ln582_fu_1303_p2">and, 0, 0, 2, 1, 1</column>
<column name="and_ln585_1_fu_1339_p2">and, 0, 0, 2, 1, 1</column>
<column name="and_ln585_2_fu_1622_p2">and, 0, 0, 2, 1, 1</column>
<column name="and_ln585_3_fu_1628_p2">and, 0, 0, 2, 1, 1</column>
<column name="and_ln585_fu_1333_p2">and, 0, 0, 2, 1, 1</column>
<column name="and_ln603_1_fu_1646_p2">and, 0, 0, 2, 1, 1</column>
<column name="and_ln603_fu_1357_p2">and, 0, 0, 2, 1, 1</column>
<column name="ap_block_state7">and, 0, 0, 2, 1, 1</column>
<column name="dot_product_matrices_inner_V_data_V_0_load_A">and, 0, 0, 2, 1, 1</column>
<column name="dot_product_matrices_inner_V_data_V_0_load_B">and, 0, 0, 2, 1, 1</column>
<column name="dot_product_matrices_inner_V_last_0_load_A">and, 0, 0, 2, 1, 1</column>
<column name="dot_product_matrices_inner_V_last_0_load_B">and, 0, 0, 2, 1, 1</column>
<column name="dot_product_matrix_outer_V_data_V_0_load_A">and, 0, 0, 2, 1, 1</column>
<column name="dot_product_matrix_outer_V_data_V_0_load_B">and, 0, 0, 2, 1, 1</column>
<column name="dot_product_matrix_outer_V_last_0_load_A">and, 0, 0, 2, 1, 1</column>
<column name="dot_product_matrix_outer_V_last_0_load_B">and, 0, 0, 2, 1, 1</column>
<column name="input_details_V_data_0_load_A">and, 0, 0, 2, 1, 1</column>
<column name="input_details_V_data_0_load_B">and, 0, 0, 2, 1, 1</column>
<column name="kkt_violations_V_data_V_1_load_A">and, 0, 0, 2, 1, 1</column>
<column name="kkt_violations_V_data_V_1_load_B">and, 0, 0, 2, 1, 1</column>
<column name="kkt_violations_V_last_1_load_A">and, 0, 0, 2, 1, 1</column>
<column name="kkt_violations_V_last_1_load_B">and, 0, 0, 2, 1, 1</column>
<column name="output_details_V_data_V_1_load_A">and, 0, 0, 2, 1, 1</column>
<column name="output_details_V_data_V_1_load_B">and, 0, 0, 2, 1, 1</column>
<column name="output_details_V_last_1_load_A">and, 0, 0, 2, 1, 1</column>
<column name="output_details_V_last_1_load_B">and, 0, 0, 2, 1, 1</column>
<column name="training_labels_in_V_data_V_0_load_A">and, 0, 0, 2, 1, 1</column>
<column name="training_labels_in_V_data_V_0_load_B">and, 0, 0, 2, 1, 1</column>
<column name="training_matrices_inner_V_data_V_0_load_A">and, 0, 0, 2, 1, 1</column>
<column name="training_matrices_inner_V_data_V_0_load_B">and, 0, 0, 2, 1, 1</column>
<column name="training_matrices_inner_V_last_0_load_A">and, 0, 0, 2, 1, 1</column>
<column name="training_matrices_inner_V_last_0_load_B">and, 0, 0, 2, 1, 1</column>
<column name="training_matrix_outer_V_data_V_0_load_A">and, 0, 0, 2, 1, 1</column>
<column name="training_matrix_outer_V_data_V_0_load_B">and, 0, 0, 2, 1, 1</column>
<column name="training_matrix_outer_V_last_0_load_A">and, 0, 0, 2, 1, 1</column>
<column name="training_matrix_outer_V_last_0_load_B">and, 0, 0, 2, 1, 1</column>
<column name="ashr_ln586_1_fu_1551_p2">ashr, 0, 0, 167, 54, 54</column>
<column name="ashr_ln586_fu_1262_p2">ashr, 0, 0, 167, 54, 54</column>
<column name="alpha_out_V_data_V_1_state_cmp_full">icmp, 0, 0, 8, 2, 1</column>
<column name="alpha_out_V_last_1_state_cmp_full">icmp, 0, 0, 8, 2, 1</column>
<column name="dot_product_matrices_inner_V_data_V_0_state_cmp_full">icmp, 0, 0, 8, 2, 1</column>
<column name="dot_product_matrices_inner_V_last_0_state_cmp_full">icmp, 0, 0, 8, 2, 1</column>
<column name="dot_product_matrix_outer_V_data_V_0_state_cmp_full">icmp, 0, 0, 8, 2, 1</column>
<column name="dot_product_matrix_outer_V_last_0_state_cmp_full">icmp, 0, 0, 8, 2, 1</column>
<column name="empty_77_fu_1702_p2">icmp, 0, 0, 13, 16, 15</column>
<column name="icmp_ln278_1_fu_641_p2">icmp, 0, 0, 20, 31, 1</column>
<column name="icmp_ln278_2_fu_893_p2">icmp, 0, 0, 20, 31, 1</column>
<column name="icmp_ln278_fu_393_p2">icmp, 0, 0, 20, 31, 1</column>
<column name="icmp_ln282_1_fu_657_p2">icmp, 0, 0, 11, 8, 8</column>
<column name="icmp_ln282_2_fu_909_p2">icmp, 0, 0, 11, 8, 8</column>
<column name="icmp_ln282_fu_409_p2">icmp, 0, 0, 11, 8, 8</column>
<column name="icmp_ln284_1_fu_663_p2">icmp, 0, 0, 13, 9, 1</column>
<column name="icmp_ln284_2_fu_915_p2">icmp, 0, 0, 13, 9, 1</column>
<column name="icmp_ln284_fu_415_p2">icmp, 0, 0, 13, 9, 1</column>
<column name="icmp_ln285_1_fu_669_p2">icmp, 0, 0, 13, 9, 5</column>
<column name="icmp_ln285_2_fu_921_p2">icmp, 0, 0, 13, 9, 5</column>
<column name="icmp_ln285_fu_421_p2">icmp, 0, 0, 13, 9, 5</column>
<column name="icmp_ln295_1_fu_685_p2">icmp, 0, 0, 13, 9, 4</column>
<column name="icmp_ln295_2_fu_947_p2">icmp, 0, 0, 11, 6, 1</column>
<column name="icmp_ln295_fu_447_p2">icmp, 0, 0, 11, 5, 1</column>
<column name="icmp_ln423_fu_1716_p2">icmp, 0, 0, 13, 15, 15</column>
<column name="icmp_ln435_fu_1741_p2">icmp, 0, 0, 13, 15, 15</column>
<column name="icmp_ln476_fu_1772_p2">icmp, 0, 0, 13, 15, 15</column>
<column name="icmp_ln571_1_fu_1473_p2">icmp, 0, 0, 29, 63, 1</column>
<column name="icmp_ln571_fu_1184_p2">icmp, 0, 0, 29, 63, 1</column>
<column name="icmp_ln581_1_fu_1485_p2">icmp, 0, 0, 13, 12, 5</column>
<column name="icmp_ln581_fu_1196_p2">icmp, 0, 0, 13, 12, 5</column>
<column name="icmp_ln582_1_fu_1515_p2">icmp, 0, 0, 13, 12, 5</column>
<column name="icmp_ln582_fu_1226_p2">icmp, 0, 0, 13, 12, 5</column>
<column name="icmp_ln585_1_fu_1525_p2">icmp, 0, 0, 13, 12, 6</column>
<column name="icmp_ln585_fu_1236_p2">icmp, 0, 0, 13, 12, 6</column>
<column name="icmp_ln603_1_fu_1541_p2">icmp, 0, 0, 11, 7, 1</column>
<column name="icmp_ln603_fu_1252_p2">icmp, 0, 0, 11, 7, 1</column>
<column name="input_details_V_data_0_state_cmp_full">icmp, 0, 0, 8, 2, 1</column>
<column name="kkt_violations_V_data_V_1_state_cmp_full">icmp, 0, 0, 8, 2, 1</column>
<column name="kkt_violations_V_last_1_state_cmp_full">icmp, 0, 0, 8, 2, 1</column>
<column name="output_details_V_data_V_1_state_cmp_full">icmp, 0, 0, 8, 2, 1</column>
<column name="output_details_V_last_1_state_cmp_full">icmp, 0, 0, 8, 2, 1</column>
<column name="training_labels_in_V_data_V_0_state_cmp_full">icmp, 0, 0, 8, 2, 1</column>
<column name="training_matrices_inner_V_data_V_0_state_cmp_full">icmp, 0, 0, 8, 2, 1</column>
<column name="training_matrices_inner_V_last_0_state_cmp_full">icmp, 0, 0, 8, 2, 1</column>
<column name="training_matrix_outer_V_data_V_0_state_cmp_full">icmp, 0, 0, 8, 2, 1</column>
<column name="training_matrix_outer_V_last_0_state_cmp_full">icmp, 0, 0, 8, 2, 1</column>
<column name="lshr_ln286_1_fu_691_p2">lshr, 0, 0, 64, 24, 24</column>
<column name="lshr_ln286_2_fu_953_p2">lshr, 0, 0, 64, 24, 24</column>
<column name="lshr_ln286_fu_453_p2">lshr, 0, 0, 64, 24, 24</column>
<column name="ap_block_state10">or, 0, 0, 2, 1, 1</column>
<column name="grp_SMO_outer_fu_301_kkt_violations_TREADY">or, 0, 0, 2, 1, 1</column>
<column name="grp_SMO_outer_fu_301_output_details_TREADY">or, 0, 0, 2, 1, 1</column>
<column name="or_ln282_1_fu_727_p2">or, 0, 0, 2, 1, 1</column>
<column name="or_ln282_2_fu_989_p2">or, 0, 0, 2, 1, 1</column>
<column name="or_ln282_fu_489_p2">or, 0, 0, 2, 1, 1</column>
<column name="or_ln284_1_fu_759_p2">or, 0, 0, 2, 1, 1</column>
<column name="or_ln284_2_fu_1021_p2">or, 0, 0, 2, 1, 1</column>
<column name="or_ln284_fu_521_p2">or, 0, 0, 2, 1, 1</column>
<column name="or_ln581_1_fu_1634_p2">or, 0, 0, 2, 1, 1</column>
<column name="or_ln581_fu_1345_p2">or, 0, 0, 2, 1, 1</column>
<column name="or_ln582_1_fu_1598_p2">or, 0, 0, 2, 1, 1</column>
<column name="or_ln582_fu_1309_p2">or, 0, 0, 2, 1, 1</column>
<column name="or_ln603_1_fu_1385_p2">or, 0, 0, 2, 1, 1</column>
<column name="or_ln603_2_fu_1399_p2">or, 0, 0, 2, 1, 1</column>
<column name="or_ln603_3_fu_1660_p2">or, 0, 0, 2, 1, 1</column>
<column name="or_ln603_4_fu_1674_p2">or, 0, 0, 2, 1, 1</column>
<column name="or_ln603_5_fu_1688_p2">or, 0, 0, 2, 1, 1</column>
<column name="or_ln603_fu_1371_p2">or, 0, 0, 2, 1, 1</column>
<column name="C_V_fu_1694_p3">select, 0, 0, 32, 1, 32</column>
<column name="man_V_2_fu_1176_p3">select, 0, 0, 53, 1, 54</column>
<column name="man_V_5_fu_1465_p3">select, 0, 0, 53, 1, 54</column>
<column name="max_itr_V_3_fu_1013_p3">select, 0, 0, 8, 1, 8</column>
<column name="max_itr_V_4_fu_1039_p3">select, 0, 0, 8, 1, 8</column>
<column name="max_itr_V_5_fu_1059_p3">select, 0, 0, 8, 1, 8</column>
<column name="max_itr_V_6_fu_1067_p3">select, 0, 0, 8, 1, 1</column>
<column name="max_itr_V_7_fu_1087_p3">select, 0, 0, 8, 1, 8</column>
<column name="max_itr_V_9_fu_1101_p3">select, 0, 0, 8, 1, 8</column>
<column name="no_training_vectors_10_fu_1114_p3">select, 0, 0, 16, 1, 16</column>
<column name="no_training_vectors_4_fu_513_p3">select, 0, 0, 16, 1, 16</column>
<column name="no_training_vectors_5_fu_539_p3">select, 0, 0, 16, 1, 16</column>
<column name="no_training_vectors_6_fu_559_p3">select, 0, 0, 16, 1, 16</column>
<column name="no_training_vectors_7_fu_567_p3">select, 0, 0, 16, 1, 1</column>
<column name="no_training_vectors_8_fu_587_p3">select, 0, 0, 16, 1, 16</column>
<column name="no_variables_V_3_fu_751_p3">select, 0, 0, 9, 1, 9</column>
<column name="no_variables_V_4_fu_777_p3">select, 0, 0, 9, 1, 9</column>
<column name="no_variables_V_5_fu_797_p3">select, 0, 0, 9, 1, 9</column>
<column name="no_variables_V_6_fu_805_p3">select, 0, 0, 9, 1, 1</column>
<column name="no_variables_V_7_fu_825_p3">select, 0, 0, 9, 1, 9</column>
<column name="no_variables_V_9_fu_839_p3">select, 0, 0, 9, 1, 9</column>
<column name="select_ln289_1_fu_709_p3">select, 0, 0, 2, 1, 2</column>
<column name="select_ln289_2_fu_971_p3">select, 0, 0, 2, 1, 2</column>
<column name="select_ln289_fu_471_p3">select, 0, 0, 2, 1, 2</column>
<column name="select_ln588_1_fu_1572_p3">select, 0, 0, 2, 1, 2</column>
<column name="select_ln588_fu_1283_p3">select, 0, 0, 2, 1, 2</column>
<column name="select_ln603_1_fu_1377_p3">select, 0, 0, 32, 1, 32</column>
<column name="select_ln603_2_fu_1391_p3">select, 0, 0, 32, 1, 32</column>
<column name="select_ln603_4_fu_1652_p3">select, 0, 0, 32, 1, 32</column>
<column name="select_ln603_5_fu_1666_p3">select, 0, 0, 32, 1, 32</column>
<column name="select_ln603_6_fu_1680_p3">select, 0, 0, 32, 1, 32</column>
<column name="select_ln603_fu_1363_p3">select, 0, 0, 32, 1, 32</column>
<column name="select_ln887_fu_1708_p3">select, 0, 0, 15, 1, 15</column>
<column name="sh_amt_6_fu_1214_p3">select, 0, 0, 11, 1, 12</column>
<column name="sh_amt_7_fu_1503_p3">select, 0, 0, 11, 1, 12</column>
<column name="tolerance_V_fu_1405_p3">select, 0, 0, 32, 1, 32</column>
<column name="shl_ln297_1_fu_721_p2">shl, 0, 0, 20, 9, 9</column>
<column name="shl_ln297_2_fu_983_p2">shl, 0, 0, 16, 8, 8</column>
<column name="shl_ln297_fu_483_p2">shl, 0, 0, 35, 16, 16</column>
<column name="shl_ln604_1_fu_1580_p2">shl, 0, 0, 97, 32, 32</column>
<column name="shl_ln604_fu_1291_p2">shl, 0, 0, 97, 32, 32</column>
<column name="xor_ln278_1_fu_813_p2">xor, 0, 0, 2, 1, 2</column>
<column name="xor_ln278_2_fu_1075_p2">xor, 0, 0, 2, 1, 2</column>
<column name="xor_ln278_fu_575_p2">xor, 0, 0, 2, 1, 2</column>
<column name="xor_ln282_1_fu_733_p2">xor, 0, 0, 2, 1, 2</column>
<column name="xor_ln282_2_fu_995_p2">xor, 0, 0, 2, 1, 2</column>
<column name="xor_ln282_fu_495_p2">xor, 0, 0, 2, 1, 2</column>
<column name="xor_ln284_1_fu_765_p2">xor, 0, 0, 2, 1, 2</column>
<column name="xor_ln284_2_fu_1027_p2">xor, 0, 0, 2, 1, 2</column>
<column name="xor_ln284_fu_527_p2">xor, 0, 0, 2, 1, 2</column>
<column name="xor_ln285_1_fu_785_p2">xor, 0, 0, 2, 1, 2</column>
<column name="xor_ln285_2_fu_1047_p2">xor, 0, 0, 2, 1, 2</column>
<column name="xor_ln285_fu_547_p2">xor, 0, 0, 2, 1, 2</column>
<column name="xor_ln571_1_fu_1586_p2">xor, 0, 0, 2, 1, 2</column>
<column name="xor_ln571_fu_1297_p2">xor, 0, 0, 2, 1, 2</column>
<column name="xor_ln581_1_fu_1640_p2">xor, 0, 0, 2, 1, 2</column>
<column name="xor_ln581_fu_1351_p2">xor, 0, 0, 2, 1, 2</column>
<column name="xor_ln582_1_fu_1604_p2">xor, 0, 0, 2, 1, 2</column>
<column name="xor_ln582_fu_1315_p2">xor, 0, 0, 2, 1, 2</column>
<column name="xor_ln585_1_fu_1616_p2">xor, 0, 0, 2, 1, 2</column>
<column name="xor_ln585_fu_1327_p2">xor, 0, 0, 2, 1, 2</column>
</table>
</item>
<item name = "Multiplexer"><table name="" hasTotal="1">
<keys size="5">Name, LUT, Input Size, Bits, Total Bits</keys>
<column name="alpha_data_V_address0">21, 4, 15, 60</column>
<column name="alpha_data_V_ce0">15, 3, 1, 3</column>
<column name="alpha_data_V_ce1">9, 2, 1, 2</column>
<column name="alpha_data_V_d0">15, 3, 32, 96</column>
<column name="alpha_data_V_we0">15, 3, 1, 3</column>
<column name="alpha_data_V_we1">9, 2, 1, 2</column>
<column name="alpha_last_address0">21, 4, 15, 60</column>
<column name="alpha_last_d0">15, 3, 1, 3</column>
<column name="alpha_out_TDATA_blk_n">9, 2, 1, 2</column>
<column name="alpha_out_V_data_V_1_data_out">9, 2, 32, 64</column>
<column name="alpha_out_V_data_V_1_state">15, 3, 2, 6</column>
<column name="alpha_out_V_last_1_data_out">9, 2, 1, 2</column>
<column name="alpha_out_V_last_1_state">15, 3, 2, 6</column>
<column name="ap_NS_fsm">56, 13, 1, 13</column>
<column name="dot_product_matrices_inner_V_data_V_0_ack_out">9, 2, 1, 2</column>
<column name="dot_product_matrices_inner_V_data_V_0_data_out">9, 2, 32, 64</column>
<column name="dot_product_matrices_inner_V_data_V_0_state">15, 3, 2, 6</column>
<column name="dot_product_matrices_inner_V_last_0_ack_out">9, 2, 1, 2</column>
<column name="dot_product_matrices_inner_V_last_0_data_out">9, 2, 1, 2</column>
<column name="dot_product_matrices_inner_V_last_0_state">15, 3, 2, 6</column>
<column name="dot_product_matrix_outer_V_data_V_0_ack_out">9, 2, 1, 2</column>
<column name="dot_product_matrix_outer_V_data_V_0_data_out">9, 2, 32, 64</column>
<column name="dot_product_matrix_outer_V_data_V_0_state">15, 3, 2, 6</column>
<column name="dot_product_matrix_outer_V_last_0_ack_out">9, 2, 1, 2</column>
<column name="dot_product_matrix_outer_V_last_0_data_out">9, 2, 1, 2</column>
<column name="dot_product_matrix_outer_V_last_0_state">15, 3, 2, 6</column>
<column name="input_details_TDATA_blk_n">9, 2, 1, 2</column>
<column name="input_details_V_data_0_data_out">9, 2, 32, 64</column>
<column name="input_details_V_data_0_state">15, 3, 2, 6</column>
<column name="input_details_V_last_0_state">15, 3, 2, 6</column>
<column name="kkt_violations_V_data_V_1_data_out">9, 2, 8, 16</column>
<column name="kkt_violations_V_data_V_1_state">15, 3, 2, 6</column>
<column name="kkt_violations_V_last_1_data_out">9, 2, 1, 2</column>
<column name="kkt_violations_V_last_1_state">15, 3, 2, 6</column>
<column name="output_details_V_data_V_1_data_out">9, 2, 32, 64</column>
<column name="output_details_V_data_V_1_state">15, 3, 2, 6</column>
<column name="output_details_V_last_1_data_out">9, 2, 1, 2</column>
<column name="output_details_V_last_1_state">15, 3, 2, 6</column>
<column name="t_V_1_reg_279">9, 2, 15, 30</column>
<column name="t_V_2_reg_290">9, 2, 15, 30</column>
<column name="t_V_reg_268">9, 2, 15, 30</column>
<column name="training_labels_in_TDATA_blk_n">9, 2, 1, 2</column>
<column name="training_labels_in_V_data_V_0_data_out">9, 2, 8, 16</column>
<column name="training_labels_in_V_data_V_0_state">15, 3, 2, 6</column>
<column name="training_labels_in_V_last_0_state">15, 3, 2, 6</column>
<column name="training_matrices_inner_V_data_V_0_ack_out">9, 2, 1, 2</column>
<column name="training_matrices_inner_V_data_V_0_data_out">9, 2, 16, 32</column>
<column name="training_matrices_inner_V_data_V_0_state">15, 3, 2, 6</column>
<column name="training_matrices_inner_V_last_0_ack_out">9, 2, 1, 2</column>
<column name="training_matrices_inner_V_last_0_data_out">9, 2, 1, 2</column>
<column name="training_matrices_inner_V_last_0_state">15, 3, 2, 6</column>
<column name="training_matrix_outer_V_data_V_0_ack_out">9, 2, 1, 2</column>
<column name="training_matrix_outer_V_data_V_0_data_out">9, 2, 16, 32</column>
<column name="training_matrix_outer_V_data_V_0_state">15, 3, 2, 6</column>
<column name="training_matrix_outer_V_last_0_ack_out">9, 2, 1, 2</column>
<column name="training_matrix_outer_V_last_0_data_out">9, 2, 1, 2</column>
<column name="training_matrix_outer_V_last_0_state">15, 3, 2, 6</column>
<column name="y_V_address0">15, 3, 15, 45</column>
<column name="y_V_ce0">15, 3, 1, 3</column>
<column name="y_V_ce1">9, 2, 1, 2</column>
</table>
</item>
<item name = "Register"><table name="" hasTotal="1">
<keys size="5">Name, FF, LUT, Bits, Const Bits</keys>
<column name="C_V_reg_1833">32, 0, 32, 0</column>
<column name="alpha_out_V_data_V_1_payload_A">32, 0, 32, 0</column>
<column name="alpha_out_V_data_V_1_payload_B">32, 0, 32, 0</column>
<column name="alpha_out_V_data_V_1_sel_rd">1, 0, 1, 0</column>
<column name="alpha_out_V_data_V_1_sel_wr">1, 0, 1, 0</column>
<column name="alpha_out_V_data_V_1_state">2, 0, 2, 0</column>
<column name="alpha_out_V_last_1_payload_A">1, 0, 1, 0</column>
<column name="alpha_out_V_last_1_payload_B">1, 0, 1, 0</column>
<column name="alpha_out_V_last_1_sel_rd">1, 0, 1, 0</column>
<column name="alpha_out_V_last_1_sel_wr">1, 0, 1, 0</column>
<column name="alpha_out_V_last_1_state">2, 0, 2, 0</column>
<column name="ap_CS_fsm">12, 0, 12, 0</column>
<column name="dot_product_matrices_inner_V_data_V_0_payload_A">32, 0, 32, 0</column>
<column name="dot_product_matrices_inner_V_data_V_0_payload_B">32, 0, 32, 0</column>
<column name="dot_product_matrices_inner_V_data_V_0_sel_rd">1, 0, 1, 0</column>
<column name="dot_product_matrices_inner_V_data_V_0_sel_wr">1, 0, 1, 0</column>
<column name="dot_product_matrices_inner_V_data_V_0_state">2, 0, 2, 0</column>
<column name="dot_product_matrices_inner_V_last_0_payload_A">1, 0, 1, 0</column>
<column name="dot_product_matrices_inner_V_last_0_payload_B">1, 0, 1, 0</column>
<column name="dot_product_matrices_inner_V_last_0_sel_rd">1, 0, 1, 0</column>
<column name="dot_product_matrices_inner_V_last_0_sel_wr">1, 0, 1, 0</column>
<column name="dot_product_matrices_inner_V_last_0_state">2, 0, 2, 0</column>
<column name="dot_product_matrix_outer_V_data_V_0_payload_A">32, 0, 32, 0</column>
<column name="dot_product_matrix_outer_V_data_V_0_payload_B">32, 0, 32, 0</column>
<column name="dot_product_matrix_outer_V_data_V_0_sel_rd">1, 0, 1, 0</column>
<column name="dot_product_matrix_outer_V_data_V_0_sel_wr">1, 0, 1, 0</column>
<column name="dot_product_matrix_outer_V_data_V_0_state">2, 0, 2, 0</column>
<column name="dot_product_matrix_outer_V_last_0_payload_A">1, 0, 1, 0</column>
<column name="dot_product_matrix_outer_V_last_0_payload_B">1, 0, 1, 0</column>
<column name="dot_product_matrix_outer_V_last_0_sel_rd">1, 0, 1, 0</column>
<column name="dot_product_matrix_outer_V_last_0_sel_wr">1, 0, 1, 0</column>
<column name="dot_product_matrix_outer_V_last_0_state">2, 0, 2, 0</column>
<column name="grp_SMO_outer_fu_301_ap_start_reg">1, 0, 1, 0</column>
<column name="input_details_V_data_0_payload_A">32, 0, 32, 0</column>
<column name="input_details_V_data_0_payload_B">32, 0, 32, 0</column>
<column name="input_details_V_data_0_sel_rd">1, 0, 1, 0</column>
<column name="input_details_V_data_0_sel_wr">1, 0, 1, 0</column>
<column name="input_details_V_data_0_state">2, 0, 2, 0</column>
<column name="input_details_V_last_0_state">2, 0, 2, 0</column>
<column name="kkt_violations_V_data_V_1_payload_A">8, 0, 8, 0</column>
<column name="kkt_violations_V_data_V_1_payload_B">8, 0, 8, 0</column>
<column name="kkt_violations_V_data_V_1_sel_rd">1, 0, 1, 0</column>
<column name="kkt_violations_V_data_V_1_sel_wr">1, 0, 1, 0</column>
<column name="kkt_violations_V_data_V_1_state">2, 0, 2, 0</column>
<column name="kkt_violations_V_last_1_payload_A">1, 0, 1, 0</column>
<column name="kkt_violations_V_last_1_payload_B">1, 0, 1, 0</column>
<column name="kkt_violations_V_last_1_sel_rd">1, 0, 1, 0</column>
<column name="kkt_violations_V_last_1_sel_wr">1, 0, 1, 0</column>
<column name="kkt_violations_V_last_1_state">2, 0, 2, 0</column>
<column name="max_itr_V_9_reg_1805">8, 0, 8, 0</column>
<column name="n1_V_2_reg_1864">15, 0, 15, 0</column>
<column name="no_training_vectors_10_reg_1822">16, 0, 16, 0</column>
<column name="no_training_vectors_8_reg_1794">16, 0, 16, 0</column>
<column name="no_variables_V_9_reg_1800">9, 0, 9, 0</column>
<column name="output_details_V_data_V_1_payload_A">32, 0, 32, 0</column>
<column name="output_details_V_data_V_1_payload_B">32, 0, 32, 0</column>
<column name="output_details_V_data_V_1_sel_rd">1, 0, 1, 0</column>
<column name="output_details_V_data_V_1_sel_wr">1, 0, 1, 0</column>
<column name="output_details_V_data_V_1_state">2, 0, 2, 0</column>
<column name="output_details_V_last_1_payload_A">1, 0, 1, 0</column>
<column name="output_details_V_last_1_payload_B">1, 0, 1, 0</column>
<column name="output_details_V_last_1_sel_rd">1, 0, 1, 0</column>
<column name="output_details_V_last_1_sel_wr">1, 0, 1, 0</column>
<column name="output_details_V_last_1_state">2, 0, 2, 0</column>
<column name="p_Result_10_reg_1789">1, 0, 1, 0</column>
<column name="select_ln887_reg_1838">15, 0, 15, 0</column>
<column name="t_V_1_reg_279">15, 0, 15, 0</column>
<column name="t_V_2_reg_290">15, 0, 15, 0</column>
<column name="t_V_reg_268">15, 0, 15, 0</column>
<column name="tmp_data_4_reg_1810">32, 0, 32, 0</column>
<column name="tmp_data_5_reg_1816">32, 0, 32, 0</column>
<column name="tolerance_V_reg_1828">32, 0, 32, 0</column>
<column name="training_labels_in_V_data_V_0_payload_A">8, 0, 8, 0</column>
<column name="training_labels_in_V_data_V_0_payload_B">8, 0, 8, 0</column>
<column name="training_labels_in_V_data_V_0_sel_rd">1, 0, 1, 0</column>
<column name="training_labels_in_V_data_V_0_sel_wr">1, 0, 1, 0</column>
<column name="training_labels_in_V_data_V_0_state">2, 0, 2, 0</column>
<column name="training_labels_in_V_last_0_state">2, 0, 2, 0</column>
<column name="training_matrices_inner_V_data_V_0_payload_A">16, 0, 16, 0</column>
<column name="training_matrices_inner_V_data_V_0_payload_B">16, 0, 16, 0</column>
<column name="training_matrices_inner_V_data_V_0_sel_rd">1, 0, 1, 0</column>
<column name="training_matrices_inner_V_data_V_0_sel_wr">1, 0, 1, 0</column>
<column name="training_matrices_inner_V_data_V_0_state">2, 0, 2, 0</column>
<column name="training_matrices_inner_V_last_0_payload_A">1, 0, 1, 0</column>
<column name="training_matrices_inner_V_last_0_payload_B">1, 0, 1, 0</column>
<column name="training_matrices_inner_V_last_0_sel_rd">1, 0, 1, 0</column>
<column name="training_matrices_inner_V_last_0_sel_wr">1, 0, 1, 0</column>
<column name="training_matrices_inner_V_last_0_state">2, 0, 2, 0</column>
<column name="training_matrix_outer_V_data_V_0_payload_A">16, 0, 16, 0</column>
<column name="training_matrix_outer_V_data_V_0_payload_B">16, 0, 16, 0</column>
<column name="training_matrix_outer_V_data_V_0_sel_rd">1, 0, 1, 0</column>
<column name="training_matrix_outer_V_data_V_0_sel_wr">1, 0, 1, 0</column>
<column name="training_matrix_outer_V_data_V_0_state">2, 0, 2, 0</column>
<column name="training_matrix_outer_V_last_0_payload_A">1, 0, 1, 0</column>
<column name="training_matrix_outer_V_last_0_payload_B">1, 0, 1, 0</column>
<column name="training_matrix_outer_V_last_0_sel_rd">1, 0, 1, 0</column>
<column name="training_matrix_outer_V_last_0_sel_wr">1, 0, 1, 0</column>
<column name="training_matrix_outer_V_last_0_state">2, 0, 2, 0</column>
</table>
</item>
</section>
</item>
</section>

<section name = "Interface" level="0">
<item name = "Summary"><table name="" hasTotal="0">
<keys size="6">RTL Ports, Dir, Bits, Protocol, Source Object, C Type</keys>
<column name="ap_clk">in, 1, ap_ctrl_none, SMO_top, return value</column>
<column name="ap_rst_n">in, 1, ap_ctrl_none, SMO_top, return value</column>
<column name="dot_product_matrix_outer_TDATA">in, 32, axis, dot_product_matrix_outer_V_data_V, pointer</column>
<column name="dot_product_matrix_outer_TVALID">in, 1, axis, dot_product_matrix_outer_V_last, pointer</column>
<column name="dot_product_matrix_outer_TREADY">out, 1, axis, dot_product_matrix_outer_V_last, pointer</column>
<column name="dot_product_matrix_outer_TLAST">in, 1, axis, dot_product_matrix_outer_V_last, pointer</column>
<column name="dot_product_matrices_inner_TDATA">in, 32, axis, dot_product_matrices_inner_V_data_V, pointer</column>
<column name="dot_product_matrices_inner_TVALID">in, 1, axis, dot_product_matrices_inner_V_last, pointer</column>
<column name="dot_product_matrices_inner_TREADY">out, 1, axis, dot_product_matrices_inner_V_last, pointer</column>
<column name="dot_product_matrices_inner_TLAST">in, 1, axis, dot_product_matrices_inner_V_last, pointer</column>
<column name="training_labels_in_TDATA">in, 8, axis, training_labels_in_V_data_V, pointer</column>
<column name="training_labels_in_TVALID">in, 1, axis, training_labels_in_V_last, pointer</column>
<column name="training_labels_in_TREADY">out, 1, axis, training_labels_in_V_last, pointer</column>
<column name="training_labels_in_TLAST">in, 1, axis, training_labels_in_V_last, pointer</column>
<column name="training_matrix_outer_TDATA">in, 16, axis, training_matrix_outer_V_data_V, pointer</column>
<column name="training_matrix_outer_TVALID">in, 1, axis, training_matrix_outer_V_last, pointer</column>
<column name="training_matrix_outer_TREADY">out, 1, axis, training_matrix_outer_V_last, pointer</column>
<column name="training_matrix_outer_TLAST">in, 1, axis, training_matrix_outer_V_last, pointer</column>
<column name="training_matrices_inner_TDATA">in, 16, axis, training_matrices_inner_V_data_V, pointer</column>
<column name="training_matrices_inner_TVALID">in, 1, axis, training_matrices_inner_V_last, pointer</column>
<column name="training_matrices_inner_TREADY">out, 1, axis, training_matrices_inner_V_last, pointer</column>
<column name="training_matrices_inner_TLAST">in, 1, axis, training_matrices_inner_V_last, pointer</column>
<column name="input_details_TDATA">in, 32, axis, input_details_V_data, pointer</column>
<column name="input_details_TVALID">in, 1, axis, input_details_V_last, pointer</column>
<column name="input_details_TREADY">out, 1, axis, input_details_V_last, pointer</column>
<column name="input_details_TLAST">in, 1, axis, input_details_V_last, pointer</column>
<column name="alpha_out_TDATA">out, 32, axis, alpha_out_V_data_V, pointer</column>
<column name="alpha_out_TREADY">in, 1, axis, alpha_out_V_data_V, pointer</column>
<column name="alpha_out_TVALID">out, 1, axis, alpha_out_V_last, pointer</column>
<column name="alpha_out_TLAST">out, 1, axis, alpha_out_V_last, pointer</column>
<column name="kkt_violations_TDATA">out, 8, axis, kkt_violations_V_data_V, pointer</column>
<column name="kkt_violations_TVALID">out, 1, axis, kkt_violations_V_last, pointer</column>
<column name="kkt_violations_TREADY">in, 1, axis, kkt_violations_V_last, pointer</column>
<column name="kkt_violations_TLAST">out, 1, axis, kkt_violations_V_last, pointer</column>
<column name="output_details_TDATA">out, 32, axis, output_details_V_data_V, pointer</column>
<column name="output_details_TVALID">out, 1, axis, output_details_V_last, pointer</column>
<column name="output_details_TREADY">in, 1, axis, output_details_V_last, pointer</column>
<column name="output_details_TLAST">out, 1, axis, output_details_V_last, pointer</column>
</table>
</item>
</section>
</profile>
