<stg><name>SMO_outer</name>


<trans_list>

<trans id="109" from="1" to="2">
<condition id="-1">
<or_exp><and_exp></and_exp></or_exp>
</condition>
</trans>

<trans id="110" from="2" to="12">
<condition id="-1">
<or_exp><and_exp><literal name="icmp_ln887_4" val="0"/>
</and_exp><and_exp><literal name="icmp_ln887" val="1"/>
</and_exp></or_exp>
</condition>
</trans>

<trans id="112" from="2" to="3">
<condition id="-1">
<or_exp><and_exp><literal name="icmp_ln887" val="0"/>
<literal name="icmp_ln887_4" val="1"/>
</and_exp></or_exp>
</condition>
</trans>

<trans id="113" from="3" to="4">
<condition id="-1">
<or_exp><and_exp><literal name="icmp_ln887_5" val="0"/>
<literal name="icmp_ln887_6" val="1"/>
</and_exp></or_exp>
</condition>
</trans>

<trans id="125" from="3" to="12">
<condition id="-1">
<or_exp><and_exp><literal name="icmp_ln887_6" val="0"/>
<literal name="icmp_ln879" val="1"/>
</and_exp><and_exp><literal name="icmp_ln887_5" val="1"/>
<literal name="icmp_ln879" val="1"/>
</and_exp></or_exp>
</condition>
</trans>

<trans id="126" from="3" to="2">
<condition id="-1">
<or_exp><and_exp><literal name="icmp_ln887_6" val="0"/>
<literal name="icmp_ln879" val="0"/>
</and_exp><and_exp><literal name="icmp_ln887_5" val="1"/>
<literal name="icmp_ln879" val="0"/>
</and_exp></or_exp>
</condition>
</trans>

<trans id="115" from="4" to="5">
<condition id="-1">
<or_exp><and_exp></and_exp></or_exp>
</condition>
</trans>

<trans id="116" from="5" to="6">
<condition id="-1">
<or_exp><and_exp></and_exp></or_exp>
</condition>
</trans>

<trans id="117" from="6" to="7">
<condition id="-1">
<or_exp><and_exp></and_exp></or_exp>
</condition>
</trans>

<trans id="118" from="7" to="8">
<condition id="-1">
<or_exp><and_exp></and_exp></or_exp>
</condition>
</trans>

<trans id="119" from="8" to="10">
<condition id="-1">
<or_exp><and_exp><literal name="and_ln311" val="1"/>
</and_exp><and_exp><literal name="icmp_ln1495" val="1"/>
<literal name="icmp_ln1495_7" val="1"/>
</and_exp></or_exp>
</condition>
</trans>

<trans id="120" from="8" to="9">
<condition id="-1">
<or_exp><and_exp><literal name="icmp_ln1495_7" val="0"/>
<literal name="and_ln311" val="0"/>
</and_exp><and_exp><literal name="icmp_ln1495" val="0"/>
<literal name="and_ln311" val="0"/>
</and_exp></or_exp>
</condition>
</trans>

<trans id="122" from="9" to="11">
<condition id="-1">
<or_exp><and_exp></and_exp></or_exp>
</condition>
</trans>

<trans id="123" from="10" to="11">
<condition id="-1">
<or_exp><and_exp></and_exp></or_exp>
</condition>
</trans>

<trans id="124" from="11" to="3">
<condition id="-1">
<or_exp><and_exp></and_exp></or_exp>
</condition>
</trans>
</trans_list>



<state_list>

<state id="1" st_id="1">

<operation id="13" st_id="1" stage="1" lat="1">
<core>NULL</core>
<MemPortIdVec></MemPortIdVec>
<condition id="-1">
<or_exp><and_exp></and_exp></or_exp>
</condition>

<Node id="20" bw="32" op_0_bw="32">
<![CDATA[
_ZN8ap_fixedILi32ELi12EL9ap_q_mode5EL9ap_o_mode3ELi0EEC1Ei.exit:0  %offset_V_1 = alloca i32

]]></Node>
<StgValue><ssdm name="offset_V_1"/></StgValue>
</operation>

<operation id="14" st_id="1" stage="1" lat="1">
<core>NULL</core>
<MemPortIdVec></MemPortIdVec>
<condition id="-1">
<or_exp><and_exp></and_exp></or_exp>
</condition>

<Node id="21" bw="0" op_0_bw="0" op_1_bw="32" op_2_bw="1" op_3_bw="0" op_4_bw="32" op_5_bw="32" op_6_bw="0" op_7_bw="32" op_8_bw="32" op_9_bw="0" op_10_bw="0" op_11_bw="0" op_12_bw="32" op_13_bw="32" op_14_bw="32" op_15_bw="32" op_16_bw="0" op_17_bw="0">
<![CDATA[
_ZN8ap_fixedILi32ELi12EL9ap_q_mode5EL9ap_o_mode3ELi0EEC1Ei.exit:1  call void (...)* @_ssdm_op_SpecInterface(i32* %output_details_V_data_V, i1* %output_details_V_last, [5 x i8]* @p_str7, i32 0, i32 0, [5 x i8]* @p_str8, i32 0, i32 0, [1 x i8]* @p_str1, [1 x i8]* @p_str1, [1 x i8]* @p_str1, i32 0, i32 0, i32 0, i32 0, [1 x i8]* @p_str1, [1 x i8]* @p_str1) nounwind

]]></Node>
<StgValue><ssdm name="specinterface_ln0"/></StgValue>
</operation>

<operation id="15" st_id="1" stage="1" lat="1">
<core>NULL</core>
<MemPortIdVec></MemPortIdVec>
<condition id="-1">
<or_exp><and_exp></and_exp></or_exp>
</condition>

<Node id="22" bw="0" op_0_bw="0" op_1_bw="16" op_2_bw="1" op_3_bw="0" op_4_bw="32" op_5_bw="32" op_6_bw="0" op_7_bw="32" op_8_bw="32" op_9_bw="0" op_10_bw="0" op_11_bw="0" op_12_bw="32" op_13_bw="32" op_14_bw="32" op_15_bw="32" op_16_bw="0" op_17_bw="0">
<![CDATA[
_ZN8ap_fixedILi32ELi12EL9ap_q_mode5EL9ap_o_mode3ELi0EEC1Ei.exit:2  call void (...)* @_ssdm_op_SpecInterface(i16* %training_matrices_inner_V_data_V, i1* %training_matrices_inner_V_last, [5 x i8]* @p_str7, i32 0, i32 0, [5 x i8]* @p_str8, i32 0, i32 0, [1 x i8]* @p_str1, [1 x i8]* @p_str1, [1 x i8]* @p_str1, i32 0, i32 0, i32 0, i32 0, [1 x i8]* @p_str1, [1 x i8]* @p_str1) nounwind

]]></Node>
<StgValue><ssdm name="specinterface_ln0"/></StgValue>
</operation>

<operation id="16" st_id="1" stage="1" lat="1">
<core>NULL</core>
<MemPortIdVec></MemPortIdVec>
<condition id="-1">
<or_exp><and_exp></and_exp></or_exp>
</condition>

<Node id="23" bw="0" op_0_bw="0" op_1_bw="16" op_2_bw="1" op_3_bw="0" op_4_bw="32" op_5_bw="32" op_6_bw="0" op_7_bw="32" op_8_bw="32" op_9_bw="0" op_10_bw="0" op_11_bw="0" op_12_bw="32" op_13_bw="32" op_14_bw="32" op_15_bw="32" op_16_bw="0" op_17_bw="0">
<![CDATA[
_ZN8ap_fixedILi32ELi12EL9ap_q_mode5EL9ap_o_mode3ELi0EEC1Ei.exit:3  call void (...)* @_ssdm_op_SpecInterface(i16* %training_matrix_outer_V_data_V, i1* %training_matrix_outer_V_last, [5 x i8]* @p_str7, i32 0, i32 0, [5 x i8]* @p_str8, i32 0, i32 0, [1 x i8]* @p_str1, [1 x i8]* @p_str1, [1 x i8]* @p_str1, i32 0, i32 0, i32 0, i32 0, [1 x i8]* @p_str1, [1 x i8]* @p_str1) nounwind

]]></Node>
<StgValue><ssdm name="specinterface_ln0"/></StgValue>
</operation>

<operation id="17" st_id="1" stage="1" lat="1">
<core>NULL</core>
<MemPortIdVec></MemPortIdVec>
<condition id="-1">
<or_exp><and_exp></and_exp></or_exp>
</condition>

<Node id="24" bw="0" op_0_bw="0" op_1_bw="32" op_2_bw="1" op_3_bw="0" op_4_bw="32" op_5_bw="32" op_6_bw="0" op_7_bw="32" op_8_bw="32" op_9_bw="0" op_10_bw="0" op_11_bw="0" op_12_bw="32" op_13_bw="32" op_14_bw="32" op_15_bw="32" op_16_bw="0" op_17_bw="0">
<![CDATA[
_ZN8ap_fixedILi32ELi12EL9ap_q_mode5EL9ap_o_mode3ELi0EEC1Ei.exit:4  call void (...)* @_ssdm_op_SpecInterface(i32* %dot_product_matrices_inner_V_data_V, i1* %dot_product_matrices_inner_V_last, [5 x i8]* @p_str7, i32 0, i32 0, [5 x i8]* @p_str8, i32 0, i32 0, [1 x i8]* @p_str1, [1 x i8]* @p_str1, [1 x i8]* @p_str1, i32 0, i32 0, i32 0, i32 0, [1 x i8]* @p_str1, [1 x i8]* @p_str1) nounwind

]]></Node>
<StgValue><ssdm name="specinterface_ln0"/></StgValue>
</operation>

<operation id="18" st_id="1" stage="1" lat="1">
<core>NULL</core>
<MemPortIdVec></MemPortIdVec>
<condition id="-1">
<or_exp><and_exp></and_exp></or_exp>
</condition>

<Node id="25" bw="0" op_0_bw="0" op_1_bw="32" op_2_bw="1" op_3_bw="0" op_4_bw="32" op_5_bw="32" op_6_bw="0" op_7_bw="32" op_8_bw="32" op_9_bw="0" op_10_bw="0" op_11_bw="0" op_12_bw="32" op_13_bw="32" op_14_bw="32" op_15_bw="32" op_16_bw="0" op_17_bw="0">
<![CDATA[
_ZN8ap_fixedILi32ELi12EL9ap_q_mode5EL9ap_o_mode3ELi0EEC1Ei.exit:5  call void (...)* @_ssdm_op_SpecInterface(i32* %dot_product_matrix_outer_V_data_V, i1* %dot_product_matrix_outer_V_last, [5 x i8]* @p_str7, i32 0, i32 0, [5 x i8]* @p_str8, i32 0, i32 0, [1 x i8]* @p_str1, [1 x i8]* @p_str1, [1 x i8]* @p_str1, i32 0, i32 0, i32 0, i32 0, [1 x i8]* @p_str1, [1 x i8]* @p_str1) nounwind

]]></Node>
<StgValue><ssdm name="specinterface_ln0"/></StgValue>
</operation>

<operation id="19" st_id="1" stage="1" lat="1">
<core>NULL</core>
<MemPortIdVec></MemPortIdVec>
<condition id="-1">
<or_exp><and_exp></and_exp></or_exp>
</condition>

<Node id="26" bw="0" op_0_bw="0" op_1_bw="8" op_2_bw="1" op_3_bw="0" op_4_bw="32" op_5_bw="32" op_6_bw="0" op_7_bw="32" op_8_bw="32" op_9_bw="0" op_10_bw="0" op_11_bw="0" op_12_bw="32" op_13_bw="32" op_14_bw="32" op_15_bw="32" op_16_bw="0" op_17_bw="0">
<![CDATA[
_ZN8ap_fixedILi32ELi12EL9ap_q_mode5EL9ap_o_mode3ELi0EEC1Ei.exit:6  call void (...)* @_ssdm_op_SpecInterface(i8* %kkt_violations_V_data_V, i1* %kkt_violations_V_last, [5 x i8]* @p_str7, i32 0, i32 0, [5 x i8]* @p_str8, i32 0, i32 0, [1 x i8]* @p_str1, [1 x i8]* @p_str1, [1 x i8]* @p_str1, i32 0, i32 0, i32 0, i32 0, [1 x i8]* @p_str1, [1 x i8]* @p_str1) nounwind

]]></Node>
<StgValue><ssdm name="specinterface_ln0"/></StgValue>
</operation>

<operation id="20" st_id="1" stage="1" lat="1">
<core>NULL</core>
<MemPortIdVec></MemPortIdVec>
<condition id="-1">
<or_exp><and_exp></and_exp></or_exp>
</condition>

<Node id="27" bw="8" op_0_bw="8" op_1_bw="8">
<![CDATA[
_ZN8ap_fixedILi32ELi12EL9ap_q_mode5EL9ap_o_mode3ELi0EEC1Ei.exit:7  %max_itr_user_V_read_1 = call i8 @_ssdm_op_Read.ap_auto.i8(i8 %max_itr_user_V_read)

]]></Node>
<StgValue><ssdm name="max_itr_user_V_read_1"/></StgValue>
</operation>

<operation id="21" st_id="1" stage="1" lat="1">
<core>NULL</core>
<MemPortIdVec></MemPortIdVec>
<condition id="-1">
<or_exp><and_exp></and_exp></or_exp>
</condition>

<Node id="28" bw="32" op_0_bw="32" op_1_bw="32">
<![CDATA[
_ZN8ap_fixedILi32ELi12EL9ap_q_mode5EL9ap_o_mode3ELi0EEC1Ei.exit:8  %tolerance_V_read_2 = call i32 @_ssdm_op_Read.ap_auto.i32(i32 %tolerance_V_read)

]]></Node>
<StgValue><ssdm name="tolerance_V_read_2"/></StgValue>
</operation>

<operation id="22" st_id="1" stage="1" lat="1">
<core>NULL</core>
<MemPortIdVec></MemPortIdVec>
<condition id="-1">
<or_exp><and_exp></and_exp></or_exp>
</condition>

<Node id="29" bw="32" op_0_bw="32" op_1_bw="32">
<![CDATA[
_ZN8ap_fixedILi32ELi12EL9ap_q_mode5EL9ap_o_mode3ELi0EEC1Ei.exit:9  %C_V_read_2 = call i32 @_ssdm_op_Read.ap_auto.i32(i32 %C_V_read)

]]></Node>
<StgValue><ssdm name="C_V_read_2"/></StgValue>
</operation>

<operation id="23" st_id="1" stage="1" lat="1">
<core>NULL</core>
<MemPortIdVec></MemPortIdVec>
<condition id="-1">
<or_exp><and_exp></and_exp></or_exp>
</condition>

<Node id="30" bw="9" op_0_bw="9" op_1_bw="9">
<![CDATA[
_ZN8ap_fixedILi32ELi12EL9ap_q_mode5EL9ap_o_mode3ELi0EEC1Ei.exit:10  %no_variables_V_read_4 = call i9 @_ssdm_op_Read.ap_auto.i9(i9 %no_variables_V_read)

]]></Node>
<StgValue><ssdm name="no_variables_V_read_4"/></StgValue>
</operation>

<operation id="24" st_id="1" stage="1" lat="1">
<core>NULL</core>
<MemPortIdVec></MemPortIdVec>
<condition id="-1">
<or_exp><and_exp></and_exp></or_exp>
</condition>

<Node id="31" bw="16" op_0_bw="16" op_1_bw="16">
<![CDATA[
_ZN8ap_fixedILi32ELi12EL9ap_q_mode5EL9ap_o_mode3ELi0EEC1Ei.exit:11  %no_training_vectors_12 = call i16 @_ssdm_op_Read.ap_auto.i16(i16 %no_training_vectors_s)

]]></Node>
<StgValue><ssdm name="no_training_vectors_12"/></StgValue>
</operation>

<operation id="25" st_id="1" stage="1" lat="1">
<core>NULL</core>
<MemPortIdVec></MemPortIdVec>
<condition id="-1">
<or_exp><and_exp></and_exp></or_exp>
</condition>

<Node id="32" bw="16" op_0_bw="64">
<![CDATA[
_ZN8ap_fixedILi32ELi12EL9ap_q_mode5EL9ap_o_mode3ELi0EEC1Ei.exit:12  %x_p_V = alloca [256 x i16], align 2

]]></Node>
<StgValue><ssdm name="x_p_V"/><MemPortTyVec>2 3 </MemPortTyVec>
</StgValue>
</operation>

<operation id="26" st_id="1" stage="1" lat="1">
<core>NULL</core>
<MemPortIdVec></MemPortIdVec>
<condition id="-1">
<or_exp><and_exp></and_exp></or_exp>
</condition>

<Node id="33" bw="33" op_0_bw="32">
<![CDATA[
_ZN8ap_fixedILi32ELi12EL9ap_q_mode5EL9ap_o_mode3ELi0EEC1Ei.exit:13  %r_V = sext i32 %tolerance_V_read_2 to i33

]]></Node>
<StgValue><ssdm name="r_V"/></StgValue>
</operation>

<operation id="27" st_id="1" stage="1" lat="1">
<core>AddSub</core>
<MemPortIdVec></MemPortIdVec>
<condition id="-1">
<or_exp><and_exp></and_exp></or_exp>
</condition>

<Node id="34" bw="33" op_0_bw="33" op_1_bw="33">
<![CDATA[
_ZN8ap_fixedILi32ELi12EL9ap_q_mode5EL9ap_o_mode3ELi0EEC1Ei.exit:14  %r_V_20 = sub nsw i33 0, %r_V

]]></Node>
<StgValue><ssdm name="r_V_20"/></StgValue>
</operation>

<operation id="28" st_id="1" stage="1" lat="1">
<core>NULL</core>
<MemPortIdVec></MemPortIdVec>
<condition id="-1">
<or_exp><and_exp></and_exp></or_exp>
</condition>

<Node id="35" bw="0" op_0_bw="32" op_1_bw="32">
<![CDATA[
_ZN8ap_fixedILi32ELi12EL9ap_q_mode5EL9ap_o_mode3ELi0EEC1Ei.exit:15  store i32 0, i32* %offset_V_1

]]></Node>
<StgValue><ssdm name="store_ln277"/></StgValue>
</operation>

<operation id="29" st_id="1" stage="1" lat="1">
<core>NULL</core>
<MemPortIdVec></MemPortIdVec>
<condition id="-1">
<or_exp><and_exp></and_exp></or_exp>
</condition>

<Node id="36" bw="0" op_0_bw="0">
<![CDATA[
_ZN8ap_fixedILi32ELi12EL9ap_q_mode5EL9ap_o_mode3ELi0EEC1Ei.exit:16  br label %0

]]></Node>
<StgValue><ssdm name="br_ln277"/></StgValue>
</operation>
</state>

<state id="2" st_id="2">

<operation id="30" st_id="2" stage="1" lat="1">
<core>NULL</core>
<MemPortIdVec></MemPortIdVec>
<condition id="-1">
<or_exp><and_exp></and_exp></or_exp>
</condition>

<Node id="38" bw="27" op_0_bw="27" op_1_bw="0" op_2_bw="27" op_3_bw="0">
<![CDATA[
:0  %p_Val2_45 = phi i27 [ 0, %_ZN8ap_fixedILi32ELi12EL9ap_q_mode5EL9ap_o_mode3ELi0EEC1Ei.exit ], [ %no_itr_V, %max_itr_loop_end ]

]]></Node>
<StgValue><ssdm name="p_Val2_45"/></StgValue>
</operation>

<operation id="31" st_id="2" stage="1" lat="1">
<core>NULL</core>
<MemPortIdVec></MemPortIdVec>
<condition id="-1">
<or_exp><and_exp></and_exp></or_exp>
</condition>

<Node id="39" bw="7" op_0_bw="7" op_1_bw="0" op_2_bw="7" op_3_bw="0">
<![CDATA[
:1  %t_V = phi i7 [ 0, %_ZN8ap_fixedILi32ELi12EL9ap_q_mode5EL9ap_o_mode3ELi0EEC1Ei.exit ], [ %n1_V, %max_itr_loop_end ]

]]></Node>
<StgValue><ssdm name="t_V"/></StgValue>
</operation>

<operation id="32" st_id="2" stage="1" lat="1">
<core>NULL</core>
<MemPortIdVec></MemPortIdVec>
<condition id="-1">
<or_exp><and_exp></and_exp></or_exp>
</condition>

<Node id="40" bw="32" op_0_bw="32" op_1_bw="0">
<![CDATA[
:2  %offset_V_1_load = load i32* %offset_V_1

]]></Node>
<StgValue><ssdm name="offset_V_1_load"/></StgValue>
</operation>

<operation id="33" st_id="2" stage="1" lat="1">
<core>NULL</core>
<MemPortIdVec></MemPortIdVec>
<condition id="-1">
<or_exp><and_exp></and_exp></or_exp>
</condition>

<Node id="41" bw="8" op_0_bw="7">
<![CDATA[
:3  %zext_ln887 = zext i7 %t_V to i8

]]></Node>
<StgValue><ssdm name="zext_ln887"/></StgValue>
</operation>

<operation id="34" st_id="2" stage="1" lat="1">
<core>Cmp</core>
<MemPortIdVec></MemPortIdVec>
<condition id="-1">
<or_exp><and_exp></and_exp></or_exp>
</condition>

<Node id="42" bw="1" op_0_bw="7" op_1_bw="7">
<![CDATA[
:4  %icmp_ln887 = icmp eq i7 %t_V, -28

]]></Node>
<StgValue><ssdm name="icmp_ln887"/></StgValue>
</operation>

<operation id="35" st_id="2" stage="1" lat="1">
<core>NULL</core>
<MemPortIdVec></MemPortIdVec>
<condition id="-1">
<or_exp><and_exp></and_exp></or_exp>
</condition>

<Node id="43" bw="32" op_0_bw="32" op_1_bw="64" op_2_bw="64" op_3_bw="64">
<![CDATA[
:5  %empty = call i32 (...)* @_ssdm_op_SpecLoopTripCount(i64 1, i64 100, i64 50)

]]></Node>
<StgValue><ssdm name="empty"/></StgValue>
</operation>

<operation id="36" st_id="2" stage="1" lat="1">
<core>AddSub</core>
<MemPortIdVec></MemPortIdVec>
<condition id="-1">
<or_exp><and_exp></and_exp></or_exp>
</condition>

<Node id="44" bw="7" op_0_bw="7" op_1_bw="7">
<![CDATA[
:6  %n1_V = add i7 %t_V, 1

]]></Node>
<StgValue><ssdm name="n1_V"/></StgValue>
</operation>

<operation id="37" st_id="2" stage="1" lat="1">
<core>NULL</core>
<MemPortIdVec></MemPortIdVec>
<condition id="-1">
<or_exp><and_exp></and_exp></or_exp>
</condition>

<Node id="45" bw="0" op_0_bw="1" op_1_bw="0" op_2_bw="0">
<![CDATA[
:7  br i1 %icmp_ln887, label %.loopexit714, label %max_itr_loop_begin

]]></Node>
<StgValue><ssdm name="br_ln277"/></StgValue>
</operation>

<operation id="38" st_id="2" stage="1" lat="1">
<core>NULL</core>
<MemPortIdVec></MemPortIdVec>
<condition id="-1">
<or_exp><and_exp><literal name="icmp_ln887" val="0"/>
</and_exp></or_exp>
</condition>

<Node id="47" bw="0" op_0_bw="0" op_1_bw="0">
<![CDATA[
max_itr_loop_begin:0  call void (...)* @_ssdm_op_SpecLoopName([13 x i8]* @p_str5) nounwind

]]></Node>
<StgValue><ssdm name="specloopname_ln277"/></StgValue>
</operation>

<operation id="39" st_id="2" stage="1" lat="1">
<core>NULL</core>
<MemPortIdVec></MemPortIdVec>
<condition id="-1">
<or_exp><and_exp><literal name="icmp_ln887" val="0"/>
</and_exp></or_exp>
</condition>

<Node id="48" bw="32" op_0_bw="32" op_1_bw="0">
<![CDATA[
max_itr_loop_begin:1  %tmp = call i32 (...)* @_ssdm_op_SpecRegionBegin([13 x i8]* @p_str5)

]]></Node>
<StgValue><ssdm name="tmp"/></StgValue>
</operation>

<operation id="40" st_id="2" stage="1" lat="1">
<core>Cmp</core>
<MemPortIdVec></MemPortIdVec>
<condition id="-1">
<or_exp><and_exp><literal name="icmp_ln887" val="0"/>
</and_exp></or_exp>
</condition>

<Node id="49" bw="1" op_0_bw="8" op_1_bw="8">
<![CDATA[
max_itr_loop_begin:2  %icmp_ln887_4 = icmp ult i8 %zext_ln887, %max_itr_user_V_read_1

]]></Node>
<StgValue><ssdm name="icmp_ln887_4"/></StgValue>
</operation>

<operation id="41" st_id="2" stage="1" lat="1">
<core>NULL</core>
<MemPortIdVec></MemPortIdVec>
<condition id="-1">
<or_exp><and_exp><literal name="icmp_ln887" val="0"/>
</and_exp></or_exp>
</condition>

<Node id="50" bw="0" op_0_bw="1" op_1_bw="0" op_2_bw="0">
<![CDATA[
max_itr_loop_begin:3  br i1 %icmp_ln887_4, label %.preheader.preheader, label %.loopexit714

]]></Node>
<StgValue><ssdm name="br_ln278"/></StgValue>
</operation>

<operation id="42" st_id="2" stage="1" lat="1">
<core>NULL</core>
<MemPortIdVec></MemPortIdVec>
<condition id="-1">
<or_exp><and_exp><literal name="icmp_ln887" val="0"/>
<literal name="icmp_ln887_4" val="1"/>
</and_exp></or_exp>
</condition>

<Node id="52" bw="0" op_0_bw="0">
<![CDATA[
.preheader.preheader:0  br label %.preheader

]]></Node>
<StgValue><ssdm name="br_ln0"/></StgValue>
</operation>
</state>

<state id="3" st_id="3">

<operation id="43" st_id="3" stage="1" lat="1">
<core>NULL</core>
<MemPortIdVec></MemPortIdVec>
<condition id="-1">
<or_exp><and_exp></and_exp></or_exp>
</condition>

<Node id="54" bw="16" op_0_bw="16" op_1_bw="0" op_2_bw="16" op_3_bw="0">
<![CDATA[
.preheader:0  %changed_alphas_V_0 = phi i16 [ 0, %.preheader.preheader ], [ %changed_alphas_V_0_b, %.preheader.backedge ]

]]></Node>
<StgValue><ssdm name="changed_alphas_V_0"/></StgValue>
</operation>

<operation id="44" st_id="3" stage="1" lat="1">
<core>NULL</core>
<MemPortIdVec></MemPortIdVec>
<condition id="-1">
<or_exp><and_exp></and_exp></or_exp>
</condition>

<Node id="55" bw="15" op_0_bw="15" op_1_bw="0" op_2_bw="15" op_3_bw="0">
<![CDATA[
.preheader:1  %t_V_8 = phi i15 [ 0, %.preheader.preheader ], [ %p_V, %.preheader.backedge ]

]]></Node>
<StgValue><ssdm name="t_V_8"/></StgValue>
</operation>

<operation id="45" st_id="3" stage="1" lat="1">
<core>NULL</core>
<MemPortIdVec></MemPortIdVec>
<condition id="-1">
<or_exp><and_exp></and_exp></or_exp>
</condition>

<Node id="56" bw="32" op_0_bw="32" op_1_bw="0">
<![CDATA[
.preheader:2  %offset_V_1_load_1 = load i32* %offset_V_1

]]></Node>
<StgValue><ssdm name="offset_V_1_load_1"/></StgValue>
</operation>

<operation id="46" st_id="3" stage="1" lat="1">
<core>NULL</core>
<MemPortIdVec></MemPortIdVec>
<condition id="-1">
<or_exp><and_exp></and_exp></or_exp>
</condition>

<Node id="57" bw="16" op_0_bw="15">
<![CDATA[
.preheader:3  %zext_ln887_1 = zext i15 %t_V_8 to i16

]]></Node>
<StgValue><ssdm name="zext_ln887_1"/></StgValue>
</operation>

<operation id="47" st_id="3" stage="1" lat="1">
<core>Cmp</core>
<MemPortIdVec></MemPortIdVec>
<condition id="-1">
<or_exp><and_exp></and_exp></or_exp>
</condition>

<Node id="58" bw="1" op_0_bw="15" op_1_bw="15">
<![CDATA[
.preheader:4  %icmp_ln887_5 = icmp eq i15 %t_V_8, -12768

]]></Node>
<StgValue><ssdm name="icmp_ln887_5"/></StgValue>
</operation>

<operation id="48" st_id="3" stage="1" lat="1">
<core>NULL</core>
<MemPortIdVec></MemPortIdVec>
<condition id="-1">
<or_exp><and_exp></and_exp></or_exp>
</condition>

<Node id="59" bw="32" op_0_bw="32" op_1_bw="64" op_2_bw="64" op_3_bw="64">
<![CDATA[
.preheader:5  %empty_89 = call i32 (...)* @_ssdm_op_SpecLoopTripCount(i64 1, i64 20000, i64 10000)

]]></Node>
<StgValue><ssdm name="empty_89"/></StgValue>
</operation>

<operation id="49" st_id="3" stage="1" lat="1">
<core>AddSub</core>
<MemPortIdVec></MemPortIdVec>
<condition id="-1">
<or_exp><and_exp></and_exp></or_exp>
</condition>

<Node id="60" bw="15" op_0_bw="15" op_1_bw="15">
<![CDATA[
.preheader:6  %p_V = add i15 %t_V_8, 1

]]></Node>
<StgValue><ssdm name="p_V"/></StgValue>
</operation>

<operation id="50" st_id="3" stage="1" lat="1">
<core>NULL</core>
<MemPortIdVec></MemPortIdVec>
<condition id="-1">
<or_exp><and_exp></and_exp></or_exp>
</condition>

<Node id="61" bw="0" op_0_bw="1" op_1_bw="0" op_2_bw="0">
<![CDATA[
.preheader:7  br i1 %icmp_ln887_5, label %.loopexit, label %1

]]></Node>
<StgValue><ssdm name="br_ln282"/></StgValue>
</operation>

<operation id="51" st_id="3" stage="1" lat="1">
<core>NULL</core>
<MemPortIdVec></MemPortIdVec>
<condition id="-1">
<or_exp><and_exp><literal name="icmp_ln887_5" val="0"/>
</and_exp></or_exp>
</condition>

<Node id="63" bw="0" op_0_bw="0" op_1_bw="0">
<![CDATA[
:0  call void (...)* @_ssdm_op_SpecLoopName([11 x i8]* @p_str6) nounwind

]]></Node>
<StgValue><ssdm name="specloopname_ln282"/></StgValue>
</operation>

<operation id="52" st_id="3" stage="1" lat="1">
<core>Cmp</core>
<MemPortIdVec></MemPortIdVec>
<condition id="-1">
<or_exp><and_exp><literal name="icmp_ln887_5" val="0"/>
</and_exp></or_exp>
</condition>

<Node id="64" bw="1" op_0_bw="16" op_1_bw="16">
<![CDATA[
:1  %icmp_ln887_6 = icmp ult i16 %zext_ln887_1, %no_training_vectors_12

]]></Node>
<StgValue><ssdm name="icmp_ln887_6"/></StgValue>
</operation>

<operation id="53" st_id="3" stage="1" lat="1">
<core>NULL</core>
<MemPortIdVec></MemPortIdVec>
<condition id="-1">
<or_exp><and_exp><literal name="icmp_ln887_5" val="0"/>
</and_exp></or_exp>
</condition>

<Node id="65" bw="0" op_0_bw="1" op_1_bw="0" op_2_bw="0">
<![CDATA[
:2  br i1 %icmp_ln887_6, label %_ZN13ap_fixed_baseILi2ELi2ELb1EL9ap_q_mode5EL9ap_o_mode3ELi0EEC1ILi2ELb1EEERK11ap_int_baseIXT_EXT0_EE.exit.i, label %.loopexit

]]></Node>
<StgValue><ssdm name="br_ln283"/></StgValue>
</operation>

<operation id="54" st_id="3" stage="1" lat="1">
<core>NULL</core>
<MemPortIdVec></MemPortIdVec>
<condition id="-1">
<or_exp><and_exp><literal name="icmp_ln887_5" val="0"/>
<literal name="icmp_ln887_6" val="1"/>
</and_exp></or_exp>
</condition>

<Node id="67" bw="64" op_0_bw="15">
<![CDATA[
_ZN13ap_fixed_baseILi2ELi2ELb1EL9ap_q_mode5EL9ap_o_mode3ELi0EEC1ILi2ELb1EEERK11ap_int_baseIXT_EXT0_EE.exit.i:0  %zext_ln544 = zext i15 %t_V_8 to i64

]]></Node>
<StgValue><ssdm name="zext_ln544"/></StgValue>
</operation>

<operation id="55" st_id="3" stage="1" lat="1">
<core>NULL</core>
<MemPortIdVec></MemPortIdVec>
<condition id="-1">
<or_exp><and_exp><literal name="icmp_ln887_5" val="0"/>
<literal name="icmp_ln887_6" val="1"/>
</and_exp></or_exp>
</condition>

<Node id="68" bw="15" op_0_bw="2" op_1_bw="64" op_2_bw="64">
<![CDATA[
_ZN13ap_fixed_baseILi2ELi2ELb1EL9ap_q_mode5EL9ap_o_mode3ELi0EEC1ILi2ELb1EEERK11ap_int_baseIXT_EXT0_EE.exit.i:1  %y_V_addr = getelementptr [20000 x i2]* %y_V, i64 0, i64 %zext_ln544

]]></Node>
<StgValue><ssdm name="y_V_addr"/></StgValue>
</operation>

<operation id="56" st_id="3" stage="2" lat="2">
<core>RAM</core>
<MemPortIdVec>0 </MemPortIdVec>
<condition id="-1">
<or_exp><and_exp><literal name="icmp_ln887_5" val="0"/>
<literal name="icmp_ln887_6" val="1"/>
</and_exp></or_exp>
</condition>

<Node id="69" bw="2" op_0_bw="15">
<![CDATA[
_ZN13ap_fixed_baseILi2ELi2ELb1EL9ap_q_mode5EL9ap_o_mode3ELi0EEC1ILi2ELb1EEERK11ap_int_baseIXT_EXT0_EE.exit.i:2  %y_p_V = load i2* %y_V_addr, align 1

]]></Node>
<StgValue><ssdm name="y_p_V"/></StgValue>
</operation>

<operation id="57" st_id="3" stage="1" lat="1">
<core>Cmp</core>
<MemPortIdVec></MemPortIdVec>
<condition id="-1">
<or_exp><and_exp><literal name="icmp_ln887_6" val="0"/>
</and_exp><and_exp><literal name="icmp_ln887_5" val="1"/>
</and_exp></or_exp>
</condition>

<Node id="117" bw="1" op_0_bw="16" op_1_bw="16">
<![CDATA[
.loopexit:0  %icmp_ln879 = icmp eq i16 %changed_alphas_V_0, 0

]]></Node>
<StgValue><ssdm name="icmp_ln879"/></StgValue>
</operation>

<operation id="58" st_id="3" stage="1" lat="1">
<core>NULL</core>
<MemPortIdVec></MemPortIdVec>
<condition id="-1">
<or_exp><and_exp><literal name="icmp_ln887_6" val="0"/>
</and_exp><and_exp><literal name="icmp_ln887_5" val="1"/>
</and_exp></or_exp>
</condition>

<Node id="118" bw="0" op_0_bw="1" op_1_bw="0" op_2_bw="0">
<![CDATA[
.loopexit:1  br i1 %icmp_ln879, label %.loopexit714, label %max_itr_loop_end

]]></Node>
<StgValue><ssdm name="br_ln368"/></StgValue>
</operation>

<operation id="59" st_id="3" stage="1" lat="1">
<core>AddSub</core>
<MemPortIdVec></MemPortIdVec>
<condition id="-1">
<or_exp><and_exp><literal name="icmp_ln887_6" val="0"/>
<literal name="icmp_ln879" val="0"/>
</and_exp><and_exp><literal name="icmp_ln887_5" val="1"/>
<literal name="icmp_ln879" val="0"/>
</and_exp></or_exp>
</condition>

<Node id="120" bw="27" op_0_bw="27" op_1_bw="27">
<![CDATA[
max_itr_loop_end:0  %no_itr_V = add i27 %p_Val2_45, 1048576

]]></Node>
<StgValue><ssdm name="no_itr_V"/></StgValue>
</operation>

<operation id="60" st_id="3" stage="1" lat="1">
<core>NULL</core>
<MemPortIdVec></MemPortIdVec>
<condition id="-1">
<or_exp><and_exp><literal name="icmp_ln887_6" val="0"/>
<literal name="icmp_ln879" val="0"/>
</and_exp><and_exp><literal name="icmp_ln887_5" val="1"/>
<literal name="icmp_ln879" val="0"/>
</and_exp></or_exp>
</condition>

<Node id="121" bw="32" op_0_bw="27">
<![CDATA[
max_itr_loop_end:1  %tmp_data_V_3 = zext i27 %no_itr_V to i32

]]></Node>
<StgValue><ssdm name="tmp_data_V_3"/></StgValue>
</operation>

<operation id="61" st_id="3" stage="1" lat="1">
<core>AXI4Stream</core>
<MemPortIdVec></MemPortIdVec>
<condition id="-1">
<or_exp><and_exp><literal name="icmp_ln887_6" val="0"/>
<literal name="icmp_ln879" val="0"/>
</and_exp><and_exp><literal name="icmp_ln887_5" val="1"/>
<literal name="icmp_ln879" val="0"/>
</and_exp></or_exp>
</condition>

<Node id="122" bw="0" op_0_bw="0" op_1_bw="32" op_2_bw="1" op_3_bw="32" op_4_bw="1">
<![CDATA[
max_itr_loop_end:2  call void @_ssdm_op_Write.axis.volatile.i32P.i1P(i32* %output_details_V_data_V, i1* %output_details_V_last, i32 %tmp_data_V_3, i1 true)

]]></Node>
<StgValue><ssdm name="write_ln378"/></StgValue>
</operation>

<operation id="62" st_id="3" stage="1" lat="1">
<core>NULL</core>
<MemPortIdVec></MemPortIdVec>
<condition id="-1">
<or_exp><and_exp><literal name="icmp_ln887_6" val="0"/>
<literal name="icmp_ln879" val="0"/>
</and_exp><and_exp><literal name="icmp_ln887_5" val="1"/>
<literal name="icmp_ln879" val="0"/>
</and_exp></or_exp>
</condition>

<Node id="123" bw="32" op_0_bw="32" op_1_bw="0" op_2_bw="32">
<![CDATA[
max_itr_loop_end:3  %empty_90 = call i32 (...)* @_ssdm_op_SpecRegionEnd([13 x i8]* @p_str5, i32 %tmp)

]]></Node>
<StgValue><ssdm name="empty_90"/></StgValue>
</operation>

<operation id="63" st_id="3" stage="1" lat="1">
<core>NULL</core>
<MemPortIdVec></MemPortIdVec>
<condition id="-1">
<or_exp><and_exp><literal name="icmp_ln887_6" val="0"/>
<literal name="icmp_ln879" val="0"/>
</and_exp><and_exp><literal name="icmp_ln887_5" val="1"/>
<literal name="icmp_ln879" val="0"/>
</and_exp></or_exp>
</condition>

<Node id="124" bw="0" op_0_bw="0">
<![CDATA[
max_itr_loop_end:4  br label %0

]]></Node>
<StgValue><ssdm name="br_ln277"/></StgValue>
</operation>
</state>

<state id="4" st_id="4">

<operation id="64" st_id="4" stage="1" lat="2">
<core>RAM</core>
<MemPortIdVec>0 </MemPortIdVec>
<condition id="-1">
<or_exp><and_exp></and_exp></or_exp>
</condition>

<Node id="69" bw="2" op_0_bw="15">
<![CDATA[
_ZN13ap_fixed_baseILi2ELi2ELb1EL9ap_q_mode5EL9ap_o_mode3ELi0EEC1ILi2ELb1EEERK11ap_int_baseIXT_EXT0_EE.exit.i:2  %y_p_V = load i2* %y_V_addr, align 1

]]></Node>
<StgValue><ssdm name="y_p_V"/></StgValue>
</operation>
</state>

<state id="5" st_id="5">

<operation id="65" st_id="5" stage="2" lat="2">
<core></core>
<MemPortIdVec></MemPortIdVec>
<condition id="-1">
<or_exp><and_exp></and_exp></or_exp>
</condition>

<Node id="70" bw="32" op_0_bw="32" op_1_bw="32" op_2_bw="1" op_3_bw="2" op_4_bw="32" op_5_bw="16" op_6_bw="32" op_7_bw="2">
<![CDATA[
_ZN13ap_fixed_baseILi2ELi2ELb1EL9ap_q_mode5EL9ap_o_mode3ELi0EEC1ILi2ELb1EEERK11ap_int_baseIXT_EXT0_EE.exit.i:3  %u_p_V = call fastcc i32 @get_u_k(i32* %dot_product_matrix_outer_V_data_V, i1* %dot_product_matrix_outer_V_last, [20000 x i2]* %y_V, [20000 x i32]* %alpha_data_V, i16 %no_training_vectors_12, i32 %offset_V_1_load_1)

]]></Node>
<StgValue><ssdm name="u_p_V"/></StgValue>
</operation>

<operation id="66" st_id="5" stage="2" lat="2">
<core></core>
<MemPortIdVec></MemPortIdVec>
<condition id="-1">
<or_exp><and_exp></and_exp></or_exp>
</condition>

<Node id="78" bw="0" op_0_bw="0" op_1_bw="16" op_2_bw="1" op_3_bw="16" op_4_bw="9">
<![CDATA[
_ZN13ap_fixed_baseILi2ELi2ELb1EL9ap_q_mode5EL9ap_o_mode3ELi0EEC1ILi2ELb1EEERK11ap_int_baseIXT_EXT0_EE.exit.i:11  call fastcc void @get_training_vector(i16* %training_matrix_outer_V_data_V, i1* %training_matrix_outer_V_last, [256 x i16]* %x_p_V, i9 %no_variables_V_read_4)

]]></Node>
<StgValue><ssdm name="call_ln299"/></StgValue>
</operation>
</state>

<state id="6" st_id="6">

<operation id="67" st_id="6" stage="1" lat="2">
<core></core>
<MemPortIdVec></MemPortIdVec>
<condition id="-1">
<or_exp><and_exp></and_exp></or_exp>
</condition>

<Node id="70" bw="32" op_0_bw="32" op_1_bw="32" op_2_bw="1" op_3_bw="2" op_4_bw="32" op_5_bw="16" op_6_bw="32" op_7_bw="2">
<![CDATA[
_ZN13ap_fixed_baseILi2ELi2ELb1EL9ap_q_mode5EL9ap_o_mode3ELi0EEC1ILi2ELb1EEERK11ap_int_baseIXT_EXT0_EE.exit.i:3  %u_p_V = call fastcc i32 @get_u_k(i32* %dot_product_matrix_outer_V_data_V, i1* %dot_product_matrix_outer_V_last, [20000 x i2]* %y_V, [20000 x i32]* %alpha_data_V, i16 %no_training_vectors_12, i32 %offset_V_1_load_1)

]]></Node>
<StgValue><ssdm name="u_p_V"/></StgValue>
</operation>

<operation id="68" st_id="6" stage="1" lat="2">
<core></core>
<MemPortIdVec></MemPortIdVec>
<condition id="-1">
<or_exp><and_exp></and_exp></or_exp>
</condition>

<Node id="78" bw="0" op_0_bw="0" op_1_bw="16" op_2_bw="1" op_3_bw="16" op_4_bw="9">
<![CDATA[
_ZN13ap_fixed_baseILi2ELi2ELb1EL9ap_q_mode5EL9ap_o_mode3ELi0EEC1ILi2ELb1EEERK11ap_int_baseIXT_EXT0_EE.exit.i:11  call fastcc void @get_training_vector(i16* %training_matrix_outer_V_data_V, i1* %training_matrix_outer_V_last, [256 x i16]* %x_p_V, i9 %no_variables_V_read_4)

]]></Node>
<StgValue><ssdm name="call_ln299"/></StgValue>
</operation>
</state>

<state id="7" st_id="7">

<operation id="69" st_id="7" stage="1" lat="1">
<core>NULL</core>
<MemPortIdVec></MemPortIdVec>
<condition id="-1">
<or_exp><and_exp></and_exp></or_exp>
</condition>

<Node id="75" bw="15" op_0_bw="32" op_1_bw="64" op_2_bw="64">
<![CDATA[
_ZN13ap_fixed_baseILi2ELi2ELb1EL9ap_q_mode5EL9ap_o_mode3ELi0EEC1ILi2ELb1EEERK11ap_int_baseIXT_EXT0_EE.exit.i:8  %alpha_data_V_addr = getelementptr [20000 x i32]* %alpha_data_V, i64 0, i64 %zext_ln544

]]></Node>
<StgValue><ssdm name="alpha_data_V_addr"/></StgValue>
</operation>

<operation id="70" st_id="7" stage="2" lat="2">
<core>RAM</core>
<MemPortIdVec>0 </MemPortIdVec>
<condition id="-1">
<or_exp><and_exp></and_exp></or_exp>
</condition>

<Node id="76" bw="32" op_0_bw="15" op_1_bw="32">
<![CDATA[
_ZN13ap_fixed_baseILi2ELi2ELb1EL9ap_q_mode5EL9ap_o_mode3ELi0EEC1ILi2ELb1EEERK11ap_int_baseIXT_EXT0_EE.exit.i:9  %alpha_p_old_V = load i32* %alpha_data_V_addr, align 4

]]></Node>
<StgValue><ssdm name="alpha_p_old_V"/></StgValue>
</operation>
</state>

<state id="8" st_id="8">

<operation id="71" st_id="8" stage="1" lat="1">
<core>NULL</core>
<MemPortIdVec></MemPortIdVec>
<condition id="-1">
<or_exp><and_exp></and_exp></or_exp>
</condition>

<Node id="71" bw="32" op_0_bw="2">
<![CDATA[
_ZN13ap_fixed_baseILi2ELi2ELb1EL9ap_q_mode5EL9ap_o_mode3ELi0EEC1ILi2ELb1EEERK11ap_int_baseIXT_EXT0_EE.exit.i:4  %sext_ln1193 = sext i2 %y_p_V to i32

]]></Node>
<StgValue><ssdm name="sext_ln1193"/></StgValue>
</operation>

<operation id="72" st_id="8" stage="1" lat="1">
<core>NULL</core>
<MemPortIdVec></MemPortIdVec>
<condition id="-1">
<or_exp><and_exp></and_exp></or_exp>
</condition>

<Node id="72" bw="22" op_0_bw="22" op_1_bw="2" op_2_bw="20">
<![CDATA[
_ZN13ap_fixed_baseILi2ELi2ELb1EL9ap_q_mode5EL9ap_o_mode3ELi0EEC1ILi2ELb1EEERK11ap_int_baseIXT_EXT0_EE.exit.i:5  %shl_ln = call i22 @_ssdm_op_BitConcatenate.i22.i2.i20(i2 %y_p_V, i20 0)

]]></Node>
<StgValue><ssdm name="shl_ln"/></StgValue>
</operation>

<operation id="73" st_id="8" stage="1" lat="1">
<core>NULL</core>
<MemPortIdVec></MemPortIdVec>
<condition id="-1">
<or_exp><and_exp></and_exp></or_exp>
</condition>

<Node id="73" bw="32" op_0_bw="22">
<![CDATA[
_ZN13ap_fixed_baseILi2ELi2ELb1EL9ap_q_mode5EL9ap_o_mode3ELi0EEC1ILi2ELb1EEERK11ap_int_baseIXT_EXT0_EE.exit.i:6  %sext_ln1193_1 = sext i22 %shl_ln to i32

]]></Node>
<StgValue><ssdm name="sext_ln1193_1"/></StgValue>
</operation>

<operation id="74" st_id="8" stage="1" lat="1">
<core>AddSub</core>
<MemPortIdVec></MemPortIdVec>
<condition id="-1">
<or_exp><and_exp></and_exp></or_exp>
</condition>

<Node id="74" bw="32" op_0_bw="32" op_1_bw="32">
<![CDATA[
_ZN13ap_fixed_baseILi2ELi2ELb1EL9ap_q_mode5EL9ap_o_mode3ELi0EEC1ILi2ELb1EEERK11ap_int_baseIXT_EXT0_EE.exit.i:7  %E_p_V = sub i32 %u_p_V, %sext_ln1193_1

]]></Node>
<StgValue><ssdm name="E_p_V"/></StgValue>
</operation>

<operation id="75" st_id="8" stage="1" lat="2">
<core>RAM</core>
<MemPortIdVec>0 </MemPortIdVec>
<condition id="-1">
<or_exp><and_exp></and_exp></or_exp>
</condition>

<Node id="76" bw="32" op_0_bw="15" op_1_bw="32">
<![CDATA[
_ZN13ap_fixed_baseILi2ELi2ELb1EL9ap_q_mode5EL9ap_o_mode3ELi0EEC1ILi2ELb1EEERK11ap_int_baseIXT_EXT0_EE.exit.i:9  %alpha_p_old_V = load i32* %alpha_data_V_addr, align 4

]]></Node>
<StgValue><ssdm name="alpha_p_old_V"/></StgValue>
</operation>

<operation id="76" st_id="8" stage="1" lat="1">
<core>Mul</core>
<MemPortIdVec></MemPortIdVec>
<condition id="-1">
<or_exp><and_exp></and_exp></or_exp>
</condition>

<Node id="77" bw="32" op_0_bw="32" op_1_bw="32">
<![CDATA[
_ZN13ap_fixed_baseILi2ELi2ELb1EL9ap_q_mode5EL9ap_o_mode3ELi0EEC1ILi2ELb1EEERK11ap_int_baseIXT_EXT0_EE.exit.i:10  %yp_Ep_V = mul i32 %sext_ln1193, %E_p_V

]]></Node>
<StgValue><ssdm name="yp_Ep_V"/></StgValue>
</operation>

<operation id="77" st_id="8" stage="1" lat="1">
<core>Cmp</core>
<MemPortIdVec></MemPortIdVec>
<condition id="-1">
<or_exp><and_exp></and_exp></or_exp>
</condition>

<Node id="79" bw="1" op_0_bw="32" op_1_bw="32">
<![CDATA[
_ZN13ap_fixed_baseILi2ELi2ELb1EL9ap_q_mode5EL9ap_o_mode3ELi0EEC1ILi2ELb1EEERK11ap_int_baseIXT_EXT0_EE.exit.i:12  %icmp_ln1495 = icmp slt i32 %alpha_p_old_V, %C_V_read_2

]]></Node>
<StgValue><ssdm name="icmp_ln1495"/></StgValue>
</operation>

<operation id="78" st_id="8" stage="1" lat="1">
<core>NULL</core>
<MemPortIdVec></MemPortIdVec>
<condition id="-1">
<or_exp><and_exp></and_exp></or_exp>
</condition>

<Node id="80" bw="0" op_0_bw="1" op_1_bw="0" op_2_bw="0">
<![CDATA[
_ZN13ap_fixed_baseILi2ELi2ELb1EL9ap_q_mode5EL9ap_o_mode3ELi0EEC1ILi2ELb1EEERK11ap_int_baseIXT_EXT0_EE.exit.i:13  br i1 %icmp_ln1495, label %_ZNK13ap_fixed_baseILi32ELi12ELb1EL9ap_q_mode5EL9ap_o_mode3ELi0EEngEv.exit65, label %_ZgtILi32ELi12ELb1EL9ap_q_mode5EL9ap_o_mode3ELi0EEbRK13ap_fixed_baseIXT_EXT0_EXT1_EXT2_EXT3_EXT4_EEi.exit56

]]></Node>
<StgValue><ssdm name="br_ln304"/></StgValue>
</operation>

<operation id="79" st_id="8" stage="1" lat="1">
<core>NULL</core>
<MemPortIdVec></MemPortIdVec>
<condition id="-1">
<or_exp><and_exp><literal name="icmp_ln1495" val="1"/>
</and_exp></or_exp>
</condition>

<Node id="82" bw="33" op_0_bw="32">
<![CDATA[
_ZNK13ap_fixed_baseILi32ELi12ELb1EL9ap_q_mode5EL9ap_o_mode3ELi0EEngEv.exit65:0  %sext_ln1495 = sext i32 %yp_Ep_V to i33

]]></Node>
<StgValue><ssdm name="sext_ln1495"/></StgValue>
</operation>

<operation id="80" st_id="8" stage="1" lat="1">
<core>Cmp</core>
<MemPortIdVec></MemPortIdVec>
<condition id="-1">
<or_exp><and_exp><literal name="icmp_ln1495" val="1"/>
</and_exp></or_exp>
</condition>

<Node id="83" bw="1" op_0_bw="33" op_1_bw="33">
<![CDATA[
_ZNK13ap_fixed_baseILi32ELi12ELb1EL9ap_q_mode5EL9ap_o_mode3ELi0EEngEv.exit65:1  %icmp_ln1495_6 = icmp slt i33 %sext_ln1495, %r_V_20

]]></Node>
<StgValue><ssdm name="icmp_ln1495_6"/></StgValue>
</operation>

<operation id="81" st_id="8" stage="1" lat="1">
<core>NULL</core>
<MemPortIdVec></MemPortIdVec>
<condition id="-1">
<or_exp><and_exp><literal name="icmp_ln1495" val="1"/>
</and_exp></or_exp>
</condition>

<Node id="84" bw="0" op_0_bw="1" op_1_bw="0" op_2_bw="0">
<![CDATA[
_ZNK13ap_fixed_baseILi32ELi12ELb1EL9ap_q_mode5EL9ap_o_mode3ELi0EEngEv.exit65:2  br i1 %icmp_ln1495_6, label %_ZNK13ap_fixed_baseILi32ELi12ELb1EL9ap_q_mode5EL9ap_o_mode3ELi0EEngEv.exit65._crit_edge, label %_ZgtILi32ELi12ELb1EL9ap_q_mode5EL9ap_o_mode3ELi0EEbRK13ap_fixed_baseIXT_EXT0_EXT1_EXT2_EXT3_EXT4_EEi.exit56

]]></Node>
<StgValue><ssdm name="br_ln304"/></StgValue>
</operation>

<operation id="82" st_id="8" stage="1" lat="1">
<core>Cmp</core>
<MemPortIdVec></MemPortIdVec>
<condition id="-1">
<or_exp><and_exp><literal name="icmp_ln1495_6" val="0"/>
</and_exp><and_exp><literal name="icmp_ln1495" val="0"/>
</and_exp></or_exp>
</condition>

<Node id="86" bw="1" op_0_bw="32" op_1_bw="32">
<![CDATA[
_ZgtILi32ELi12ELb1EL9ap_q_mode5EL9ap_o_mode3ELi0EEbRK13ap_fixed_baseIXT_EXT0_EXT1_EXT2_EXT3_EXT4_EEi.exit56:0  %icmp_ln1494 = icmp sgt i32 %alpha_p_old_V, 0

]]></Node>
<StgValue><ssdm name="icmp_ln1494"/></StgValue>
</operation>

<operation id="83" st_id="8" stage="1" lat="1">
<core>Cmp</core>
<MemPortIdVec></MemPortIdVec>
<condition id="-1">
<or_exp><and_exp><literal name="icmp_ln1495_6" val="0"/>
</and_exp><and_exp><literal name="icmp_ln1495" val="0"/>
</and_exp></or_exp>
</condition>

<Node id="87" bw="1" op_0_bw="32" op_1_bw="32">
<![CDATA[
_ZgtILi32ELi12ELb1EL9ap_q_mode5EL9ap_o_mode3ELi0EEbRK13ap_fixed_baseIXT_EXT0_EXT1_EXT2_EXT3_EXT4_EEi.exit56:1  %icmp_ln1494_5 = icmp sgt i32 %yp_Ep_V, %tolerance_V_read_2

]]></Node>
<StgValue><ssdm name="icmp_ln1494_5"/></StgValue>
</operation>

<operation id="84" st_id="8" stage="1" lat="1">
<core>LogicGate</core>
<MemPortIdVec></MemPortIdVec>
<condition id="-1">
<or_exp><and_exp><literal name="icmp_ln1495_6" val="0"/>
</and_exp><and_exp><literal name="icmp_ln1495" val="0"/>
</and_exp></or_exp>
</condition>

<Node id="88" bw="1" op_0_bw="1" op_1_bw="1">
<![CDATA[
_ZgtILi32ELi12ELb1EL9ap_q_mode5EL9ap_o_mode3ELi0EEbRK13ap_fixed_baseIXT_EXT0_EXT1_EXT2_EXT3_EXT4_EEi.exit56:2  %and_ln304 = and i1 %icmp_ln1494, %icmp_ln1494_5

]]></Node>
<StgValue><ssdm name="and_ln304"/></StgValue>
</operation>

<operation id="85" st_id="8" stage="1" lat="1">
<core>NULL</core>
<MemPortIdVec></MemPortIdVec>
<condition id="-1">
<or_exp><and_exp><literal name="icmp_ln1495_6" val="0"/>
</and_exp><and_exp><literal name="icmp_ln1495" val="0"/>
</and_exp></or_exp>
</condition>

<Node id="89" bw="0" op_0_bw="1" op_1_bw="0" op_2_bw="0">
<![CDATA[
_ZgtILi32ELi12ELb1EL9ap_q_mode5EL9ap_o_mode3ELi0EEbRK13ap_fixed_baseIXT_EXT0_EXT1_EXT2_EXT3_EXT4_EEi.exit56:3  br i1 %and_ln304, label %_ZNK13ap_fixed_baseILi32ELi12ELb1EL9ap_q_mode5EL9ap_o_mode3ELi0EEngEv.exit65._crit_edge, label %_ZgtILi32ELi12ELb1EL9ap_q_mode5EL9ap_o_mode3ELi0EEbRK13ap_fixed_baseIXT_EXT0_EXT1_EXT2_EXT3_EXT4_EEi.exit56._crit_edge

]]></Node>
<StgValue><ssdm name="br_ln304"/></StgValue>
</operation>

<operation id="86" st_id="8" stage="1" lat="1">
<core>AXI4Stream</core>
<MemPortIdVec></MemPortIdVec>
<condition id="-1">
<or_exp><and_exp><literal name="and_ln304" val="1"/>
</and_exp><and_exp><literal name="icmp_ln1495" val="1"/>
<literal name="icmp_ln1495_6" val="1"/>
</and_exp></or_exp>
</condition>

<Node id="91" bw="0" op_0_bw="0" op_1_bw="8" op_2_bw="1" op_3_bw="8" op_4_bw="1">
<![CDATA[
_ZNK13ap_fixed_baseILi32ELi12ELb1EL9ap_q_mode5EL9ap_o_mode3ELi0EEngEv.exit65._crit_edge:0  call void @_ssdm_op_Write.axis.volatile.i8P.i1P(i8* %kkt_violations_V_data_V, i1* %kkt_violations_V_last, i8 1, i1 true)

]]></Node>
<StgValue><ssdm name="write_ln309"/></StgValue>
</operation>

<operation id="87" st_id="8" stage="1" lat="1">
<core>NULL</core>
<MemPortIdVec></MemPortIdVec>
<condition id="-1">
<or_exp><and_exp><literal name="and_ln304" val="1"/>
</and_exp><and_exp><literal name="icmp_ln1495" val="1"/>
<literal name="icmp_ln1495_6" val="1"/>
</and_exp></or_exp>
</condition>

<Node id="92" bw="0" op_0_bw="0">
<![CDATA[
_ZNK13ap_fixed_baseILi32ELi12ELb1EL9ap_q_mode5EL9ap_o_mode3ELi0EEngEv.exit65._crit_edge:1  br label %_ZgtILi32ELi12ELb1EL9ap_q_mode5EL9ap_o_mode3ELi0EEbRK13ap_fixed_baseIXT_EXT0_EXT1_EXT2_EXT3_EXT4_EEi.exit56._crit_edge

]]></Node>
<StgValue><ssdm name="br_ln310"/></StgValue>
</operation>

<operation id="88" st_id="8" stage="1" lat="1">
<core>NULL</core>
<MemPortIdVec></MemPortIdVec>
<condition id="-1">
<or_exp><and_exp></and_exp></or_exp>
</condition>

<Node id="94" bw="0" op_0_bw="1" op_1_bw="0" op_2_bw="0">
<![CDATA[
_ZgtILi32ELi12ELb1EL9ap_q_mode5EL9ap_o_mode3ELi0EEbRK13ap_fixed_baseIXT_EXT0_EXT1_EXT2_EXT3_EXT4_EEi.exit56._crit_edge:0  br i1 %icmp_ln1495, label %_ZNK13ap_fixed_baseILi32ELi12ELb1EL9ap_q_mode5EL9ap_o_mode3ELi0EEngEv.exit, label %_ZgtILi32ELi12ELb1EL9ap_q_mode5EL9ap_o_mode3ELi0EEbRK13ap_fixed_baseIXT_EXT0_EXT1_EXT2_EXT3_EXT4_EEi.exit

]]></Node>
<StgValue><ssdm name="br_ln311"/></StgValue>
</operation>

<operation id="89" st_id="8" stage="1" lat="1">
<core>NULL</core>
<MemPortIdVec></MemPortIdVec>
<condition id="-1">
<or_exp><and_exp><literal name="icmp_ln1495" val="1"/>
</and_exp></or_exp>
</condition>

<Node id="96" bw="33" op_0_bw="32">
<![CDATA[
_ZNK13ap_fixed_baseILi32ELi12ELb1EL9ap_q_mode5EL9ap_o_mode3ELi0EEngEv.exit:0  %sext_ln1495_1 = sext i32 %yp_Ep_V to i33

]]></Node>
<StgValue><ssdm name="sext_ln1495_1"/></StgValue>
</operation>

<operation id="90" st_id="8" stage="1" lat="1">
<core>Cmp</core>
<MemPortIdVec></MemPortIdVec>
<condition id="-1">
<or_exp><and_exp><literal name="icmp_ln1495" val="1"/>
</and_exp></or_exp>
</condition>

<Node id="97" bw="1" op_0_bw="33" op_1_bw="33">
<![CDATA[
_ZNK13ap_fixed_baseILi32ELi12ELb1EL9ap_q_mode5EL9ap_o_mode3ELi0EEngEv.exit:1  %icmp_ln1495_7 = icmp slt i33 %sext_ln1495_1, %r_V_20

]]></Node>
<StgValue><ssdm name="icmp_ln1495_7"/></StgValue>
</operation>

<operation id="91" st_id="8" stage="1" lat="1">
<core>NULL</core>
<MemPortIdVec></MemPortIdVec>
<condition id="-1">
<or_exp><and_exp><literal name="icmp_ln1495" val="1"/>
</and_exp></or_exp>
</condition>

<Node id="98" bw="0" op_0_bw="1" op_1_bw="0" op_2_bw="0">
<![CDATA[
_ZNK13ap_fixed_baseILi32ELi12ELb1EL9ap_q_mode5EL9ap_o_mode3ELi0EEngEv.exit:2  br i1 %icmp_ln1495_7, label %_ZNK13ap_fixed_baseILi32ELi12ELb1EL9ap_q_mode5EL9ap_o_mode3ELi0EEngEv.exit._crit_edge, label %_ZgtILi32ELi12ELb1EL9ap_q_mode5EL9ap_o_mode3ELi0EEbRK13ap_fixed_baseIXT_EXT0_EXT1_EXT2_EXT3_EXT4_EEi.exit

]]></Node>
<StgValue><ssdm name="br_ln311"/></StgValue>
</operation>

<operation id="92" st_id="8" stage="1" lat="1">
<core>Cmp</core>
<MemPortIdVec></MemPortIdVec>
<condition id="-1">
<or_exp><and_exp><literal name="icmp_ln1495_7" val="0"/>
</and_exp><and_exp><literal name="icmp_ln1495" val="0"/>
</and_exp></or_exp>
</condition>

<Node id="100" bw="1" op_0_bw="32" op_1_bw="32">
<![CDATA[
_ZgtILi32ELi12ELb1EL9ap_q_mode5EL9ap_o_mode3ELi0EEbRK13ap_fixed_baseIXT_EXT0_EXT1_EXT2_EXT3_EXT4_EEi.exit:0  %icmp_ln1494_6 = icmp sgt i32 %alpha_p_old_V, 0

]]></Node>
<StgValue><ssdm name="icmp_ln1494_6"/></StgValue>
</operation>

<operation id="93" st_id="8" stage="1" lat="1">
<core>Cmp</core>
<MemPortIdVec></MemPortIdVec>
<condition id="-1">
<or_exp><and_exp><literal name="icmp_ln1495_7" val="0"/>
</and_exp><and_exp><literal name="icmp_ln1495" val="0"/>
</and_exp></or_exp>
</condition>

<Node id="101" bw="1" op_0_bw="32" op_1_bw="32">
<![CDATA[
_ZgtILi32ELi12ELb1EL9ap_q_mode5EL9ap_o_mode3ELi0EEbRK13ap_fixed_baseIXT_EXT0_EXT1_EXT2_EXT3_EXT4_EEi.exit:1  %icmp_ln1494_7 = icmp sgt i32 %yp_Ep_V, %tolerance_V_read_2

]]></Node>
<StgValue><ssdm name="icmp_ln1494_7"/></StgValue>
</operation>

<operation id="94" st_id="8" stage="1" lat="1">
<core>LogicGate</core>
<MemPortIdVec></MemPortIdVec>
<condition id="-1">
<or_exp><and_exp><literal name="icmp_ln1495_7" val="0"/>
</and_exp><and_exp><literal name="icmp_ln1495" val="0"/>
</and_exp></or_exp>
</condition>

<Node id="102" bw="1" op_0_bw="1" op_1_bw="1">
<![CDATA[
_ZgtILi32ELi12ELb1EL9ap_q_mode5EL9ap_o_mode3ELi0EEbRK13ap_fixed_baseIXT_EXT0_EXT1_EXT2_EXT3_EXT4_EEi.exit:2  %and_ln311 = and i1 %icmp_ln1494_6, %icmp_ln1494_7

]]></Node>
<StgValue><ssdm name="and_ln311"/></StgValue>
</operation>

<operation id="95" st_id="8" stage="1" lat="1">
<core>NULL</core>
<MemPortIdVec></MemPortIdVec>
<condition id="-1">
<or_exp><and_exp><literal name="icmp_ln1495_7" val="0"/>
</and_exp><and_exp><literal name="icmp_ln1495" val="0"/>
</and_exp></or_exp>
</condition>

<Node id="103" bw="0" op_0_bw="1" op_1_bw="0" op_2_bw="0">
<![CDATA[
_ZgtILi32ELi12ELb1EL9ap_q_mode5EL9ap_o_mode3ELi0EEbRK13ap_fixed_baseIXT_EXT0_EXT1_EXT2_EXT3_EXT4_EEi.exit:3  br i1 %and_ln311, label %_ZNK13ap_fixed_baseILi32ELi12ELb1EL9ap_q_mode5EL9ap_o_mode3ELi0EEngEv.exit._crit_edge, label %_ZgtILi32ELi12ELb1EL9ap_q_mode5EL9ap_o_mode3ELi0EEbRK13ap_fixed_baseIXT_EXT0_EXT1_EXT2_EXT3_EXT4_EEi.exit._crit_edge

]]></Node>
<StgValue><ssdm name="br_ln311"/></StgValue>
</operation>
</state>

<state id="9" st_id="9">

<operation id="96" st_id="9" stage="1" lat="1">
<core>AXI4Stream</core>
<MemPortIdVec></MemPortIdVec>
<condition id="-1">
<or_exp><and_exp></and_exp></or_exp>
</condition>

<Node id="105" bw="0" op_0_bw="0" op_1_bw="8" op_2_bw="1" op_3_bw="8" op_4_bw="1" op_5_bw="0">
<![CDATA[
_ZgtILi32ELi12ELb1EL9ap_q_mode5EL9ap_o_mode3ELi0EEbRK13ap_fixed_baseIXT_EXT0_EXT1_EXT2_EXT3_EXT4_EEi.exit._crit_edge:0  call void @_ssdm_op_Write.axis.volatile.i8P.i1P(i8* %kkt_violations_V_data_V, i1* %kkt_violations_V_last, i8 2, i1 true)

]]></Node>
<StgValue><ssdm name="write_ln333"/></StgValue>
</operation>

<operation id="97" st_id="9" stage="1" lat="1">
<core>NULL</core>
<MemPortIdVec></MemPortIdVec>
<condition id="-1">
<or_exp><and_exp></and_exp></or_exp>
</condition>

<Node id="106" bw="0" op_0_bw="0">
<![CDATA[
_ZgtILi32ELi12ELb1EL9ap_q_mode5EL9ap_o_mode3ELi0EEbRK13ap_fixed_baseIXT_EXT0_EXT1_EXT2_EXT3_EXT4_EEi.exit._crit_edge:1  br label %.preheader.backedge

]]></Node>
<StgValue><ssdm name="br_ln0"/></StgValue>
</operation>
</state>

<state id="10" st_id="10">

<operation id="98" st_id="10" stage="2" lat="2">
<core></core>
<MemPortIdVec></MemPortIdVec>
<condition id="-1">
<or_exp><and_exp></and_exp></or_exp>
</condition>

<Node id="108" bw="48" op_0_bw="48" op_1_bw="32" op_2_bw="1" op_3_bw="16" op_4_bw="1" op_5_bw="16" op_6_bw="2" op_7_bw="32" op_8_bw="16" op_9_bw="9" op_10_bw="32" op_11_bw="32" op_12_bw="32" op_13_bw="32" op_14_bw="15" op_15_bw="16" op_16_bw="2" op_17_bw="32" op_18_bw="32" op_19_bw="0" op_20_bw="32" op_21_bw="0">
<![CDATA[
_ZNK13ap_fixed_baseILi32ELi12ELb1EL9ap_q_mode5EL9ap_o_mode3ELi0EEngEv.exit._crit_edge:0  %call_ret = call fastcc { i32, i16 } @SMO_p_loop_linear(i32* %dot_product_matrices_inner_V_data_V, i1* %dot_product_matrices_inner_V_last, i16* %training_matrices_inner_V_data_V, i1* %training_matrices_inner_V_last, [256 x i16]* %x_p_V, [20000 x i2]* %y_V, [20000 x i32]* %alpha_data_V, i16 %no_training_vectors_12, i9 %no_variables_V_read_4, i32 %C_V_read_2, i32 %tolerance_V_read_2, i32 %offset_V_1_load_1, i32 %E_p_V, i15 %p_V, i16 %changed_alphas_V_0)

]]></Node>
<StgValue><ssdm name="call_ret"/></StgValue>
</operation>
</state>

<state id="11" st_id="11">

<operation id="99" st_id="11" stage="1" lat="2">
<core></core>
<MemPortIdVec></MemPortIdVec>
<condition id="-1">
<or_exp><and_exp><literal name="and_ln311" val="1"/>
</and_exp><and_exp><literal name="icmp_ln1495" val="1"/>
<literal name="icmp_ln1495_7" val="1"/>
</and_exp></or_exp>
</condition>

<Node id="108" bw="48" op_0_bw="48" op_1_bw="32" op_2_bw="1" op_3_bw="16" op_4_bw="1" op_5_bw="16" op_6_bw="2" op_7_bw="32" op_8_bw="16" op_9_bw="9" op_10_bw="32" op_11_bw="32" op_12_bw="32" op_13_bw="32" op_14_bw="15" op_15_bw="16" op_16_bw="2" op_17_bw="32" op_18_bw="32" op_19_bw="0" op_20_bw="32" op_21_bw="0">
<![CDATA[
_ZNK13ap_fixed_baseILi32ELi12ELb1EL9ap_q_mode5EL9ap_o_mode3ELi0EEngEv.exit._crit_edge:0  %call_ret = call fastcc { i32, i16 } @SMO_p_loop_linear(i32* %dot_product_matrices_inner_V_data_V, i1* %dot_product_matrices_inner_V_last, i16* %training_matrices_inner_V_data_V, i1* %training_matrices_inner_V_last, [256 x i16]* %x_p_V, [20000 x i2]* %y_V, [20000 x i32]* %alpha_data_V, i16 %no_training_vectors_12, i9 %no_variables_V_read_4, i32 %C_V_read_2, i32 %tolerance_V_read_2, i32 %offset_V_1_load_1, i32 %E_p_V, i15 %p_V, i16 %changed_alphas_V_0)

]]></Node>
<StgValue><ssdm name="call_ret"/></StgValue>
</operation>

<operation id="100" st_id="11" stage="1" lat="1">
<core>NULL</core>
<MemPortIdVec></MemPortIdVec>
<condition id="-1">
<or_exp><and_exp><literal name="and_ln311" val="1"/>
</and_exp><and_exp><literal name="icmp_ln1495" val="1"/>
<literal name="icmp_ln1495_7" val="1"/>
</and_exp></or_exp>
</condition>

<Node id="109" bw="32" op_0_bw="48">
<![CDATA[
_ZNK13ap_fixed_baseILi32ELi12ELb1EL9ap_q_mode5EL9ap_o_mode3ELi0EEngEv.exit._crit_edge:1  %offset_V = extractvalue { i32, i16 } %call_ret, 0

]]></Node>
<StgValue><ssdm name="offset_V"/></StgValue>
</operation>

<operation id="101" st_id="11" stage="1" lat="1">
<core>NULL</core>
<MemPortIdVec></MemPortIdVec>
<condition id="-1">
<or_exp><and_exp><literal name="and_ln311" val="1"/>
</and_exp><and_exp><literal name="icmp_ln1495" val="1"/>
<literal name="icmp_ln1495_7" val="1"/>
</and_exp></or_exp>
</condition>

<Node id="110" bw="16" op_0_bw="48">
<![CDATA[
_ZNK13ap_fixed_baseILi32ELi12ELb1EL9ap_q_mode5EL9ap_o_mode3ELi0EEngEv.exit._crit_edge:2  %changed_alphas_V = extractvalue { i32, i16 } %call_ret, 1

]]></Node>
<StgValue><ssdm name="changed_alphas_V"/></StgValue>
</operation>

<operation id="102" st_id="11" stage="1" lat="1">
<core>NULL</core>
<MemPortIdVec></MemPortIdVec>
<condition id="-1">
<or_exp><and_exp><literal name="and_ln311" val="1"/>
</and_exp><and_exp><literal name="icmp_ln1495" val="1"/>
<literal name="icmp_ln1495_7" val="1"/>
</and_exp></or_exp>
</condition>

<Node id="111" bw="0" op_0_bw="32" op_1_bw="32" op_2_bw="0" op_3_bw="32" op_4_bw="32">
<![CDATA[
_ZNK13ap_fixed_baseILi32ELi12ELb1EL9ap_q_mode5EL9ap_o_mode3ELi0EEngEv.exit._crit_edge:3  store i32 %offset_V, i32* %offset_V_1

]]></Node>
<StgValue><ssdm name="store_ln327"/></StgValue>
</operation>

<operation id="103" st_id="11" stage="1" lat="1">
<core>NULL</core>
<MemPortIdVec></MemPortIdVec>
<condition id="-1">
<or_exp><and_exp><literal name="and_ln311" val="1"/>
</and_exp><and_exp><literal name="icmp_ln1495" val="1"/>
<literal name="icmp_ln1495_7" val="1"/>
</and_exp></or_exp>
</condition>

<Node id="112" bw="0" op_0_bw="0">
<![CDATA[
_ZNK13ap_fixed_baseILi32ELi12ELb1EL9ap_q_mode5EL9ap_o_mode3ELi0EEngEv.exit._crit_edge:4  br label %.preheader.backedge

]]></Node>
<StgValue><ssdm name="br_ln327"/></StgValue>
</operation>

<operation id="104" st_id="11" stage="1" lat="1">
<core>NULL</core>
<MemPortIdVec></MemPortIdVec>
<condition id="-1">
<or_exp><and_exp></and_exp></or_exp>
</condition>

<Node id="114" bw="16" op_0_bw="16" op_1_bw="0" op_2_bw="16" op_3_bw="0">
<![CDATA[
.preheader.backedge:0  %changed_alphas_V_0_b = phi i16 [ %changed_alphas_V, %_ZNK13ap_fixed_baseILi32ELi12ELb1EL9ap_q_mode5EL9ap_o_mode3ELi0EEngEv.exit._crit_edge ], [ %changed_alphas_V_0, %_ZgtILi32ELi12ELb1EL9ap_q_mode5EL9ap_o_mode3ELi0EEbRK13ap_fixed_baseIXT_EXT0_EXT1_EXT2_EXT3_EXT4_EEi.exit._crit_edge ]

]]></Node>
<StgValue><ssdm name="changed_alphas_V_0_b"/></StgValue>
</operation>

<operation id="105" st_id="11" stage="1" lat="1">
<core>NULL</core>
<MemPortIdVec></MemPortIdVec>
<condition id="-1">
<or_exp><and_exp></and_exp></or_exp>
</condition>

<Node id="115" bw="0" op_0_bw="0">
<![CDATA[
.preheader.backedge:1  br label %.preheader

]]></Node>
<StgValue><ssdm name="br_ln0"/></StgValue>
</operation>
</state>

<state id="12" st_id="12">

<operation id="106" st_id="12" stage="1" lat="1">
<core>NULL</core>
<MemPortIdVec></MemPortIdVec>
<condition id="-1">
<or_exp><and_exp></and_exp></or_exp>
</condition>

<Node id="126" bw="32" op_0_bw="32" op_1_bw="0" op_2_bw="32" op_3_bw="0" op_4_bw="32" op_5_bw="0">
<![CDATA[
.loopexit714:0  %offset_AXIS_data_V = phi i32 [ %offset_V_1_load, %0 ], [ %offset_V_1_load_1, %.loopexit ], [ %offset_V_1_load, %max_itr_loop_begin ]

]]></Node>
<StgValue><ssdm name="offset_AXIS_data_V"/></StgValue>
</operation>

<operation id="107" st_id="12" stage="1" lat="1">
<core>AXI4Stream</core>
<MemPortIdVec></MemPortIdVec>
<condition id="-1">
<or_exp><and_exp></and_exp></or_exp>
</condition>

<Node id="127" bw="0" op_0_bw="0" op_1_bw="32" op_2_bw="1" op_3_bw="32" op_4_bw="1">
<![CDATA[
.loopexit714:1  call void @_ssdm_op_Write.axis.volatile.i32P.i1P(i32* %output_details_V_data_V, i1* %output_details_V_last, i32 %offset_AXIS_data_V, i1 true)

]]></Node>
<StgValue><ssdm name="write_ln389"/></StgValue>
</operation>

<operation id="108" st_id="12" stage="1" lat="1">
<core>NULL</core>
<MemPortIdVec></MemPortIdVec>
<condition id="-1">
<or_exp><and_exp></and_exp></or_exp>
</condition>

<Node id="128" bw="0">
<![CDATA[
.loopexit714:2  ret void

]]></Node>
<StgValue><ssdm name="ret_ln391"/></StgValue>
</operation>
</state>
</state_list>


<ports>
<port id="127" name="dot_product_matrix_outer_V_data_V" dir="0" iftype="0">
<core>NULL</core><StgValue><ssdm name="dot_product_matrix_outer_V_data_V"/></StgValue>
</port>
<port id="128" name="dot_product_matrix_outer_V_last" dir="0" iftype="0">
<core>NULL</core><StgValue><ssdm name="dot_product_matrix_outer_V_last"/></StgValue>
</port>
<port id="129" name="dot_product_matrices_inner_V_data_V" dir="0" iftype="0">
<core>NULL</core><StgValue><ssdm name="dot_product_matrices_inner_V_data_V"/></StgValue>
</port>
<port id="130" name="dot_product_matrices_inner_V_last" dir="0" iftype="0">
<core>NULL</core><StgValue><ssdm name="dot_product_matrices_inner_V_last"/></StgValue>
</port>
<port id="131" name="y_V" dir="0" iftype="1">
<core>RAM</core><StgValue><ssdm name="y_V"/><MemPortTyVec>1 1 </MemPortTyVec>
</StgValue>
</port>
<port id="132" name="training_matrix_outer_V_data_V" dir="0" iftype="0">
<core>NULL</core><StgValue><ssdm name="training_matrix_outer_V_data_V"/></StgValue>
</port>
<port id="133" name="training_matrix_outer_V_last" dir="0" iftype="0">
<core>NULL</core><StgValue><ssdm name="training_matrix_outer_V_last"/></StgValue>
</port>
<port id="134" name="training_matrices_inner_V_data_V" dir="0" iftype="0">
<core>NULL</core><StgValue><ssdm name="training_matrices_inner_V_data_V"/></StgValue>
</port>
<port id="135" name="training_matrices_inner_V_last" dir="0" iftype="0">
<core>NULL</core><StgValue><ssdm name="training_matrices_inner_V_last"/></StgValue>
</port>
<port id="136" name="alpha_data_V" dir="2" iftype="1">
<core>RAM</core><StgValue><ssdm name="alpha_data_V"/><MemPortTyVec>2 2 </MemPortTyVec>
</StgValue>
</port>
<port id="137" name="no_training_vectors_s" dir="0" iftype="0">
<core>NULL</core><StgValue><ssdm name="no_training_vectors_s"/></StgValue>
</port>
<port id="138" name="no_variables_V_read" dir="0" iftype="0">
<core>NULL</core><StgValue><ssdm name="no_variables_V_read"/></StgValue>
</port>
<port id="139" name="C_V_read" dir="0" iftype="0">
<core>NULL</core><StgValue><ssdm name="C_V_read"/></StgValue>
</port>
<port id="140" name="tolerance_V_read" dir="0" iftype="0">
<core>NULL</core><StgValue><ssdm name="tolerance_V_read"/></StgValue>
</port>
<port id="141" name="max_itr_user_V_read" dir="0" iftype="0">
<core>NULL</core><StgValue><ssdm name="max_itr_user_V_read"/></StgValue>
</port>
<port id="142" name="kkt_violations_V_data_V" dir="1" iftype="0">
<core>NULL</core><StgValue><ssdm name="kkt_violations_V_data_V"/></StgValue>
</port>
<port id="143" name="kkt_violations_V_last" dir="1" iftype="0">
<core>NULL</core><StgValue><ssdm name="kkt_violations_V_last"/></StgValue>
</port>
<port id="144" name="output_details_V_data_V" dir="1" iftype="0">
<core>NULL</core><StgValue><ssdm name="output_details_V_data_V"/></StgValue>
</port>
<port id="145" name="output_details_V_last" dir="1" iftype="0">
<core>NULL</core><StgValue><ssdm name="output_details_V_last"/></StgValue>
</port>
</ports>


<dataflows>
<dataflow id="147" from="StgValue_146" to="offset_V_1" fromId="146" toId="13">
</dataflow>
<dataflow id="149" from="_ssdm_op_SpecInterface" to="specinterface_ln0" fromId="148" toId="14">
</dataflow>
<dataflow id="150" from="output_details_V_data_V" to="specinterface_ln0" fromId="144" toId="14">
</dataflow>
<dataflow id="151" from="output_details_V_last" to="specinterface_ln0" fromId="145" toId="14">
</dataflow>
<dataflow id="153" from="p_str7" to="specinterface_ln0" fromId="152" toId="14">
</dataflow>
<dataflow id="155" from="StgValue_154" to="specinterface_ln0" fromId="154" toId="14">
</dataflow>
<dataflow id="156" from="StgValue_154" to="specinterface_ln0" fromId="154" toId="14">
</dataflow>
<dataflow id="158" from="p_str8" to="specinterface_ln0" fromId="157" toId="14">
</dataflow>
<dataflow id="159" from="StgValue_154" to="specinterface_ln0" fromId="154" toId="14">
</dataflow>
<dataflow id="160" from="StgValue_154" to="specinterface_ln0" fromId="154" toId="14">
</dataflow>
<dataflow id="162" from="p_str1" to="specinterface_ln0" fromId="161" toId="14">
</dataflow>
<dataflow id="163" from="p_str1" to="specinterface_ln0" fromId="161" toId="14">
</dataflow>
<dataflow id="164" from="p_str1" to="specinterface_ln0" fromId="161" toId="14">
</dataflow>
<dataflow id="165" from="StgValue_154" to="specinterface_ln0" fromId="154" toId="14">
</dataflow>
<dataflow id="166" from="StgValue_154" to="specinterface_ln0" fromId="154" toId="14">
</dataflow>
<dataflow id="167" from="StgValue_154" to="specinterface_ln0" fromId="154" toId="14">
</dataflow>
<dataflow id="168" from="StgValue_154" to="specinterface_ln0" fromId="154" toId="14">
</dataflow>
<dataflow id="169" from="p_str1" to="specinterface_ln0" fromId="161" toId="14">
</dataflow>
<dataflow id="170" from="p_str1" to="specinterface_ln0" fromId="161" toId="14">
</dataflow>
<dataflow id="171" from="_ssdm_op_SpecInterface" to="specinterface_ln0" fromId="148" toId="15">
</dataflow>
<dataflow id="172" from="training_matrices_inner_V_data_V" to="specinterface_ln0" fromId="134" toId="15">
</dataflow>
<dataflow id="173" from="training_matrices_inner_V_last" to="specinterface_ln0" fromId="135" toId="15">
</dataflow>
<dataflow id="174" from="p_str7" to="specinterface_ln0" fromId="152" toId="15">
</dataflow>
<dataflow id="175" from="StgValue_154" to="specinterface_ln0" fromId="154" toId="15">
</dataflow>
<dataflow id="176" from="StgValue_154" to="specinterface_ln0" fromId="154" toId="15">
</dataflow>
<dataflow id="177" from="p_str8" to="specinterface_ln0" fromId="157" toId="15">
</dataflow>
<dataflow id="178" from="StgValue_154" to="specinterface_ln0" fromId="154" toId="15">
</dataflow>
<dataflow id="179" from="StgValue_154" to="specinterface_ln0" fromId="154" toId="15">
</dataflow>
<dataflow id="180" from="p_str1" to="specinterface_ln0" fromId="161" toId="15">
</dataflow>
<dataflow id="181" from="p_str1" to="specinterface_ln0" fromId="161" toId="15">
</dataflow>
<dataflow id="182" from="p_str1" to="specinterface_ln0" fromId="161" toId="15">
</dataflow>
<dataflow id="183" from="StgValue_154" to="specinterface_ln0" fromId="154" toId="15">
</dataflow>
<dataflow id="184" from="StgValue_154" to="specinterface_ln0" fromId="154" toId="15">
</dataflow>
<dataflow id="185" from="StgValue_154" to="specinterface_ln0" fromId="154" toId="15">
</dataflow>
<dataflow id="186" from="StgValue_154" to="specinterface_ln0" fromId="154" toId="15">
</dataflow>
<dataflow id="187" from="p_str1" to="specinterface_ln0" fromId="161" toId="15">
</dataflow>
<dataflow id="188" from="p_str1" to="specinterface_ln0" fromId="161" toId="15">
</dataflow>
<dataflow id="189" from="_ssdm_op_SpecInterface" to="specinterface_ln0" fromId="148" toId="16">
</dataflow>
<dataflow id="190" from="training_matrix_outer_V_data_V" to="specinterface_ln0" fromId="132" toId="16">
</dataflow>
<dataflow id="191" from="training_matrix_outer_V_last" to="specinterface_ln0" fromId="133" toId="16">
</dataflow>
<dataflow id="192" from="p_str7" to="specinterface_ln0" fromId="152" toId="16">
</dataflow>
<dataflow id="193" from="StgValue_154" to="specinterface_ln0" fromId="154" toId="16">
</dataflow>
<dataflow id="194" from="StgValue_154" to="specinterface_ln0" fromId="154" toId="16">
</dataflow>
<dataflow id="195" from="p_str8" to="specinterface_ln0" fromId="157" toId="16">
</dataflow>
<dataflow id="196" from="StgValue_154" to="specinterface_ln0" fromId="154" toId="16">
</dataflow>
<dataflow id="197" from="StgValue_154" to="specinterface_ln0" fromId="154" toId="16">
</dataflow>
<dataflow id="198" from="p_str1" to="specinterface_ln0" fromId="161" toId="16">
</dataflow>
<dataflow id="199" from="p_str1" to="specinterface_ln0" fromId="161" toId="16">
</dataflow>
<dataflow id="200" from="p_str1" to="specinterface_ln0" fromId="161" toId="16">
</dataflow>
<dataflow id="201" from="StgValue_154" to="specinterface_ln0" fromId="154" toId="16">
</dataflow>
<dataflow id="202" from="StgValue_154" to="specinterface_ln0" fromId="154" toId="16">
</dataflow>
<dataflow id="203" from="StgValue_154" to="specinterface_ln0" fromId="154" toId="16">
</dataflow>
<dataflow id="204" from="StgValue_154" to="specinterface_ln0" fromId="154" toId="16">
</dataflow>
<dataflow id="205" from="p_str1" to="specinterface_ln0" fromId="161" toId="16">
</dataflow>
<dataflow id="206" from="p_str1" to="specinterface_ln0" fromId="161" toId="16">
</dataflow>
<dataflow id="207" from="_ssdm_op_SpecInterface" to="specinterface_ln0" fromId="148" toId="17">
</dataflow>
<dataflow id="208" from="dot_product_matrices_inner_V_data_V" to="specinterface_ln0" fromId="129" toId="17">
</dataflow>
<dataflow id="209" from="dot_product_matrices_inner_V_last" to="specinterface_ln0" fromId="130" toId="17">
</dataflow>
<dataflow id="210" from="p_str7" to="specinterface_ln0" fromId="152" toId="17">
</dataflow>
<dataflow id="211" from="StgValue_154" to="specinterface_ln0" fromId="154" toId="17">
</dataflow>
<dataflow id="212" from="StgValue_154" to="specinterface_ln0" fromId="154" toId="17">
</dataflow>
<dataflow id="213" from="p_str8" to="specinterface_ln0" fromId="157" toId="17">
</dataflow>
<dataflow id="214" from="StgValue_154" to="specinterface_ln0" fromId="154" toId="17">
</dataflow>
<dataflow id="215" from="StgValue_154" to="specinterface_ln0" fromId="154" toId="17">
</dataflow>
<dataflow id="216" from="p_str1" to="specinterface_ln0" fromId="161" toId="17">
</dataflow>
<dataflow id="217" from="p_str1" to="specinterface_ln0" fromId="161" toId="17">
</dataflow>
<dataflow id="218" from="p_str1" to="specinterface_ln0" fromId="161" toId="17">
</dataflow>
<dataflow id="219" from="StgValue_154" to="specinterface_ln0" fromId="154" toId="17">
</dataflow>
<dataflow id="220" from="StgValue_154" to="specinterface_ln0" fromId="154" toId="17">
</dataflow>
<dataflow id="221" from="StgValue_154" to="specinterface_ln0" fromId="154" toId="17">
</dataflow>
<dataflow id="222" from="StgValue_154" to="specinterface_ln0" fromId="154" toId="17">
</dataflow>
<dataflow id="223" from="p_str1" to="specinterface_ln0" fromId="161" toId="17">
</dataflow>
<dataflow id="224" from="p_str1" to="specinterface_ln0" fromId="161" toId="17">
</dataflow>
<dataflow id="225" from="_ssdm_op_SpecInterface" to="specinterface_ln0" fromId="148" toId="18">
</dataflow>
<dataflow id="226" from="dot_product_matrix_outer_V_data_V" to="specinterface_ln0" fromId="127" toId="18">
</dataflow>
<dataflow id="227" from="dot_product_matrix_outer_V_last" to="specinterface_ln0" fromId="128" toId="18">
</dataflow>
<dataflow id="228" from="p_str7" to="specinterface_ln0" fromId="152" toId="18">
</dataflow>
<dataflow id="229" from="StgValue_154" to="specinterface_ln0" fromId="154" toId="18">
</dataflow>
<dataflow id="230" from="StgValue_154" to="specinterface_ln0" fromId="154" toId="18">
</dataflow>
<dataflow id="231" from="p_str8" to="specinterface_ln0" fromId="157" toId="18">
</dataflow>
<dataflow id="232" from="StgValue_154" to="specinterface_ln0" fromId="154" toId="18">
</dataflow>
<dataflow id="233" from="StgValue_154" to="specinterface_ln0" fromId="154" toId="18">
</dataflow>
<dataflow id="234" from="p_str1" to="specinterface_ln0" fromId="161" toId="18">
</dataflow>
<dataflow id="235" from="p_str1" to="specinterface_ln0" fromId="161" toId="18">
</dataflow>
<dataflow id="236" from="p_str1" to="specinterface_ln0" fromId="161" toId="18">
</dataflow>
<dataflow id="237" from="StgValue_154" to="specinterface_ln0" fromId="154" toId="18">
</dataflow>
<dataflow id="238" from="StgValue_154" to="specinterface_ln0" fromId="154" toId="18">
</dataflow>
<dataflow id="239" from="StgValue_154" to="specinterface_ln0" fromId="154" toId="18">
</dataflow>
<dataflow id="240" from="StgValue_154" to="specinterface_ln0" fromId="154" toId="18">
</dataflow>
<dataflow id="241" from="p_str1" to="specinterface_ln0" fromId="161" toId="18">
</dataflow>
<dataflow id="242" from="p_str1" to="specinterface_ln0" fromId="161" toId="18">
</dataflow>
<dataflow id="243" from="_ssdm_op_SpecInterface" to="specinterface_ln0" fromId="148" toId="19">
</dataflow>
<dataflow id="244" from="kkt_violations_V_data_V" to="specinterface_ln0" fromId="142" toId="19">
</dataflow>
<dataflow id="245" from="kkt_violations_V_last" to="specinterface_ln0" fromId="143" toId="19">
</dataflow>
<dataflow id="246" from="p_str7" to="specinterface_ln0" fromId="152" toId="19">
</dataflow>
<dataflow id="247" from="StgValue_154" to="specinterface_ln0" fromId="154" toId="19">
</dataflow>
<dataflow id="248" from="StgValue_154" to="specinterface_ln0" fromId="154" toId="19">
</dataflow>
<dataflow id="249" from="p_str8" to="specinterface_ln0" fromId="157" toId="19">
</dataflow>
<dataflow id="250" from="StgValue_154" to="specinterface_ln0" fromId="154" toId="19">
</dataflow>
<dataflow id="251" from="StgValue_154" to="specinterface_ln0" fromId="154" toId="19">
</dataflow>
<dataflow id="252" from="p_str1" to="specinterface_ln0" fromId="161" toId="19">
</dataflow>
<dataflow id="253" from="p_str1" to="specinterface_ln0" fromId="161" toId="19">
</dataflow>
<dataflow id="254" from="p_str1" to="specinterface_ln0" fromId="161" toId="19">
</dataflow>
<dataflow id="255" from="StgValue_154" to="specinterface_ln0" fromId="154" toId="19">
</dataflow>
<dataflow id="256" from="StgValue_154" to="specinterface_ln0" fromId="154" toId="19">
</dataflow>
<dataflow id="257" from="StgValue_154" to="specinterface_ln0" fromId="154" toId="19">
</dataflow>
<dataflow id="258" from="StgValue_154" to="specinterface_ln0" fromId="154" toId="19">
</dataflow>
<dataflow id="259" from="p_str1" to="specinterface_ln0" fromId="161" toId="19">
</dataflow>
<dataflow id="260" from="p_str1" to="specinterface_ln0" fromId="161" toId="19">
</dataflow>
<dataflow id="262" from="_ssdm_op_Read.ap_auto.i8" to="max_itr_user_V_read_1" fromId="261" toId="20">
</dataflow>
<dataflow id="263" from="max_itr_user_V_read" to="max_itr_user_V_read_1" fromId="141" toId="20">
</dataflow>
<dataflow id="265" from="_ssdm_op_Read.ap_auto.i32" to="tolerance_V_read_2" fromId="264" toId="21">
</dataflow>
<dataflow id="266" from="tolerance_V_read" to="tolerance_V_read_2" fromId="140" toId="21">
</dataflow>
<dataflow id="267" from="_ssdm_op_Read.ap_auto.i32" to="C_V_read_2" fromId="264" toId="22">
</dataflow>
<dataflow id="268" from="C_V_read" to="C_V_read_2" fromId="139" toId="22">
</dataflow>
<dataflow id="270" from="_ssdm_op_Read.ap_auto.i9" to="no_variables_V_read_4" fromId="269" toId="23">
</dataflow>
<dataflow id="271" from="no_variables_V_read" to="no_variables_V_read_4" fromId="138" toId="23">
</dataflow>
<dataflow id="273" from="_ssdm_op_Read.ap_auto.i16" to="no_training_vectors_12" fromId="272" toId="24">
</dataflow>
<dataflow id="274" from="no_training_vectors_s" to="no_training_vectors_12" fromId="137" toId="24">
</dataflow>
<dataflow id="276" from="StgValue_275" to="x_p_V" fromId="275" toId="25">
</dataflow>
<dataflow id="277" from="tolerance_V_read_2" to="r_V" fromId="21" toId="26">
</dataflow>
<dataflow id="279" from="StgValue_278" to="r_V_20" fromId="278" toId="27">
</dataflow>
<dataflow id="280" from="r_V" to="r_V_20" fromId="26" toId="27">
</dataflow>
<dataflow id="281" from="StgValue_154" to="store_ln277" fromId="154" toId="28">
</dataflow>
<dataflow id="282" from="offset_V_1" to="store_ln277" fromId="13" toId="28">
</dataflow>
<dataflow id="284" from="StgValue_283" to="p_Val2_45" fromId="283" toId="30">
<condition id="-1">
<or_exp><and_exp></and_exp></or_exp>
</condition>
</dataflow>
<dataflow id="285" from="br_ln277" to="p_Val2_45" fromId="29" toId="30">
</dataflow>
<dataflow id="286" from="no_itr_V" to="p_Val2_45" fromId="59" toId="30">
<BackEdge/>
<condition id="-1">
<or_exp><and_exp><literal name="icmp_ln887_6" val="0"/>
<literal name="icmp_ln879" val="0"/>
</and_exp><and_exp><literal name="icmp_ln887_5" val="1"/>
<literal name="icmp_ln879" val="0"/>
</and_exp></or_exp>
</condition>
</dataflow>
<dataflow id="287" from="br_ln277" to="p_Val2_45" fromId="63" toId="30">
<BackEdge/>
</dataflow>
<dataflow id="289" from="StgValue_288" to="t_V" fromId="288" toId="31">
<condition id="-1">
<or_exp><and_exp></and_exp></or_exp>
</condition>
</dataflow>
<dataflow id="290" from="br_ln277" to="t_V" fromId="29" toId="31">
</dataflow>
<dataflow id="291" from="n1_V" to="t_V" fromId="36" toId="31">
<BackEdge/>
<condition id="-1">
<or_exp><and_exp><literal name="icmp_ln887_6" val="0"/>
<literal name="icmp_ln879" val="0"/>
</and_exp><and_exp><literal name="icmp_ln887_5" val="1"/>
<literal name="icmp_ln879" val="0"/>
</and_exp></or_exp>
</condition>
</dataflow>
<dataflow id="292" from="br_ln277" to="t_V" fromId="63" toId="31">
<BackEdge/>
</dataflow>
<dataflow id="293" from="offset_V_1" to="offset_V_1_load" fromId="13" toId="32">
</dataflow>
<dataflow id="294" from="t_V" to="zext_ln887" fromId="31" toId="33">
</dataflow>
<dataflow id="295" from="t_V" to="icmp_ln887" fromId="31" toId="34">
</dataflow>
<dataflow id="297" from="StgValue_296" to="icmp_ln887" fromId="296" toId="34">
</dataflow>
<dataflow id="299" from="_ssdm_op_SpecLoopTripCount" to="empty" fromId="298" toId="35">
</dataflow>
<dataflow id="300" from="StgValue_275" to="empty" fromId="275" toId="35">
</dataflow>
<dataflow id="302" from="StgValue_301" to="empty" fromId="301" toId="35">
</dataflow>
<dataflow id="304" from="StgValue_303" to="empty" fromId="303" toId="35">
</dataflow>
<dataflow id="305" from="t_V" to="n1_V" fromId="31" toId="36">
</dataflow>
<dataflow id="307" from="StgValue_306" to="n1_V" fromId="306" toId="36">
</dataflow>
<dataflow id="308" from="icmp_ln887" to="br_ln277" fromId="34" toId="37">
</dataflow>
<dataflow id="310" from="_ssdm_op_SpecLoopName" to="specloopname_ln277" fromId="309" toId="38">
</dataflow>
<dataflow id="312" from="p_str5" to="specloopname_ln277" fromId="311" toId="38">
</dataflow>
<dataflow id="314" from="_ssdm_op_SpecRegionBegin" to="tmp" fromId="313" toId="39">
</dataflow>
<dataflow id="315" from="p_str5" to="tmp" fromId="311" toId="39">
</dataflow>
<dataflow id="316" from="zext_ln887" to="icmp_ln887_4" fromId="33" toId="40">
</dataflow>
<dataflow id="317" from="max_itr_user_V_read_1" to="icmp_ln887_4" fromId="20" toId="40">
</dataflow>
<dataflow id="318" from="icmp_ln887_4" to="br_ln278" fromId="40" toId="41">
</dataflow>
<dataflow id="320" from="StgValue_319" to="changed_alphas_V_0" fromId="319" toId="43">
<condition id="-1">
<or_exp><and_exp><literal name="icmp_ln887" val="0"/>
<literal name="icmp_ln887_4" val="1"/>
</and_exp></or_exp>
</condition>
</dataflow>
<dataflow id="321" from="br_ln0" to="changed_alphas_V_0" fromId="42" toId="43">
</dataflow>
<dataflow id="322" from="changed_alphas_V_0_b" to="changed_alphas_V_0" fromId="104" toId="43">
<BackEdge/>
<condition id="-1">
<or_exp><and_exp></and_exp></or_exp>
</condition>
</dataflow>
<dataflow id="323" from="br_ln0" to="changed_alphas_V_0" fromId="105" toId="43">
<BackEdge/>
</dataflow>
<dataflow id="325" from="StgValue_324" to="t_V_8" fromId="324" toId="44">
<condition id="-1">
<or_exp><and_exp><literal name="icmp_ln887" val="0"/>
<literal name="icmp_ln887_4" val="1"/>
</and_exp></or_exp>
</condition>
</dataflow>
<dataflow id="326" from="br_ln0" to="t_V_8" fromId="42" toId="44">
</dataflow>
<dataflow id="327" from="p_V" to="t_V_8" fromId="49" toId="44">
<BackEdge/>
<condition id="-1">
<or_exp><and_exp></and_exp></or_exp>
</condition>
</dataflow>
<dataflow id="328" from="br_ln0" to="t_V_8" fromId="105" toId="44">
<BackEdge/>
</dataflow>
<dataflow id="329" from="offset_V_1" to="offset_V_1_load_1" fromId="13" toId="45">
</dataflow>
<dataflow id="330" from="t_V_8" to="zext_ln887_1" fromId="44" toId="46">
</dataflow>
<dataflow id="331" from="t_V_8" to="icmp_ln887_5" fromId="44" toId="47">
</dataflow>
<dataflow id="333" from="StgValue_332" to="icmp_ln887_5" fromId="332" toId="47">
</dataflow>
<dataflow id="334" from="_ssdm_op_SpecLoopTripCount" to="empty_89" fromId="298" toId="48">
</dataflow>
<dataflow id="335" from="StgValue_275" to="empty_89" fromId="275" toId="48">
</dataflow>
<dataflow id="337" from="StgValue_336" to="empty_89" fromId="336" toId="48">
</dataflow>
<dataflow id="339" from="StgValue_338" to="empty_89" fromId="338" toId="48">
</dataflow>
<dataflow id="340" from="t_V_8" to="p_V" fromId="44" toId="49">
</dataflow>
<dataflow id="342" from="StgValue_341" to="p_V" fromId="341" toId="49">
</dataflow>
<dataflow id="343" from="icmp_ln887_5" to="br_ln282" fromId="47" toId="50">
</dataflow>
<dataflow id="344" from="_ssdm_op_SpecLoopName" to="specloopname_ln282" fromId="309" toId="51">
</dataflow>
<dataflow id="346" from="p_str6" to="specloopname_ln282" fromId="345" toId="51">
</dataflow>
<dataflow id="347" from="zext_ln887_1" to="icmp_ln887_6" fromId="46" toId="52">
</dataflow>
<dataflow id="348" from="no_training_vectors_12" to="icmp_ln887_6" fromId="24" toId="52">
</dataflow>
<dataflow id="349" from="icmp_ln887_6" to="br_ln283" fromId="52" toId="53">
</dataflow>
<dataflow id="350" from="t_V_8" to="zext_ln544" fromId="44" toId="54">
</dataflow>
<dataflow id="351" from="y_V" to="y_V_addr" fromId="131" toId="55">
</dataflow>
<dataflow id="353" from="StgValue_352" to="y_V_addr" fromId="352" toId="55">
</dataflow>
<dataflow id="354" from="zext_ln544" to="y_V_addr" fromId="54" toId="55">
</dataflow>
<dataflow id="355" from="y_V_addr" to="y_p_V" fromId="55" toId="56">
</dataflow>
<dataflow id="356" from="changed_alphas_V_0" to="icmp_ln879" fromId="43" toId="57">
</dataflow>
<dataflow id="357" from="StgValue_319" to="icmp_ln879" fromId="319" toId="57">
</dataflow>
<dataflow id="358" from="icmp_ln879" to="br_ln368" fromId="57" toId="58">
</dataflow>
<dataflow id="359" from="p_Val2_45" to="no_itr_V" fromId="30" toId="59">
</dataflow>
<dataflow id="361" from="StgValue_360" to="no_itr_V" fromId="360" toId="59">
</dataflow>
<dataflow id="362" from="no_itr_V" to="tmp_data_V_3" fromId="59" toId="60">
</dataflow>
<dataflow id="364" from="_ssdm_op_Write.axis.volatile.i32P.i1P" to="write_ln378" fromId="363" toId="61">
</dataflow>
<dataflow id="365" from="output_details_V_data_V" to="write_ln378" fromId="144" toId="61">
</dataflow>
<dataflow id="366" from="output_details_V_last" to="write_ln378" fromId="145" toId="61">
</dataflow>
<dataflow id="367" from="tmp_data_V_3" to="write_ln378" fromId="60" toId="61">
</dataflow>
<dataflow id="369" from="StgValue_368" to="write_ln378" fromId="368" toId="61">
</dataflow>
<dataflow id="371" from="_ssdm_op_SpecRegionEnd" to="empty_90" fromId="370" toId="62">
</dataflow>
<dataflow id="372" from="p_str5" to="empty_90" fromId="311" toId="62">
</dataflow>
<dataflow id="373" from="tmp" to="empty_90" fromId="39" toId="62">
</dataflow>
<dataflow id="374" from="y_V_addr" to="y_p_V" fromId="55" toId="64">
</dataflow>
<dataflow id="376" from="get_u_k" to="u_p_V" fromId="375" toId="65">
</dataflow>
<dataflow id="377" from="dot_product_matrix_outer_V_data_V" to="u_p_V" fromId="127" toId="65">
</dataflow>
<dataflow id="378" from="dot_product_matrix_outer_V_last" to="u_p_V" fromId="128" toId="65">
</dataflow>
<dataflow id="379" from="y_V" to="u_p_V" fromId="131" toId="65">
</dataflow>
<dataflow id="380" from="alpha_data_V" to="u_p_V" fromId="136" toId="65">
</dataflow>
<dataflow id="381" from="no_training_vectors_12" to="u_p_V" fromId="24" toId="65">
</dataflow>
<dataflow id="382" from="offset_V_1_load_1" to="u_p_V" fromId="45" toId="65">
</dataflow>
<dataflow id="384" from="get_training_vector" to="call_ln299" fromId="383" toId="66">
</dataflow>
<dataflow id="385" from="training_matrix_outer_V_data_V" to="call_ln299" fromId="132" toId="66">
</dataflow>
<dataflow id="386" from="training_matrix_outer_V_last" to="call_ln299" fromId="133" toId="66">
</dataflow>
<dataflow id="387" from="x_p_V" to="call_ln299" fromId="25" toId="66">
</dataflow>
<dataflow id="388" from="no_variables_V_read_4" to="call_ln299" fromId="23" toId="66">
</dataflow>
<dataflow id="389" from="get_u_k" to="u_p_V" fromId="375" toId="67">
</dataflow>
<dataflow id="390" from="dot_product_matrix_outer_V_data_V" to="u_p_V" fromId="127" toId="67">
</dataflow>
<dataflow id="391" from="dot_product_matrix_outer_V_last" to="u_p_V" fromId="128" toId="67">
</dataflow>
<dataflow id="392" from="y_V" to="u_p_V" fromId="131" toId="67">
</dataflow>
<dataflow id="393" from="alpha_data_V" to="u_p_V" fromId="136" toId="67">
</dataflow>
<dataflow id="394" from="no_training_vectors_12" to="u_p_V" fromId="24" toId="67">
</dataflow>
<dataflow id="395" from="offset_V_1_load_1" to="u_p_V" fromId="45" toId="67">
</dataflow>
<dataflow id="396" from="get_training_vector" to="call_ln299" fromId="383" toId="68">
</dataflow>
<dataflow id="397" from="training_matrix_outer_V_data_V" to="call_ln299" fromId="132" toId="68">
</dataflow>
<dataflow id="398" from="training_matrix_outer_V_last" to="call_ln299" fromId="133" toId="68">
</dataflow>
<dataflow id="399" from="x_p_V" to="call_ln299" fromId="25" toId="68">
</dataflow>
<dataflow id="400" from="no_variables_V_read_4" to="call_ln299" fromId="23" toId="68">
</dataflow>
<dataflow id="401" from="alpha_data_V" to="alpha_data_V_addr" fromId="136" toId="69">
</dataflow>
<dataflow id="402" from="StgValue_352" to="alpha_data_V_addr" fromId="352" toId="69">
</dataflow>
<dataflow id="403" from="zext_ln544" to="alpha_data_V_addr" fromId="54" toId="69">
</dataflow>
<dataflow id="404" from="alpha_data_V_addr" to="alpha_p_old_V" fromId="69" toId="70">
</dataflow>
<dataflow id="405" from="y_p_V" to="sext_ln1193" fromId="64" toId="71">
</dataflow>
<dataflow id="407" from="_ssdm_op_BitConcatenate.i22.i2.i20" to="shl_ln" fromId="406" toId="72">
</dataflow>
<dataflow id="408" from="y_p_V" to="shl_ln" fromId="64" toId="72">
</dataflow>
<dataflow id="410" from="StgValue_409" to="shl_ln" fromId="409" toId="72">
</dataflow>
<dataflow id="411" from="shl_ln" to="sext_ln1193_1" fromId="72" toId="73">
</dataflow>
<dataflow id="412" from="u_p_V" to="E_p_V" fromId="67" toId="74">
</dataflow>
<dataflow id="413" from="sext_ln1193_1" to="E_p_V" fromId="73" toId="74">
</dataflow>
<dataflow id="414" from="alpha_data_V_addr" to="alpha_p_old_V" fromId="69" toId="75">
</dataflow>
<dataflow id="415" from="sext_ln1193" to="yp_Ep_V" fromId="71" toId="76">
</dataflow>
<dataflow id="416" from="E_p_V" to="yp_Ep_V" fromId="74" toId="76">
</dataflow>
<dataflow id="417" from="alpha_p_old_V" to="icmp_ln1495" fromId="75" toId="77">
</dataflow>
<dataflow id="418" from="C_V_read_2" to="icmp_ln1495" fromId="22" toId="77">
</dataflow>
<dataflow id="419" from="icmp_ln1495" to="br_ln304" fromId="77" toId="78">
</dataflow>
<dataflow id="420" from="yp_Ep_V" to="sext_ln1495" fromId="76" toId="79">
</dataflow>
<dataflow id="421" from="sext_ln1495" to="icmp_ln1495_6" fromId="79" toId="80">
</dataflow>
<dataflow id="422" from="r_V_20" to="icmp_ln1495_6" fromId="27" toId="80">
</dataflow>
<dataflow id="423" from="icmp_ln1495_6" to="br_ln304" fromId="80" toId="81">
</dataflow>
<dataflow id="424" from="alpha_p_old_V" to="icmp_ln1494" fromId="75" toId="82">
</dataflow>
<dataflow id="425" from="StgValue_154" to="icmp_ln1494" fromId="154" toId="82">
</dataflow>
<dataflow id="426" from="yp_Ep_V" to="icmp_ln1494_5" fromId="76" toId="83">
</dataflow>
<dataflow id="427" from="tolerance_V_read_2" to="icmp_ln1494_5" fromId="21" toId="83">
</dataflow>
<dataflow id="428" from="icmp_ln1494" to="and_ln304" fromId="82" toId="84">
</dataflow>
<dataflow id="429" from="icmp_ln1494_5" to="and_ln304" fromId="83" toId="84">
</dataflow>
<dataflow id="430" from="and_ln304" to="br_ln304" fromId="84" toId="85">
</dataflow>
<dataflow id="432" from="_ssdm_op_Write.axis.volatile.i8P.i1P" to="write_ln309" fromId="431" toId="86">
</dataflow>
<dataflow id="433" from="kkt_violations_V_data_V" to="write_ln309" fromId="142" toId="86">
</dataflow>
<dataflow id="434" from="kkt_violations_V_last" to="write_ln309" fromId="143" toId="86">
</dataflow>
<dataflow id="436" from="StgValue_435" to="write_ln309" fromId="435" toId="86">
</dataflow>
<dataflow id="437" from="StgValue_368" to="write_ln309" fromId="368" toId="86">
</dataflow>
<dataflow id="438" from="icmp_ln1495" to="br_ln311" fromId="77" toId="88">
</dataflow>
<dataflow id="439" from="yp_Ep_V" to="sext_ln1495_1" fromId="76" toId="89">
</dataflow>
<dataflow id="440" from="sext_ln1495_1" to="icmp_ln1495_7" fromId="89" toId="90">
</dataflow>
<dataflow id="441" from="r_V_20" to="icmp_ln1495_7" fromId="27" toId="90">
</dataflow>
<dataflow id="442" from="icmp_ln1495_7" to="br_ln311" fromId="90" toId="91">
</dataflow>
<dataflow id="443" from="alpha_p_old_V" to="icmp_ln1494_6" fromId="75" toId="92">
</dataflow>
<dataflow id="444" from="StgValue_154" to="icmp_ln1494_6" fromId="154" toId="92">
</dataflow>
<dataflow id="445" from="yp_Ep_V" to="icmp_ln1494_7" fromId="76" toId="93">
</dataflow>
<dataflow id="446" from="tolerance_V_read_2" to="icmp_ln1494_7" fromId="21" toId="93">
</dataflow>
<dataflow id="447" from="icmp_ln1494_6" to="and_ln311" fromId="92" toId="94">
</dataflow>
<dataflow id="448" from="icmp_ln1494_7" to="and_ln311" fromId="93" toId="94">
</dataflow>
<dataflow id="449" from="and_ln311" to="br_ln311" fromId="94" toId="95">
</dataflow>
<dataflow id="450" from="_ssdm_op_Write.axis.volatile.i8P.i1P" to="write_ln333" fromId="431" toId="96">
</dataflow>
<dataflow id="451" from="kkt_violations_V_data_V" to="write_ln333" fromId="142" toId="96">
</dataflow>
<dataflow id="452" from="kkt_violations_V_last" to="write_ln333" fromId="143" toId="96">
</dataflow>
<dataflow id="454" from="StgValue_453" to="write_ln333" fromId="453" toId="96">
</dataflow>
<dataflow id="455" from="StgValue_368" to="write_ln333" fromId="368" toId="96">
</dataflow>
<dataflow id="457" from="SMO_p_loop_linear" to="call_ret" fromId="456" toId="98">
</dataflow>
<dataflow id="458" from="dot_product_matrices_inner_V_data_V" to="call_ret" fromId="129" toId="98">
</dataflow>
<dataflow id="459" from="dot_product_matrices_inner_V_last" to="call_ret" fromId="130" toId="98">
</dataflow>
<dataflow id="460" from="training_matrices_inner_V_data_V" to="call_ret" fromId="134" toId="98">
</dataflow>
<dataflow id="461" from="training_matrices_inner_V_last" to="call_ret" fromId="135" toId="98">
</dataflow>
<dataflow id="462" from="x_p_V" to="call_ret" fromId="25" toId="98">
</dataflow>
<dataflow id="463" from="y_V" to="call_ret" fromId="131" toId="98">
</dataflow>
<dataflow id="464" from="alpha_data_V" to="call_ret" fromId="136" toId="98">
</dataflow>
<dataflow id="465" from="no_training_vectors_12" to="call_ret" fromId="24" toId="98">
</dataflow>
<dataflow id="466" from="no_variables_V_read_4" to="call_ret" fromId="23" toId="98">
</dataflow>
<dataflow id="467" from="C_V_read_2" to="call_ret" fromId="22" toId="98">
</dataflow>
<dataflow id="468" from="tolerance_V_read_2" to="call_ret" fromId="21" toId="98">
</dataflow>
<dataflow id="469" from="offset_V_1_load_1" to="call_ret" fromId="45" toId="98">
</dataflow>
<dataflow id="470" from="E_p_V" to="call_ret" fromId="74" toId="98">
</dataflow>
<dataflow id="471" from="p_V" to="call_ret" fromId="49" toId="98">
</dataflow>
<dataflow id="472" from="changed_alphas_V_0" to="call_ret" fromId="43" toId="98">
</dataflow>
<dataflow id="473" from="SMO_p_loop_linear" to="call_ret" fromId="456" toId="99">
</dataflow>
<dataflow id="474" from="dot_product_matrices_inner_V_data_V" to="call_ret" fromId="129" toId="99">
</dataflow>
<dataflow id="475" from="dot_product_matrices_inner_V_last" to="call_ret" fromId="130" toId="99">
</dataflow>
<dataflow id="476" from="training_matrices_inner_V_data_V" to="call_ret" fromId="134" toId="99">
</dataflow>
<dataflow id="477" from="training_matrices_inner_V_last" to="call_ret" fromId="135" toId="99">
</dataflow>
<dataflow id="478" from="x_p_V" to="call_ret" fromId="25" toId="99">
</dataflow>
<dataflow id="479" from="y_V" to="call_ret" fromId="131" toId="99">
</dataflow>
<dataflow id="480" from="alpha_data_V" to="call_ret" fromId="136" toId="99">
</dataflow>
<dataflow id="481" from="no_training_vectors_12" to="call_ret" fromId="24" toId="99">
</dataflow>
<dataflow id="482" from="no_variables_V_read_4" to="call_ret" fromId="23" toId="99">
</dataflow>
<dataflow id="483" from="C_V_read_2" to="call_ret" fromId="22" toId="99">
</dataflow>
<dataflow id="484" from="tolerance_V_read_2" to="call_ret" fromId="21" toId="99">
</dataflow>
<dataflow id="485" from="offset_V_1_load_1" to="call_ret" fromId="45" toId="99">
</dataflow>
<dataflow id="486" from="E_p_V" to="call_ret" fromId="74" toId="99">
</dataflow>
<dataflow id="487" from="p_V" to="call_ret" fromId="49" toId="99">
</dataflow>
<dataflow id="488" from="changed_alphas_V_0" to="call_ret" fromId="43" toId="99">
</dataflow>
<dataflow id="489" from="call_ret" to="offset_V" fromId="99" toId="100">
</dataflow>
<dataflow id="490" from="call_ret" to="changed_alphas_V" fromId="99" toId="101">
</dataflow>
<dataflow id="491" from="offset_V" to="store_ln327" fromId="100" toId="102">
</dataflow>
<dataflow id="492" from="offset_V_1" to="store_ln327" fromId="13" toId="102">
</dataflow>
<dataflow id="493" from="changed_alphas_V" to="changed_alphas_V_0_b" fromId="101" toId="104">
<condition id="-1">
<or_exp><and_exp><literal name="and_ln311" val="1"/>
</and_exp><and_exp><literal name="icmp_ln1495" val="1"/>
<literal name="icmp_ln1495_7" val="1"/>
</and_exp></or_exp>
</condition>
</dataflow>
<dataflow id="494" from="br_ln327" to="changed_alphas_V_0_b" fromId="103" toId="104">
</dataflow>
<dataflow id="495" from="changed_alphas_V_0" to="changed_alphas_V_0_b" fromId="43" toId="104">
<condition id="-1">
<or_exp><and_exp></and_exp></or_exp>
</condition>
</dataflow>
<dataflow id="496" from="br_ln0" to="changed_alphas_V_0_b" fromId="97" toId="104">
</dataflow>
<dataflow id="497" from="offset_V_1_load" to="offset_AXIS_data_V" fromId="32" toId="106">
<condition id="-1">
<or_exp><and_exp><literal name="icmp_ln887" val="1"/>
</and_exp></or_exp>
</condition>
</dataflow>
<dataflow id="498" from="br_ln277" to="offset_AXIS_data_V" fromId="37" toId="106">
</dataflow>
<dataflow id="499" from="offset_V_1_load_1" to="offset_AXIS_data_V" fromId="45" toId="106">
<condition id="-1">
<or_exp><and_exp><literal name="icmp_ln887_6" val="0"/>
<literal name="icmp_ln879" val="1"/>
</and_exp><and_exp><literal name="icmp_ln887_5" val="1"/>
<literal name="icmp_ln879" val="1"/>
</and_exp></or_exp>
</condition>
</dataflow>
<dataflow id="500" from="br_ln368" to="offset_AXIS_data_V" fromId="58" toId="106">
</dataflow>
<dataflow id="501" from="offset_V_1_load" to="offset_AXIS_data_V" fromId="32" toId="106">
<condition id="-1">
<or_exp><and_exp><literal name="icmp_ln887" val="0"/>
<literal name="icmp_ln887_4" val="0"/>
</and_exp></or_exp>
</condition>
</dataflow>
<dataflow id="502" from="br_ln278" to="offset_AXIS_data_V" fromId="41" toId="106">
</dataflow>
<dataflow id="503" from="_ssdm_op_Write.axis.volatile.i32P.i1P" to="write_ln389" fromId="363" toId="107">
</dataflow>
<dataflow id="504" from="output_details_V_data_V" to="write_ln389" fromId="144" toId="107">
</dataflow>
<dataflow id="505" from="output_details_V_last" to="write_ln389" fromId="145" toId="107">
</dataflow>
<dataflow id="506" from="offset_AXIS_data_V" to="write_ln389" fromId="106" toId="107">
</dataflow>
<dataflow id="507" from="StgValue_368" to="write_ln389" fromId="368" toId="107">
</dataflow>
<dataflow id="508" from="icmp_ln887" to="StgValue_2" fromId="34" toId="2">
</dataflow>
<dataflow id="509" from="icmp_ln887_4" to="StgValue_2" fromId="40" toId="2">
</dataflow>
<dataflow id="510" from="icmp_ln887_5" to="StgValue_3" fromId="47" toId="3">
</dataflow>
<dataflow id="511" from="icmp_ln887_6" to="StgValue_3" fromId="52" toId="3">
</dataflow>
<dataflow id="512" from="icmp_ln879" to="StgValue_3" fromId="57" toId="3">
</dataflow>
<dataflow id="513" from="icmp_ln1495" to="StgValue_8" fromId="77" toId="8">
</dataflow>
<dataflow id="514" from="icmp_ln1495_6" to="StgValue_8" fromId="80" toId="8">
</dataflow>
<dataflow id="515" from="and_ln304" to="StgValue_8" fromId="84" toId="8">
</dataflow>
<dataflow id="516" from="icmp_ln1495_7" to="StgValue_8" fromId="90" toId="8">
</dataflow>
<dataflow id="517" from="icmp_ln1495" to="StgValue_11" fromId="77" toId="11">
</dataflow>
<dataflow id="518" from="icmp_ln1495_7" to="StgValue_11" fromId="90" toId="11">
</dataflow>
<dataflow id="519" from="and_ln311" to="StgValue_11" fromId="94" toId="11">
</dataflow>
<dataflow id="520" from="and_ln311" to="StgValue_8" fromId="94" toId="8">
</dataflow>
</dataflows>


</stg>
