<?xml version="1.0" encoding="utf-8"?>
<xd:acceleratorMap xmlns:xd="http://www.xilinx.com/xidane" xd:functionName="geometric_values_top" xd:componentRef="geometric_values_top" xd:initiationInterval="x" xd:clockPeriod="10.000" xd:sequential="true" xd:hostMachine="64" xd:reset="control">
  <xd:arg xd:name="data_matrices.data" xd:originalName="data_matrices" xd:direction="in" xd:interfaceRef="data_matrices" xd:busTypeRef="axis" xd:dataWidth="16"/>
  <xd:arg xd:name="data_matrices.last" xd:originalName="data_matrices" xd:direction="in" xd:interfaceRef="data_matrices" xd:busTypeRef="axis" xd:dataWidth="1"/>
  <xd:arg xd:name="sv_coeffs.data" xd:originalName="sv_coeffs" xd:direction="in" xd:interfaceRef="sv_coeffs" xd:busTypeRef="axis" xd:dataWidth="32"/>
  <xd:arg xd:name="sv_coeffs.last" xd:originalName="sv_coeffs" xd:direction="in" xd:interfaceRef="sv_coeffs" xd:busTypeRef="axis" xd:dataWidth="1"/>
  <xd:arg xd:name="dataset_details.data" xd:originalName="dataset_details" xd:direction="in" xd:interfaceRef="dataset_details" xd:busTypeRef="axis" xd:dataWidth="32"/>
  <xd:arg xd:name="dataset_details.last" xd:originalName="dataset_details" xd:direction="in" xd:interfaceRef="dataset_details" xd:busTypeRef="axis" xd:dataWidth="1"/>
  <xd:arg xd:name="geometric_values.data" xd:originalName="geometric_values" xd:direction="out" xd:interfaceRef="geometric_values" xd:busTypeRef="axis" xd:dataWidth="32"/>
  <xd:arg xd:name="geometric_values.last" xd:originalName="geometric_values" xd:direction="out" xd:interfaceRef="geometric_values" xd:busTypeRef="axis" xd:dataWidth="1"/>
  <xd:latencyEstimates xd:best-case="undef" xd:worst-case="undef" xd:average-case="undef"/>
  <xd:resourceEstimates xd:LUT="4461" xd:FF="2863" xd:BRAM="2" xd:DSP="12"/>
</xd:acceleratorMap>
