{"sourceFile": [{
      "name": "",
      "directive": [
        {
          "functionName": "norm_w_reciprocal",
          "label": "",
          "functionLabel": "",
          "pragma": {
            "name": "INLINE",
            "option": [{
                "name": "off",
                "value": "",
                "positionalBoolean": "1"
              }]
          }
        },
        {
          "functionName": "get_w_element",
          "label": "",
          "functionLabel": "",
          "pragma": {
            "name": "INLINE",
            "option": [{
                "name": "off",
                "value": "",
                "positionalBoolean": "1"
              }]
          }
        },
        {
          "functionName": "update_f_value",
          "label": "",
          "functionLabel": "",
          "pragma": {"name": "INLINE"}
        },
        {
          "functionName": "update_f_value",
          "label": "",
          "functionLabel": "",
          "pragma": {"name": "PIPELINE"}
        },
        {
          "functionName": "f_value_mac",
          "label": "",
          "functionLabel": "",
          "pragma": {
            "name": "INLINE",
            "option": [{
                "name": "off",
                "value": "",
                "positionalBoolean": "1"
              }]
          }
        }
      ]
    }]}
