<stg><name>geometric_values_top</name>


<trans_list>

<trans id="33" from="1" to="2">
<condition id="-1">
<or_exp><and_exp></and_exp></or_exp>
</condition>
</trans>

<trans id="34" from="2" to="3">
<condition id="-1">
<or_exp><and_exp></and_exp></or_exp>
</condition>
</trans>

<trans id="35" from="3" to="4">
<condition id="-1">
<or_exp><and_exp></and_exp></or_exp>
</condition>
</trans>

<trans id="36" from="4" to="5">
<condition id="-1">
<or_exp><and_exp></and_exp></or_exp>
</condition>
</trans>
</trans_list>



<state_list>

<state id="1" st_id="1">

<operation id="6" st_id="1" stage="1" lat="1">
<core>AXI4Stream</core>
<MemPortIdVec></MemPortIdVec>
<condition id="-1">
<or_exp><and_exp></and_exp></or_exp>
</condition>

<Node id="24" bw="33" op_0_bw="33" op_1_bw="32" op_2_bw="1">
<![CDATA[
:15  %empty = call { i32, i1 } @_ssdm_op_Read.axis.volatile.i32P.i1P(i32* %dataset_details_V_data_V, i1* %dataset_details_V_last)

]]></Node>
<StgValue><ssdm name="empty"/></StgValue>
</operation>

<operation id="7" st_id="1" stage="1" lat="1">
<core>NULL</core>
<MemPortIdVec></MemPortIdVec>
<condition id="-1">
<or_exp><and_exp></and_exp></or_exp>
</condition>

<Node id="25" bw="32" op_0_bw="33">
<![CDATA[
:16  %tmp_data_V = extractvalue { i32, i1 } %empty, 0

]]></Node>
<StgValue><ssdm name="tmp_data_V"/></StgValue>
</operation>

<operation id="8" st_id="1" stage="1" lat="1">
<core>NULL</core>
<MemPortIdVec></MemPortIdVec>
<condition id="-1">
<or_exp><and_exp></and_exp></or_exp>
</condition>

<Node id="26" bw="20" op_0_bw="32">
<![CDATA[
:17  %no_svs_V = trunc i32 %tmp_data_V to i20

]]></Node>
<StgValue><ssdm name="no_svs_V"/></StgValue>
</operation>
</state>

<state id="2" st_id="2">

<operation id="9" st_id="2" stage="1" lat="1">
<core>AXI4Stream</core>
<MemPortIdVec></MemPortIdVec>
<condition id="-1">
<or_exp><and_exp></and_exp></or_exp>
</condition>

<Node id="27" bw="33" op_0_bw="33" op_1_bw="32" op_2_bw="1" op_3_bw="33">
<![CDATA[
:18  %empty_30 = call { i32, i1 } @_ssdm_op_Read.axis.volatile.i32P.i1P(i32* %dataset_details_V_data_V, i1* %dataset_details_V_last)

]]></Node>
<StgValue><ssdm name="empty_30"/></StgValue>
</operation>

<operation id="10" st_id="2" stage="1" lat="1">
<core>NULL</core>
<MemPortIdVec></MemPortIdVec>
<condition id="-1">
<or_exp><and_exp></and_exp></or_exp>
</condition>

<Node id="28" bw="32" op_0_bw="33">
<![CDATA[
:19  %tmp_data_V_4 = extractvalue { i32, i1 } %empty_30, 0

]]></Node>
<StgValue><ssdm name="tmp_data_V_4"/></StgValue>
</operation>

<operation id="11" st_id="2" stage="1" lat="1">
<core>NULL</core>
<MemPortIdVec></MemPortIdVec>
<condition id="-1">
<or_exp><and_exp></and_exp></or_exp>
</condition>

<Node id="29" bw="9" op_0_bw="32">
<![CDATA[
:20  %no_variables_V = trunc i32 %tmp_data_V_4 to i9

]]></Node>
<StgValue><ssdm name="no_variables_V"/></StgValue>
</operation>
</state>

<state id="3" st_id="3">

<operation id="12" st_id="3" stage="1" lat="1">
<core>AXI4Stream</core>
<MemPortIdVec></MemPortIdVec>
<condition id="-1">
<or_exp><and_exp></and_exp></or_exp>
</condition>

<Node id="30" bw="33" op_0_bw="33" op_1_bw="32" op_2_bw="1" op_3_bw="33">
<![CDATA[
:21  %empty_31 = call { i32, i1 } @_ssdm_op_Read.axis.volatile.i32P.i1P(i32* %dataset_details_V_data_V, i1* %dataset_details_V_last)

]]></Node>
<StgValue><ssdm name="empty_31"/></StgValue>
</operation>

<operation id="13" st_id="3" stage="1" lat="1">
<core>NULL</core>
<MemPortIdVec></MemPortIdVec>
<condition id="-1">
<or_exp><and_exp></and_exp></or_exp>
</condition>

<Node id="31" bw="32" op_0_bw="33">
<![CDATA[
:22  %tmp_data_V_5 = extractvalue { i32, i1 } %empty_31, 0

]]></Node>
<StgValue><ssdm name="tmp_data_V_5"/></StgValue>
</operation>

<operation id="14" st_id="3" stage="1" lat="1">
<core>NULL</core>
<MemPortIdVec></MemPortIdVec>
<condition id="-1">
<or_exp><and_exp></and_exp></or_exp>
</condition>

<Node id="32" bw="20" op_0_bw="32">
<![CDATA[
:23  %no_test_vectors_V = trunc i32 %tmp_data_V_5 to i20

]]></Node>
<StgValue><ssdm name="no_test_vectors_V"/></StgValue>
</operation>

<operation id="15" st_id="3" stage="2" lat="2">
<core></core>
<MemPortIdVec></MemPortIdVec>
<condition id="-1">
<or_exp><and_exp></and_exp></or_exp>
</condition>

<Node id="33" bw="0" op_0_bw="0" op_1_bw="16" op_2_bw="1" op_3_bw="32" op_4_bw="1" op_5_bw="20" op_6_bw="9" op_7_bw="20" op_8_bw="32" op_9_bw="1">
<![CDATA[
:24  call fastcc void @get_geometric_values(i16* %data_matrices_V_data_V, i1* %data_matrices_V_last, i32* %sv_coeffs_V_data_V, i1* %sv_coeffs_V_last, i20 %no_svs_V, i9 %no_variables_V, i20 %no_test_vectors_V, i32* %geometric_values_V_data_V, i1* %geometric_values_V_last)

]]></Node>
<StgValue><ssdm name="call_ln161"/></StgValue>
</operation>
</state>

<state id="4" st_id="4">

<operation id="16" st_id="4" stage="1" lat="2">
<core></core>
<MemPortIdVec></MemPortIdVec>
<condition id="-1">
<or_exp><and_exp></and_exp></or_exp>
</condition>

<Node id="33" bw="0" op_0_bw="0" op_1_bw="16" op_2_bw="1" op_3_bw="32" op_4_bw="1" op_5_bw="20" op_6_bw="9" op_7_bw="20" op_8_bw="32" op_9_bw="1">
<![CDATA[
:24  call fastcc void @get_geometric_values(i16* %data_matrices_V_data_V, i1* %data_matrices_V_last, i32* %sv_coeffs_V_data_V, i1* %sv_coeffs_V_last, i20 %no_svs_V, i9 %no_variables_V, i20 %no_test_vectors_V, i32* %geometric_values_V_data_V, i1* %geometric_values_V_last)

]]></Node>
<StgValue><ssdm name="call_ln161"/></StgValue>
</operation>
</state>

<state id="5" st_id="5">

<operation id="17" st_id="5" stage="1" lat="1">
<core>NULL</core>
<MemPortIdVec></MemPortIdVec>
<condition id="-1">
<or_exp><and_exp></and_exp></or_exp>
</condition>

<Node id="9" bw="0" op_0_bw="0" op_1_bw="0" op_2_bw="0">
<![CDATA[
:0  call void (...)* @_ssdm_op_SpecClockDomain([8 x i8]* @default, [1 x i8]* @empty)

]]></Node>
<StgValue><ssdm name="specclockdomain_ln0"/></StgValue>
</operation>

<operation id="18" st_id="5" stage="1" lat="1">
<core>NULL</core>
<MemPortIdVec></MemPortIdVec>
<condition id="-1">
<or_exp><and_exp></and_exp></or_exp>
</condition>

<Node id="10" bw="0" op_0_bw="0" op_1_bw="16">
<![CDATA[
:1  call void (...)* @_ssdm_op_SpecBitsMap(i16* %data_matrices_V_data_V), !map !152

]]></Node>
<StgValue><ssdm name="specbitsmap_ln0"/></StgValue>
</operation>

<operation id="19" st_id="5" stage="1" lat="1">
<core>NULL</core>
<MemPortIdVec></MemPortIdVec>
<condition id="-1">
<or_exp><and_exp></and_exp></or_exp>
</condition>

<Node id="11" bw="0" op_0_bw="0" op_1_bw="1">
<![CDATA[
:2  call void (...)* @_ssdm_op_SpecBitsMap(i1* %data_matrices_V_last), !map !156

]]></Node>
<StgValue><ssdm name="specbitsmap_ln0"/></StgValue>
</operation>

<operation id="20" st_id="5" stage="1" lat="1">
<core>NULL</core>
<MemPortIdVec></MemPortIdVec>
<condition id="-1">
<or_exp><and_exp></and_exp></or_exp>
</condition>

<Node id="12" bw="0" op_0_bw="0" op_1_bw="32">
<![CDATA[
:3  call void (...)* @_ssdm_op_SpecBitsMap(i32* %sv_coeffs_V_data_V), !map !160

]]></Node>
<StgValue><ssdm name="specbitsmap_ln0"/></StgValue>
</operation>

<operation id="21" st_id="5" stage="1" lat="1">
<core>NULL</core>
<MemPortIdVec></MemPortIdVec>
<condition id="-1">
<or_exp><and_exp></and_exp></or_exp>
</condition>

<Node id="13" bw="0" op_0_bw="0" op_1_bw="1">
<![CDATA[
:4  call void (...)* @_ssdm_op_SpecBitsMap(i1* %sv_coeffs_V_last), !map !164

]]></Node>
<StgValue><ssdm name="specbitsmap_ln0"/></StgValue>
</operation>

<operation id="22" st_id="5" stage="1" lat="1">
<core>NULL</core>
<MemPortIdVec></MemPortIdVec>
<condition id="-1">
<or_exp><and_exp></and_exp></or_exp>
</condition>

<Node id="14" bw="0" op_0_bw="0" op_1_bw="32">
<![CDATA[
:5  call void (...)* @_ssdm_op_SpecBitsMap(i32* %dataset_details_V_data_V), !map !168

]]></Node>
<StgValue><ssdm name="specbitsmap_ln0"/></StgValue>
</operation>

<operation id="23" st_id="5" stage="1" lat="1">
<core>NULL</core>
<MemPortIdVec></MemPortIdVec>
<condition id="-1">
<or_exp><and_exp></and_exp></or_exp>
</condition>

<Node id="15" bw="0" op_0_bw="0" op_1_bw="1">
<![CDATA[
:6  call void (...)* @_ssdm_op_SpecBitsMap(i1* %dataset_details_V_last), !map !172

]]></Node>
<StgValue><ssdm name="specbitsmap_ln0"/></StgValue>
</operation>

<operation id="24" st_id="5" stage="1" lat="1">
<core>NULL</core>
<MemPortIdVec></MemPortIdVec>
<condition id="-1">
<or_exp><and_exp></and_exp></or_exp>
</condition>

<Node id="16" bw="0" op_0_bw="0" op_1_bw="32">
<![CDATA[
:7  call void (...)* @_ssdm_op_SpecBitsMap(i32* %geometric_values_V_data_V), !map !176

]]></Node>
<StgValue><ssdm name="specbitsmap_ln0"/></StgValue>
</operation>

<operation id="25" st_id="5" stage="1" lat="1">
<core>NULL</core>
<MemPortIdVec></MemPortIdVec>
<condition id="-1">
<or_exp><and_exp></and_exp></or_exp>
</condition>

<Node id="17" bw="0" op_0_bw="0" op_1_bw="1">
<![CDATA[
:8  call void (...)* @_ssdm_op_SpecBitsMap(i1* %geometric_values_V_last), !map !180

]]></Node>
<StgValue><ssdm name="specbitsmap_ln0"/></StgValue>
</operation>

<operation id="26" st_id="5" stage="1" lat="1">
<core>NULL</core>
<MemPortIdVec></MemPortIdVec>
<condition id="-1">
<or_exp><and_exp></and_exp></or_exp>
</condition>

<Node id="18" bw="0" op_0_bw="0" op_1_bw="0">
<![CDATA[
:9  call void (...)* @_ssdm_op_SpecTopModule([21 x i8]* @geometric_values_top_1) nounwind

]]></Node>
<StgValue><ssdm name="spectopmodule_ln0"/></StgValue>
</operation>

<operation id="27" st_id="5" stage="1" lat="1">
<core>NULL</core>
<MemPortIdVec></MemPortIdVec>
<condition id="-1">
<or_exp><and_exp></and_exp></or_exp>
</condition>

<Node id="19" bw="0" op_0_bw="0" op_1_bw="16" op_2_bw="1" op_3_bw="0" op_4_bw="32" op_5_bw="32" op_6_bw="0" op_7_bw="32" op_8_bw="32" op_9_bw="0" op_10_bw="0" op_11_bw="0" op_12_bw="32" op_13_bw="32" op_14_bw="32" op_15_bw="32" op_16_bw="0" op_17_bw="0">
<![CDATA[
:10  call void (...)* @_ssdm_op_SpecInterface(i16* %data_matrices_V_data_V, i1* %data_matrices_V_last, [5 x i8]* @p_str5, i32 1, i32 1, [5 x i8]* @p_str6, i32 0, i32 0, [1 x i8]* @p_str1, [1 x i8]* @p_str1, [1 x i8]* @p_str1, i32 0, i32 0, i32 0, i32 0, [1 x i8]* @p_str1, [1 x i8]* @p_str1) nounwind

]]></Node>
<StgValue><ssdm name="specinterface_ln134"/></StgValue>
</operation>

<operation id="28" st_id="5" stage="1" lat="1">
<core>NULL</core>
<MemPortIdVec></MemPortIdVec>
<condition id="-1">
<or_exp><and_exp></and_exp></or_exp>
</condition>

<Node id="20" bw="0" op_0_bw="0" op_1_bw="32" op_2_bw="1" op_3_bw="0" op_4_bw="32" op_5_bw="32" op_6_bw="0" op_7_bw="32" op_8_bw="32" op_9_bw="0" op_10_bw="0" op_11_bw="0" op_12_bw="32" op_13_bw="32" op_14_bw="32" op_15_bw="32" op_16_bw="0" op_17_bw="0">
<![CDATA[
:11  call void (...)* @_ssdm_op_SpecInterface(i32* %dataset_details_V_data_V, i1* %dataset_details_V_last, [5 x i8]* @p_str5, i32 1, i32 1, [5 x i8]* @p_str6, i32 0, i32 0, [1 x i8]* @p_str1, [1 x i8]* @p_str1, [1 x i8]* @p_str1, i32 0, i32 0, i32 0, i32 0, [1 x i8]* @p_str1, [1 x i8]* @p_str1) nounwind

]]></Node>
<StgValue><ssdm name="specinterface_ln135"/></StgValue>
</operation>

<operation id="29" st_id="5" stage="1" lat="1">
<core>NULL</core>
<MemPortIdVec></MemPortIdVec>
<condition id="-1">
<or_exp><and_exp></and_exp></or_exp>
</condition>

<Node id="21" bw="0" op_0_bw="0" op_1_bw="32" op_2_bw="1" op_3_bw="0" op_4_bw="32" op_5_bw="32" op_6_bw="0" op_7_bw="32" op_8_bw="32" op_9_bw="0" op_10_bw="0" op_11_bw="0" op_12_bw="32" op_13_bw="32" op_14_bw="32" op_15_bw="32" op_16_bw="0" op_17_bw="0">
<![CDATA[
:12  call void (...)* @_ssdm_op_SpecInterface(i32* %geometric_values_V_data_V, i1* %geometric_values_V_last, [5 x i8]* @p_str5, i32 1, i32 1, [5 x i8]* @p_str6, i32 0, i32 0, [1 x i8]* @p_str1, [1 x i8]* @p_str1, [1 x i8]* @p_str1, i32 0, i32 0, i32 0, i32 0, [1 x i8]* @p_str1, [1 x i8]* @p_str1) nounwind

]]></Node>
<StgValue><ssdm name="specinterface_ln136"/></StgValue>
</operation>

<operation id="30" st_id="5" stage="1" lat="1">
<core>NULL</core>
<MemPortIdVec></MemPortIdVec>
<condition id="-1">
<or_exp><and_exp></and_exp></or_exp>
</condition>

<Node id="22" bw="0" op_0_bw="0" op_1_bw="32" op_2_bw="1" op_3_bw="0" op_4_bw="32" op_5_bw="32" op_6_bw="0" op_7_bw="32" op_8_bw="32" op_9_bw="0" op_10_bw="0" op_11_bw="0" op_12_bw="32" op_13_bw="32" op_14_bw="32" op_15_bw="32" op_16_bw="0" op_17_bw="0">
<![CDATA[
:13  call void (...)* @_ssdm_op_SpecInterface(i32* %sv_coeffs_V_data_V, i1* %sv_coeffs_V_last, [5 x i8]* @p_str5, i32 1, i32 1, [5 x i8]* @p_str6, i32 0, i32 0, [1 x i8]* @p_str1, [1 x i8]* @p_str1, [1 x i8]* @p_str1, i32 0, i32 0, i32 0, i32 0, [1 x i8]* @p_str1, [1 x i8]* @p_str1) nounwind

]]></Node>
<StgValue><ssdm name="specinterface_ln137"/></StgValue>
</operation>

<operation id="31" st_id="5" stage="1" lat="1">
<core>NULL</core>
<MemPortIdVec></MemPortIdVec>
<condition id="-1">
<or_exp><and_exp></and_exp></or_exp>
</condition>

<Node id="23" bw="0" op_0_bw="0" op_1_bw="32" op_2_bw="0" op_3_bw="32" op_4_bw="32" op_5_bw="0" op_6_bw="32" op_7_bw="32" op_8_bw="0" op_9_bw="0" op_10_bw="0" op_11_bw="32" op_12_bw="32" op_13_bw="32" op_14_bw="32" op_15_bw="0" op_16_bw="0">
<![CDATA[
:14  call void (...)* @_ssdm_op_SpecInterface(i32 0, [13 x i8]* @p_str7, i32 0, i32 0, [1 x i8]* @p_str1, i32 0, i32 0, [1 x i8]* @p_str1, [1 x i8]* @p_str1, [1 x i8]* @p_str1, i32 0, i32 0, i32 0, i32 0, [1 x i8]* @p_str1, [1 x i8]* @p_str1) nounwind

]]></Node>
<StgValue><ssdm name="specinterface_ln138"/></StgValue>
</operation>

<operation id="32" st_id="5" stage="1" lat="1">
<core>NULL</core>
<MemPortIdVec></MemPortIdVec>
<condition id="-1">
<or_exp><and_exp></and_exp></or_exp>
</condition>

<Node id="34" bw="0">
<![CDATA[
:25  ret void

]]></Node>
<StgValue><ssdm name="ret_ln168"/></StgValue>
</operation>
</state>
</state_list>


<ports>
<port id="37" name="data_matrices_V_data_V" dir="0" iftype="0">
<core>NULL</core><StgValue><ssdm name="data_matrices_V_data_V"/></StgValue>
</port>
<port id="38" name="data_matrices_V_last" dir="0" iftype="0">
<core>NULL</core><StgValue><ssdm name="data_matrices_V_last"/></StgValue>
</port>
<port id="39" name="sv_coeffs_V_data_V" dir="0" iftype="0">
<core>NULL</core><StgValue><ssdm name="sv_coeffs_V_data_V"/></StgValue>
</port>
<port id="40" name="sv_coeffs_V_last" dir="0" iftype="0">
<core>NULL</core><StgValue><ssdm name="sv_coeffs_V_last"/></StgValue>
</port>
<port id="41" name="dataset_details_V_data_V" dir="0" iftype="0">
<core>NULL</core><StgValue><ssdm name="dataset_details_V_data_V"/></StgValue>
</port>
<port id="42" name="dataset_details_V_last" dir="0" iftype="0">
<core>NULL</core><StgValue><ssdm name="dataset_details_V_last"/></StgValue>
</port>
<port id="43" name="geometric_values_V_data_V" dir="1" iftype="0">
<core>NULL</core><StgValue><ssdm name="geometric_values_V_data_V"/></StgValue>
</port>
<port id="44" name="geometric_values_V_last" dir="1" iftype="0">
<core>NULL</core><StgValue><ssdm name="geometric_values_V_last"/></StgValue>
</port>
</ports>


<dataflows>
<dataflow id="46" from="_ssdm_op_Read.axis.volatile.i32P.i1P" to="empty" fromId="45" toId="6">
</dataflow>
<dataflow id="47" from="dataset_details_V_data_V" to="empty" fromId="41" toId="6">
</dataflow>
<dataflow id="48" from="dataset_details_V_last" to="empty" fromId="42" toId="6">
</dataflow>
<dataflow id="49" from="empty" to="tmp_data_V" fromId="6" toId="7">
</dataflow>
<dataflow id="50" from="tmp_data_V" to="no_svs_V" fromId="7" toId="8">
</dataflow>
<dataflow id="51" from="_ssdm_op_Read.axis.volatile.i32P.i1P" to="empty_30" fromId="45" toId="9">
</dataflow>
<dataflow id="52" from="dataset_details_V_data_V" to="empty_30" fromId="41" toId="9">
</dataflow>
<dataflow id="53" from="dataset_details_V_last" to="empty_30" fromId="42" toId="9">
</dataflow>
<dataflow id="54" from="empty_30" to="tmp_data_V_4" fromId="9" toId="10">
</dataflow>
<dataflow id="55" from="tmp_data_V_4" to="no_variables_V" fromId="10" toId="11">
</dataflow>
<dataflow id="56" from="_ssdm_op_Read.axis.volatile.i32P.i1P" to="empty_31" fromId="45" toId="12">
</dataflow>
<dataflow id="57" from="dataset_details_V_data_V" to="empty_31" fromId="41" toId="12">
</dataflow>
<dataflow id="58" from="dataset_details_V_last" to="empty_31" fromId="42" toId="12">
</dataflow>
<dataflow id="59" from="empty_31" to="tmp_data_V_5" fromId="12" toId="13">
</dataflow>
<dataflow id="60" from="tmp_data_V_5" to="no_test_vectors_V" fromId="13" toId="14">
</dataflow>
<dataflow id="62" from="get_geometric_values" to="call_ln161" fromId="61" toId="15">
</dataflow>
<dataflow id="63" from="data_matrices_V_data_V" to="call_ln161" fromId="37" toId="15">
</dataflow>
<dataflow id="64" from="data_matrices_V_last" to="call_ln161" fromId="38" toId="15">
</dataflow>
<dataflow id="65" from="sv_coeffs_V_data_V" to="call_ln161" fromId="39" toId="15">
</dataflow>
<dataflow id="66" from="sv_coeffs_V_last" to="call_ln161" fromId="40" toId="15">
</dataflow>
<dataflow id="67" from="no_svs_V" to="call_ln161" fromId="8" toId="15">
</dataflow>
<dataflow id="68" from="no_variables_V" to="call_ln161" fromId="11" toId="15">
</dataflow>
<dataflow id="69" from="no_test_vectors_V" to="call_ln161" fromId="14" toId="15">
</dataflow>
<dataflow id="70" from="geometric_values_V_data_V" to="call_ln161" fromId="43" toId="15">
</dataflow>
<dataflow id="71" from="geometric_values_V_last" to="call_ln161" fromId="44" toId="15">
</dataflow>
<dataflow id="72" from="get_geometric_values" to="call_ln161" fromId="61" toId="16">
</dataflow>
<dataflow id="73" from="data_matrices_V_data_V" to="call_ln161" fromId="37" toId="16">
</dataflow>
<dataflow id="74" from="data_matrices_V_last" to="call_ln161" fromId="38" toId="16">
</dataflow>
<dataflow id="75" from="sv_coeffs_V_data_V" to="call_ln161" fromId="39" toId="16">
</dataflow>
<dataflow id="76" from="sv_coeffs_V_last" to="call_ln161" fromId="40" toId="16">
</dataflow>
<dataflow id="77" from="no_svs_V" to="call_ln161" fromId="8" toId="16">
</dataflow>
<dataflow id="78" from="no_variables_V" to="call_ln161" fromId="11" toId="16">
</dataflow>
<dataflow id="79" from="no_test_vectors_V" to="call_ln161" fromId="14" toId="16">
</dataflow>
<dataflow id="80" from="geometric_values_V_data_V" to="call_ln161" fromId="43" toId="16">
</dataflow>
<dataflow id="81" from="geometric_values_V_last" to="call_ln161" fromId="44" toId="16">
</dataflow>
<dataflow id="83" from="_ssdm_op_SpecClockDomain" to="specclockdomain_ln0" fromId="82" toId="17">
</dataflow>
<dataflow id="85" from="default" to="specclockdomain_ln0" fromId="84" toId="17">
</dataflow>
<dataflow id="87" from="empty" to="specclockdomain_ln0" fromId="86" toId="17">
</dataflow>
<dataflow id="89" from="_ssdm_op_SpecBitsMap" to="specbitsmap_ln0" fromId="88" toId="18">
</dataflow>
<dataflow id="90" from="data_matrices_V_data_V" to="specbitsmap_ln0" fromId="37" toId="18">
</dataflow>
<dataflow id="91" from="_ssdm_op_SpecBitsMap" to="specbitsmap_ln0" fromId="88" toId="19">
</dataflow>
<dataflow id="92" from="data_matrices_V_last" to="specbitsmap_ln0" fromId="38" toId="19">
</dataflow>
<dataflow id="93" from="_ssdm_op_SpecBitsMap" to="specbitsmap_ln0" fromId="88" toId="20">
</dataflow>
<dataflow id="94" from="sv_coeffs_V_data_V" to="specbitsmap_ln0" fromId="39" toId="20">
</dataflow>
<dataflow id="95" from="_ssdm_op_SpecBitsMap" to="specbitsmap_ln0" fromId="88" toId="21">
</dataflow>
<dataflow id="96" from="sv_coeffs_V_last" to="specbitsmap_ln0" fromId="40" toId="21">
</dataflow>
<dataflow id="97" from="_ssdm_op_SpecBitsMap" to="specbitsmap_ln0" fromId="88" toId="22">
</dataflow>
<dataflow id="98" from="dataset_details_V_data_V" to="specbitsmap_ln0" fromId="41" toId="22">
</dataflow>
<dataflow id="99" from="_ssdm_op_SpecBitsMap" to="specbitsmap_ln0" fromId="88" toId="23">
</dataflow>
<dataflow id="100" from="dataset_details_V_last" to="specbitsmap_ln0" fromId="42" toId="23">
</dataflow>
<dataflow id="101" from="_ssdm_op_SpecBitsMap" to="specbitsmap_ln0" fromId="88" toId="24">
</dataflow>
<dataflow id="102" from="geometric_values_V_data_V" to="specbitsmap_ln0" fromId="43" toId="24">
</dataflow>
<dataflow id="103" from="_ssdm_op_SpecBitsMap" to="specbitsmap_ln0" fromId="88" toId="25">
</dataflow>
<dataflow id="104" from="geometric_values_V_last" to="specbitsmap_ln0" fromId="44" toId="25">
</dataflow>
<dataflow id="106" from="_ssdm_op_SpecTopModule" to="spectopmodule_ln0" fromId="105" toId="26">
</dataflow>
<dataflow id="108" from="geometric_values_top_1" to="spectopmodule_ln0" fromId="107" toId="26">
</dataflow>
<dataflow id="110" from="_ssdm_op_SpecInterface" to="specinterface_ln134" fromId="109" toId="27">
</dataflow>
<dataflow id="111" from="data_matrices_V_data_V" to="specinterface_ln134" fromId="37" toId="27">
</dataflow>
<dataflow id="112" from="data_matrices_V_last" to="specinterface_ln134" fromId="38" toId="27">
</dataflow>
<dataflow id="114" from="p_str5" to="specinterface_ln134" fromId="113" toId="27">
</dataflow>
<dataflow id="116" from="StgValue_115" to="specinterface_ln134" fromId="115" toId="27">
</dataflow>
<dataflow id="117" from="StgValue_115" to="specinterface_ln134" fromId="115" toId="27">
</dataflow>
<dataflow id="119" from="p_str6" to="specinterface_ln134" fromId="118" toId="27">
</dataflow>
<dataflow id="121" from="StgValue_120" to="specinterface_ln134" fromId="120" toId="27">
</dataflow>
<dataflow id="122" from="StgValue_120" to="specinterface_ln134" fromId="120" toId="27">
</dataflow>
<dataflow id="124" from="p_str1" to="specinterface_ln134" fromId="123" toId="27">
</dataflow>
<dataflow id="125" from="p_str1" to="specinterface_ln134" fromId="123" toId="27">
</dataflow>
<dataflow id="126" from="p_str1" to="specinterface_ln134" fromId="123" toId="27">
</dataflow>
<dataflow id="127" from="StgValue_120" to="specinterface_ln134" fromId="120" toId="27">
</dataflow>
<dataflow id="128" from="StgValue_120" to="specinterface_ln134" fromId="120" toId="27">
</dataflow>
<dataflow id="129" from="StgValue_120" to="specinterface_ln134" fromId="120" toId="27">
</dataflow>
<dataflow id="130" from="StgValue_120" to="specinterface_ln134" fromId="120" toId="27">
</dataflow>
<dataflow id="131" from="p_str1" to="specinterface_ln134" fromId="123" toId="27">
</dataflow>
<dataflow id="132" from="p_str1" to="specinterface_ln134" fromId="123" toId="27">
</dataflow>
<dataflow id="133" from="_ssdm_op_SpecInterface" to="specinterface_ln135" fromId="109" toId="28">
</dataflow>
<dataflow id="134" from="dataset_details_V_data_V" to="specinterface_ln135" fromId="41" toId="28">
</dataflow>
<dataflow id="135" from="dataset_details_V_last" to="specinterface_ln135" fromId="42" toId="28">
</dataflow>
<dataflow id="136" from="p_str5" to="specinterface_ln135" fromId="113" toId="28">
</dataflow>
<dataflow id="137" from="StgValue_115" to="specinterface_ln135" fromId="115" toId="28">
</dataflow>
<dataflow id="138" from="StgValue_115" to="specinterface_ln135" fromId="115" toId="28">
</dataflow>
<dataflow id="139" from="p_str6" to="specinterface_ln135" fromId="118" toId="28">
</dataflow>
<dataflow id="140" from="StgValue_120" to="specinterface_ln135" fromId="120" toId="28">
</dataflow>
<dataflow id="141" from="StgValue_120" to="specinterface_ln135" fromId="120" toId="28">
</dataflow>
<dataflow id="142" from="p_str1" to="specinterface_ln135" fromId="123" toId="28">
</dataflow>
<dataflow id="143" from="p_str1" to="specinterface_ln135" fromId="123" toId="28">
</dataflow>
<dataflow id="144" from="p_str1" to="specinterface_ln135" fromId="123" toId="28">
</dataflow>
<dataflow id="145" from="StgValue_120" to="specinterface_ln135" fromId="120" toId="28">
</dataflow>
<dataflow id="146" from="StgValue_120" to="specinterface_ln135" fromId="120" toId="28">
</dataflow>
<dataflow id="147" from="StgValue_120" to="specinterface_ln135" fromId="120" toId="28">
</dataflow>
<dataflow id="148" from="StgValue_120" to="specinterface_ln135" fromId="120" toId="28">
</dataflow>
<dataflow id="149" from="p_str1" to="specinterface_ln135" fromId="123" toId="28">
</dataflow>
<dataflow id="150" from="p_str1" to="specinterface_ln135" fromId="123" toId="28">
</dataflow>
<dataflow id="151" from="_ssdm_op_SpecInterface" to="specinterface_ln136" fromId="109" toId="29">
</dataflow>
<dataflow id="152" from="geometric_values_V_data_V" to="specinterface_ln136" fromId="43" toId="29">
</dataflow>
<dataflow id="153" from="geometric_values_V_last" to="specinterface_ln136" fromId="44" toId="29">
</dataflow>
<dataflow id="154" from="p_str5" to="specinterface_ln136" fromId="113" toId="29">
</dataflow>
<dataflow id="155" from="StgValue_115" to="specinterface_ln136" fromId="115" toId="29">
</dataflow>
<dataflow id="156" from="StgValue_115" to="specinterface_ln136" fromId="115" toId="29">
</dataflow>
<dataflow id="157" from="p_str6" to="specinterface_ln136" fromId="118" toId="29">
</dataflow>
<dataflow id="158" from="StgValue_120" to="specinterface_ln136" fromId="120" toId="29">
</dataflow>
<dataflow id="159" from="StgValue_120" to="specinterface_ln136" fromId="120" toId="29">
</dataflow>
<dataflow id="160" from="p_str1" to="specinterface_ln136" fromId="123" toId="29">
</dataflow>
<dataflow id="161" from="p_str1" to="specinterface_ln136" fromId="123" toId="29">
</dataflow>
<dataflow id="162" from="p_str1" to="specinterface_ln136" fromId="123" toId="29">
</dataflow>
<dataflow id="163" from="StgValue_120" to="specinterface_ln136" fromId="120" toId="29">
</dataflow>
<dataflow id="164" from="StgValue_120" to="specinterface_ln136" fromId="120" toId="29">
</dataflow>
<dataflow id="165" from="StgValue_120" to="specinterface_ln136" fromId="120" toId="29">
</dataflow>
<dataflow id="166" from="StgValue_120" to="specinterface_ln136" fromId="120" toId="29">
</dataflow>
<dataflow id="167" from="p_str1" to="specinterface_ln136" fromId="123" toId="29">
</dataflow>
<dataflow id="168" from="p_str1" to="specinterface_ln136" fromId="123" toId="29">
</dataflow>
<dataflow id="169" from="_ssdm_op_SpecInterface" to="specinterface_ln137" fromId="109" toId="30">
</dataflow>
<dataflow id="170" from="sv_coeffs_V_data_V" to="specinterface_ln137" fromId="39" toId="30">
</dataflow>
<dataflow id="171" from="sv_coeffs_V_last" to="specinterface_ln137" fromId="40" toId="30">
</dataflow>
<dataflow id="172" from="p_str5" to="specinterface_ln137" fromId="113" toId="30">
</dataflow>
<dataflow id="173" from="StgValue_115" to="specinterface_ln137" fromId="115" toId="30">
</dataflow>
<dataflow id="174" from="StgValue_115" to="specinterface_ln137" fromId="115" toId="30">
</dataflow>
<dataflow id="175" from="p_str6" to="specinterface_ln137" fromId="118" toId="30">
</dataflow>
<dataflow id="176" from="StgValue_120" to="specinterface_ln137" fromId="120" toId="30">
</dataflow>
<dataflow id="177" from="StgValue_120" to="specinterface_ln137" fromId="120" toId="30">
</dataflow>
<dataflow id="178" from="p_str1" to="specinterface_ln137" fromId="123" toId="30">
</dataflow>
<dataflow id="179" from="p_str1" to="specinterface_ln137" fromId="123" toId="30">
</dataflow>
<dataflow id="180" from="p_str1" to="specinterface_ln137" fromId="123" toId="30">
</dataflow>
<dataflow id="181" from="StgValue_120" to="specinterface_ln137" fromId="120" toId="30">
</dataflow>
<dataflow id="182" from="StgValue_120" to="specinterface_ln137" fromId="120" toId="30">
</dataflow>
<dataflow id="183" from="StgValue_120" to="specinterface_ln137" fromId="120" toId="30">
</dataflow>
<dataflow id="184" from="StgValue_120" to="specinterface_ln137" fromId="120" toId="30">
</dataflow>
<dataflow id="185" from="p_str1" to="specinterface_ln137" fromId="123" toId="30">
</dataflow>
<dataflow id="186" from="p_str1" to="specinterface_ln137" fromId="123" toId="30">
</dataflow>
<dataflow id="187" from="_ssdm_op_SpecInterface" to="specinterface_ln138" fromId="109" toId="31">
</dataflow>
<dataflow id="188" from="StgValue_120" to="specinterface_ln138" fromId="120" toId="31">
</dataflow>
<dataflow id="190" from="p_str7" to="specinterface_ln138" fromId="189" toId="31">
</dataflow>
<dataflow id="191" from="StgValue_120" to="specinterface_ln138" fromId="120" toId="31">
</dataflow>
<dataflow id="192" from="StgValue_120" to="specinterface_ln138" fromId="120" toId="31">
</dataflow>
<dataflow id="193" from="p_str1" to="specinterface_ln138" fromId="123" toId="31">
</dataflow>
<dataflow id="194" from="StgValue_120" to="specinterface_ln138" fromId="120" toId="31">
</dataflow>
<dataflow id="195" from="StgValue_120" to="specinterface_ln138" fromId="120" toId="31">
</dataflow>
<dataflow id="196" from="p_str1" to="specinterface_ln138" fromId="123" toId="31">
</dataflow>
<dataflow id="197" from="p_str1" to="specinterface_ln138" fromId="123" toId="31">
</dataflow>
<dataflow id="198" from="p_str1" to="specinterface_ln138" fromId="123" toId="31">
</dataflow>
<dataflow id="199" from="StgValue_120" to="specinterface_ln138" fromId="120" toId="31">
</dataflow>
<dataflow id="200" from="StgValue_120" to="specinterface_ln138" fromId="120" toId="31">
</dataflow>
<dataflow id="201" from="StgValue_120" to="specinterface_ln138" fromId="120" toId="31">
</dataflow>
<dataflow id="202" from="StgValue_120" to="specinterface_ln138" fromId="120" toId="31">
</dataflow>
<dataflow id="203" from="p_str1" to="specinterface_ln138" fromId="123" toId="31">
</dataflow>
<dataflow id="204" from="p_str1" to="specinterface_ln138" fromId="123" toId="31">
</dataflow>
</dataflows>


</stg>
