<annotationInfo>
<annotationInfo>
<item  id="16" filename="geometric_values.cpp" linenumber="14" name="icmp_ln14" contextFuncName="get_w" moduleName="get_w" rtlName="icmp_ln14_fu_288_p2" latency="0" BRAM="-1" DSP="-1" FF="0" LUT="13" fileDirectory="C:\Users\Ryan\Documents\University\Project\HLS\geometric_values_fxp_linear"&gt;&lt;\/item&gt;
<item  id="18" filename="geometric_values.cpp" linenumber="14" name="n1_V" contextFuncName="get_w" moduleName="get_w" rtlName="n1_V_fu_294_p2" latency="0" BRAM="-1" DSP="-1" FF="0" LUT="15" fileDirectory="C:\Users\Ryan\Documents\University\Project\HLS\geometric_values_fxp_linear"&gt;&lt;\/item&gt;
<item  id="21" filename="geometric_values.cpp" linenumber="15" name="zext_ln544" contextFuncName="get_w" moduleName="get_w" rtlName="zext_ln544_fu_300_p1" latency="0" BRAM="-1" DSP="-1" FF="-1" LUT="-1" fileDirectory="C:\Users\Ryan\Documents\University\Project\HLS\geometric_values_fxp_linear"&gt;&lt;\/item&gt;
<item  id="27" filename="geometric_values.cpp" linenumber="19" name="select_ln887" contextFuncName="get_w" moduleName="get_w" rtlName="select_ln887_fu_310_p3" latency="0" BRAM="-1" DSP="-1" FF="0" LUT="20" fileDirectory="C:\Users\Ryan\Documents\University\Project\HLS\geometric_values_fxp_linear"&gt;&lt;\/item&gt;
<item  id="31" filename="geometric_values.cpp" linenumber="19" name="icmp_ln19" contextFuncName="get_w" moduleName="get_w" rtlName="icmp_ln19_fu_317_p2" latency="0" BRAM="-1" DSP="-1" FF="0" LUT="18" fileDirectory="C:\Users\Ryan\Documents\University\Project\HLS\geometric_values_fxp_linear"&gt;&lt;\/item&gt;
<item  id="32" filename="geometric_values.cpp" linenumber="19" name="n1_V_1" contextFuncName="get_w" moduleName="get_w" rtlName="n1_V_1_fu_322_p2" latency="0" BRAM="-1" DSP="-1" FF="0" LUT="27" fileDirectory="C:\Users\Ryan\Documents\University\Project\HLS\geometric_values_fxp_linear"&gt;&lt;\/item&gt;
<item  id="37" filename="geometric_values.cpp" linenumber="29" name="sext_ln1192" contextFuncName="get_w" moduleName="get_w" rtlName="sext_ln1192_fu_332_p1" latency="0" BRAM="-1" DSP="-1" FF="-1" LUT="-1" fileDirectory="C:\Users\Ryan\Documents\University\Project\HLS\geometric_values_fxp_linear"&gt;&lt;\/item&gt;
<item  id="41" filename="geometric_values.cpp" linenumber="25" name="icmp_ln25" contextFuncName="get_w" moduleName="get_w" rtlName="icmp_ln25_fu_336_p2" latency="0" BRAM="-1" DSP="-1" FF="0" LUT="13" fileDirectory="C:\Users\Ryan\Documents\University\Project\HLS\geometric_values_fxp_linear"&gt;&lt;\/item&gt;
<item  id="43" filename="geometric_values.cpp" linenumber="25" name="n2_V" contextFuncName="get_w" moduleName="get_w" rtlName="n2_V_fu_342_p2" latency="0" BRAM="-1" DSP="-1" FF="0" LUT="15" fileDirectory="C:\Users\Ryan\Documents\University\Project\HLS\geometric_values_fxp_linear"&gt;&lt;\/item&gt;
<item  id="48" filename="geometric_values.cpp" linenumber="27" name="icmp_ln887_1" contextFuncName="get_w" moduleName="get_w" rtlName="icmp_ln887_1_fu_348_p2" latency="0" BRAM="-1" DSP="-1" FF="0" LUT="13" fileDirectory="C:\Users\Ryan\Documents\University\Project\HLS\geometric_values_fxp_linear"&gt;&lt;\/item&gt;
<item  id="51" filename="geometric_values.cpp" linenumber="29" name="zext_ln544_1" contextFuncName="get_w" moduleName="get_w" rtlName="zext_ln544_1_fu_353_p1" latency="0" BRAM="-1" DSP="-1" FF="-1" LUT="-1" fileDirectory="C:\Users\Ryan\Documents\University\Project\HLS\geometric_values_fxp_linear"&gt;&lt;\/item&gt;
<item  id="55" filename="geometric_values.cpp" linenumber="29" name="mul_ln1192" contextFuncName="get_w" moduleName="get_w" rtlName="mul_ln1192_fu_366_p2" latency="0" BRAM="-1" DSP="2" FF="0" LUT="20" fileDirectory="C:\Users\Ryan\Documents\University\Project\HLS\geometric_values_fxp_linear"&gt;&lt;\/item&gt;
<item  id="58" filename="geometric_values.cpp" linenumber="29" name="lhs_V_1" contextFuncName="get_w" moduleName="get_w" rtlName="lhs_V_1_fu_371_p3" latency="0" BRAM="-1" DSP="-1" FF="-1" LUT="-1" fileDirectory="C:\Users\Ryan\Documents\University\Project\HLS\geometric_values_fxp_linear"&gt;&lt;\/item&gt;
<item  id="59" filename="geometric_values.cpp" linenumber="29" name="ret_V" contextFuncName="get_w" moduleName="get_w" rtlName="ret_V_fu_379_p2" latency="0" BRAM="-1" DSP="-1" FF="0" LUT="54" fileDirectory="C:\Users\Ryan\Documents\University\Project\HLS\geometric_values_fxp_linear"&gt;&lt;\/item&gt;
<item  id="60" filename="geometric_values.cpp" linenumber="29" name="trunc_ln6" contextFuncName="get_w" moduleName="get_w" rtlName="trunc_ln6_reg_1065" latency="0" BRAM="-1" DSP="-1" FF="-1" LUT="-1" fileDirectory="C:\Users\Ryan\Documents\University\Project\HLS\geometric_values_fxp_linear"&gt;&lt;\/item&gt;
<item  id="73" filename="geometric_values.cpp" linenumber="43" name="icmp_ln43" contextFuncName="get_w" moduleName="get_w" rtlName="icmp_ln43_fu_394_p2" latency="0" BRAM="-1" DSP="-1" FF="0" LUT="13" fileDirectory="C:\Users\Ryan\Documents\University\Project\HLS\geometric_values_fxp_linear"&gt;&lt;\/item&gt;
<item  id="75" filename="geometric_values.cpp" linenumber="43" name="n3_V" contextFuncName="get_w" moduleName="get_w" rtlName="n3_V_fu_400_p2" latency="0" BRAM="-1" DSP="-1" FF="0" LUT="15" fileDirectory="C:\Users\Ryan\Documents\University\Project\HLS\geometric_values_fxp_linear"&gt;&lt;\/item&gt;
<item  id="80" filename="geometric_values.cpp" linenumber="45" name="icmp_ln887" contextFuncName="get_w" moduleName="get_w" rtlName="icmp_ln887_fu_406_p2" latency="0" BRAM="-1" DSP="-1" FF="0" LUT="13" fileDirectory="C:\Users\Ryan\Documents\University\Project\HLS\geometric_values_fxp_linear"&gt;&lt;\/item&gt;
<item  id="81" filename="geometric_values.cpp" linenumber="46" name="zext_ln544_2" contextFuncName="get_w" moduleName="get_w" rtlName="zext_ln544_2_fu_411_p1" latency="0" BRAM="-1" DSP="-1" FF="-1" LUT="-1" fileDirectory="C:\Users\Ryan\Documents\University\Project\HLS\geometric_values_fxp_linear"&gt;&lt;\/item&gt;
<item  id="84" filename="geometric_values.cpp" linenumber="46" name="r_V" contextFuncName="get_w" moduleName="get_w" rtlName="r_V_fu_416_p1" latency="0" BRAM="-1" DSP="-1" FF="-1" LUT="-1" fileDirectory="C:\Users\Ryan\Documents\University\Project\HLS\geometric_values_fxp_linear"&gt;&lt;\/item&gt;
<item  id="85" filename="geometric_values.cpp" linenumber="46" name="r_V_2" contextFuncName="get_w" moduleName="get_w" rtlName="r_V_2_fu_419_p2" latency="0" BRAM="-1" DSP="4" FF="0" LUT="20" fileDirectory="C:\Users\Ryan\Documents\University\Project\HLS\geometric_values_fxp_linear"&gt;&lt;\/item&gt;
<item  id="86" filename="geometric_values.cpp" linenumber="46" name="lhs_V" contextFuncName="get_w" moduleName="get_w" rtlName="lhs_V_fu_425_p3" latency="0" BRAM="-1" DSP="-1" FF="-1" LUT="-1" fileDirectory="C:\Users\Ryan\Documents\University\Project\HLS\geometric_values_fxp_linear"&gt;&lt;\/item&gt;
<item  id="87" filename="geometric_values.cpp" linenumber="46" name="zext_ln728" contextFuncName="get_w" moduleName="get_w" rtlName="zext_ln728_fu_433_p1" latency="0" BRAM="-1" DSP="-1" FF="-1" LUT="-1" fileDirectory="C:\Users\Ryan\Documents\University\Project\HLS\geometric_values_fxp_linear"&gt;&lt;\/item&gt;
<item  id="88" filename="geometric_values.cpp" linenumber="46" name="zext_ln703" contextFuncName="get_w" moduleName="get_w" rtlName="zext_ln703_fu_437_p1" latency="0" BRAM="-1" DSP="-1" FF="-1" LUT="-1" fileDirectory="C:\Users\Ryan\Documents\University\Project\HLS\geometric_values_fxp_linear"&gt;&lt;\/item&gt;
<item  id="89" filename="geometric_values.cpp" linenumber="46" name="ret_V_2" contextFuncName="get_w" moduleName="get_w" rtlName="ret_V_2_fu_440_p2" latency="0" BRAM="-1" DSP="-1" FF="0" LUT="72" fileDirectory="C:\Users\Ryan\Documents\University\Project\HLS\geometric_values_fxp_linear"&gt;&lt;\/item&gt;
<item  id="90" filename="geometric_values.cpp" linenumber="46" name="square_norm_V" contextFuncName="get_w" moduleName="get_w" rtlName="square_norm_V_fu_446_p4" latency="0" BRAM="-1" DSP="-1" FF="-1" LUT="-1" fileDirectory="C:\Users\Ryan\Documents\University\Project\HLS\geometric_values_fxp_linear"&gt;&lt;\/item&gt;
<item  id="91" filename="geometric_values.cpp" linenumber="45" name="square_norm_V_1" contextFuncName="get_w" moduleName="get_w" rtlName="square_norm_V_1_fu_456_p3" latency="0" BRAM="-1" DSP="-1" FF="0" LUT="32" fileDirectory="C:\Users\Ryan\Documents\University\Project\HLS\geometric_values_fxp_linear"&gt;&lt;\/item&gt;
<item  id="95" filename="geometric_values.cpp" linenumber="49" name="icmp_ln935" contextFuncName="get_w" moduleName="get_w" rtlName="icmp_ln935_fu_618_p2" latency="0" BRAM="-1" DSP="-1" FF="0" LUT="18" fileDirectory="C:\Users\Ryan\Documents\University\Project\HLS\geometric_values_fxp_linear"&gt;&lt;\/item&gt;
<item  id="96" filename="geometric_values.cpp" linenumber="49" name="p_Result_5" contextFuncName="get_w" moduleName="get_w" rtlName="p_Result_5_reg_1104" latency="0" BRAM="-1" DSP="-1" FF="-1" LUT="-1" fileDirectory="C:\Users\Ryan\Documents\University\Project\HLS\geometric_values_fxp_linear"&gt;&lt;\/item&gt;
<item  id="97" filename="geometric_values.cpp" linenumber="49" name="tmp_V" contextFuncName="get_w" moduleName="get_w" rtlName="tmp_V_fu_471_p2" latency="0" BRAM="-1" DSP="-1" FF="0" LUT="39" fileDirectory="C:\Users\Ryan\Documents\University\Project\HLS\geometric_values_fxp_linear"&gt;&lt;\/item&gt;
<item  id="98" filename="geometric_values.cpp" linenumber="49" name="tmp_V_4" contextFuncName="get_w" moduleName="get_w" rtlName="tmp_V_4_fu_477_p3" latency="0" BRAM="-1" DSP="-1" FF="0" LUT="32" fileDirectory="C:\Users\Ryan\Documents\University\Project\HLS\geometric_values_fxp_linear"&gt;&lt;\/item&gt;
<item  id="99" filename="geometric_values.cpp" linenumber="49" name="p_Result_6" contextFuncName="get_w" moduleName="get_w" rtlName="p_Result_6_fu_485_p4" latency="0" BRAM="-1" DSP="-1" FF="-1" LUT="-1" fileDirectory="C:\Users\Ryan\Documents\University\Project\HLS\geometric_values_fxp_linear"&gt;&lt;\/item&gt;
<item  id="100" filename="geometric_values.cpp" linenumber="49" name="l" contextFuncName="get_w" moduleName="get_w" rtlName="l_fu_495_p3" latency="0" BRAM="-1" DSP="-1" FF="40" LUT="36" fileDirectory="C:\Users\Ryan\Documents\University\Project\HLS\geometric_values_fxp_linear"&gt;&lt;\/item&gt;
<item  id="101" filename="geometric_values.cpp" linenumber="49" name="sub_ln944" contextFuncName="get_w" moduleName="get_w" rtlName="sub_ln944_fu_507_p2" latency="0" BRAM="-1" DSP="-1" FF="0" LUT="39" fileDirectory="C:\Users\Ryan\Documents\University\Project\HLS\geometric_values_fxp_linear"&gt;&lt;\/item&gt;
<item  id="102" filename="geometric_values.cpp" linenumber="49" name="lsb_index" contextFuncName="get_w" moduleName="get_w" rtlName="lsb_index_fu_512_p2" latency="0" BRAM="-1" DSP="-1" FF="0" LUT="39" fileDirectory="C:\Users\Ryan\Documents\University\Project\HLS\geometric_values_fxp_linear"&gt;&lt;\/item&gt;
<item  id="103" filename="geometric_values.cpp" linenumber="49" name="tmp_5" contextFuncName="get_w" moduleName="get_w" rtlName="tmp_5_fu_518_p4" latency="0" BRAM="-1" DSP="-1" FF="-1" LUT="-1" fileDirectory="C:\Users\Ryan\Documents\University\Project\HLS\geometric_values_fxp_linear"&gt;&lt;\/item&gt;
<item  id="104" filename="geometric_values.cpp" linenumber="49" name="icmp_ln947" contextFuncName="get_w" moduleName="get_w" rtlName="icmp_ln947_fu_528_p2" latency="0" BRAM="-1" DSP="-1" FF="0" LUT="18" fileDirectory="C:\Users\Ryan\Documents\University\Project\HLS\geometric_values_fxp_linear"&gt;&lt;\/item&gt;
<item  id="105" filename="geometric_values.cpp" linenumber="49" name="trunc_ln947" contextFuncName="get_w" moduleName="get_w" rtlName="trunc_ln947_fu_534_p1" latency="0" BRAM="-1" DSP="-1" FF="-1" LUT="-1" fileDirectory="C:\Users\Ryan\Documents\University\Project\HLS\geometric_values_fxp_linear"&gt;&lt;\/item&gt;
<item  id="106" filename="geometric_values.cpp" linenumber="49" name="sub_ln947" contextFuncName="get_w" moduleName="get_w" rtlName="sub_ln947_fu_538_p2" latency="0" BRAM="-1" DSP="-1" FF="0" LUT="15" fileDirectory="C:\Users\Ryan\Documents\University\Project\HLS\geometric_values_fxp_linear"&gt;&lt;\/item&gt;
<item  id="107" filename="geometric_values.cpp" linenumber="49" name="zext_ln947" contextFuncName="get_w" moduleName="get_w" rtlName="zext_ln947_fu_544_p1" latency="0" BRAM="-1" DSP="-1" FF="-1" LUT="-1" fileDirectory="C:\Users\Ryan\Documents\University\Project\HLS\geometric_values_fxp_linear"&gt;&lt;\/item&gt;
<item  id="108" filename="geometric_values.cpp" linenumber="49" name="lshr_ln947" contextFuncName="get_w" moduleName="get_w" rtlName="lshr_ln947_fu_548_p2" latency="0" BRAM="-1" DSP="-1" FF="0" LUT="101" fileDirectory="C:\Users\Ryan\Documents\University\Project\HLS\geometric_values_fxp_linear"&gt;&lt;\/item&gt;
<item  id="109" filename="geometric_values.cpp" linenumber="49" name="p_Result_s" contextFuncName="get_w" moduleName="get_w" rtlName="p_Result_s_fu_554_p2" latency="0" BRAM="-1" DSP="-1" FF="0" LUT="32" fileDirectory="C:\Users\Ryan\Documents\University\Project\HLS\geometric_values_fxp_linear"&gt;&lt;\/item&gt;
<item  id="110" filename="geometric_values.cpp" linenumber="49" name="icmp_ln947_1" contextFuncName="get_w" moduleName="get_w" rtlName="icmp_ln947_1_fu_559_p2" latency="0" BRAM="-1" DSP="-1" FF="0" LUT="18" fileDirectory="C:\Users\Ryan\Documents\University\Project\HLS\geometric_values_fxp_linear"&gt;&lt;\/item&gt;
<item  id="111" filename="geometric_values.cpp" linenumber="49" name="a" contextFuncName="get_w" moduleName="get_w" rtlName="a_fu_565_p2" latency="0" BRAM="-1" DSP="-1" FF="0" LUT="2" fileDirectory="C:\Users\Ryan\Documents\University\Project\HLS\geometric_values_fxp_linear"&gt;&lt;\/item&gt;
<item  id="112" filename="geometric_values.cpp" linenumber="49" name="tmp_6" contextFuncName="get_w" moduleName="get_w" rtlName="tmp_6_fu_571_p3" latency="0" BRAM="-1" DSP="-1" FF="-1" LUT="-1" fileDirectory="C:\Users\Ryan\Documents\University\Project\HLS\geometric_values_fxp_linear"&gt;&lt;\/item&gt;
<item  id="113" filename="geometric_values.cpp" linenumber="49" name="xor_ln949" contextFuncName="get_w" moduleName="get_w" rtlName="xor_ln949_fu_579_p2" latency="0" BRAM="-1" DSP="-1" FF="0" LUT="2" fileDirectory="C:\Users\Ryan\Documents\University\Project\HLS\geometric_values_fxp_linear"&gt;&lt;\/item&gt;
<item  id="114" filename="geometric_values.cpp" linenumber="49" name="p_Result_1" contextFuncName="get_w" moduleName="get_w" rtlName="p_Result_1_fu_585_p3" latency="0" BRAM="-1" DSP="-1" FF="-1" LUT="-1" fileDirectory="C:\Users\Ryan\Documents\University\Project\HLS\geometric_values_fxp_linear"&gt;&lt;\/item&gt;
<item  id="115" filename="geometric_values.cpp" linenumber="49" name="and_ln949" contextFuncName="get_w" moduleName="get_w" rtlName="and_ln949_fu_592_p2" latency="0" BRAM="-1" DSP="-1" FF="0" LUT="2" fileDirectory="C:\Users\Ryan\Documents\University\Project\HLS\geometric_values_fxp_linear"&gt;&lt;\/item&gt;
<item  id="116" filename="geometric_values.cpp" linenumber="49" name="or_ln949" contextFuncName="get_w" moduleName="get_w" rtlName="or_ln949_fu_598_p2" latency="0" BRAM="-1" DSP="-1" FF="0" LUT="2" fileDirectory="C:\Users\Ryan\Documents\University\Project\HLS\geometric_values_fxp_linear"&gt;&lt;\/item&gt;
<item  id="117" filename="geometric_values.cpp" linenumber="49" name="or_ln" contextFuncName="get_w" moduleName="get_w" rtlName="or_ln_fu_604_p3" latency="0" BRAM="-1" DSP="-1" FF="-1" LUT="-1" fileDirectory="C:\Users\Ryan\Documents\University\Project\HLS\geometric_values_fxp_linear"&gt;&lt;\/item&gt;
<item  id="118" filename="geometric_values.cpp" linenumber="49" name="icmp_ln958" contextFuncName="get_w" moduleName="get_w" rtlName="icmp_ln958_fu_612_p2" latency="0" BRAM="-1" DSP="-1" FF="0" LUT="18" fileDirectory="C:\Users\Ryan\Documents\University\Project\HLS\geometric_values_fxp_linear"&gt;&lt;\/item&gt;
<item  id="119" filename="geometric_values.cpp" linenumber="49" name="add_ln958" contextFuncName="get_w" moduleName="get_w" rtlName="add_ln958_fu_624_p2" latency="0" BRAM="-1" DSP="-1" FF="0" LUT="39" fileDirectory="C:\Users\Ryan\Documents\University\Project\HLS\geometric_values_fxp_linear"&gt;&lt;\/item&gt;
<item  id="120" filename="geometric_values.cpp" linenumber="49" name="lshr_ln958" contextFuncName="get_w" moduleName="get_w" rtlName="lshr_ln958_fu_629_p2" latency="0" BRAM="-1" DSP="-1" FF="0" LUT="101" fileDirectory="C:\Users\Ryan\Documents\University\Project\HLS\geometric_values_fxp_linear"&gt;&lt;\/item&gt;
<item  id="121" filename="geometric_values.cpp" linenumber="49" name="sub_ln958" contextFuncName="get_w" moduleName="get_w" rtlName="sub_ln958_fu_634_p2" latency="0" BRAM="-1" DSP="-1" FF="0" LUT="39" fileDirectory="C:\Users\Ryan\Documents\University\Project\HLS\geometric_values_fxp_linear"&gt;&lt;\/item&gt;
<item  id="122" filename="geometric_values.cpp" linenumber="49" name="shl_ln958" contextFuncName="get_w" moduleName="get_w" rtlName="shl_ln958_fu_639_p2" latency="0" BRAM="-1" DSP="-1" FF="0" LUT="101" fileDirectory="C:\Users\Ryan\Documents\University\Project\HLS\geometric_values_fxp_linear"&gt;&lt;\/item&gt;
<item  id="123" filename="geometric_values.cpp" linenumber="49" name="m_2" contextFuncName="get_w" moduleName="get_w" rtlName="m_2_fu_644_p3" latency="0" BRAM="-1" DSP="-1" FF="0" LUT="32" fileDirectory="C:\Users\Ryan\Documents\University\Project\HLS\geometric_values_fxp_linear"&gt;&lt;\/item&gt;
<item  id="124" filename="geometric_values.cpp" linenumber="49" name="m_3" contextFuncName="get_w" moduleName="get_w" rtlName="m_3_fu_651_p2" latency="0" BRAM="-1" DSP="-1" FF="0" LUT="39" fileDirectory="C:\Users\Ryan\Documents\University\Project\HLS\geometric_values_fxp_linear"&gt;&lt;\/item&gt;
<item  id="125" filename="geometric_values.cpp" linenumber="49" name="m" contextFuncName="get_w" moduleName="get_w" rtlName="m_reg_1148" latency="0" BRAM="-1" DSP="-1" FF="-1" LUT="-1" fileDirectory="C:\Users\Ryan\Documents\University\Project\HLS\geometric_values_fxp_linear"&gt;&lt;\/item&gt;
<item  id="126" filename="geometric_values.cpp" linenumber="49" name="m_6" contextFuncName="get_w" moduleName="get_w" rtlName="m_6_fu_674_p1" latency="0" BRAM="-1" DSP="-1" FF="-1" LUT="-1" fileDirectory="C:\Users\Ryan\Documents\University\Project\HLS\geometric_values_fxp_linear"&gt;&lt;\/item&gt;
<item  id="127" filename="geometric_values.cpp" linenumber="49" name="tmp_7" contextFuncName="get_w" moduleName="get_w" rtlName="tmp_7_reg_1153" latency="0" BRAM="-1" DSP="-1" FF="-1" LUT="-1" fileDirectory="C:\Users\Ryan\Documents\University\Project\HLS\geometric_values_fxp_linear"&gt;&lt;\/item&gt;
<item  id="128" filename="geometric_values.cpp" linenumber="49" name="select_ln964" contextFuncName="get_w" moduleName="get_w" rtlName="select_ln964_fu_677_p3" latency="0" BRAM="-1" DSP="-1" FF="0" LUT="7" fileDirectory="C:\Users\Ryan\Documents\University\Project\HLS\geometric_values_fxp_linear"&gt;&lt;\/item&gt;
<item  id="129" filename="geometric_values.cpp" linenumber="49" name="trunc_ln943" contextFuncName="get_w" moduleName="get_w" rtlName="trunc_ln943_fu_503_p1" latency="0" BRAM="-1" DSP="-1" FF="-1" LUT="-1" fileDirectory="C:\Users\Ryan\Documents\University\Project\HLS\geometric_values_fxp_linear"&gt;&lt;\/item&gt;
<item  id="130" filename="geometric_values.cpp" linenumber="49" name="sub_ln964" contextFuncName="get_w" moduleName="get_w" rtlName="sub_ln964_fu_684_p2" latency="0" BRAM="-1" DSP="-1" FF="0" LUT="8" fileDirectory="C:\Users\Ryan\Documents\University\Project\HLS\geometric_values_fxp_linear"&gt;&lt;\/item&gt;
<item  id="131" filename="geometric_values.cpp" linenumber="49" name="add_ln964" contextFuncName="get_w" moduleName="get_w" rtlName="add_ln964_fu_689_p2" latency="0" BRAM="-1" DSP="-1" FF="0" LUT="8" fileDirectory="C:\Users\Ryan\Documents\University\Project\HLS\geometric_values_fxp_linear"&gt;&lt;\/item&gt;
<item  id="132" filename="geometric_values.cpp" linenumber="49" name="tmp_3" contextFuncName="get_w" moduleName="get_w" rtlName="tmp_3_fu_695_p3" latency="0" BRAM="-1" DSP="-1" FF="-1" LUT="-1" fileDirectory="C:\Users\Ryan\Documents\University\Project\HLS\geometric_values_fxp_linear"&gt;&lt;\/item&gt;
<item  id="133" filename="geometric_values.cpp" linenumber="49" name="p_Result_7" contextFuncName="get_w" moduleName="get_w" rtlName="p_Result_7_fu_702_p5" latency="0" BRAM="-1" DSP="-1" FF="-1" LUT="-1" fileDirectory="C:\Users\Ryan\Documents\University\Project\HLS\geometric_values_fxp_linear"&gt;&lt;\/item&gt;
<item  id="134" filename="geometric_values.cpp" linenumber="49" name="bitcast_ln739" contextFuncName="get_w" moduleName="get_w" rtlName="bitcast_ln739_fu_714_p1" latency="0" BRAM="-1" DSP="-1" FF="-1" LUT="-1" fileDirectory="C:\Users\Ryan\Documents\University\Project\HLS\geometric_values_fxp_linear"&gt;&lt;\/item&gt;
<item  id="135" filename="geometric_values.cpp" linenumber="49" name="select_ln935" contextFuncName="get_w" moduleName="get_w" rtlName="select_ln935_fu_718_p3" latency="0" BRAM="-1" DSP="-1" FF="0" LUT="32" fileDirectory="C:\Users\Ryan\Documents\University\Project\HLS\geometric_values_fxp_linear"&gt;&lt;\/item&gt;
<item  id="136" filename="C:/Xilinx/Vivado/2019.1/win64/tools/clang/bin\..\lib\clang\3.1/../../../include/c++/4.5.2\cmath" linenumber="434" name="v_assign" contextFuncName="sqrt" moduleName="get_w" rtlName="geometric_values_cud_U2" latency="11" BRAM="-1" DSP="-1" FF="-1" LUT="-1" fileDirectory="C:\Users\Ryan\Documents\University\Project\HLS\geometric_values_fxp_linear"&gt;&lt;\/item&gt;
<item  id="137" filename="geometric_values.cpp" linenumber="49" name="d_assign" contextFuncName="get_w" moduleName="get_w" rtlName="geometric_values_bkb_U1" latency="1" BRAM="-1" DSP="-1" FF="-1" LUT="-1" fileDirectory="C:\Users\Ryan\Documents\University\Project\HLS\geometric_values_fxp_linear"&gt;&lt;\/item&gt;
<item  id="138" filename="geometric_values.cpp" linenumber="49" name="ireg_V" contextFuncName="get_w" moduleName="get_w" rtlName="ireg_V_fu_725_p1" latency="0" BRAM="-1" DSP="-1" FF="-1" LUT="-1" fileDirectory="C:\Users\Ryan\Documents\University\Project\HLS\geometric_values_fxp_linear"&gt;&lt;\/item&gt;
<item  id="139" filename="geometric_values.cpp" linenumber="49" name="trunc_ln556" contextFuncName="get_w" moduleName="get_w" rtlName="trunc_ln556_fu_729_p1" latency="0" BRAM="-1" DSP="-1" FF="-1" LUT="-1" fileDirectory="C:\Users\Ryan\Documents\University\Project\HLS\geometric_values_fxp_linear"&gt;&lt;\/item&gt;
<item  id="140" filename="geometric_values.cpp" linenumber="49" name="p_Result_8" contextFuncName="get_w" moduleName="get_w" rtlName="p_Result_8_fu_733_p3" latency="0" BRAM="-1" DSP="-1" FF="-1" LUT="-1" fileDirectory="C:\Users\Ryan\Documents\University\Project\HLS\geometric_values_fxp_linear"&gt;&lt;\/item&gt;
<item  id="141" filename="geometric_values.cpp" linenumber="49" name="exp_tmp_V" contextFuncName="get_w" moduleName="get_w" rtlName="exp_tmp_V_fu_741_p4" latency="0" BRAM="-1" DSP="-1" FF="-1" LUT="-1" fileDirectory="C:\Users\Ryan\Documents\University\Project\HLS\geometric_values_fxp_linear"&gt;&lt;\/item&gt;
<item  id="142" filename="geometric_values.cpp" linenumber="49" name="zext_ln461" contextFuncName="get_w" moduleName="get_w" rtlName="zext_ln461_fu_751_p1" latency="0" BRAM="-1" DSP="-1" FF="-1" LUT="-1" fileDirectory="C:\Users\Ryan\Documents\University\Project\HLS\geometric_values_fxp_linear"&gt;&lt;\/item&gt;
<item  id="143" filename="geometric_values.cpp" linenumber="49" name="trunc_ln565" contextFuncName="get_w" moduleName="get_w" rtlName="trunc_ln565_fu_755_p1" latency="0" BRAM="-1" DSP="-1" FF="-1" LUT="-1" fileDirectory="C:\Users\Ryan\Documents\University\Project\HLS\geometric_values_fxp_linear"&gt;&lt;\/item&gt;
<item  id="144" filename="geometric_values.cpp" linenumber="49" name="tmp_4" contextFuncName="get_w" moduleName="get_w" rtlName="tmp_4_fu_759_p3" latency="0" BRAM="-1" DSP="-1" FF="-1" LUT="-1" fileDirectory="C:\Users\Ryan\Documents\University\Project\HLS\geometric_values_fxp_linear"&gt;&lt;\/item&gt;
<item  id="145" filename="geometric_values.cpp" linenumber="49" name="p_Result_9" contextFuncName="get_w" moduleName="get_w" rtlName="p_Result_9_fu_767_p1" latency="0" BRAM="-1" DSP="-1" FF="-1" LUT="-1" fileDirectory="C:\Users\Ryan\Documents\University\Project\HLS\geometric_values_fxp_linear"&gt;&lt;\/item&gt;
<item  id="146" filename="geometric_values.cpp" linenumber="49" name="man_V_1" contextFuncName="get_w" moduleName="get_w" rtlName="man_V_1_fu_771_p2" latency="0" BRAM="-1" DSP="-1" FF="0" LUT="61" fileDirectory="C:\Users\Ryan\Documents\University\Project\HLS\geometric_values_fxp_linear"&gt;&lt;\/item&gt;
<item  id="147" filename="geometric_values.cpp" linenumber="49" name="man_V_2" contextFuncName="get_w" moduleName="get_w" rtlName="man_V_2_fu_777_p3" latency="0" BRAM="-1" DSP="-1" FF="0" LUT="54" fileDirectory="C:\Users\Ryan\Documents\University\Project\HLS\geometric_values_fxp_linear"&gt;&lt;\/item&gt;
<item  id="148" filename="geometric_values.cpp" linenumber="49" name="icmp_ln571" contextFuncName="get_w" moduleName="get_w" rtlName="icmp_ln571_fu_785_p2" latency="0" BRAM="-1" DSP="-1" FF="0" LUT="29" fileDirectory="C:\Users\Ryan\Documents\University\Project\HLS\geometric_values_fxp_linear"&gt;&lt;\/item&gt;
<item  id="149" filename="geometric_values.cpp" linenumber="49" name="F2" contextFuncName="get_w" moduleName="get_w" rtlName="F2_fu_791_p2" latency="0" BRAM="-1" DSP="-1" FF="0" LUT="12" fileDirectory="C:\Users\Ryan\Documents\University\Project\HLS\geometric_values_fxp_linear"&gt;&lt;\/item&gt;
<item  id="150" filename="geometric_values.cpp" linenumber="49" name="icmp_ln581" contextFuncName="get_w" moduleName="get_w" rtlName="icmp_ln581_fu_797_p2" latency="0" BRAM="-1" DSP="-1" FF="0" LUT="13" fileDirectory="C:\Users\Ryan\Documents\University\Project\HLS\geometric_values_fxp_linear"&gt;&lt;\/item&gt;
<item  id="151" filename="geometric_values.cpp" linenumber="49" name="add_ln581" contextFuncName="get_w" moduleName="get_w" rtlName="add_ln581_fu_803_p2" latency="0" BRAM="-1" DSP="-1" FF="0" LUT="12" fileDirectory="C:\Users\Ryan\Documents\University\Project\HLS\geometric_values_fxp_linear"&gt;&lt;\/item&gt;
<item  id="152" filename="geometric_values.cpp" linenumber="49" name="sub_ln581" contextFuncName="get_w" moduleName="get_w" rtlName="sub_ln581_fu_809_p2" latency="0" BRAM="-1" DSP="-1" FF="0" LUT="12" fileDirectory="C:\Users\Ryan\Documents\University\Project\HLS\geometric_values_fxp_linear"&gt;&lt;\/item&gt;
<item  id="153" filename="geometric_values.cpp" linenumber="49" name="sh_amt" contextFuncName="get_w" moduleName="get_w" rtlName="sh_amt_fu_815_p3" latency="0" BRAM="-1" DSP="-1" FF="0" LUT="12" fileDirectory="C:\Users\Ryan\Documents\University\Project\HLS\geometric_values_fxp_linear"&gt;&lt;\/item&gt;
<item  id="154" filename="geometric_values.cpp" linenumber="49" name="sext_ln581" contextFuncName="get_w" moduleName="get_w" rtlName="sext_ln581_fu_843_p1" latency="0" BRAM="-1" DSP="-1" FF="-1" LUT="-1" fileDirectory="C:\Users\Ryan\Documents\University\Project\HLS\geometric_values_fxp_linear"&gt;&lt;\/item&gt;
<item  id="155" filename="geometric_values.cpp" linenumber="49" name="icmp_ln582" contextFuncName="get_w" moduleName="get_w" rtlName="icmp_ln582_fu_823_p2" latency="0" BRAM="-1" DSP="-1" FF="0" LUT="13" fileDirectory="C:\Users\Ryan\Documents\University\Project\HLS\geometric_values_fxp_linear"&gt;&lt;\/item&gt;
<item  id="156" filename="geometric_values.cpp" linenumber="49" name="trunc_ln583" contextFuncName="get_w" moduleName="get_w" rtlName="trunc_ln583_fu_829_p1" latency="0" BRAM="-1" DSP="-1" FF="-1" LUT="-1" fileDirectory="C:\Users\Ryan\Documents\University\Project\HLS\geometric_values_fxp_linear"&gt;&lt;\/item&gt;
<item  id="157" filename="geometric_values.cpp" linenumber="49" name="icmp_ln585" contextFuncName="get_w" moduleName="get_w" rtlName="icmp_ln585_fu_846_p2" latency="0" BRAM="-1" DSP="-1" FF="0" LUT="13" fileDirectory="C:\Users\Ryan\Documents\University\Project\HLS\geometric_values_fxp_linear"&gt;&lt;\/item&gt;
<item  id="158" filename="geometric_values.cpp" linenumber="49" name="tmp_9" contextFuncName="get_w" moduleName="get_w" rtlName="tmp_9_reg_1204" latency="0" BRAM="-1" DSP="-1" FF="-1" LUT="-1" fileDirectory="C:\Users\Ryan\Documents\University\Project\HLS\geometric_values_fxp_linear"&gt;&lt;\/item&gt;
<item  id="159" filename="geometric_values.cpp" linenumber="49" name="icmp_ln603" contextFuncName="get_w" moduleName="get_w" rtlName="icmp_ln603_fu_851_p2" latency="0" BRAM="-1" DSP="-1" FF="0" LUT="11" fileDirectory="C:\Users\Ryan\Documents\University\Project\HLS\geometric_values_fxp_linear"&gt;&lt;\/item&gt;
<item  id="160" filename="geometric_values.cpp" linenumber="49" name="zext_ln586" contextFuncName="get_w" moduleName="get_w" rtlName="zext_ln586_fu_856_p1" latency="0" BRAM="-1" DSP="-1" FF="-1" LUT="-1" fileDirectory="C:\Users\Ryan\Documents\University\Project\HLS\geometric_values_fxp_linear"&gt;&lt;\/item&gt;
<item  id="161" filename="geometric_values.cpp" linenumber="49" name="ashr_ln586" contextFuncName="get_w" moduleName="get_w" rtlName="ashr_ln586_fu_860_p2" latency="0" BRAM="-1" DSP="-1" FF="0" LUT="162" fileDirectory="C:\Users\Ryan\Documents\University\Project\HLS\geometric_values_fxp_linear"&gt;&lt;\/item&gt;
<item  id="162" filename="geometric_values.cpp" linenumber="49" name="trunc_ln586" contextFuncName="get_w" moduleName="get_w" rtlName="trunc_ln586_fu_865_p1" latency="0" BRAM="-1" DSP="-1" FF="-1" LUT="-1" fileDirectory="C:\Users\Ryan\Documents\University\Project\HLS\geometric_values_fxp_linear"&gt;&lt;\/item&gt;
<item  id="163" filename="geometric_values.cpp" linenumber="49" name="bitcast_ln696" contextFuncName="get_w" moduleName="get_w" rtlName="bitcast_ln696_fu_869_p1" latency="0" BRAM="-1" DSP="-1" FF="-1" LUT="-1" fileDirectory="C:\Users\Ryan\Documents\University\Project\HLS\geometric_values_fxp_linear"&gt;&lt;\/item&gt;
<item  id="164" filename="geometric_values.cpp" linenumber="49" name="tmp_10" contextFuncName="get_w" moduleName="get_w" rtlName="tmp_10_fu_872_p3" latency="0" BRAM="-1" DSP="-1" FF="-1" LUT="-1" fileDirectory="C:\Users\Ryan\Documents\University\Project\HLS\geometric_values_fxp_linear"&gt;&lt;\/item&gt;
<item  id="165" filename="geometric_values.cpp" linenumber="49" name="select_ln588" contextFuncName="get_w" moduleName="get_w" rtlName="select_ln588_fu_880_p3" latency="0" BRAM="-1" DSP="-1" FF="0" LUT="2" fileDirectory="C:\Users\Ryan\Documents\University\Project\HLS\geometric_values_fxp_linear"&gt;&lt;\/item&gt;
<item  id="166" filename="geometric_values.cpp" linenumber="49" name="shl_ln604" contextFuncName="get_w" moduleName="get_w" rtlName="shl_ln604_fu_888_p2" latency="0" BRAM="-1" DSP="-1" FF="0" LUT="101" fileDirectory="C:\Users\Ryan\Documents\University\Project\HLS\geometric_values_fxp_linear"&gt;&lt;\/item&gt;
<item  id="167" filename="geometric_values.cpp" linenumber="49" name="xor_ln571" contextFuncName="get_w" moduleName="get_w" rtlName="xor_ln571_fu_893_p2" latency="0" BRAM="-1" DSP="-1" FF="0" LUT="2" fileDirectory="C:\Users\Ryan\Documents\University\Project\HLS\geometric_values_fxp_linear"&gt;&lt;\/item&gt;
<item  id="168" filename="geometric_values.cpp" linenumber="49" name="and_ln582" contextFuncName="get_w" moduleName="get_w" rtlName="and_ln582_fu_898_p2" latency="0" BRAM="-1" DSP="-1" FF="0" LUT="2" fileDirectory="C:\Users\Ryan\Documents\University\Project\HLS\geometric_values_fxp_linear"&gt;&lt;\/item&gt;
<item  id="169" filename="geometric_values.cpp" linenumber="49" name="or_ln582" contextFuncName="get_w" moduleName="get_w" rtlName="or_ln582_fu_903_p2" latency="0" BRAM="-1" DSP="-1" FF="0" LUT="2" fileDirectory="C:\Users\Ryan\Documents\University\Project\HLS\geometric_values_fxp_linear"&gt;&lt;\/item&gt;
<item  id="170" filename="geometric_values.cpp" linenumber="49" name="xor_ln582" contextFuncName="get_w" moduleName="get_w" rtlName="xor_ln582_fu_907_p2" latency="0" BRAM="-1" DSP="-1" FF="0" LUT="2" fileDirectory="C:\Users\Ryan\Documents\University\Project\HLS\geometric_values_fxp_linear"&gt;&lt;\/item&gt;
<item  id="171" filename="geometric_values.cpp" linenumber="49" name="and_ln581" contextFuncName="get_w" moduleName="get_w" rtlName="and_ln581_fu_913_p2" latency="0" BRAM="-1" DSP="-1" FF="0" LUT="2" fileDirectory="C:\Users\Ryan\Documents\University\Project\HLS\geometric_values_fxp_linear"&gt;&lt;\/item&gt;
<item  id="172" filename="geometric_values.cpp" linenumber="49" name="xor_ln585" contextFuncName="get_w" moduleName="get_w" rtlName="xor_ln585_fu_918_p2" latency="0" BRAM="-1" DSP="-1" FF="0" LUT="2" fileDirectory="C:\Users\Ryan\Documents\University\Project\HLS\geometric_values_fxp_linear"&gt;&lt;\/item&gt;
<item  id="173" filename="geometric_values.cpp" linenumber="49" name="and_ln585" contextFuncName="get_w" moduleName="get_w" rtlName="and_ln585_fu_924_p2" latency="0" BRAM="-1" DSP="-1" FF="0" LUT="2" fileDirectory="C:\Users\Ryan\Documents\University\Project\HLS\geometric_values_fxp_linear"&gt;&lt;\/item&gt;
<item  id="174" filename="geometric_values.cpp" linenumber="49" name="and_ln585_1" contextFuncName="get_w" moduleName="get_w" rtlName="and_ln585_1_fu_930_p2" latency="0" BRAM="-1" DSP="-1" FF="0" LUT="2" fileDirectory="C:\Users\Ryan\Documents\University\Project\HLS\geometric_values_fxp_linear"&gt;&lt;\/item&gt;
<item  id="175" filename="geometric_values.cpp" linenumber="49" name="or_ln581" contextFuncName="get_w" moduleName="get_w" rtlName="or_ln581_fu_936_p2" latency="0" BRAM="-1" DSP="-1" FF="0" LUT="2" fileDirectory="C:\Users\Ryan\Documents\University\Project\HLS\geometric_values_fxp_linear"&gt;&lt;\/item&gt;
<item  id="176" filename="geometric_values.cpp" linenumber="49" name="xor_ln581" contextFuncName="get_w" moduleName="get_w" rtlName="xor_ln581_fu_941_p2" latency="0" BRAM="-1" DSP="-1" FF="0" LUT="2" fileDirectory="C:\Users\Ryan\Documents\University\Project\HLS\geometric_values_fxp_linear"&gt;&lt;\/item&gt;
<item  id="177" filename="geometric_values.cpp" linenumber="49" name="and_ln603" contextFuncName="get_w" moduleName="get_w" rtlName="and_ln603_fu_947_p2" latency="0" BRAM="-1" DSP="-1" FF="0" LUT="2" fileDirectory="C:\Users\Ryan\Documents\University\Project\HLS\geometric_values_fxp_linear"&gt;&lt;\/item&gt;
<item  id="178" filename="geometric_values.cpp" linenumber="49" name="select_ln603" contextFuncName="get_w" moduleName="get_w" rtlName="select_ln603_fu_953_p3" latency="0" BRAM="-1" DSP="-1" FF="0" LUT="32" fileDirectory="C:\Users\Ryan\Documents\University\Project\HLS\geometric_values_fxp_linear"&gt;&lt;\/item&gt;
<item  id="179" filename="geometric_values.cpp" linenumber="49" name="or_ln603" contextFuncName="get_w" moduleName="get_w" rtlName="or_ln603_fu_961_p2" latency="0" BRAM="-1" DSP="-1" FF="0" LUT="2" fileDirectory="C:\Users\Ryan\Documents\University\Project\HLS\geometric_values_fxp_linear"&gt;&lt;\/item&gt;
<item  id="180" filename="geometric_values.cpp" linenumber="49" name="select_ln603_1" contextFuncName="get_w" moduleName="get_w" rtlName="select_ln603_1_fu_967_p3" latency="0" BRAM="-1" DSP="-1" FF="0" LUT="32" fileDirectory="C:\Users\Ryan\Documents\University\Project\HLS\geometric_values_fxp_linear"&gt;&lt;\/item&gt;
<item  id="181" filename="geometric_values.cpp" linenumber="49" name="or_ln603_1" contextFuncName="get_w" moduleName="get_w" rtlName="or_ln603_1_fu_974_p2" latency="0" BRAM="-1" DSP="-1" FF="0" LUT="2" fileDirectory="C:\Users\Ryan\Documents\University\Project\HLS\geometric_values_fxp_linear"&gt;&lt;\/item&gt;
<item  id="182" filename="geometric_values.cpp" linenumber="49" name="select_ln603_2" contextFuncName="get_w" moduleName="get_w" rtlName="select_ln603_2_fu_980_p3" latency="0" BRAM="-1" DSP="-1" FF="0" LUT="32" fileDirectory="C:\Users\Ryan\Documents\University\Project\HLS\geometric_values_fxp_linear"&gt;&lt;\/item&gt;
<item  id="183" filename="geometric_values.cpp" linenumber="49" name="or_ln603_2" contextFuncName="get_w" moduleName="get_w" rtlName="or_ln603_2_fu_988_p2" latency="0" BRAM="-1" DSP="-1" FF="0" LUT="2" fileDirectory="C:\Users\Ryan\Documents\University\Project\HLS\geometric_values_fxp_linear"&gt;&lt;\/item&gt;
<item  id="184" filename="geometric_values.cpp" linenumber="49" name="norm_w_V" contextFuncName="get_w" moduleName="get_w" rtlName="ap_return" latency="0" BRAM="-1" DSP="-1" FF="0" LUT="32" fileDirectory="C:\Users\Ryan\Documents\University\Project\HLS\geometric_values_fxp_linear"&gt;&lt;\/item&gt;
&lt;\/annotationInfo&gt;
<annotationInfo>
<item  id="18" filename="geometric_values.cpp" linenumber="69" name="norm_w_V" contextFuncName="get_geometric_values_linear" moduleName="get_geometric_values" rtlName="grp_get_w_fu_211" latency="1" BRAM="-1" DSP="-1" FF="-1" LUT="-1" fileDirectory="C:\Users\Ryan\Documents\University\Project\HLS\geometric_values_fxp_linear"&gt;&lt;\/item&gt;
<item  id="20" filename="geometric_values.cpp" linenumber="72" name="sdiv_ln1148" contextFuncName="get_geometric_values_linear" moduleName="get_geometric_values" rtlName="geometric_values_eOg_U12" latency="45" BRAM="-1" DSP="-1" FF="-1" LUT="-1" fileDirectory="C:\Users\Ryan\Documents\University\Project\HLS\geometric_values_fxp_linear"&gt;&lt;\/item&gt;
<item  id="21" filename="geometric_values.cpp" linenumber="72" name="norm_w_recip_V" contextFuncName="get_geometric_values_linear" moduleName="get_geometric_values" rtlName="norm_w_recip_V_fu_238_p1" latency="0" BRAM="-1" DSP="-1" FF="-1" LUT="-1" fileDirectory="C:\Users\Ryan\Documents\University\Project\HLS\geometric_values_fxp_linear"&gt;&lt;\/item&gt;
<item  id="24" filename="geometric_values.cpp" linenumber="114" name="sext_ln215" contextFuncName="get_geometric_values_linear" moduleName="get_geometric_values" rtlName="sext_ln215_fu_246_p1" latency="0" BRAM="-1" DSP="-1" FF="-1" LUT="-1" fileDirectory="C:\Users\Ryan\Documents\University\Project\HLS\geometric_values_fxp_linear"&gt;&lt;\/item&gt;
<item  id="25" filename="geometric_values.cpp" linenumber="114" name="zext_ln1354" contextFuncName="get_geometric_values_linear" moduleName="get_geometric_values" rtlName="zext_ln1354_fu_250_p1" latency="0" BRAM="-1" DSP="-1" FF="-1" LUT="-1" fileDirectory="C:\Users\Ryan\Documents\University\Project\HLS\geometric_values_fxp_linear"&gt;&lt;\/item&gt;
<item  id="26" filename="geometric_values.cpp" linenumber="114" name="ret_V" contextFuncName="get_geometric_values_linear" moduleName="get_geometric_values" rtlName="ret_V_fu_254_p2" latency="0" BRAM="-1" DSP="-1" FF="0" LUT="28" fileDirectory="C:\Users\Ryan\Documents\University\Project\HLS\geometric_values_fxp_linear"&gt;&lt;\/item&gt;
<item  id="30" filename="geometric_values.cpp" linenumber="82" name="icmp_ln887" contextFuncName="get_geometric_values_linear" moduleName="get_geometric_values" rtlName="icmp_ln887_fu_260_p2" latency="0" BRAM="-1" DSP="-1" FF="0" LUT="18" fileDirectory="C:\Users\Ryan\Documents\University\Project\HLS\geometric_values_fxp_linear"&gt;&lt;\/item&gt;
<item  id="32" filename="geometric_values.cpp" linenumber="82" name="n1_V" contextFuncName="get_geometric_values_linear" moduleName="get_geometric_values" rtlName="n1_V_fu_266_p2" latency="0" BRAM="-1" DSP="-1" FF="0" LUT="27" fileDirectory="C:\Users\Ryan\Documents\University\Project\HLS\geometric_values_fxp_linear"&gt;&lt;\/item&gt;
<item  id="37" filename="geometric_values.cpp" linenumber="83" name="icmp_ln887_2" contextFuncName="get_geometric_values_linear" moduleName="get_geometric_values" rtlName="icmp_ln887_2_fu_272_p2" latency="0" BRAM="-1" DSP="-1" FF="0" LUT="18" fileDirectory="C:\Users\Ryan\Documents\University\Project\HLS\geometric_values_fxp_linear"&gt;&lt;\/item&gt;
<item  id="40" filename="geometric_values.cpp" linenumber="114" name="zext_ln879" contextFuncName="get_geometric_values_linear" moduleName="get_geometric_values" rtlName="zext_ln879_fu_277_p1" latency="0" BRAM="-1" DSP="-1" FF="-1" LUT="-1" fileDirectory="C:\Users\Ryan\Documents\University\Project\HLS\geometric_values_fxp_linear"&gt;&lt;\/item&gt;
<item  id="41" filename="geometric_values.cpp" linenumber="114" name="tmp_last" contextFuncName="get_geometric_values_linear" moduleName="get_geometric_values" rtlName="tmp_last_fu_281_p2" latency="0" BRAM="-1" DSP="-1" FF="0" LUT="18" fileDirectory="C:\Users\Ryan\Documents\University\Project\HLS\geometric_values_fxp_linear"&gt;&lt;\/item&gt;
<item  id="46" filename="geometric_values.cpp" linenumber="88" name="icmp_ln88" contextFuncName="get_geometric_values_linear" moduleName="get_geometric_values" rtlName="icmp_ln88_fu_286_p2" latency="0" BRAM="-1" DSP="-1" FF="0" LUT="13" fileDirectory="C:\Users\Ryan\Documents\University\Project\HLS\geometric_values_fxp_linear"&gt;&lt;\/item&gt;
<item  id="48" filename="geometric_values.cpp" linenumber="88" name="n2_V" contextFuncName="get_geometric_values_linear" moduleName="get_geometric_values" rtlName="n2_V_fu_292_p2" latency="0" BRAM="-1" DSP="-1" FF="0" LUT="15" fileDirectory="C:\Users\Ryan\Documents\University\Project\HLS\geometric_values_fxp_linear"&gt;&lt;\/item&gt;
<item  id="54" filename="geometric_values.cpp" linenumber="90" name="icmp_ln887_3" contextFuncName="get_geometric_values_linear" moduleName="get_geometric_values" rtlName="icmp_ln887_3_fu_298_p2" latency="0" BRAM="-1" DSP="-1" FF="0" LUT="13" fileDirectory="C:\Users\Ryan\Documents\University\Project\HLS\geometric_values_fxp_linear"&gt;&lt;\/item&gt;
<item  id="57" filename="geometric_values.cpp" linenumber="96" name="zext_ln544" contextFuncName="get_geometric_values_linear" moduleName="get_geometric_values" rtlName="zext_ln544_fu_303_p1" latency="0" BRAM="-1" DSP="-1" FF="-1" LUT="-1" fileDirectory="C:\Users\Ryan\Documents\University\Project\HLS\geometric_values_fxp_linear"&gt;&lt;\/item&gt;
<item  id="64" filename="geometric_values.cpp" linenumber="96" name="mul_ln1192" contextFuncName="get_geometric_values_linear" moduleName="get_geometric_values" rtlName="mul_ln1192_fu_323_p2" latency="0" BRAM="-1" DSP="2" FF="0" LUT="20" fileDirectory="C:\Users\Ryan\Documents\University\Project\HLS\geometric_values_fxp_linear"&gt;&lt;\/item&gt;
<item  id="65" filename="geometric_values.cpp" linenumber="96" name="lhs_V" contextFuncName="get_geometric_values_linear" moduleName="get_geometric_values" rtlName="lhs_V_fu_329_p3" latency="0" BRAM="-1" DSP="-1" FF="-1" LUT="-1" fileDirectory="C:\Users\Ryan\Documents\University\Project\HLS\geometric_values_fxp_linear"&gt;&lt;\/item&gt;
<item  id="66" filename="geometric_values.cpp" linenumber="96" name="ret_V_3" contextFuncName="get_geometric_values_linear" moduleName="get_geometric_values" rtlName="ret_V_3_fu_337_p2" latency="0" BRAM="-1" DSP="-1" FF="0" LUT="54" fileDirectory="C:\Users\Ryan\Documents\University\Project\HLS\geometric_values_fxp_linear"&gt;&lt;\/item&gt;
<item  id="67" filename="geometric_values.cpp" linenumber="96" name="f_value_V" contextFuncName="get_geometric_values_linear" moduleName="get_geometric_values" rtlName="p_0277_1_reg_199" latency="0" BRAM="-1" DSP="-1" FF="-1" LUT="-1" fileDirectory="C:\Users\Ryan\Documents\University\Project\HLS\geometric_values_fxp_linear"&gt;&lt;\/item&gt;
<item  id="72" filename="geometric_values.cpp" linenumber="88" name="icmp_ln88_1" contextFuncName="get_geometric_values_linear" moduleName="get_geometric_values" rtlName="icmp_ln88_1_fu_312_p2" latency="0" BRAM="-1" DSP="-1" FF="0" LUT="13" fileDirectory="C:\Users\Ryan\Documents\University\Project\HLS\geometric_values_fxp_linear"&gt;&lt;\/item&gt;
<item  id="75" filename="geometric_values.cpp" linenumber="104" name="temp_var_V" contextFuncName="get_geometric_values_linear" moduleName="get_geometric_values" rtlName="temp_var_V_fu_353_p2" latency="0" BRAM="-1" DSP="-1" FF="0" LUT="39" fileDirectory="C:\Users\Ryan\Documents\University\Project\HLS\geometric_values_fxp_linear"&gt;&lt;\/item&gt;
<item  id="77" filename="geometric_values.cpp" linenumber="105" name="r_V" contextFuncName="get_geometric_values_linear" moduleName="get_geometric_values" rtlName="r_V_fu_361_p2" latency="0" BRAM="-1" DSP="4" FF="0" LUT="20" fileDirectory="C:\Users\Ryan\Documents\University\Project\HLS\geometric_values_fxp_linear"&gt;&lt;\/item&gt;
<item  id="78" filename="geometric_values.cpp" linenumber="105" name="geometric_value_data" contextFuncName="get_geometric_values_linear" moduleName="get_geometric_values" rtlName="geometric_values_TDATA" latency="0" BRAM="-1" DSP="-1" FF="-1" LUT="-1" fileDirectory="C:\Users\Ryan\Documents\University\Project\HLS\geometric_values_fxp_linear"&gt;&lt;\/item&gt;
&lt;\/annotationInfo&gt;
<annotationInfo>
<item  id="26" filename="geometric_values.cpp" linenumber="156" name="no_svs_V" contextFuncName="geometric_values_top" moduleName="geometric_values_top" rtlName="no_svs_V_fu_77_p1" latency="0" BRAM="-1" DSP="-1" FF="-1" LUT="-1" fileDirectory="C:\Users\Ryan\Documents\University\Project\HLS\geometric_values_fxp_linear"><\/item>
<item  id="29" filename="geometric_values.cpp" linenumber="157" name="no_variables_V" contextFuncName="geometric_values_top" moduleName="geometric_values_top" rtlName="no_variables_V_fu_81_p1" latency="0" BRAM="-1" DSP="-1" FF="-1" LUT="-1" fileDirectory="C:\Users\Ryan\Documents\University\Project\HLS\geometric_values_fxp_linear"><\/item>
<item  id="32" filename="geometric_values.cpp" linenumber="158" name="no_test_vectors_V" contextFuncName="geometric_values_top" moduleName="geometric_values_top" rtlName="no_test_vectors_V_fu_85_p1" latency="0" BRAM="-1" DSP="-1" FF="-1" LUT="-1" fileDirectory="C:\Users\Ryan\Documents\University\Project\HLS\geometric_values_fxp_linear"><\/item>
<item  id="33" filename="geometric_values.cpp" linenumber="161" name="_ln161" contextFuncName="geometric_values_top" moduleName="geometric_values_top" rtlName="grp_get_geometric_values_fu_54" latency="1" BRAM="-1" DSP="-1" FF="-1" LUT="-1" fileDirectory="C:\Users\Ryan\Documents\University\Project\HLS\geometric_values_fxp_linear"><\/item>
<\/annotationInfo>
</annotationInfo>
