<profile>

<section name = "Vivado HLS Report for 'get_w'" level="0">
<item name = "Date">Sat Feb  1 18:15:45 2020
</item>
<item name = "Version">2019.1 (Build 2552052 on Fri May 24 15:28:33 MDT 2019)</item>
<item name = "Project">geometric_values_fxp_linear</item>
<item name = "Solution">solution15</item>
<item name = "Product family">zynq</item>
<item name = "Target device">xc7z020-clg400-1</item>
</section>

<section name = "Performance Estimates" level="0">
<item name = "Timing (ns)">
<section name = "" level="1">
<item name = "Summary"><table name="" hasTotal="0">
<keys size="4">Clock, Target, Estimated, Uncertainty</keys>
<column name="ap_clk">10.00, 8.670, 1.25</column>
</table>
</item>
</section>
</item>
<item name = "Latency (clock cycles)">
<section name = "" level="1">
<item name = "Summary"><table name="" hasTotal="0">
<keys size="6">, min, max, min, max, Type</keys>
<column name="">?, ?, ?, ?, none</column>
</table>
</item>
<item name = "Detail">
<section name = "" level="1">
<item name = "Instance"><table name="" hasTotal="0">
<keys size="7">Instance, Module, min, max, min, max, Type</keys>
</table>
</item>
<item name = "Loop"><table name="" hasTotal="0">
<keys size="8">Loop Name, min, max, Latency, achieved, target, Count, Pipelined</keys>
<column name="- Loop 1">256, 256, 1, -, -, 256, no</column>
<column name="- Loop 2">?, ?, 260, -, -, ?, no</column>
<column name=" + Loop 2.1">257, 257, 3, 1, 1, 256, yes</column>
<column name="- Loop 3">258, 258, 4, 1, 1, 256, yes</column>
</table>
</item>
</section>
</item>
</section>
</item>
</section>

<section name = "Utilization Estimates" level="0">
<item name = "Summary"><table name="" hasTotal="1">
<keys size="6">Name, BRAM_18K, DSP48E, FF, LUT, URAM</keys>
<column name="DSP">-, -, -, -, -</column>
<column name="Expression">-, 6, 40, 1889, -</column>
<column name="FIFO">-, -, -, -, -</column>
<column name="Instance">-, 0, 505, 753, -</column>
<column name="Memory">-, -, -, -, -</column>
<column name="Multiplexer">-, -, -, 250, -</column>
<column name="Register">0, -, 833, 64, -</column>
<specialColumn name="Available">280, 220, 106400, 53200, 0</specialColumn>
<specialColumn name="Utilization (%)">0, 2, 1, 5, 0</specialColumn>
</table>
</item>
<item name = "Detail">
<section name = "" level="1">
<item name = "Instance"><table name="" hasTotal="1">
<keys size="7">Instance, Module, BRAM_18K, DSP48E, FF, LUT, URAM</keys>
<column name="geometric_values_bkb_U1">geometric_values_bkb, 0, 0, 100, 138, 0</column>
<column name="geometric_values_cud_U2">geometric_values_cud, 0, 0, 405, 615, 0</column>
</table>
</item>
<item name = "DSP48E"><table name="" hasTotal="0">
<keys size="3">Instance, Module, Expression</keys>
</table>
</item>
<item name = "Memory"><table name="" hasTotal="1">
<keys size="10">Memory, Module, BRAM_18K, FF, LUT, URAM, Words, Bits, Banks, W*Bits*Banks</keys>
</table>
</item>
<item name = "FIFO"><table name="" hasTotal="1">
<keys size="8">Name, BRAM_18K, FF, LUT, URAM, Depth, Bits, Size:D*B</keys>
</table>
</item>
<item name = "Expression"><table name="" hasTotal="1">
<keys size="7">Variable Name, Operation, DSP48E, FF, LUT, Bitwidth P0, Bitwidth P1</keys>
<column name="mul_ln1192_fu_366_p2">*, 2, 0, 20, 16, 32</column>
<column name="r_V_2_fu_419_p2">*, 4, 0, 20, 32, 32</column>
<column name="add_ln581_fu_803_p2">+, 0, 0, 12, 6, 12</column>
<column name="add_ln958_fu_624_p2">+, 0, 0, 39, 6, 32</column>
<column name="add_ln964_fu_689_p2">+, 0, 0, 8, 8, 8</column>
<column name="lsb_index_fu_512_p2">+, 0, 0, 39, 6, 32</column>
<column name="m_3_fu_651_p2">+, 0, 0, 39, 32, 32</column>
<column name="n1_V_1_fu_322_p2">+, 0, 0, 27, 20, 1</column>
<column name="n1_V_fu_294_p2">+, 0, 0, 15, 9, 1</column>
<column name="n2_V_fu_342_p2">+, 0, 0, 15, 9, 1</column>
<column name="n3_V_fu_400_p2">+, 0, 0, 15, 9, 1</column>
<column name="ret_V_2_fu_440_p2">+, 0, 0, 72, 65, 65</column>
<column name="ret_V_fu_379_p2">+, 0, 0, 54, 47, 47</column>
<column name="F2_fu_791_p2">-, 0, 0, 12, 11, 12</column>
<column name="man_V_1_fu_771_p2">-, 0, 0, 61, 1, 54</column>
<column name="sub_ln581_fu_809_p2">-, 0, 0, 12, 5, 12</column>
<column name="sub_ln944_fu_507_p2">-, 0, 0, 39, 6, 32</column>
<column name="sub_ln947_fu_538_p2">-, 0, 0, 15, 4, 6</column>
<column name="sub_ln958_fu_634_p2">-, 0, 0, 39, 5, 32</column>
<column name="sub_ln964_fu_684_p2">-, 0, 0, 8, 4, 8</column>
<column name="tmp_V_fu_471_p2">-, 0, 0, 39, 1, 32</column>
<column name="a_fu_565_p2">and, 0, 0, 2, 1, 1</column>
<column name="and_ln581_fu_913_p2">and, 0, 0, 2, 1, 1</column>
<column name="and_ln582_fu_898_p2">and, 0, 0, 2, 1, 1</column>
<column name="and_ln585_1_fu_930_p2">and, 0, 0, 2, 1, 1</column>
<column name="and_ln585_fu_924_p2">and, 0, 0, 2, 1, 1</column>
<column name="and_ln603_fu_947_p2">and, 0, 0, 2, 1, 1</column>
<column name="and_ln949_fu_592_p2">and, 0, 0, 2, 1, 1</column>
<column name="ap_block_pp0_stage0_11001">and, 0, 0, 2, 1, 1</column>
<column name="ap_block_state3">and, 0, 0, 2, 1, 1</column>
<column name="ap_block_state4_pp0_stage0_iter0">and, 0, 0, 2, 1, 1</column>
<column name="ap_predicate_op68_read_state4">and, 0, 0, 2, 1, 1</column>
<column name="p_Result_s_fu_554_p2">and, 0, 0, 32, 32, 32</column>
<column name="ashr_ln586_fu_860_p2">ashr, 0, 0, 162, 54, 54</column>
<column name="l_fu_495_p3">cttz, 0, 40, 36, 32, 0</column>
<column name="empty_18_fu_305_p2">icmp, 0, 0, 18, 20, 17</column>
<column name="icmp_ln14_fu_288_p2">icmp, 0, 0, 13, 9, 10</column>
<column name="icmp_ln19_fu_317_p2">icmp, 0, 0, 18, 20, 20</column>
<column name="icmp_ln25_fu_336_p2">icmp, 0, 0, 13, 9, 10</column>
<column name="icmp_ln43_fu_394_p2">icmp, 0, 0, 13, 9, 10</column>
<column name="icmp_ln571_fu_785_p2">icmp, 0, 0, 29, 63, 1</column>
<column name="icmp_ln581_fu_797_p2">icmp, 0, 0, 13, 12, 5</column>
<column name="icmp_ln582_fu_823_p2">icmp, 0, 0, 13, 12, 5</column>
<column name="icmp_ln585_fu_846_p2">icmp, 0, 0, 13, 12, 6</column>
<column name="icmp_ln603_fu_851_p2">icmp, 0, 0, 11, 7, 1</column>
<column name="icmp_ln887_1_fu_348_p2">icmp, 0, 0, 13, 9, 9</column>
<column name="icmp_ln887_fu_406_p2">icmp, 0, 0, 13, 9, 9</column>
<column name="icmp_ln935_fu_618_p2">icmp, 0, 0, 18, 32, 1</column>
<column name="icmp_ln947_1_fu_559_p2">icmp, 0, 0, 18, 32, 1</column>
<column name="icmp_ln947_fu_528_p2">icmp, 0, 0, 18, 31, 1</column>
<column name="icmp_ln958_fu_612_p2">icmp, 0, 0, 18, 32, 1</column>
<column name="lshr_ln947_fu_548_p2">lshr, 0, 0, 101, 2, 32</column>
<column name="lshr_ln958_fu_629_p2">lshr, 0, 0, 101, 32, 32</column>
<column name="or_ln581_fu_936_p2">or, 0, 0, 2, 1, 1</column>
<column name="or_ln582_fu_903_p2">or, 0, 0, 2, 1, 1</column>
<column name="or_ln603_1_fu_974_p2">or, 0, 0, 2, 1, 1</column>
<column name="or_ln603_2_fu_988_p2">or, 0, 0, 2, 1, 1</column>
<column name="or_ln603_fu_961_p2">or, 0, 0, 2, 1, 1</column>
<column name="or_ln949_fu_598_p2">or, 0, 0, 2, 1, 1</column>
<column name="ap_return">select, 0, 0, 32, 1, 32</column>
<column name="m_2_fu_644_p3">select, 0, 0, 32, 1, 32</column>
<column name="man_V_2_fu_777_p3">select, 0, 0, 54, 1, 54</column>
<column name="select_ln588_fu_880_p3">select, 0, 0, 2, 1, 2</column>
<column name="select_ln603_1_fu_967_p3">select, 0, 0, 32, 1, 32</column>
<column name="select_ln603_2_fu_980_p3">select, 0, 0, 32, 1, 32</column>
<column name="select_ln603_fu_953_p3">select, 0, 0, 32, 1, 32</column>
<column name="select_ln887_fu_310_p3">select, 0, 0, 20, 1, 20</column>
<column name="select_ln935_fu_718_p3">select, 0, 0, 32, 1, 1</column>
<column name="select_ln964_fu_677_p3">select, 0, 0, 7, 1, 7</column>
<column name="sh_amt_fu_815_p3">select, 0, 0, 12, 1, 12</column>
<column name="square_norm_V_1_fu_456_p3">select, 0, 0, 32, 1, 32</column>
<column name="tmp_V_4_fu_477_p3">select, 0, 0, 32, 1, 32</column>
<column name="shl_ln604_fu_888_p2">shl, 0, 0, 101, 32, 32</column>
<column name="shl_ln958_fu_639_p2">shl, 0, 0, 101, 32, 32</column>
<column name="ap_enable_pp0">xor, 0, 0, 2, 1, 2</column>
<column name="ap_enable_pp1">xor, 0, 0, 2, 1, 2</column>
<column name="ap_enable_reg_pp0_iter1">xor, 0, 0, 2, 2, 1</column>
<column name="ap_enable_reg_pp1_iter1">xor, 0, 0, 2, 2, 1</column>
<column name="xor_ln571_fu_893_p2">xor, 0, 0, 2, 1, 2</column>
<column name="xor_ln581_fu_941_p2">xor, 0, 0, 2, 1, 2</column>
<column name="xor_ln582_fu_907_p2">xor, 0, 0, 2, 1, 2</column>
<column name="xor_ln585_fu_918_p2">xor, 0, 0, 2, 1, 2</column>
<column name="xor_ln949_fu_579_p2">xor, 0, 0, 2, 1, 2</column>
</table>
</item>
<item name = "Multiplexer"><table name="" hasTotal="1">
<keys size="5">Name, LUT, Input Size, Bits, Total Bits</keys>
<column name="ap_NS_fsm">121, 26, 1, 26</column>
<column name="ap_enable_reg_pp0_iter1">9, 2, 1, 2</column>
<column name="ap_enable_reg_pp0_iter2">9, 2, 1, 2</column>
<column name="ap_enable_reg_pp1_iter1">9, 2, 1, 2</column>
<column name="ap_enable_reg_pp1_iter3">9, 2, 1, 2</column>
<column name="data_matrices_TDATA_blk_n">9, 2, 1, 2</column>
<column name="sv_coeffs_TDATA_blk_n">9, 2, 1, 2</column>
<column name="t_V_1_reg_235">9, 2, 20, 40</column>
<column name="t_V_2_reg_246">9, 2, 9, 18</column>
<column name="t_V_4_reg_269">9, 2, 9, 18</column>
<column name="t_V_reg_224">9, 2, 9, 18</column>
<column name="tmp_V_3_reg_257">9, 2, 32, 64</column>
<column name="w_V_address0">15, 3, 8, 24</column>
<column name="w_V_address1">15, 3, 8, 24</column>
</table>
</item>
<item name = "Register"><table name="" hasTotal="1">
<keys size="5">Name, FF, LUT, Bits, Const Bits</keys>
<column name="ap_CS_fsm">25, 0, 25, 0</column>
<column name="ap_enable_reg_pp0_iter0">1, 0, 1, 0</column>
<column name="ap_enable_reg_pp0_iter1">1, 0, 1, 0</column>
<column name="ap_enable_reg_pp0_iter2">1, 0, 1, 0</column>
<column name="ap_enable_reg_pp1_iter0">1, 0, 1, 0</column>
<column name="ap_enable_reg_pp1_iter1">1, 0, 1, 0</column>
<column name="ap_enable_reg_pp1_iter2">1, 0, 1, 0</column>
<column name="ap_enable_reg_pp1_iter3">1, 0, 1, 0</column>
<column name="icmp_ln43_reg_1070">1, 0, 1, 0</column>
<column name="icmp_ln571_reg_1174">1, 0, 1, 0</column>
<column name="icmp_ln581_reg_1180">1, 0, 1, 0</column>
<column name="icmp_ln582_reg_1192">1, 0, 1, 0</column>
<column name="icmp_ln887_1_reg_1050">1, 0, 1, 0</column>
<column name="icmp_ln887_1_reg_1050_pp0_iter1_reg">1, 0, 1, 0</column>
<column name="icmp_ln887_reg_1079">1, 0, 1, 0</column>
<column name="icmp_ln935_reg_1143">1, 0, 1, 0</column>
<column name="icmp_ln958_reg_1138">1, 0, 1, 0</column>
<column name="l_reg_1117">32, 0, 32, 0</column>
<column name="m_reg_1148">31, 0, 31, 0</column>
<column name="man_V_2_reg_1169">54, 0, 54, 0</column>
<column name="mul_ln1192_reg_1054">47, 0, 47, 0</column>
<column name="n1_V_1_reg_1031">20, 0, 20, 0</column>
<column name="or_ln_reg_1133">1, 0, 32, 31</column>
<column name="p_Result_5_reg_1104">1, 0, 1, 0</column>
<column name="r_V_2_reg_1094">64, 0, 64, 0</column>
<column name="select_ln887_reg_1022">20, 0, 20, 0</column>
<column name="select_ln935_reg_1158">32, 0, 32, 0</column>
<column name="sext_ln1192_reg_1036">47, 0, 47, 0</column>
<column name="sh_amt_reg_1186">12, 0, 12, 0</column>
<column name="sub_ln944_reg_1127">32, 0, 32, 0</column>
<column name="t_V_1_reg_235">20, 0, 20, 0</column>
<column name="t_V_2_reg_246">9, 0, 9, 0</column>
<column name="t_V_4_reg_269">9, 0, 9, 0</column>
<column name="t_V_reg_224">9, 0, 9, 0</column>
<column name="tmp_7_reg_1153">1, 0, 1, 0</column>
<column name="tmp_9_reg_1204">7, 0, 7, 0</column>
<column name="tmp_V_3_reg_257">32, 0, 32, 0</column>
<column name="tmp_V_4_reg_1109">32, 0, 32, 0</column>
<column name="trunc_ln583_reg_1198">32, 0, 32, 0</column>
<column name="trunc_ln6_reg_1065">32, 0, 32, 0</column>
<column name="trunc_ln943_reg_1122">8, 0, 8, 0</column>
<column name="v_assign_reg_1163">32, 0, 32, 0</column>
<column name="w_V_addr_2_reg_1059">8, 0, 8, 0</column>
<column name="w_V_addr_2_reg_1059_pp0_iter1_reg">8, 0, 8, 0</column>
<column name="w_V_load_reg_1089">32, 0, 32, 0</column>
<column name="icmp_ln43_reg_1070">64, 32, 1, 0</column>
<column name="icmp_ln887_reg_1079">64, 32, 1, 0</column>
</table>
</item>
</section>
</item>
</section>

<section name = "Interface" level="0">
<item name = "Summary"><table name="" hasTotal="0">
<keys size="6">RTL Ports, Dir, Bits, Protocol, Source Object, C Type</keys>
<column name="ap_clk">in, 1, ap_ctrl_hs, get_w, return value</column>
<column name="ap_rst">in, 1, ap_ctrl_hs, get_w, return value</column>
<column name="ap_start">in, 1, ap_ctrl_hs, get_w, return value</column>
<column name="ap_done">out, 1, ap_ctrl_hs, get_w, return value</column>
<column name="ap_idle">out, 1, ap_ctrl_hs, get_w, return value</column>
<column name="ap_ready">out, 1, ap_ctrl_hs, get_w, return value</column>
<column name="ap_return">out, 32, ap_ctrl_hs, get_w, return value</column>
<column name="data_matrices_TDATA">in, 16, axis, data_matrices_V_data_V, pointer</column>
<column name="data_matrices_TVALID">in, 1, axis, data_matrices_V_data_V, pointer</column>
<column name="data_matrices_TREADY">out, 1, axis, data_matrices_V_last, pointer</column>
<column name="data_matrices_TLAST">in, 1, axis, data_matrices_V_last, pointer</column>
<column name="sv_coeffs_TDATA">in, 32, axis, sv_coeffs_V_data_V, pointer</column>
<column name="sv_coeffs_TVALID">in, 1, axis, sv_coeffs_V_data_V, pointer</column>
<column name="sv_coeffs_TREADY">out, 1, axis, sv_coeffs_V_last, pointer</column>
<column name="sv_coeffs_TLAST">in, 1, axis, sv_coeffs_V_last, pointer</column>
<column name="no_svs_V_read">in, 20, ap_none, no_svs_V_read, scalar</column>
<column name="no_variables_V_read">in, 9, ap_none, no_variables_V_read, scalar</column>
<column name="w_V_address0">out, 8, ap_memory, w_V, array</column>
<column name="w_V_ce0">out, 1, ap_memory, w_V, array</column>
<column name="w_V_we0">out, 1, ap_memory, w_V, array</column>
<column name="w_V_d0">out, 32, ap_memory, w_V, array</column>
<column name="w_V_q0">in, 32, ap_memory, w_V, array</column>
<column name="w_V_address1">out, 8, ap_memory, w_V, array</column>
<column name="w_V_ce1">out, 1, ap_memory, w_V, array</column>
<column name="w_V_we1">out, 1, ap_memory, w_V, array</column>
<column name="w_V_d1">out, 32, ap_memory, w_V, array</column>
<column name="w_V_q1">in, 32, ap_memory, w_V, array</column>
</table>
</item>
</section>
</profile>
