<stg><name>get_w</name>


<trans_list>

<trans id="209" from="1" to="2">
<condition id="-1">
<or_exp><and_exp></and_exp></or_exp>
</condition>
</trans>

<trans id="210" from="2" to="2">
<condition id="-1">
<or_exp><and_exp><literal name="icmp_ln14" val="0"/>
</and_exp></or_exp>
</condition>
</trans>

<trans id="211" from="2" to="3">
<condition id="-1">
<or_exp><and_exp><literal name="icmp_ln14" val="1"/>
</and_exp></or_exp>
</condition>
</trans>

<trans id="212" from="3" to="4">
<condition id="-1">
<or_exp><and_exp><literal name="icmp_ln19" val="0"/>
</and_exp></or_exp>
</condition>
</trans>

<trans id="220" from="3" to="8">
<condition id="-1">
<or_exp><and_exp><literal name="icmp_ln19" val="1"/>
</and_exp></or_exp>
</condition>
</trans>

<trans id="248" from="4" to="7">
<condition id="-1">
<or_exp><and_exp><literal name="icmp_ln25" val="1"/>
</and_exp></or_exp>
</condition>
</trans>

<trans id="249" from="4" to="5">
<condition id="-1">
<or_exp><and_exp><literal name="icmp_ln25" val="0"/>
</and_exp></or_exp>
</condition>
</trans>

<trans id="246" from="5" to="6">
<condition id="-1">
<or_exp><and_exp></and_exp></or_exp>
</condition>
</trans>

<trans id="247" from="6" to="4">
<condition id="-1">
<or_exp><and_exp></and_exp></or_exp>
</condition>
</trans>

<trans id="219" from="7" to="3">
<condition id="-1">
<or_exp><and_exp></and_exp></or_exp>
</condition>
</trans>

<trans id="254" from="8" to="12">
<condition id="-1">
<or_exp><and_exp><literal name="icmp_ln43" val="1"/>
</and_exp></or_exp>
</condition>
</trans>

<trans id="255" from="8" to="9">
<condition id="-1">
<or_exp><and_exp><literal name="icmp_ln43" val="0"/>
</and_exp></or_exp>
</condition>
</trans>

<trans id="251" from="9" to="10">
<condition id="-1">
<or_exp><and_exp></and_exp></or_exp>
</condition>
</trans>

<trans id="252" from="10" to="11">
<condition id="-1">
<or_exp><and_exp></and_exp></or_exp>
</condition>
</trans>

<trans id="253" from="11" to="8">
<condition id="-1">
<or_exp><and_exp></and_exp></or_exp>
</condition>
</trans>

<trans id="227" from="12" to="13">
<condition id="-1">
<or_exp><and_exp></and_exp></or_exp>
</condition>
</trans>

<trans id="228" from="13" to="14">
<condition id="-1">
<or_exp><and_exp></and_exp></or_exp>
</condition>
</trans>

<trans id="229" from="14" to="15">
<condition id="-1">
<or_exp><and_exp></and_exp></or_exp>
</condition>
</trans>

<trans id="230" from="15" to="16">
<condition id="-1">
<or_exp><and_exp></and_exp></or_exp>
</condition>
</trans>

<trans id="231" from="16" to="17">
<condition id="-1">
<or_exp><and_exp></and_exp></or_exp>
</condition>
</trans>

<trans id="232" from="17" to="18">
<condition id="-1">
<or_exp><and_exp></and_exp></or_exp>
</condition>
</trans>

<trans id="233" from="18" to="19">
<condition id="-1">
<or_exp><and_exp></and_exp></or_exp>
</condition>
</trans>

<trans id="234" from="19" to="20">
<condition id="-1">
<or_exp><and_exp></and_exp></or_exp>
</condition>
</trans>

<trans id="235" from="20" to="21">
<condition id="-1">
<or_exp><and_exp></and_exp></or_exp>
</condition>
</trans>

<trans id="236" from="21" to="22">
<condition id="-1">
<or_exp><and_exp></and_exp></or_exp>
</condition>
</trans>

<trans id="237" from="22" to="23">
<condition id="-1">
<or_exp><and_exp></and_exp></or_exp>
</condition>
</trans>

<trans id="238" from="23" to="24">
<condition id="-1">
<or_exp><and_exp></and_exp></or_exp>
</condition>
</trans>

<trans id="239" from="24" to="25">
<condition id="-1">
<or_exp><and_exp></and_exp></or_exp>
</condition>
</trans>

<trans id="240" from="25" to="26">
<condition id="-1">
<or_exp><and_exp></and_exp></or_exp>
</condition>
</trans>

<trans id="241" from="26" to="27">
<condition id="-1">
<or_exp><and_exp></and_exp></or_exp>
</condition>
</trans>

<trans id="242" from="27" to="28">
<condition id="-1">
<or_exp><and_exp></and_exp></or_exp>
</condition>
</trans>

<trans id="243" from="28" to="29">
<condition id="-1">
<or_exp><and_exp></and_exp></or_exp>
</condition>
</trans>

<trans id="244" from="29" to="30">
<condition id="-1">
<or_exp><and_exp></and_exp></or_exp>
</condition>
</trans>
</trans_list>



<state_list>

<state id="1" st_id="1">

<operation id="31" st_id="1" stage="1" lat="1">
<core>NULL</core>
<MemPortIdVec></MemPortIdVec>
<condition id="-1">
<or_exp><and_exp></and_exp></or_exp>
</condition>

<Node id="8" bw="0" op_0_bw="0" op_1_bw="0" op_2_bw="0">
<![CDATA[
_ZN8ap_fixedILi32ELi12EL9ap_q_mode5EL9ap_o_mode3ELi0EEC1Ei.exit:0  call void (...)* @_ssdm_op_SpecClockDomain([8 x i8]* @default, [1 x i8]* @empty)

]]></Node>
<StgValue><ssdm name="specclockdomain_ln0"/></StgValue>
</operation>

<operation id="32" st_id="1" stage="1" lat="1">
<core>NULL</core>
<MemPortIdVec></MemPortIdVec>
<condition id="-1">
<or_exp><and_exp></and_exp></or_exp>
</condition>

<Node id="9" bw="0" op_0_bw="0" op_1_bw="16" op_2_bw="1" op_3_bw="0" op_4_bw="32" op_5_bw="32" op_6_bw="0" op_7_bw="32" op_8_bw="32" op_9_bw="0" op_10_bw="0" op_11_bw="0" op_12_bw="32" op_13_bw="32" op_14_bw="32" op_15_bw="32" op_16_bw="0" op_17_bw="0">
<![CDATA[
_ZN8ap_fixedILi32ELi12EL9ap_q_mode5EL9ap_o_mode3ELi0EEC1Ei.exit:1  call void (...)* @_ssdm_op_SpecInterface(i16* %data_matrices_V_data_V, i1* %data_matrices_V_last, [5 x i8]* @p_str5, i32 0, i32 0, [5 x i8]* @p_str6, i32 0, i32 0, [1 x i8]* @p_str1, [1 x i8]* @p_str1, [1 x i8]* @p_str1, i32 0, i32 0, i32 0, i32 0, [1 x i8]* @p_str1, [1 x i8]* @p_str1) nounwind

]]></Node>
<StgValue><ssdm name="specinterface_ln0"/></StgValue>
</operation>

<operation id="33" st_id="1" stage="1" lat="1">
<core>NULL</core>
<MemPortIdVec></MemPortIdVec>
<condition id="-1">
<or_exp><and_exp></and_exp></or_exp>
</condition>

<Node id="10" bw="0" op_0_bw="0" op_1_bw="32" op_2_bw="1" op_3_bw="0" op_4_bw="32" op_5_bw="32" op_6_bw="0" op_7_bw="32" op_8_bw="32" op_9_bw="0" op_10_bw="0" op_11_bw="0" op_12_bw="32" op_13_bw="32" op_14_bw="32" op_15_bw="32" op_16_bw="0" op_17_bw="0">
<![CDATA[
_ZN8ap_fixedILi32ELi12EL9ap_q_mode5EL9ap_o_mode3ELi0EEC1Ei.exit:2  call void (...)* @_ssdm_op_SpecInterface(i32* %sv_coeffs_V_data_V, i1* %sv_coeffs_V_last, [5 x i8]* @p_str5, i32 0, i32 0, [5 x i8]* @p_str6, i32 0, i32 0, [1 x i8]* @p_str1, [1 x i8]* @p_str1, [1 x i8]* @p_str1, i32 0, i32 0, i32 0, i32 0, [1 x i8]* @p_str1, [1 x i8]* @p_str1) nounwind

]]></Node>
<StgValue><ssdm name="specinterface_ln0"/></StgValue>
</operation>

<operation id="34" st_id="1" stage="1" lat="1">
<core>NULL</core>
<MemPortIdVec></MemPortIdVec>
<condition id="-1">
<or_exp><and_exp></and_exp></or_exp>
</condition>

<Node id="11" bw="9" op_0_bw="9" op_1_bw="9">
<![CDATA[
_ZN8ap_fixedILi32ELi12EL9ap_q_mode5EL9ap_o_mode3ELi0EEC1Ei.exit:3  %no_variables_V_read_1 = call i9 @_ssdm_op_Read.ap_auto.i9(i9 %no_variables_V_read)

]]></Node>
<StgValue><ssdm name="no_variables_V_read_1"/></StgValue>
</operation>

<operation id="35" st_id="1" stage="1" lat="1">
<core>NULL</core>
<MemPortIdVec></MemPortIdVec>
<condition id="-1">
<or_exp><and_exp></and_exp></or_exp>
</condition>

<Node id="12" bw="20" op_0_bw="20" op_1_bw="20">
<![CDATA[
_ZN8ap_fixedILi32ELi12EL9ap_q_mode5EL9ap_o_mode3ELi0EEC1Ei.exit:4  %no_svs_V_read_1 = call i20 @_ssdm_op_Read.ap_auto.i20(i20 %no_svs_V_read)

]]></Node>
<StgValue><ssdm name="no_svs_V_read_1"/></StgValue>
</operation>

<operation id="36" st_id="1" stage="1" lat="1">
<core>NULL</core>
<MemPortIdVec></MemPortIdVec>
<condition id="-1">
<or_exp><and_exp></and_exp></or_exp>
</condition>

<Node id="13" bw="0" op_0_bw="0">
<![CDATA[
_ZN8ap_fixedILi32ELi12EL9ap_q_mode5EL9ap_o_mode3ELi0EEC1Ei.exit:5  br label %0

]]></Node>
<StgValue><ssdm name="br_ln14"/></StgValue>
</operation>
</state>

<state id="2" st_id="2">

<operation id="37" st_id="2" stage="1" lat="1">
<core>NULL</core>
<MemPortIdVec></MemPortIdVec>
<condition id="-1">
<or_exp><and_exp></and_exp></or_exp>
</condition>

<Node id="15" bw="9" op_0_bw="9" op_1_bw="0" op_2_bw="9" op_3_bw="0">
<![CDATA[
:0  %t_V = phi i9 [ 0, %_ZN8ap_fixedILi32ELi12EL9ap_q_mode5EL9ap_o_mode3ELi0EEC1Ei.exit ], [ %n1_V, %_ZN8ap_fixedILi32ELi12EL9ap_q_mode5EL9ap_o_mode3ELi0EEC1Ei.exit74 ]

]]></Node>
<StgValue><ssdm name="t_V"/></StgValue>
</operation>

<operation id="38" st_id="2" stage="1" lat="1">
<core>Cmp</core>
<MemPortIdVec></MemPortIdVec>
<condition id="-1">
<or_exp><and_exp></and_exp></or_exp>
</condition>

<Node id="16" bw="1" op_0_bw="9" op_1_bw="9">
<![CDATA[
:1  %icmp_ln14 = icmp eq i9 %t_V, -256

]]></Node>
<StgValue><ssdm name="icmp_ln14"/></StgValue>
</operation>

<operation id="39" st_id="2" stage="1" lat="1">
<core>NULL</core>
<MemPortIdVec></MemPortIdVec>
<condition id="-1">
<or_exp><and_exp></and_exp></or_exp>
</condition>

<Node id="17" bw="32" op_0_bw="32" op_1_bw="64" op_2_bw="64" op_3_bw="64">
<![CDATA[
:2  %empty = call i32 (...)* @_ssdm_op_SpecLoopTripCount(i64 256, i64 256, i64 256)

]]></Node>
<StgValue><ssdm name="empty"/></StgValue>
</operation>

<operation id="40" st_id="2" stage="1" lat="1">
<core>AddSub</core>
<MemPortIdVec></MemPortIdVec>
<condition id="-1">
<or_exp><and_exp></and_exp></or_exp>
</condition>

<Node id="18" bw="9" op_0_bw="9" op_1_bw="9">
<![CDATA[
:3  %n1_V = add i9 %t_V, 1

]]></Node>
<StgValue><ssdm name="n1_V"/></StgValue>
</operation>

<operation id="41" st_id="2" stage="1" lat="1">
<core>NULL</core>
<MemPortIdVec></MemPortIdVec>
<condition id="-1">
<or_exp><and_exp></and_exp></or_exp>
</condition>

<Node id="19" bw="0" op_0_bw="1" op_1_bw="0" op_2_bw="0">
<![CDATA[
:4  br i1 %icmp_ln14, label %.preheader.preheader, label %_ZN8ap_fixedILi32ELi12EL9ap_q_mode5EL9ap_o_mode3ELi0EEC1Ei.exit74

]]></Node>
<StgValue><ssdm name="br_ln14"/></StgValue>
</operation>

<operation id="42" st_id="2" stage="1" lat="1">
<core>NULL</core>
<MemPortIdVec></MemPortIdVec>
<condition id="-1">
<or_exp><and_exp><literal name="icmp_ln14" val="0"/>
</and_exp></or_exp>
</condition>

<Node id="21" bw="64" op_0_bw="9">
<![CDATA[
_ZN8ap_fixedILi32ELi12EL9ap_q_mode5EL9ap_o_mode3ELi0EEC1Ei.exit74:0  %zext_ln544 = zext i9 %t_V to i64

]]></Node>
<StgValue><ssdm name="zext_ln544"/></StgValue>
</operation>

<operation id="43" st_id="2" stage="1" lat="1">
<core>NULL</core>
<MemPortIdVec></MemPortIdVec>
<condition id="-1">
<or_exp><and_exp><literal name="icmp_ln14" val="0"/>
</and_exp></or_exp>
</condition>

<Node id="22" bw="8" op_0_bw="32" op_1_bw="64" op_2_bw="64">
<![CDATA[
_ZN8ap_fixedILi32ELi12EL9ap_q_mode5EL9ap_o_mode3ELi0EEC1Ei.exit74:1  %w_V_addr = getelementptr [256 x i32]* %w_V, i64 0, i64 %zext_ln544

]]></Node>
<StgValue><ssdm name="w_V_addr"/></StgValue>
</operation>

<operation id="44" st_id="2" stage="1" lat="1">
<core>RAM</core>
<MemPortIdVec></MemPortIdVec>
<condition id="-1">
<or_exp><and_exp><literal name="icmp_ln14" val="0"/>
</and_exp></or_exp>
</condition>

<Node id="23" bw="0" op_0_bw="32" op_1_bw="8">
<![CDATA[
_ZN8ap_fixedILi32ELi12EL9ap_q_mode5EL9ap_o_mode3ELi0EEC1Ei.exit74:2  store i32 0, i32* %w_V_addr, align 4

]]></Node>
<StgValue><ssdm name="store_ln15"/></StgValue>
</operation>

<operation id="45" st_id="2" stage="1" lat="1">
<core>NULL</core>
<MemPortIdVec></MemPortIdVec>
<condition id="-1">
<or_exp><and_exp><literal name="icmp_ln14" val="0"/>
</and_exp></or_exp>
</condition>

<Node id="24" bw="0" op_0_bw="0">
<![CDATA[
_ZN8ap_fixedILi32ELi12EL9ap_q_mode5EL9ap_o_mode3ELi0EEC1Ei.exit74:3  br label %0

]]></Node>
<StgValue><ssdm name="br_ln14"/></StgValue>
</operation>

<operation id="46" st_id="2" stage="1" lat="1">
<core>Cmp</core>
<MemPortIdVec></MemPortIdVec>
<condition id="-1">
<or_exp><and_exp><literal name="icmp_ln14" val="1"/>
</and_exp></or_exp>
</condition>

<Node id="26" bw="1" op_0_bw="20" op_1_bw="20">
<![CDATA[
.preheader.preheader:0  %empty_18 = icmp ult i20 %no_svs_V_read_1, -48576

]]></Node>
<StgValue><ssdm name="empty_18"/></StgValue>
</operation>

<operation id="47" st_id="2" stage="1" lat="1">
<core>Sel</core>
<MemPortIdVec></MemPortIdVec>
<condition id="-1">
<or_exp><and_exp><literal name="icmp_ln14" val="1"/>
</and_exp></or_exp>
</condition>

<Node id="27" bw="20" op_0_bw="1" op_1_bw="20" op_2_bw="20">
<![CDATA[
.preheader.preheader:1  %select_ln887 = select i1 %empty_18, i20 %no_svs_V_read_1, i20 -48576

]]></Node>
<StgValue><ssdm name="select_ln887"/></StgValue>
</operation>

<operation id="48" st_id="2" stage="1" lat="1">
<core>NULL</core>
<MemPortIdVec></MemPortIdVec>
<condition id="-1">
<or_exp><and_exp><literal name="icmp_ln14" val="1"/>
</and_exp></or_exp>
</condition>

<Node id="28" bw="0" op_0_bw="0">
<![CDATA[
.preheader.preheader:2  br label %.preheader

]]></Node>
<StgValue><ssdm name="br_ln19"/></StgValue>
</operation>
</state>

<state id="3" st_id="3">

<operation id="49" st_id="3" stage="1" lat="1">
<core>NULL</core>
<MemPortIdVec></MemPortIdVec>
<condition id="-1">
<or_exp><and_exp></and_exp></or_exp>
</condition>

<Node id="30" bw="20" op_0_bw="20" op_1_bw="0" op_2_bw="20" op_3_bw="0">
<![CDATA[
.preheader:0  %t_V_1 = phi i20 [ 0, %.preheader.preheader ], [ %n1_V_1, %.preheader.loopexit ]

]]></Node>
<StgValue><ssdm name="t_V_1"/></StgValue>
</operation>

<operation id="50" st_id="3" stage="1" lat="1">
<core>Cmp</core>
<MemPortIdVec></MemPortIdVec>
<condition id="-1">
<or_exp><and_exp></and_exp></or_exp>
</condition>

<Node id="31" bw="1" op_0_bw="20" op_1_bw="20">
<![CDATA[
.preheader:1  %icmp_ln19 = icmp eq i20 %t_V_1, %select_ln887

]]></Node>
<StgValue><ssdm name="icmp_ln19"/></StgValue>
</operation>

<operation id="51" st_id="3" stage="1" lat="1">
<core>AddSub</core>
<MemPortIdVec></MemPortIdVec>
<condition id="-1">
<or_exp><and_exp></and_exp></or_exp>
</condition>

<Node id="32" bw="20" op_0_bw="20" op_1_bw="20">
<![CDATA[
.preheader:2  %n1_V_1 = add i20 %t_V_1, 1

]]></Node>
<StgValue><ssdm name="n1_V_1"/></StgValue>
</operation>

<operation id="52" st_id="3" stage="1" lat="1">
<core>NULL</core>
<MemPortIdVec></MemPortIdVec>
<condition id="-1">
<or_exp><and_exp></and_exp></or_exp>
</condition>

<Node id="33" bw="0" op_0_bw="1" op_1_bw="0" op_2_bw="0">
<![CDATA[
.preheader:3  br i1 %icmp_ln19, label %_ZN8ap_fixedILi32ELi12EL9ap_q_mode5EL9ap_o_mode3ELi0EEC1Ei.exit30.preheader, label %1

]]></Node>
<StgValue><ssdm name="br_ln19"/></StgValue>
</operation>

<operation id="53" st_id="3" stage="1" lat="1">
<core>AXI4Stream</core>
<MemPortIdVec></MemPortIdVec>
<condition id="-1">
<or_exp><and_exp><literal name="icmp_ln19" val="0"/>
</and_exp></or_exp>
</condition>

<Node id="35" bw="33" op_0_bw="33" op_1_bw="32" op_2_bw="1">
<![CDATA[
:0  %empty_19 = call { i32, i1 } @_ssdm_op_Read.axis.volatile.i32P.i1P(i32* %sv_coeffs_V_data_V, i1* %sv_coeffs_V_last)

]]></Node>
<StgValue><ssdm name="empty_19"/></StgValue>
</operation>

<operation id="54" st_id="3" stage="1" lat="1">
<core>NULL</core>
<MemPortIdVec></MemPortIdVec>
<condition id="-1">
<or_exp><and_exp><literal name="icmp_ln19" val="0"/>
</and_exp></or_exp>
</condition>

<Node id="36" bw="32" op_0_bw="33">
<![CDATA[
:1  %tmp_data_V_1 = extractvalue { i32, i1 } %empty_19, 0

]]></Node>
<StgValue><ssdm name="tmp_data_V_1"/></StgValue>
</operation>

<operation id="55" st_id="3" stage="1" lat="1">
<core>NULL</core>
<MemPortIdVec></MemPortIdVec>
<condition id="-1">
<or_exp><and_exp><literal name="icmp_ln19" val="0"/>
</and_exp></or_exp>
</condition>

<Node id="37" bw="47" op_0_bw="32">
<![CDATA[
:2  %sext_ln1192 = sext i32 %tmp_data_V_1 to i47

]]></Node>
<StgValue><ssdm name="sext_ln1192"/></StgValue>
</operation>

<operation id="56" st_id="3" stage="1" lat="1">
<core>NULL</core>
<MemPortIdVec></MemPortIdVec>
<condition id="-1">
<or_exp><and_exp><literal name="icmp_ln19" val="0"/>
</and_exp></or_exp>
</condition>

<Node id="38" bw="0" op_0_bw="0">
<![CDATA[
:3  br label %2

]]></Node>
<StgValue><ssdm name="br_ln25"/></StgValue>
</operation>

<operation id="57" st_id="3" stage="1" lat="1">
<core>NULL</core>
<MemPortIdVec></MemPortIdVec>
<condition id="-1">
<or_exp><and_exp><literal name="icmp_ln19" val="1"/>
</and_exp></or_exp>
</condition>

<Node id="69" bw="0" op_0_bw="0">
<![CDATA[
_ZN8ap_fixedILi32ELi12EL9ap_q_mode5EL9ap_o_mode3ELi0EEC1Ei.exit30.preheader:0  br label %_ZN8ap_fixedILi32ELi12EL9ap_q_mode5EL9ap_o_mode3ELi0EEC1Ei.exit30

]]></Node>
<StgValue><ssdm name="br_ln43"/></StgValue>
</operation>
</state>

<state id="4" st_id="4">

<operation id="58" st_id="4" stage="1" lat="1">
<core>NULL</core>
<MemPortIdVec></MemPortIdVec>
<condition id="-1">
<or_exp><and_exp></and_exp></or_exp>
</condition>

<Node id="40" bw="9" op_0_bw="9" op_1_bw="0" op_2_bw="9" op_3_bw="0">
<![CDATA[
:0  %t_V_2 = phi i9 [ 0, %1 ], [ %n2_V, %hls_label_0_end ]

]]></Node>
<StgValue><ssdm name="t_V_2"/></StgValue>
</operation>

<operation id="59" st_id="4" stage="1" lat="1">
<core>Cmp</core>
<MemPortIdVec></MemPortIdVec>
<condition id="-1">
<or_exp><and_exp></and_exp></or_exp>
</condition>

<Node id="41" bw="1" op_0_bw="9" op_1_bw="9">
<![CDATA[
:1  %icmp_ln25 = icmp eq i9 %t_V_2, -256

]]></Node>
<StgValue><ssdm name="icmp_ln25"/></StgValue>
</operation>

<operation id="60" st_id="4" stage="1" lat="1">
<core>NULL</core>
<MemPortIdVec></MemPortIdVec>
<condition id="-1">
<or_exp><and_exp></and_exp></or_exp>
</condition>

<Node id="42" bw="32" op_0_bw="32" op_1_bw="64" op_2_bw="64" op_3_bw="64">
<![CDATA[
:2  %empty_20 = call i32 (...)* @_ssdm_op_SpecLoopTripCount(i64 256, i64 256, i64 256)

]]></Node>
<StgValue><ssdm name="empty_20"/></StgValue>
</operation>

<operation id="61" st_id="4" stage="1" lat="1">
<core>AddSub</core>
<MemPortIdVec></MemPortIdVec>
<condition id="-1">
<or_exp><and_exp></and_exp></or_exp>
</condition>

<Node id="43" bw="9" op_0_bw="9" op_1_bw="9">
<![CDATA[
:3  %n2_V = add i9 %t_V_2, 1

]]></Node>
<StgValue><ssdm name="n2_V"/></StgValue>
</operation>

<operation id="62" st_id="4" stage="1" lat="1">
<core>NULL</core>
<MemPortIdVec></MemPortIdVec>
<condition id="-1">
<or_exp><and_exp></and_exp></or_exp>
</condition>

<Node id="44" bw="0" op_0_bw="1" op_1_bw="0" op_2_bw="0">
<![CDATA[
:4  br i1 %icmp_ln25, label %.preheader.loopexit, label %hls_label_0_begin

]]></Node>
<StgValue><ssdm name="br_ln25"/></StgValue>
</operation>

<operation id="63" st_id="4" stage="1" lat="1">
<core>NULL</core>
<MemPortIdVec></MemPortIdVec>
<condition id="-1">
<or_exp><and_exp><literal name="icmp_ln25" val="0"/>
</and_exp></or_exp>
</condition>

<Node id="46" bw="32" op_0_bw="32" op_1_bw="0">
<![CDATA[
hls_label_0_begin:0  %tmp_1 = call i32 (...)* @_ssdm_op_SpecRegionBegin([12 x i8]* @p_str)

]]></Node>
<StgValue><ssdm name="tmp_1"/></StgValue>
</operation>

<operation id="64" st_id="4" stage="1" lat="1">
<core>NULL</core>
<MemPortIdVec></MemPortIdVec>
<condition id="-1">
<or_exp><and_exp><literal name="icmp_ln25" val="0"/>
</and_exp></or_exp>
</condition>

<Node id="47" bw="0" op_0_bw="0" op_1_bw="32" op_2_bw="32" op_3_bw="32" op_4_bw="32" op_5_bw="0">
<![CDATA[
hls_label_0_begin:1  call void (...)* @_ssdm_op_SpecPipeline(i32 -1, i32 1, i32 1, i32 0, [1 x i8]* @p_str1) nounwind

]]></Node>
<StgValue><ssdm name="specpipeline_ln26"/></StgValue>
</operation>

<operation id="65" st_id="4" stage="1" lat="1">
<core>Cmp</core>
<MemPortIdVec></MemPortIdVec>
<condition id="-1">
<or_exp><and_exp><literal name="icmp_ln25" val="0"/>
</and_exp></or_exp>
</condition>

<Node id="48" bw="1" op_0_bw="9" op_1_bw="9">
<![CDATA[
hls_label_0_begin:2  %icmp_ln887_1 = icmp ult i9 %t_V_2, %no_variables_V_read_1

]]></Node>
<StgValue><ssdm name="icmp_ln887_1"/></StgValue>
</operation>

<operation id="66" st_id="4" stage="1" lat="1">
<core>NULL</core>
<MemPortIdVec></MemPortIdVec>
<condition id="-1">
<or_exp><and_exp><literal name="icmp_ln25" val="0"/>
</and_exp></or_exp>
</condition>

<Node id="49" bw="0" op_0_bw="1" op_1_bw="0" op_2_bw="0">
<![CDATA[
hls_label_0_begin:3  br i1 %icmp_ln887_1, label %_ZN13ap_fixed_baseILi49ELi14ELb1EL9ap_q_mode5EL9ap_o_mode3ELi0EEC1ILi32ELi12ELb1ELS0_5ELS1_3ELi0EEERKS_IXT_EXT0_EXT1_EXT2_EXT3_EXT4_EE.exit.i, label %hls_label_0_end

]]></Node>
<StgValue><ssdm name="br_ln27"/></StgValue>
</operation>

<operation id="67" st_id="4" stage="1" lat="1">
<core>NULL</core>
<MemPortIdVec></MemPortIdVec>
<condition id="-1">
<or_exp><and_exp><literal name="icmp_ln25" val="0"/>
<literal name="icmp_ln887_1" val="1"/>
</and_exp></or_exp>
</condition>

<Node id="51" bw="64" op_0_bw="9">
<![CDATA[
_ZN13ap_fixed_baseILi49ELi14ELb1EL9ap_q_mode5EL9ap_o_mode3ELi0EEC1ILi32ELi12ELb1ELS0_5ELS1_3ELi0EEERKS_IXT_EXT0_EXT1_EXT2_EXT3_EXT4_EE.exit.i:0  %zext_ln544_1 = zext i9 %t_V_2 to i64

]]></Node>
<StgValue><ssdm name="zext_ln544_1"/></StgValue>
</operation>

<operation id="68" st_id="4" stage="1" lat="1">
<core>AXI4Stream</core>
<MemPortIdVec></MemPortIdVec>
<condition id="-1">
<or_exp><and_exp><literal name="icmp_ln25" val="0"/>
<literal name="icmp_ln887_1" val="1"/>
</and_exp></or_exp>
</condition>

<Node id="52" bw="17" op_0_bw="17" op_1_bw="16" op_2_bw="1">
<![CDATA[
_ZN13ap_fixed_baseILi49ELi14ELb1EL9ap_q_mode5EL9ap_o_mode3ELi0EEC1ILi32ELi12ELb1ELS0_5ELS1_3ELi0EEERKS_IXT_EXT0_EXT1_EXT2_EXT3_EXT4_EE.exit.i:1  %empty_21 = call { i16, i1 } @_ssdm_op_Read.axis.volatile.i16P.i1P(i16* %data_matrices_V_data_V, i1* %data_matrices_V_last)

]]></Node>
<StgValue><ssdm name="empty_21"/></StgValue>
</operation>

<operation id="69" st_id="4" stage="1" lat="1">
<core>NULL</core>
<MemPortIdVec></MemPortIdVec>
<condition id="-1">
<or_exp><and_exp><literal name="icmp_ln25" val="0"/>
<literal name="icmp_ln887_1" val="1"/>
</and_exp></or_exp>
</condition>

<Node id="53" bw="16" op_0_bw="17">
<![CDATA[
_ZN13ap_fixed_baseILi49ELi14ELb1EL9ap_q_mode5EL9ap_o_mode3ELi0EEC1ILi32ELi12ELb1ELS0_5ELS1_3ELi0EEERKS_IXT_EXT0_EXT1_EXT2_EXT3_EXT4_EE.exit.i:2  %tmp_data_V = extractvalue { i16, i1 } %empty_21, 0

]]></Node>
<StgValue><ssdm name="tmp_data_V"/></StgValue>
</operation>

<operation id="70" st_id="4" stage="1" lat="1">
<core>NULL</core>
<MemPortIdVec></MemPortIdVec>
<condition id="-1">
<or_exp><and_exp><literal name="icmp_ln25" val="0"/>
<literal name="icmp_ln887_1" val="1"/>
</and_exp></or_exp>
</condition>

<Node id="54" bw="47" op_0_bw="16">
<![CDATA[
_ZN13ap_fixed_baseILi49ELi14ELb1EL9ap_q_mode5EL9ap_o_mode3ELi0EEC1ILi32ELi12ELb1ELS0_5ELS1_3ELi0EEERKS_IXT_EXT0_EXT1_EXT2_EXT3_EXT4_EE.exit.i:3  %sext_ln1192_1 = sext i16 %tmp_data_V to i47

]]></Node>
<StgValue><ssdm name="sext_ln1192_1"/></StgValue>
</operation>

<operation id="71" st_id="4" stage="1" lat="1">
<core>Mul</core>
<MemPortIdVec></MemPortIdVec>
<condition id="-1">
<or_exp><and_exp><literal name="icmp_ln25" val="0"/>
<literal name="icmp_ln887_1" val="1"/>
</and_exp></or_exp>
</condition>

<Node id="55" bw="47" op_0_bw="47" op_1_bw="47">
<![CDATA[
_ZN13ap_fixed_baseILi49ELi14ELb1EL9ap_q_mode5EL9ap_o_mode3ELi0EEC1ILi32ELi12ELb1ELS0_5ELS1_3ELi0EEERKS_IXT_EXT0_EXT1_EXT2_EXT3_EXT4_EE.exit.i:4  %mul_ln1192 = mul i47 %sext_ln1192_1, %sext_ln1192

]]></Node>
<StgValue><ssdm name="mul_ln1192"/></StgValue>
</operation>

<operation id="72" st_id="4" stage="1" lat="1">
<core>NULL</core>
<MemPortIdVec></MemPortIdVec>
<condition id="-1">
<or_exp><and_exp><literal name="icmp_ln25" val="0"/>
<literal name="icmp_ln887_1" val="1"/>
</and_exp></or_exp>
</condition>

<Node id="56" bw="8" op_0_bw="32" op_1_bw="64" op_2_bw="64">
<![CDATA[
_ZN13ap_fixed_baseILi49ELi14ELb1EL9ap_q_mode5EL9ap_o_mode3ELi0EEC1ILi32ELi12ELb1ELS0_5ELS1_3ELi0EEERKS_IXT_EXT0_EXT1_EXT2_EXT3_EXT4_EE.exit.i:5  %w_V_addr_2 = getelementptr [256 x i32]* %w_V, i64 0, i64 %zext_ln544_1

]]></Node>
<StgValue><ssdm name="w_V_addr_2"/></StgValue>
</operation>

<operation id="73" st_id="4" stage="2" lat="2">
<core>RAM</core>
<MemPortIdVec></MemPortIdVec>
<condition id="-1">
<or_exp><and_exp><literal name="icmp_ln25" val="0"/>
<literal name="icmp_ln887_1" val="1"/>
</and_exp></or_exp>
</condition>

<Node id="57" bw="32" op_0_bw="8">
<![CDATA[
_ZN13ap_fixed_baseILi49ELi14ELb1EL9ap_q_mode5EL9ap_o_mode3ELi0EEC1ILi32ELi12ELb1ELS0_5ELS1_3ELi0EEERKS_IXT_EXT0_EXT1_EXT2_EXT3_EXT4_EE.exit.i:6  %p_Val2_s = load i32* %w_V_addr_2, align 4

]]></Node>
<StgValue><ssdm name="p_Val2_s"/></StgValue>
</operation>
</state>

<state id="5" st_id="5">

<operation id="74" st_id="5" stage="1" lat="2">
<core>RAM</core>
<MemPortIdVec></MemPortIdVec>
<condition id="-1">
<or_exp><and_exp><literal name="icmp_ln887_1" val="1"/>
</and_exp></or_exp>
</condition>

<Node id="57" bw="32" op_0_bw="8">
<![CDATA[
_ZN13ap_fixed_baseILi49ELi14ELb1EL9ap_q_mode5EL9ap_o_mode3ELi0EEC1ILi32ELi12ELb1ELS0_5ELS1_3ELi0EEERKS_IXT_EXT0_EXT1_EXT2_EXT3_EXT4_EE.exit.i:6  %p_Val2_s = load i32* %w_V_addr_2, align 4

]]></Node>
<StgValue><ssdm name="p_Val2_s"/></StgValue>
</operation>

<operation id="75" st_id="5" stage="1" lat="1">
<core>NULL</core>
<MemPortIdVec></MemPortIdVec>
<condition id="-1">
<or_exp><and_exp><literal name="icmp_ln887_1" val="1"/>
</and_exp></or_exp>
</condition>

<Node id="58" bw="47" op_0_bw="47" op_1_bw="32" op_2_bw="15">
<![CDATA[
_ZN13ap_fixed_baseILi49ELi14ELb1EL9ap_q_mode5EL9ap_o_mode3ELi0EEC1ILi32ELi12ELb1ELS0_5ELS1_3ELi0EEERKS_IXT_EXT0_EXT1_EXT2_EXT3_EXT4_EE.exit.i:7  %lhs_V_1 = call i47 @_ssdm_op_BitConcatenate.i47.i32.i15(i32 %p_Val2_s, i15 0)

]]></Node>
<StgValue><ssdm name="lhs_V_1"/></StgValue>
</operation>

<operation id="76" st_id="5" stage="1" lat="1">
<core>AddSub</core>
<MemPortIdVec></MemPortIdVec>
<condition id="-1">
<or_exp><and_exp><literal name="icmp_ln887_1" val="1"/>
</and_exp></or_exp>
</condition>

<Node id="59" bw="47" op_0_bw="47" op_1_bw="47">
<![CDATA[
_ZN13ap_fixed_baseILi49ELi14ELb1EL9ap_q_mode5EL9ap_o_mode3ELi0EEC1ILi32ELi12ELb1ELS0_5ELS1_3ELi0EEERKS_IXT_EXT0_EXT1_EXT2_EXT3_EXT4_EE.exit.i:8  %ret_V = add i47 %mul_ln1192, %lhs_V_1

]]></Node>
<StgValue><ssdm name="ret_V"/></StgValue>
</operation>

<operation id="77" st_id="5" stage="1" lat="1">
<core>NULL</core>
<MemPortIdVec></MemPortIdVec>
<condition id="-1">
<or_exp><and_exp><literal name="icmp_ln887_1" val="1"/>
</and_exp></or_exp>
</condition>

<Node id="60" bw="32" op_0_bw="32" op_1_bw="47" op_2_bw="32" op_3_bw="32">
<![CDATA[
_ZN13ap_fixed_baseILi49ELi14ELb1EL9ap_q_mode5EL9ap_o_mode3ELi0EEC1ILi32ELi12ELb1ELS0_5ELS1_3ELi0EEERKS_IXT_EXT0_EXT1_EXT2_EXT3_EXT4_EE.exit.i:9  %trunc_ln6 = call i32 @_ssdm_op_PartSelect.i32.i47.i32.i32(i47 %ret_V, i32 15, i32 46)

]]></Node>
<StgValue><ssdm name="trunc_ln6"/></StgValue>
</operation>
</state>

<state id="6" st_id="6">

<operation id="78" st_id="6" stage="1" lat="1">
<core>RAM</core>
<MemPortIdVec></MemPortIdVec>
<condition id="-1">
<or_exp><and_exp><literal name="icmp_ln887_1" val="1"/>
</and_exp></or_exp>
</condition>

<Node id="61" bw="0" op_0_bw="32" op_1_bw="8" op_2_bw="32">
<![CDATA[
_ZN13ap_fixed_baseILi49ELi14ELb1EL9ap_q_mode5EL9ap_o_mode3ELi0EEC1ILi32ELi12ELb1ELS0_5ELS1_3ELi0EEERKS_IXT_EXT0_EXT1_EXT2_EXT3_EXT4_EE.exit.i:10  store i32 %trunc_ln6, i32* %w_V_addr_2, align 4

]]></Node>
<StgValue><ssdm name="store_ln29"/></StgValue>
</operation>

<operation id="79" st_id="6" stage="1" lat="1">
<core>NULL</core>
<MemPortIdVec></MemPortIdVec>
<condition id="-1">
<or_exp><and_exp><literal name="icmp_ln887_1" val="1"/>
</and_exp></or_exp>
</condition>

<Node id="62" bw="0" op_0_bw="0">
<![CDATA[
_ZN13ap_fixed_baseILi49ELi14ELb1EL9ap_q_mode5EL9ap_o_mode3ELi0EEC1ILi32ELi12ELb1ELS0_5ELS1_3ELi0EEERKS_IXT_EXT0_EXT1_EXT2_EXT3_EXT4_EE.exit.i:11  br label %hls_label_0_end

]]></Node>
<StgValue><ssdm name="br_ln30"/></StgValue>
</operation>

<operation id="80" st_id="6" stage="1" lat="1">
<core>NULL</core>
<MemPortIdVec></MemPortIdVec>
<condition id="-1">
<or_exp><and_exp><literal name="icmp_ln25" val="0"/>
</and_exp></or_exp>
</condition>

<Node id="64" bw="32" op_0_bw="32" op_1_bw="0" op_2_bw="32">
<![CDATA[
hls_label_0_end:0  %empty_22 = call i32 (...)* @_ssdm_op_SpecRegionEnd([12 x i8]* @p_str, i32 %tmp_1)

]]></Node>
<StgValue><ssdm name="empty_22"/></StgValue>
</operation>

<operation id="81" st_id="6" stage="1" lat="1">
<core>NULL</core>
<MemPortIdVec></MemPortIdVec>
<condition id="-1">
<or_exp><and_exp><literal name="icmp_ln25" val="0"/>
</and_exp></or_exp>
</condition>

<Node id="65" bw="0" op_0_bw="0">
<![CDATA[
hls_label_0_end:1  br label %2

]]></Node>
<StgValue><ssdm name="br_ln25"/></StgValue>
</operation>
</state>

<state id="7" st_id="7">

<operation id="82" st_id="7" stage="1" lat="1">
<core>NULL</core>
<MemPortIdVec></MemPortIdVec>
<condition id="-1">
<or_exp><and_exp></and_exp></or_exp>
</condition>

<Node id="67" bw="0" op_0_bw="0">
<![CDATA[
.preheader.loopexit:0  br label %.preheader

]]></Node>
<StgValue><ssdm name="br_ln0"/></StgValue>
</operation>
</state>

<state id="8" st_id="8">

<operation id="83" st_id="8" stage="1" lat="1">
<core>NULL</core>
<MemPortIdVec></MemPortIdVec>
<condition id="-1">
<or_exp><and_exp></and_exp></or_exp>
</condition>

<Node id="71" bw="32" op_0_bw="32" op_1_bw="0" op_2_bw="32" op_3_bw="0">
<![CDATA[
_ZN8ap_fixedILi32ELi12EL9ap_q_mode5EL9ap_o_mode3ELi0EEC1Ei.exit30:0  %tmp_V_3 = phi i32 [ %square_norm_V_1, %hls_label_1 ], [ 0, %_ZN8ap_fixedILi32ELi12EL9ap_q_mode5EL9ap_o_mode3ELi0EEC1Ei.exit30.preheader ]

]]></Node>
<StgValue><ssdm name="tmp_V_3"/></StgValue>
</operation>

<operation id="84" st_id="8" stage="1" lat="1">
<core>NULL</core>
<MemPortIdVec></MemPortIdVec>
<condition id="-1">
<or_exp><and_exp></and_exp></or_exp>
</condition>

<Node id="72" bw="9" op_0_bw="9" op_1_bw="0" op_2_bw="9" op_3_bw="0">
<![CDATA[
_ZN8ap_fixedILi32ELi12EL9ap_q_mode5EL9ap_o_mode3ELi0EEC1Ei.exit30:1  %t_V_4 = phi i9 [ %n3_V, %hls_label_1 ], [ 0, %_ZN8ap_fixedILi32ELi12EL9ap_q_mode5EL9ap_o_mode3ELi0EEC1Ei.exit30.preheader ]

]]></Node>
<StgValue><ssdm name="t_V_4"/></StgValue>
</operation>

<operation id="85" st_id="8" stage="1" lat="1">
<core>Cmp</core>
<MemPortIdVec></MemPortIdVec>
<condition id="-1">
<or_exp><and_exp></and_exp></or_exp>
</condition>

<Node id="73" bw="1" op_0_bw="9" op_1_bw="9">
<![CDATA[
_ZN8ap_fixedILi32ELi12EL9ap_q_mode5EL9ap_o_mode3ELi0EEC1Ei.exit30:2  %icmp_ln43 = icmp eq i9 %t_V_4, -256

]]></Node>
<StgValue><ssdm name="icmp_ln43"/></StgValue>
</operation>

<operation id="86" st_id="8" stage="1" lat="1">
<core>NULL</core>
<MemPortIdVec></MemPortIdVec>
<condition id="-1">
<or_exp><and_exp></and_exp></or_exp>
</condition>

<Node id="74" bw="32" op_0_bw="32" op_1_bw="64" op_2_bw="64" op_3_bw="64">
<![CDATA[
_ZN8ap_fixedILi32ELi12EL9ap_q_mode5EL9ap_o_mode3ELi0EEC1Ei.exit30:3  %empty_23 = call i32 (...)* @_ssdm_op_SpecLoopTripCount(i64 256, i64 256, i64 256)

]]></Node>
<StgValue><ssdm name="empty_23"/></StgValue>
</operation>

<operation id="87" st_id="8" stage="1" lat="1">
<core>AddSub</core>
<MemPortIdVec></MemPortIdVec>
<condition id="-1">
<or_exp><and_exp></and_exp></or_exp>
</condition>

<Node id="75" bw="9" op_0_bw="9" op_1_bw="9">
<![CDATA[
_ZN8ap_fixedILi32ELi12EL9ap_q_mode5EL9ap_o_mode3ELi0EEC1Ei.exit30:4  %n3_V = add i9 %t_V_4, 1

]]></Node>
<StgValue><ssdm name="n3_V"/></StgValue>
</operation>

<operation id="88" st_id="8" stage="1" lat="1">
<core>NULL</core>
<MemPortIdVec></MemPortIdVec>
<condition id="-1">
<or_exp><and_exp></and_exp></or_exp>
</condition>

<Node id="76" bw="0" op_0_bw="1" op_1_bw="0" op_2_bw="0">
<![CDATA[
_ZN8ap_fixedILi32ELi12EL9ap_q_mode5EL9ap_o_mode3ELi0EEC1Ei.exit30:5  br i1 %icmp_ln43, label %_ifconv1, label %hls_label_1

]]></Node>
<StgValue><ssdm name="br_ln43"/></StgValue>
</operation>

<operation id="89" st_id="8" stage="1" lat="1">
<core>Cmp</core>
<MemPortIdVec></MemPortIdVec>
<condition id="-1">
<or_exp><and_exp><literal name="icmp_ln43" val="0"/>
</and_exp></or_exp>
</condition>

<Node id="80" bw="1" op_0_bw="9" op_1_bw="9">
<![CDATA[
hls_label_1:2  %icmp_ln887 = icmp ult i9 %t_V_4, %no_variables_V_read_1

]]></Node>
<StgValue><ssdm name="icmp_ln887"/></StgValue>
</operation>

<operation id="90" st_id="8" stage="1" lat="1">
<core>NULL</core>
<MemPortIdVec></MemPortIdVec>
<condition id="-1">
<or_exp><and_exp><literal name="icmp_ln43" val="0"/>
</and_exp></or_exp>
</condition>

<Node id="81" bw="64" op_0_bw="9">
<![CDATA[
hls_label_1:3  %zext_ln544_2 = zext i9 %t_V_4 to i64

]]></Node>
<StgValue><ssdm name="zext_ln544_2"/></StgValue>
</operation>

<operation id="91" st_id="8" stage="1" lat="1">
<core>NULL</core>
<MemPortIdVec></MemPortIdVec>
<condition id="-1">
<or_exp><and_exp><literal name="icmp_ln43" val="0"/>
</and_exp></or_exp>
</condition>

<Node id="82" bw="8" op_0_bw="32" op_1_bw="64" op_2_bw="64">
<![CDATA[
hls_label_1:4  %w_V_addr_1 = getelementptr [256 x i32]* %w_V, i64 0, i64 %zext_ln544_2

]]></Node>
<StgValue><ssdm name="w_V_addr_1"/></StgValue>
</operation>

<operation id="92" st_id="8" stage="2" lat="2">
<core>RAM</core>
<MemPortIdVec></MemPortIdVec>
<condition id="-1">
<or_exp><and_exp><literal name="icmp_ln43" val="0"/>
</and_exp></or_exp>
</condition>

<Node id="83" bw="32" op_0_bw="8">
<![CDATA[
hls_label_1:5  %w_V_load = load i32* %w_V_addr_1, align 4

]]></Node>
<StgValue><ssdm name="w_V_load"/></StgValue>
</operation>
</state>

<state id="9" st_id="9">

<operation id="93" st_id="9" stage="1" lat="2">
<core>RAM</core>
<MemPortIdVec></MemPortIdVec>
<condition id="-1">
<or_exp><and_exp><literal name="icmp_ln43" val="0"/>
</and_exp></or_exp>
</condition>

<Node id="83" bw="32" op_0_bw="8">
<![CDATA[
hls_label_1:5  %w_V_load = load i32* %w_V_addr_1, align 4

]]></Node>
<StgValue><ssdm name="w_V_load"/></StgValue>
</operation>
</state>

<state id="10" st_id="10">

<operation id="94" st_id="10" stage="1" lat="1">
<core>NULL</core>
<MemPortIdVec></MemPortIdVec>
<condition id="-1">
<or_exp><and_exp><literal name="icmp_ln43" val="0"/>
<literal name="icmp_ln887" val="1"/>
</and_exp></or_exp>
</condition>

<Node id="84" bw="64" op_0_bw="32">
<![CDATA[
hls_label_1:6  %r_V = sext i32 %w_V_load to i64

]]></Node>
<StgValue><ssdm name="r_V"/></StgValue>
</operation>

<operation id="95" st_id="10" stage="1" lat="1">
<core>Mul</core>
<MemPortIdVec></MemPortIdVec>
<condition id="-1">
<or_exp><and_exp><literal name="icmp_ln43" val="0"/>
<literal name="icmp_ln887" val="1"/>
</and_exp></or_exp>
</condition>

<Node id="85" bw="64" op_0_bw="64" op_1_bw="64">
<![CDATA[
hls_label_1:7  %r_V_2 = mul nsw i64 %r_V, %r_V

]]></Node>
<StgValue><ssdm name="r_V_2"/></StgValue>
</operation>
</state>

<state id="11" st_id="11">

<operation id="96" st_id="11" stage="1" lat="1">
<core>NULL</core>
<MemPortIdVec></MemPortIdVec>
<condition id="-1">
<or_exp><and_exp><literal name="icmp_ln43" val="0"/>
</and_exp></or_exp>
</condition>

<Node id="78" bw="32" op_0_bw="32" op_1_bw="0">
<![CDATA[
hls_label_1:0  %tmp = call i32 (...)* @_ssdm_op_SpecRegionBegin([12 x i8]* @p_str2)

]]></Node>
<StgValue><ssdm name="tmp"/></StgValue>
</operation>

<operation id="97" st_id="11" stage="1" lat="1">
<core>NULL</core>
<MemPortIdVec></MemPortIdVec>
<condition id="-1">
<or_exp><and_exp><literal name="icmp_ln43" val="0"/>
</and_exp></or_exp>
</condition>

<Node id="79" bw="0" op_0_bw="0" op_1_bw="32" op_2_bw="32" op_3_bw="32" op_4_bw="32" op_5_bw="0">
<![CDATA[
hls_label_1:1  call void (...)* @_ssdm_op_SpecPipeline(i32 -1, i32 1, i32 1, i32 0, [1 x i8]* @p_str1) nounwind

]]></Node>
<StgValue><ssdm name="specpipeline_ln44"/></StgValue>
</operation>

<operation id="98" st_id="11" stage="1" lat="1">
<core>NULL</core>
<MemPortIdVec></MemPortIdVec>
<condition id="-1">
<or_exp><and_exp><literal name="icmp_ln43" val="0"/>
<literal name="icmp_ln887" val="1"/>
</and_exp></or_exp>
</condition>

<Node id="86" bw="52" op_0_bw="52" op_1_bw="32" op_2_bw="20">
<![CDATA[
hls_label_1:8  %lhs_V = call i52 @_ssdm_op_BitConcatenate.i52.i32.i20(i32 %tmp_V_3, i20 0)

]]></Node>
<StgValue><ssdm name="lhs_V"/></StgValue>
</operation>

<operation id="99" st_id="11" stage="1" lat="1">
<core>NULL</core>
<MemPortIdVec></MemPortIdVec>
<condition id="-1">
<or_exp><and_exp><literal name="icmp_ln43" val="0"/>
<literal name="icmp_ln887" val="1"/>
</and_exp></or_exp>
</condition>

<Node id="87" bw="65" op_0_bw="52">
<![CDATA[
hls_label_1:9  %zext_ln728 = zext i52 %lhs_V to i65

]]></Node>
<StgValue><ssdm name="zext_ln728"/></StgValue>
</operation>

<operation id="100" st_id="11" stage="1" lat="1">
<core>NULL</core>
<MemPortIdVec></MemPortIdVec>
<condition id="-1">
<or_exp><and_exp><literal name="icmp_ln43" val="0"/>
<literal name="icmp_ln887" val="1"/>
</and_exp></or_exp>
</condition>

<Node id="88" bw="65" op_0_bw="64">
<![CDATA[
hls_label_1:10  %zext_ln703 = zext i64 %r_V_2 to i65

]]></Node>
<StgValue><ssdm name="zext_ln703"/></StgValue>
</operation>

<operation id="101" st_id="11" stage="1" lat="1">
<core>AddSub</core>
<MemPortIdVec></MemPortIdVec>
<condition id="-1">
<or_exp><and_exp><literal name="icmp_ln43" val="0"/>
<literal name="icmp_ln887" val="1"/>
</and_exp></or_exp>
</condition>

<Node id="89" bw="65" op_0_bw="65" op_1_bw="65">
<![CDATA[
hls_label_1:11  %ret_V_2 = add nsw i65 %zext_ln703, %zext_ln728

]]></Node>
<StgValue><ssdm name="ret_V_2"/></StgValue>
</operation>

<operation id="102" st_id="11" stage="1" lat="1">
<core>NULL</core>
<MemPortIdVec></MemPortIdVec>
<condition id="-1">
<or_exp><and_exp><literal name="icmp_ln43" val="0"/>
<literal name="icmp_ln887" val="1"/>
</and_exp></or_exp>
</condition>

<Node id="90" bw="32" op_0_bw="32" op_1_bw="65" op_2_bw="32" op_3_bw="32">
<![CDATA[
hls_label_1:12  %square_norm_V = call i32 @_ssdm_op_PartSelect.i32.i65.i32.i32(i65 %ret_V_2, i32 20, i32 51)

]]></Node>
<StgValue><ssdm name="square_norm_V"/></StgValue>
</operation>

<operation id="103" st_id="11" stage="1" lat="1">
<core>Sel</core>
<MemPortIdVec></MemPortIdVec>
<condition id="-1">
<or_exp><and_exp><literal name="icmp_ln43" val="0"/>
</and_exp></or_exp>
</condition>

<Node id="91" bw="32" op_0_bw="1" op_1_bw="32" op_2_bw="32">
<![CDATA[
hls_label_1:13  %square_norm_V_1 = select i1 %icmp_ln887, i32 %square_norm_V, i32 %tmp_V_3

]]></Node>
<StgValue><ssdm name="square_norm_V_1"/></StgValue>
</operation>

<operation id="104" st_id="11" stage="1" lat="1">
<core>NULL</core>
<MemPortIdVec></MemPortIdVec>
<condition id="-1">
<or_exp><and_exp><literal name="icmp_ln43" val="0"/>
</and_exp></or_exp>
</condition>

<Node id="92" bw="32" op_0_bw="32" op_1_bw="0" op_2_bw="32">
<![CDATA[
hls_label_1:14  %empty_24 = call i32 (...)* @_ssdm_op_SpecRegionEnd([12 x i8]* @p_str2, i32 %tmp)

]]></Node>
<StgValue><ssdm name="empty_24"/></StgValue>
</operation>

<operation id="105" st_id="11" stage="1" lat="1">
<core>NULL</core>
<MemPortIdVec></MemPortIdVec>
<condition id="-1">
<or_exp><and_exp><literal name="icmp_ln43" val="0"/>
</and_exp></or_exp>
</condition>

<Node id="93" bw="0" op_0_bw="0">
<![CDATA[
hls_label_1:15  br label %_ZN8ap_fixedILi32ELi12EL9ap_q_mode5EL9ap_o_mode3ELi0EEC1Ei.exit30

]]></Node>
<StgValue><ssdm name="br_ln43"/></StgValue>
</operation>
</state>

<state id="12" st_id="12">

<operation id="106" st_id="12" stage="1" lat="1">
<core>NULL</core>
<MemPortIdVec></MemPortIdVec>
<condition id="-1">
<or_exp><and_exp></and_exp></or_exp>
</condition>

<Node id="96" bw="1" op_0_bw="1" op_1_bw="32" op_2_bw="32">
<![CDATA[
_ifconv1:1  %p_Result_5 = call i1 @_ssdm_op_BitSelect.i1.i32.i32(i32 %tmp_V_3, i32 31)

]]></Node>
<StgValue><ssdm name="p_Result_5"/></StgValue>
</operation>

<operation id="107" st_id="12" stage="1" lat="1">
<core>AddSub</core>
<MemPortIdVec></MemPortIdVec>
<condition id="-1">
<or_exp><and_exp></and_exp></or_exp>
</condition>

<Node id="97" bw="32" op_0_bw="32" op_1_bw="32">
<![CDATA[
_ifconv1:2  %tmp_V = sub nsw i32 0, %tmp_V_3

]]></Node>
<StgValue><ssdm name="tmp_V"/></StgValue>
</operation>

<operation id="108" st_id="12" stage="1" lat="1">
<core>Sel</core>
<MemPortIdVec></MemPortIdVec>
<condition id="-1">
<or_exp><and_exp></and_exp></or_exp>
</condition>

<Node id="98" bw="32" op_0_bw="1" op_1_bw="32" op_2_bw="32">
<![CDATA[
_ifconv1:3  %tmp_V_4 = select i1 %p_Result_5, i32 %tmp_V, i32 %tmp_V_3

]]></Node>
<StgValue><ssdm name="tmp_V_4"/></StgValue>
</operation>

<operation id="109" st_id="12" stage="1" lat="1">
<core>NULL</core>
<MemPortIdVec></MemPortIdVec>
<condition id="-1">
<or_exp><and_exp></and_exp></or_exp>
</condition>

<Node id="99" bw="32" op_0_bw="32" op_1_bw="32" op_2_bw="32" op_3_bw="32">
<![CDATA[
_ifconv1:4  %p_Result_6 = call i32 @_ssdm_op_PartSelect.i32.i32.i32.i32(i32 %tmp_V_4, i32 31, i32 0)

]]></Node>
<StgValue><ssdm name="p_Result_6"/></StgValue>
</operation>

<operation id="110" st_id="12" stage="1" lat="1">
<core>CTTZ</core>
<MemPortIdVec></MemPortIdVec>
<condition id="-1">
<or_exp><and_exp></and_exp></or_exp>
</condition>

<Node id="100" bw="32" op_0_bw="32" op_1_bw="32" op_2_bw="1">
<![CDATA[
_ifconv1:5  %l = call i32 @llvm.cttz.i32(i32 %p_Result_6, i1 true) nounwind

]]></Node>
<StgValue><ssdm name="l"/></StgValue>
</operation>

<operation id="111" st_id="12" stage="1" lat="1">
<core>NULL</core>
<MemPortIdVec></MemPortIdVec>
<condition id="-1">
<or_exp><and_exp></and_exp></or_exp>
</condition>

<Node id="129" bw="8" op_0_bw="32">
<![CDATA[
_ifconv1:34  %trunc_ln943 = trunc i32 %l to i8

]]></Node>
<StgValue><ssdm name="trunc_ln943"/></StgValue>
</operation>
</state>

<state id="13" st_id="13">

<operation id="112" st_id="13" stage="1" lat="1">
<core>AddSub</core>
<MemPortIdVec></MemPortIdVec>
<condition id="-1">
<or_exp><and_exp></and_exp></or_exp>
</condition>

<Node id="101" bw="32" op_0_bw="32" op_1_bw="32">
<![CDATA[
_ifconv1:6  %sub_ln944 = sub nsw i32 32, %l

]]></Node>
<StgValue><ssdm name="sub_ln944"/></StgValue>
</operation>

<operation id="113" st_id="13" stage="1" lat="1">
<core>AddSub</core>
<MemPortIdVec></MemPortIdVec>
<condition id="-1">
<or_exp><and_exp></and_exp></or_exp>
</condition>

<Node id="102" bw="32" op_0_bw="32" op_1_bw="32">
<![CDATA[
_ifconv1:7  %lsb_index = add nsw i32 -24, %sub_ln944

]]></Node>
<StgValue><ssdm name="lsb_index"/></StgValue>
</operation>

<operation id="114" st_id="13" stage="1" lat="1">
<core>NULL</core>
<MemPortIdVec></MemPortIdVec>
<condition id="-1">
<or_exp><and_exp></and_exp></or_exp>
</condition>

<Node id="103" bw="31" op_0_bw="31" op_1_bw="32" op_2_bw="32" op_3_bw="32">
<![CDATA[
_ifconv1:8  %tmp_5 = call i31 @_ssdm_op_PartSelect.i31.i32.i32.i32(i32 %lsb_index, i32 1, i32 31)

]]></Node>
<StgValue><ssdm name="tmp_5"/></StgValue>
</operation>

<operation id="115" st_id="13" stage="1" lat="1">
<core>Cmp</core>
<MemPortIdVec></MemPortIdVec>
<condition id="-1">
<or_exp><and_exp></and_exp></or_exp>
</condition>

<Node id="104" bw="1" op_0_bw="31" op_1_bw="31">
<![CDATA[
_ifconv1:9  %icmp_ln947 = icmp sgt i31 %tmp_5, 0

]]></Node>
<StgValue><ssdm name="icmp_ln947"/></StgValue>
</operation>

<operation id="116" st_id="13" stage="1" lat="1">
<core>NULL</core>
<MemPortIdVec></MemPortIdVec>
<condition id="-1">
<or_exp><and_exp></and_exp></or_exp>
</condition>

<Node id="105" bw="6" op_0_bw="32">
<![CDATA[
_ifconv1:10  %trunc_ln947 = trunc i32 %sub_ln944 to i6

]]></Node>
<StgValue><ssdm name="trunc_ln947"/></StgValue>
</operation>

<operation id="117" st_id="13" stage="1" lat="1">
<core>AddSub</core>
<MemPortIdVec></MemPortIdVec>
<condition id="-1">
<or_exp><and_exp></and_exp></or_exp>
</condition>

<Node id="106" bw="6" op_0_bw="6" op_1_bw="6">
<![CDATA[
_ifconv1:11  %sub_ln947 = sub i6 -7, %trunc_ln947

]]></Node>
<StgValue><ssdm name="sub_ln947"/></StgValue>
</operation>

<operation id="118" st_id="13" stage="1" lat="1">
<core>NULL</core>
<MemPortIdVec></MemPortIdVec>
<condition id="-1">
<or_exp><and_exp></and_exp></or_exp>
</condition>

<Node id="107" bw="32" op_0_bw="6">
<![CDATA[
_ifconv1:12  %zext_ln947 = zext i6 %sub_ln947 to i32

]]></Node>
<StgValue><ssdm name="zext_ln947"/></StgValue>
</operation>

<operation id="119" st_id="13" stage="1" lat="1">
<core>Shift</core>
<MemPortIdVec></MemPortIdVec>
<condition id="-1">
<or_exp><and_exp></and_exp></or_exp>
</condition>

<Node id="108" bw="32" op_0_bw="32" op_1_bw="32">
<![CDATA[
_ifconv1:13  %lshr_ln947 = lshr i32 -1, %zext_ln947

]]></Node>
<StgValue><ssdm name="lshr_ln947"/></StgValue>
</operation>

<operation id="120" st_id="13" stage="1" lat="1">
<core>LogicGate</core>
<MemPortIdVec></MemPortIdVec>
<condition id="-1">
<or_exp><and_exp></and_exp></or_exp>
</condition>

<Node id="109" bw="32" op_0_bw="32" op_1_bw="32">
<![CDATA[
_ifconv1:14  %p_Result_s = and i32 %tmp_V_4, %lshr_ln947

]]></Node>
<StgValue><ssdm name="p_Result_s"/></StgValue>
</operation>

<operation id="121" st_id="13" stage="1" lat="1">
<core>Cmp</core>
<MemPortIdVec></MemPortIdVec>
<condition id="-1">
<or_exp><and_exp></and_exp></or_exp>
</condition>

<Node id="110" bw="1" op_0_bw="32" op_1_bw="32">
<![CDATA[
_ifconv1:15  %icmp_ln947_1 = icmp ne i32 %p_Result_s, 0

]]></Node>
<StgValue><ssdm name="icmp_ln947_1"/></StgValue>
</operation>

<operation id="122" st_id="13" stage="1" lat="1">
<core>LogicGate</core>
<MemPortIdVec></MemPortIdVec>
<condition id="-1">
<or_exp><and_exp></and_exp></or_exp>
</condition>

<Node id="111" bw="1" op_0_bw="1" op_1_bw="1">
<![CDATA[
_ifconv1:16  %a = and i1 %icmp_ln947, %icmp_ln947_1

]]></Node>
<StgValue><ssdm name="a"/></StgValue>
</operation>

<operation id="123" st_id="13" stage="1" lat="1">
<core>NULL</core>
<MemPortIdVec></MemPortIdVec>
<condition id="-1">
<or_exp><and_exp></and_exp></or_exp>
</condition>

<Node id="112" bw="1" op_0_bw="1" op_1_bw="32" op_2_bw="32">
<![CDATA[
_ifconv1:17  %tmp_6 = call i1 @_ssdm_op_BitSelect.i1.i32.i32(i32 %lsb_index, i32 31)

]]></Node>
<StgValue><ssdm name="tmp_6"/></StgValue>
</operation>

<operation id="124" st_id="13" stage="1" lat="1">
<core>LogicGate</core>
<MemPortIdVec></MemPortIdVec>
<condition id="-1">
<or_exp><and_exp></and_exp></or_exp>
</condition>

<Node id="113" bw="1" op_0_bw="1" op_1_bw="1">
<![CDATA[
_ifconv1:18  %xor_ln949 = xor i1 %tmp_6, true

]]></Node>
<StgValue><ssdm name="xor_ln949"/></StgValue>
</operation>

<operation id="125" st_id="13" stage="1" lat="1">
<core>NULL</core>
<MemPortIdVec></MemPortIdVec>
<condition id="-1">
<or_exp><and_exp></and_exp></or_exp>
</condition>

<Node id="114" bw="1" op_0_bw="1" op_1_bw="32" op_2_bw="32">
<![CDATA[
_ifconv1:19  %p_Result_1 = call i1 @_ssdm_op_BitSelect.i1.i32.i32(i32 %tmp_V_4, i32 %lsb_index)

]]></Node>
<StgValue><ssdm name="p_Result_1"/></StgValue>
</operation>

<operation id="126" st_id="13" stage="1" lat="1">
<core>LogicGate</core>
<MemPortIdVec></MemPortIdVec>
<condition id="-1">
<or_exp><and_exp></and_exp></or_exp>
</condition>

<Node id="115" bw="1" op_0_bw="1" op_1_bw="1">
<![CDATA[
_ifconv1:20  %and_ln949 = and i1 %p_Result_1, %xor_ln949

]]></Node>
<StgValue><ssdm name="and_ln949"/></StgValue>
</operation>

<operation id="127" st_id="13" stage="1" lat="1">
<core>LogicGate</core>
<MemPortIdVec></MemPortIdVec>
<condition id="-1">
<or_exp><and_exp></and_exp></or_exp>
</condition>

<Node id="116" bw="1" op_0_bw="1" op_1_bw="1">
<![CDATA[
_ifconv1:21  %or_ln949 = or i1 %and_ln949, %a

]]></Node>
<StgValue><ssdm name="or_ln949"/></StgValue>
</operation>

<operation id="128" st_id="13" stage="1" lat="1">
<core>NULL</core>
<MemPortIdVec></MemPortIdVec>
<condition id="-1">
<or_exp><and_exp></and_exp></or_exp>
</condition>

<Node id="117" bw="32" op_0_bw="32" op_1_bw="31" op_2_bw="1">
<![CDATA[
_ifconv1:22  %or_ln = call i32 @_ssdm_op_BitConcatenate.i32.i31.i1(i31 0, i1 %or_ln949)

]]></Node>
<StgValue><ssdm name="or_ln"/></StgValue>
</operation>

<operation id="129" st_id="13" stage="1" lat="1">
<core>Cmp</core>
<MemPortIdVec></MemPortIdVec>
<condition id="-1">
<or_exp><and_exp></and_exp></or_exp>
</condition>

<Node id="118" bw="1" op_0_bw="32" op_1_bw="32">
<![CDATA[
_ifconv1:23  %icmp_ln958 = icmp sgt i32 %lsb_index, 0

]]></Node>
<StgValue><ssdm name="icmp_ln958"/></StgValue>
</operation>
</state>

<state id="14" st_id="14">

<operation id="130" st_id="14" stage="1" lat="1">
<core>Cmp</core>
<MemPortIdVec></MemPortIdVec>
<condition id="-1">
<or_exp><and_exp></and_exp></or_exp>
</condition>

<Node id="95" bw="1" op_0_bw="32" op_1_bw="32">
<![CDATA[
_ifconv1:0  %icmp_ln935 = icmp eq i32 %tmp_V_3, 0

]]></Node>
<StgValue><ssdm name="icmp_ln935"/></StgValue>
</operation>

<operation id="131" st_id="14" stage="1" lat="1">
<core>AddSub</core>
<MemPortIdVec></MemPortIdVec>
<condition id="-1">
<or_exp><and_exp><literal name="icmp_ln958" val="1"/>
</and_exp></or_exp>
</condition>

<Node id="119" bw="32" op_0_bw="32" op_1_bw="32">
<![CDATA[
_ifconv1:24  %add_ln958 = add nsw i32 -25, %sub_ln944

]]></Node>
<StgValue><ssdm name="add_ln958"/></StgValue>
</operation>

<operation id="132" st_id="14" stage="1" lat="1">
<core>Shift</core>
<MemPortIdVec></MemPortIdVec>
<condition id="-1">
<or_exp><and_exp><literal name="icmp_ln958" val="1"/>
</and_exp></or_exp>
</condition>

<Node id="120" bw="32" op_0_bw="32" op_1_bw="32">
<![CDATA[
_ifconv1:25  %lshr_ln958 = lshr i32 %tmp_V_4, %add_ln958

]]></Node>
<StgValue><ssdm name="lshr_ln958"/></StgValue>
</operation>

<operation id="133" st_id="14" stage="1" lat="1">
<core>AddSub</core>
<MemPortIdVec></MemPortIdVec>
<condition id="-1">
<or_exp><and_exp><literal name="icmp_ln958" val="0"/>
</and_exp></or_exp>
</condition>

<Node id="121" bw="32" op_0_bw="32" op_1_bw="32">
<![CDATA[
_ifconv1:26  %sub_ln958 = sub i32 25, %sub_ln944

]]></Node>
<StgValue><ssdm name="sub_ln958"/></StgValue>
</operation>

<operation id="134" st_id="14" stage="1" lat="1">
<core>Shift</core>
<MemPortIdVec></MemPortIdVec>
<condition id="-1">
<or_exp><and_exp><literal name="icmp_ln958" val="0"/>
</and_exp></or_exp>
</condition>

<Node id="122" bw="32" op_0_bw="32" op_1_bw="32">
<![CDATA[
_ifconv1:27  %shl_ln958 = shl i32 %tmp_V_4, %sub_ln958

]]></Node>
<StgValue><ssdm name="shl_ln958"/></StgValue>
</operation>

<operation id="135" st_id="14" stage="1" lat="1">
<core>Sel</core>
<MemPortIdVec></MemPortIdVec>
<condition id="-1">
<or_exp><and_exp></and_exp></or_exp>
</condition>

<Node id="123" bw="32" op_0_bw="1" op_1_bw="32" op_2_bw="32">
<![CDATA[
_ifconv1:28  %m_2 = select i1 %icmp_ln958, i32 %lshr_ln958, i32 %shl_ln958

]]></Node>
<StgValue><ssdm name="m_2"/></StgValue>
</operation>

<operation id="136" st_id="14" stage="1" lat="1">
<core>AddSub</core>
<MemPortIdVec></MemPortIdVec>
<condition id="-1">
<or_exp><and_exp></and_exp></or_exp>
</condition>

<Node id="124" bw="32" op_0_bw="32" op_1_bw="32">
<![CDATA[
_ifconv1:29  %m_3 = add i32 %or_ln, %m_2

]]></Node>
<StgValue><ssdm name="m_3"/></StgValue>
</operation>

<operation id="137" st_id="14" stage="1" lat="1">
<core>NULL</core>
<MemPortIdVec></MemPortIdVec>
<condition id="-1">
<or_exp><and_exp></and_exp></or_exp>
</condition>

<Node id="125" bw="31" op_0_bw="31" op_1_bw="32" op_2_bw="32" op_3_bw="32">
<![CDATA[
_ifconv1:30  %m = call i31 @_ssdm_op_PartSelect.i31.i32.i32.i32(i32 %m_3, i32 1, i32 31)

]]></Node>
<StgValue><ssdm name="m"/></StgValue>
</operation>

<operation id="138" st_id="14" stage="1" lat="1">
<core>NULL</core>
<MemPortIdVec></MemPortIdVec>
<condition id="-1">
<or_exp><and_exp></and_exp></or_exp>
</condition>

<Node id="127" bw="1" op_0_bw="1" op_1_bw="32" op_2_bw="32">
<![CDATA[
_ifconv1:32  %tmp_7 = call i1 @_ssdm_op_BitSelect.i1.i32.i32(i32 %m_3, i32 25)

]]></Node>
<StgValue><ssdm name="tmp_7"/></StgValue>
</operation>
</state>

<state id="15" st_id="15">

<operation id="139" st_id="15" stage="1" lat="1">
<core>NULL</core>
<MemPortIdVec></MemPortIdVec>
<condition id="-1">
<or_exp><and_exp><literal name="icmp_ln935" val="0"/>
</and_exp></or_exp>
</condition>

<Node id="126" bw="32" op_0_bw="31">
<![CDATA[
_ifconv1:31  %m_6 = zext i31 %m to i32

]]></Node>
<StgValue><ssdm name="m_6"/></StgValue>
</operation>

<operation id="140" st_id="15" stage="1" lat="1">
<core>Sel</core>
<MemPortIdVec></MemPortIdVec>
<condition id="-1">
<or_exp><and_exp><literal name="icmp_ln935" val="0"/>
</and_exp></or_exp>
</condition>

<Node id="128" bw="8" op_0_bw="1" op_1_bw="8" op_2_bw="8">
<![CDATA[
_ifconv1:33  %select_ln964 = select i1 %tmp_7, i8 127, i8 126

]]></Node>
<StgValue><ssdm name="select_ln964"/></StgValue>
</operation>

<operation id="141" st_id="15" stage="1" lat="1">
<core>TAddSub</core>
<MemPortIdVec></MemPortIdVec>
<condition id="-1">
<or_exp><and_exp><literal name="icmp_ln935" val="0"/>
</and_exp></or_exp>
</condition>

<Node id="130" bw="8" op_0_bw="8" op_1_bw="8">
<![CDATA[
_ifconv1:35  %sub_ln964 = sub i8 12, %trunc_ln943

]]></Node>
<StgValue><ssdm name="sub_ln964"/></StgValue>
</operation>

<operation id="142" st_id="15" stage="1" lat="1">
<core>TAddSub</core>
<MemPortIdVec></MemPortIdVec>
<condition id="-1">
<or_exp><and_exp><literal name="icmp_ln935" val="0"/>
</and_exp></or_exp>
</condition>

<Node id="131" bw="8" op_0_bw="8" op_1_bw="8">
<![CDATA[
_ifconv1:36  %add_ln964 = add i8 %sub_ln964, %select_ln964

]]></Node>
<StgValue><ssdm name="add_ln964"/></StgValue>
</operation>

<operation id="143" st_id="15" stage="1" lat="1">
<core>NULL</core>
<MemPortIdVec></MemPortIdVec>
<condition id="-1">
<or_exp><and_exp><literal name="icmp_ln935" val="0"/>
</and_exp></or_exp>
</condition>

<Node id="132" bw="9" op_0_bw="9" op_1_bw="1" op_2_bw="8">
<![CDATA[
_ifconv1:37  %tmp_3 = call i9 @_ssdm_op_BitConcatenate.i9.i1.i8(i1 %p_Result_5, i8 %add_ln964)

]]></Node>
<StgValue><ssdm name="tmp_3"/></StgValue>
</operation>

<operation id="144" st_id="15" stage="1" lat="1">
<core>NULL</core>
<MemPortIdVec></MemPortIdVec>
<condition id="-1">
<or_exp><and_exp><literal name="icmp_ln935" val="0"/>
</and_exp></or_exp>
</condition>

<Node id="133" bw="32" op_0_bw="32" op_1_bw="32" op_2_bw="9" op_3_bw="32" op_4_bw="32">
<![CDATA[
_ifconv1:38  %p_Result_7 = call i32 @_ssdm_op_PartSet.i32.i32.i9.i32.i32(i32 %m_6, i9 %tmp_3, i32 23, i32 31)

]]></Node>
<StgValue><ssdm name="p_Result_7"/></StgValue>
</operation>

<operation id="145" st_id="15" stage="1" lat="1">
<core>NULL</core>
<MemPortIdVec></MemPortIdVec>
<condition id="-1">
<or_exp><and_exp><literal name="icmp_ln935" val="0"/>
</and_exp></or_exp>
</condition>

<Node id="134" bw="32" op_0_bw="32">
<![CDATA[
_ifconv1:39  %bitcast_ln739 = bitcast i32 %p_Result_7 to float

]]></Node>
<StgValue><ssdm name="bitcast_ln739"/></StgValue>
</operation>

<operation id="146" st_id="15" stage="1" lat="1">
<core>Sel</core>
<MemPortIdVec></MemPortIdVec>
<condition id="-1">
<or_exp><and_exp></and_exp></or_exp>
</condition>

<Node id="135" bw="32" op_0_bw="1" op_1_bw="32" op_2_bw="32">
<![CDATA[
_ifconv1:40  %select_ln935 = select i1 %icmp_ln935, float 0.000000e+00, float %bitcast_ln739

]]></Node>
<StgValue><ssdm name="select_ln935"/></StgValue>
</operation>
</state>

<state id="16" st_id="16">

<operation id="147" st_id="16" stage="12" lat="12">
<core>FSqrt</core>
<MemPortIdVec></MemPortIdVec>
<condition id="-1">
<or_exp><and_exp></and_exp></or_exp>
</condition>

<Node id="136" bw="32" op_0_bw="32" op_1_bw="32">
<![CDATA[
_ifconv1:41  %v_assign = call float @llvm.sqrt.f32(float %select_ln935) nounwind

]]></Node>
<StgValue><ssdm name="v_assign"/></StgValue>
</operation>
</state>

<state id="17" st_id="17">

<operation id="148" st_id="17" stage="11" lat="12">
<core>FSqrt</core>
<MemPortIdVec></MemPortIdVec>
<condition id="-1">
<or_exp><and_exp></and_exp></or_exp>
</condition>

<Node id="136" bw="32" op_0_bw="32" op_1_bw="32">
<![CDATA[
_ifconv1:41  %v_assign = call float @llvm.sqrt.f32(float %select_ln935) nounwind

]]></Node>
<StgValue><ssdm name="v_assign"/></StgValue>
</operation>
</state>

<state id="18" st_id="18">

<operation id="149" st_id="18" stage="10" lat="12">
<core>FSqrt</core>
<MemPortIdVec></MemPortIdVec>
<condition id="-1">
<or_exp><and_exp></and_exp></or_exp>
</condition>

<Node id="136" bw="32" op_0_bw="32" op_1_bw="32">
<![CDATA[
_ifconv1:41  %v_assign = call float @llvm.sqrt.f32(float %select_ln935) nounwind

]]></Node>
<StgValue><ssdm name="v_assign"/></StgValue>
</operation>
</state>

<state id="19" st_id="19">

<operation id="150" st_id="19" stage="9" lat="12">
<core>FSqrt</core>
<MemPortIdVec></MemPortIdVec>
<condition id="-1">
<or_exp><and_exp></and_exp></or_exp>
</condition>

<Node id="136" bw="32" op_0_bw="32" op_1_bw="32">
<![CDATA[
_ifconv1:41  %v_assign = call float @llvm.sqrt.f32(float %select_ln935) nounwind

]]></Node>
<StgValue><ssdm name="v_assign"/></StgValue>
</operation>
</state>

<state id="20" st_id="20">

<operation id="151" st_id="20" stage="8" lat="12">
<core>FSqrt</core>
<MemPortIdVec></MemPortIdVec>
<condition id="-1">
<or_exp><and_exp></and_exp></or_exp>
</condition>

<Node id="136" bw="32" op_0_bw="32" op_1_bw="32">
<![CDATA[
_ifconv1:41  %v_assign = call float @llvm.sqrt.f32(float %select_ln935) nounwind

]]></Node>
<StgValue><ssdm name="v_assign"/></StgValue>
</operation>
</state>

<state id="21" st_id="21">

<operation id="152" st_id="21" stage="7" lat="12">
<core>FSqrt</core>
<MemPortIdVec></MemPortIdVec>
<condition id="-1">
<or_exp><and_exp></and_exp></or_exp>
</condition>

<Node id="136" bw="32" op_0_bw="32" op_1_bw="32">
<![CDATA[
_ifconv1:41  %v_assign = call float @llvm.sqrt.f32(float %select_ln935) nounwind

]]></Node>
<StgValue><ssdm name="v_assign"/></StgValue>
</operation>
</state>

<state id="22" st_id="22">

<operation id="153" st_id="22" stage="6" lat="12">
<core>FSqrt</core>
<MemPortIdVec></MemPortIdVec>
<condition id="-1">
<or_exp><and_exp></and_exp></or_exp>
</condition>

<Node id="136" bw="32" op_0_bw="32" op_1_bw="32">
<![CDATA[
_ifconv1:41  %v_assign = call float @llvm.sqrt.f32(float %select_ln935) nounwind

]]></Node>
<StgValue><ssdm name="v_assign"/></StgValue>
</operation>
</state>

<state id="23" st_id="23">

<operation id="154" st_id="23" stage="5" lat="12">
<core>FSqrt</core>
<MemPortIdVec></MemPortIdVec>
<condition id="-1">
<or_exp><and_exp></and_exp></or_exp>
</condition>

<Node id="136" bw="32" op_0_bw="32" op_1_bw="32">
<![CDATA[
_ifconv1:41  %v_assign = call float @llvm.sqrt.f32(float %select_ln935) nounwind

]]></Node>
<StgValue><ssdm name="v_assign"/></StgValue>
</operation>
</state>

<state id="24" st_id="24">

<operation id="155" st_id="24" stage="4" lat="12">
<core>FSqrt</core>
<MemPortIdVec></MemPortIdVec>
<condition id="-1">
<or_exp><and_exp></and_exp></or_exp>
</condition>

<Node id="136" bw="32" op_0_bw="32" op_1_bw="32">
<![CDATA[
_ifconv1:41  %v_assign = call float @llvm.sqrt.f32(float %select_ln935) nounwind

]]></Node>
<StgValue><ssdm name="v_assign"/></StgValue>
</operation>
</state>

<state id="25" st_id="25">

<operation id="156" st_id="25" stage="3" lat="12">
<core>FSqrt</core>
<MemPortIdVec></MemPortIdVec>
<condition id="-1">
<or_exp><and_exp></and_exp></or_exp>
</condition>

<Node id="136" bw="32" op_0_bw="32" op_1_bw="32">
<![CDATA[
_ifconv1:41  %v_assign = call float @llvm.sqrt.f32(float %select_ln935) nounwind

]]></Node>
<StgValue><ssdm name="v_assign"/></StgValue>
</operation>
</state>

<state id="26" st_id="26">

<operation id="157" st_id="26" stage="2" lat="12">
<core>FSqrt</core>
<MemPortIdVec></MemPortIdVec>
<condition id="-1">
<or_exp><and_exp></and_exp></or_exp>
</condition>

<Node id="136" bw="32" op_0_bw="32" op_1_bw="32">
<![CDATA[
_ifconv1:41  %v_assign = call float @llvm.sqrt.f32(float %select_ln935) nounwind

]]></Node>
<StgValue><ssdm name="v_assign"/></StgValue>
</operation>
</state>

<state id="27" st_id="27">

<operation id="158" st_id="27" stage="1" lat="12">
<core>FSqrt</core>
<MemPortIdVec></MemPortIdVec>
<condition id="-1">
<or_exp><and_exp></and_exp></or_exp>
</condition>

<Node id="136" bw="32" op_0_bw="32" op_1_bw="32">
<![CDATA[
_ifconv1:41  %v_assign = call float @llvm.sqrt.f32(float %select_ln935) nounwind

]]></Node>
<StgValue><ssdm name="v_assign"/></StgValue>
</operation>
</state>

<state id="28" st_id="28">

<operation id="159" st_id="28" stage="2" lat="2">
<core>Float2Double</core>
<MemPortIdVec></MemPortIdVec>
<condition id="-1">
<or_exp><and_exp></and_exp></or_exp>
</condition>

<Node id="137" bw="64" op_0_bw="32">
<![CDATA[
_ifconv1:42  %d_assign = fpext float %v_assign to double

]]></Node>
<StgValue><ssdm name="d_assign"/></StgValue>
</operation>
</state>

<state id="29" st_id="29">

<operation id="160" st_id="29" stage="1" lat="2">
<core>Float2Double</core>
<MemPortIdVec></MemPortIdVec>
<condition id="-1">
<or_exp><and_exp></and_exp></or_exp>
</condition>

<Node id="137" bw="64" op_0_bw="32">
<![CDATA[
_ifconv1:42  %d_assign = fpext float %v_assign to double

]]></Node>
<StgValue><ssdm name="d_assign"/></StgValue>
</operation>

<operation id="161" st_id="29" stage="1" lat="1">
<core>NULL</core>
<MemPortIdVec></MemPortIdVec>
<condition id="-1">
<or_exp><and_exp></and_exp></or_exp>
</condition>

<Node id="138" bw="64" op_0_bw="64">
<![CDATA[
_ifconv1:43  %ireg_V = bitcast double %d_assign to i64

]]></Node>
<StgValue><ssdm name="ireg_V"/></StgValue>
</operation>

<operation id="162" st_id="29" stage="1" lat="1">
<core>NULL</core>
<MemPortIdVec></MemPortIdVec>
<condition id="-1">
<or_exp><and_exp></and_exp></or_exp>
</condition>

<Node id="139" bw="63" op_0_bw="64">
<![CDATA[
_ifconv1:44  %trunc_ln556 = trunc i64 %ireg_V to i63

]]></Node>
<StgValue><ssdm name="trunc_ln556"/></StgValue>
</operation>

<operation id="163" st_id="29" stage="1" lat="1">
<core>NULL</core>
<MemPortIdVec></MemPortIdVec>
<condition id="-1">
<or_exp><and_exp></and_exp></or_exp>
</condition>

<Node id="140" bw="1" op_0_bw="1" op_1_bw="64" op_2_bw="32">
<![CDATA[
_ifconv1:45  %p_Result_8 = call i1 @_ssdm_op_BitSelect.i1.i64.i32(i64 %ireg_V, i32 63)

]]></Node>
<StgValue><ssdm name="p_Result_8"/></StgValue>
</operation>

<operation id="164" st_id="29" stage="1" lat="1">
<core>NULL</core>
<MemPortIdVec></MemPortIdVec>
<condition id="-1">
<or_exp><and_exp></and_exp></or_exp>
</condition>

<Node id="141" bw="11" op_0_bw="11" op_1_bw="64" op_2_bw="32" op_3_bw="32">
<![CDATA[
_ifconv1:46  %exp_tmp_V = call i11 @_ssdm_op_PartSelect.i11.i64.i32.i32(i64 %ireg_V, i32 52, i32 62)

]]></Node>
<StgValue><ssdm name="exp_tmp_V"/></StgValue>
</operation>

<operation id="165" st_id="29" stage="1" lat="1">
<core>NULL</core>
<MemPortIdVec></MemPortIdVec>
<condition id="-1">
<or_exp><and_exp></and_exp></or_exp>
</condition>

<Node id="142" bw="12" op_0_bw="11">
<![CDATA[
_ifconv1:47  %zext_ln461 = zext i11 %exp_tmp_V to i12

]]></Node>
<StgValue><ssdm name="zext_ln461"/></StgValue>
</operation>

<operation id="166" st_id="29" stage="1" lat="1">
<core>NULL</core>
<MemPortIdVec></MemPortIdVec>
<condition id="-1">
<or_exp><and_exp></and_exp></or_exp>
</condition>

<Node id="143" bw="52" op_0_bw="64">
<![CDATA[
_ifconv1:48  %trunc_ln565 = trunc i64 %ireg_V to i52

]]></Node>
<StgValue><ssdm name="trunc_ln565"/></StgValue>
</operation>

<operation id="167" st_id="29" stage="1" lat="1">
<core>NULL</core>
<MemPortIdVec></MemPortIdVec>
<condition id="-1">
<or_exp><and_exp></and_exp></or_exp>
</condition>

<Node id="144" bw="53" op_0_bw="53" op_1_bw="1" op_2_bw="52">
<![CDATA[
_ifconv1:49  %tmp_4 = call i53 @_ssdm_op_BitConcatenate.i53.i1.i52(i1 true, i52 %trunc_ln565)

]]></Node>
<StgValue><ssdm name="tmp_4"/></StgValue>
</operation>

<operation id="168" st_id="29" stage="1" lat="1">
<core>NULL</core>
<MemPortIdVec></MemPortIdVec>
<condition id="-1">
<or_exp><and_exp></and_exp></or_exp>
</condition>

<Node id="145" bw="54" op_0_bw="53">
<![CDATA[
_ifconv1:50  %p_Result_9 = zext i53 %tmp_4 to i54

]]></Node>
<StgValue><ssdm name="p_Result_9"/></StgValue>
</operation>

<operation id="169" st_id="29" stage="1" lat="1">
<core>AddSub</core>
<MemPortIdVec></MemPortIdVec>
<condition id="-1">
<or_exp><and_exp></and_exp></or_exp>
</condition>

<Node id="146" bw="54" op_0_bw="54" op_1_bw="54">
<![CDATA[
_ifconv1:51  %man_V_1 = sub i54 0, %p_Result_9

]]></Node>
<StgValue><ssdm name="man_V_1"/></StgValue>
</operation>

<operation id="170" st_id="29" stage="1" lat="1">
<core>Sel</core>
<MemPortIdVec></MemPortIdVec>
<condition id="-1">
<or_exp><and_exp></and_exp></or_exp>
</condition>

<Node id="147" bw="54" op_0_bw="1" op_1_bw="54" op_2_bw="54">
<![CDATA[
_ifconv1:52  %man_V_2 = select i1 %p_Result_8, i54 %man_V_1, i54 %p_Result_9

]]></Node>
<StgValue><ssdm name="man_V_2"/></StgValue>
</operation>

<operation id="171" st_id="29" stage="1" lat="1">
<core>Cmp</core>
<MemPortIdVec></MemPortIdVec>
<condition id="-1">
<or_exp><and_exp></and_exp></or_exp>
</condition>

<Node id="148" bw="1" op_0_bw="63" op_1_bw="63">
<![CDATA[
_ifconv1:53  %icmp_ln571 = icmp eq i63 %trunc_ln556, 0

]]></Node>
<StgValue><ssdm name="icmp_ln571"/></StgValue>
</operation>

<operation id="172" st_id="29" stage="1" lat="1">
<core>AddSub</core>
<MemPortIdVec></MemPortIdVec>
<condition id="-1">
<or_exp><and_exp></and_exp></or_exp>
</condition>

<Node id="149" bw="12" op_0_bw="12" op_1_bw="12">
<![CDATA[
_ifconv1:54  %F2 = sub i12 1075, %zext_ln461

]]></Node>
<StgValue><ssdm name="F2"/></StgValue>
</operation>

<operation id="173" st_id="29" stage="1" lat="1">
<core>Cmp</core>
<MemPortIdVec></MemPortIdVec>
<condition id="-1">
<or_exp><and_exp></and_exp></or_exp>
</condition>

<Node id="150" bw="1" op_0_bw="12" op_1_bw="12">
<![CDATA[
_ifconv1:55  %icmp_ln581 = icmp sgt i12 %F2, 20

]]></Node>
<StgValue><ssdm name="icmp_ln581"/></StgValue>
</operation>

<operation id="174" st_id="29" stage="1" lat="1">
<core>AddSub</core>
<MemPortIdVec></MemPortIdVec>
<condition id="-1">
<or_exp><and_exp></and_exp></or_exp>
</condition>

<Node id="151" bw="12" op_0_bw="12" op_1_bw="12">
<![CDATA[
_ifconv1:56  %add_ln581 = add i12 -20, %F2

]]></Node>
<StgValue><ssdm name="add_ln581"/></StgValue>
</operation>

<operation id="175" st_id="29" stage="1" lat="1">
<core>AddSub</core>
<MemPortIdVec></MemPortIdVec>
<condition id="-1">
<or_exp><and_exp></and_exp></or_exp>
</condition>

<Node id="152" bw="12" op_0_bw="12" op_1_bw="12">
<![CDATA[
_ifconv1:57  %sub_ln581 = sub i12 20, %F2

]]></Node>
<StgValue><ssdm name="sub_ln581"/></StgValue>
</operation>

<operation id="176" st_id="29" stage="1" lat="1">
<core>Sel</core>
<MemPortIdVec></MemPortIdVec>
<condition id="-1">
<or_exp><and_exp></and_exp></or_exp>
</condition>

<Node id="153" bw="12" op_0_bw="1" op_1_bw="12" op_2_bw="12">
<![CDATA[
_ifconv1:58  %sh_amt = select i1 %icmp_ln581, i12 %add_ln581, i12 %sub_ln581

]]></Node>
<StgValue><ssdm name="sh_amt"/></StgValue>
</operation>

<operation id="177" st_id="29" stage="1" lat="1">
<core>Cmp</core>
<MemPortIdVec></MemPortIdVec>
<condition id="-1">
<or_exp><and_exp></and_exp></or_exp>
</condition>

<Node id="155" bw="1" op_0_bw="12" op_1_bw="12">
<![CDATA[
_ifconv1:60  %icmp_ln582 = icmp eq i12 %F2, 20

]]></Node>
<StgValue><ssdm name="icmp_ln582"/></StgValue>
</operation>

<operation id="178" st_id="29" stage="1" lat="1">
<core>NULL</core>
<MemPortIdVec></MemPortIdVec>
<condition id="-1">
<or_exp><and_exp></and_exp></or_exp>
</condition>

<Node id="156" bw="32" op_0_bw="54">
<![CDATA[
_ifconv1:61  %trunc_ln583 = trunc i54 %man_V_2 to i32

]]></Node>
<StgValue><ssdm name="trunc_ln583"/></StgValue>
</operation>

<operation id="179" st_id="29" stage="1" lat="1">
<core>NULL</core>
<MemPortIdVec></MemPortIdVec>
<condition id="-1">
<or_exp><and_exp></and_exp></or_exp>
</condition>

<Node id="158" bw="7" op_0_bw="7" op_1_bw="12" op_2_bw="32" op_3_bw="32">
<![CDATA[
_ifconv1:63  %tmp_9 = call i7 @_ssdm_op_PartSelect.i7.i12.i32.i32(i12 %sh_amt, i32 5, i32 11)

]]></Node>
<StgValue><ssdm name="tmp_9"/></StgValue>
</operation>
</state>

<state id="30" st_id="30">

<operation id="180" st_id="30" stage="1" lat="1">
<core>NULL</core>
<MemPortIdVec></MemPortIdVec>
<condition id="-1">
<or_exp><and_exp></and_exp></or_exp>
</condition>

<Node id="154" bw="32" op_0_bw="12">
<![CDATA[
_ifconv1:59  %sext_ln581 = sext i12 %sh_amt to i32

]]></Node>
<StgValue><ssdm name="sext_ln581"/></StgValue>
</operation>

<operation id="181" st_id="30" stage="1" lat="1">
<core>Cmp</core>
<MemPortIdVec></MemPortIdVec>
<condition id="-1">
<or_exp><and_exp></and_exp></or_exp>
</condition>

<Node id="157" bw="1" op_0_bw="12" op_1_bw="12">
<![CDATA[
_ifconv1:62  %icmp_ln585 = icmp ult i12 %sh_amt, 54

]]></Node>
<StgValue><ssdm name="icmp_ln585"/></StgValue>
</operation>

<operation id="182" st_id="30" stage="1" lat="1">
<core>Cmp</core>
<MemPortIdVec></MemPortIdVec>
<condition id="-1">
<or_exp><and_exp></and_exp></or_exp>
</condition>

<Node id="159" bw="1" op_0_bw="7" op_1_bw="7">
<![CDATA[
_ifconv1:64  %icmp_ln603 = icmp eq i7 %tmp_9, 0

]]></Node>
<StgValue><ssdm name="icmp_ln603"/></StgValue>
</operation>

<operation id="183" st_id="30" stage="1" lat="1">
<core>NULL</core>
<MemPortIdVec></MemPortIdVec>
<condition id="-1">
<or_exp><and_exp></and_exp></or_exp>
</condition>

<Node id="160" bw="54" op_0_bw="32">
<![CDATA[
_ifconv1:65  %zext_ln586 = zext i32 %sext_ln581 to i54

]]></Node>
<StgValue><ssdm name="zext_ln586"/></StgValue>
</operation>

<operation id="184" st_id="30" stage="1" lat="1">
<core>Shift</core>
<MemPortIdVec></MemPortIdVec>
<condition id="-1">
<or_exp><and_exp></and_exp></or_exp>
</condition>

<Node id="161" bw="54" op_0_bw="54" op_1_bw="54">
<![CDATA[
_ifconv1:66  %ashr_ln586 = ashr i54 %man_V_2, %zext_ln586

]]></Node>
<StgValue><ssdm name="ashr_ln586"/></StgValue>
</operation>

<operation id="185" st_id="30" stage="1" lat="1">
<core>NULL</core>
<MemPortIdVec></MemPortIdVec>
<condition id="-1">
<or_exp><and_exp></and_exp></or_exp>
</condition>

<Node id="162" bw="32" op_0_bw="54">
<![CDATA[
_ifconv1:67  %trunc_ln586 = trunc i54 %ashr_ln586 to i32

]]></Node>
<StgValue><ssdm name="trunc_ln586"/></StgValue>
</operation>

<operation id="186" st_id="30" stage="1" lat="1">
<core>NULL</core>
<MemPortIdVec></MemPortIdVec>
<condition id="-1">
<or_exp><and_exp></and_exp></or_exp>
</condition>

<Node id="163" bw="32" op_0_bw="32">
<![CDATA[
_ifconv1:68  %bitcast_ln696 = bitcast float %v_assign to i32

]]></Node>
<StgValue><ssdm name="bitcast_ln696"/></StgValue>
</operation>

<operation id="187" st_id="30" stage="1" lat="1">
<core>NULL</core>
<MemPortIdVec></MemPortIdVec>
<condition id="-1">
<or_exp><and_exp></and_exp></or_exp>
</condition>

<Node id="164" bw="1" op_0_bw="1" op_1_bw="32" op_2_bw="32">
<![CDATA[
_ifconv1:69  %tmp_10 = call i1 @_ssdm_op_BitSelect.i1.i32.i32(i32 %bitcast_ln696, i32 31)

]]></Node>
<StgValue><ssdm name="tmp_10"/></StgValue>
</operation>

<operation id="188" st_id="30" stage="1" lat="1">
<core>Sel</core>
<MemPortIdVec></MemPortIdVec>
<condition id="-1">
<or_exp><and_exp></and_exp></or_exp>
</condition>

<Node id="165" bw="32" op_0_bw="1" op_1_bw="32" op_2_bw="32">
<![CDATA[
_ifconv1:70  %select_ln588 = select i1 %tmp_10, i32 -1, i32 0

]]></Node>
<StgValue><ssdm name="select_ln588"/></StgValue>
</operation>

<operation id="189" st_id="30" stage="1" lat="1">
<core>Shift</core>
<MemPortIdVec></MemPortIdVec>
<condition id="-1">
<or_exp><and_exp></and_exp></or_exp>
</condition>

<Node id="166" bw="32" op_0_bw="32" op_1_bw="32">
<![CDATA[
_ifconv1:71  %shl_ln604 = shl i32 %trunc_ln583, %sext_ln581

]]></Node>
<StgValue><ssdm name="shl_ln604"/></StgValue>
</operation>

<operation id="190" st_id="30" stage="1" lat="1">
<core>LogicGate</core>
<MemPortIdVec></MemPortIdVec>
<condition id="-1">
<or_exp><and_exp></and_exp></or_exp>
</condition>

<Node id="167" bw="1" op_0_bw="1" op_1_bw="1">
<![CDATA[
_ifconv1:72  %xor_ln571 = xor i1 %icmp_ln571, true

]]></Node>
<StgValue><ssdm name="xor_ln571"/></StgValue>
</operation>

<operation id="191" st_id="30" stage="1" lat="1">
<core>LogicGate</core>
<MemPortIdVec></MemPortIdVec>
<condition id="-1">
<or_exp><and_exp></and_exp></or_exp>
</condition>

<Node id="168" bw="1" op_0_bw="1" op_1_bw="1">
<![CDATA[
_ifconv1:73  %and_ln582 = and i1 %icmp_ln582, %xor_ln571

]]></Node>
<StgValue><ssdm name="and_ln582"/></StgValue>
</operation>

<operation id="192" st_id="30" stage="1" lat="1">
<core>LogicGate</core>
<MemPortIdVec></MemPortIdVec>
<condition id="-1">
<or_exp><and_exp></and_exp></or_exp>
</condition>

<Node id="169" bw="1" op_0_bw="1" op_1_bw="1">
<![CDATA[
_ifconv1:74  %or_ln582 = or i1 %icmp_ln571, %icmp_ln582

]]></Node>
<StgValue><ssdm name="or_ln582"/></StgValue>
</operation>

<operation id="193" st_id="30" stage="1" lat="1">
<core>LogicGate</core>
<MemPortIdVec></MemPortIdVec>
<condition id="-1">
<or_exp><and_exp></and_exp></or_exp>
</condition>

<Node id="170" bw="1" op_0_bw="1" op_1_bw="1">
<![CDATA[
_ifconv1:75  %xor_ln582 = xor i1 %or_ln582, true

]]></Node>
<StgValue><ssdm name="xor_ln582"/></StgValue>
</operation>

<operation id="194" st_id="30" stage="1" lat="1">
<core>LogicGate</core>
<MemPortIdVec></MemPortIdVec>
<condition id="-1">
<or_exp><and_exp></and_exp></or_exp>
</condition>

<Node id="171" bw="1" op_0_bw="1" op_1_bw="1">
<![CDATA[
_ifconv1:76  %and_ln581 = and i1 %icmp_ln581, %xor_ln582

]]></Node>
<StgValue><ssdm name="and_ln581"/></StgValue>
</operation>

<operation id="195" st_id="30" stage="1" lat="1">
<core>LogicGate</core>
<MemPortIdVec></MemPortIdVec>
<condition id="-1">
<or_exp><and_exp></and_exp></or_exp>
</condition>

<Node id="172" bw="1" op_0_bw="1" op_1_bw="1">
<![CDATA[
_ifconv1:77  %xor_ln585 = xor i1 %icmp_ln585, true

]]></Node>
<StgValue><ssdm name="xor_ln585"/></StgValue>
</operation>

<operation id="196" st_id="30" stage="1" lat="1">
<core>LogicGate</core>
<MemPortIdVec></MemPortIdVec>
<condition id="-1">
<or_exp><and_exp></and_exp></or_exp>
</condition>

<Node id="173" bw="1" op_0_bw="1" op_1_bw="1">
<![CDATA[
_ifconv1:78  %and_ln585 = and i1 %and_ln581, %xor_ln585

]]></Node>
<StgValue><ssdm name="and_ln585"/></StgValue>
</operation>

<operation id="197" st_id="30" stage="1" lat="1">
<core>LogicGate</core>
<MemPortIdVec></MemPortIdVec>
<condition id="-1">
<or_exp><and_exp></and_exp></or_exp>
</condition>

<Node id="174" bw="1" op_0_bw="1" op_1_bw="1">
<![CDATA[
_ifconv1:79  %and_ln585_1 = and i1 %and_ln581, %icmp_ln585

]]></Node>
<StgValue><ssdm name="and_ln585_1"/></StgValue>
</operation>

<operation id="198" st_id="30" stage="1" lat="1">
<core>LogicGate</core>
<MemPortIdVec></MemPortIdVec>
<condition id="-1">
<or_exp><and_exp></and_exp></or_exp>
</condition>

<Node id="175" bw="1" op_0_bw="1" op_1_bw="1">
<![CDATA[
_ifconv1:80  %or_ln581 = or i1 %or_ln582, %icmp_ln581

]]></Node>
<StgValue><ssdm name="or_ln581"/></StgValue>
</operation>

<operation id="199" st_id="30" stage="1" lat="1">
<core>LogicGate</core>
<MemPortIdVec></MemPortIdVec>
<condition id="-1">
<or_exp><and_exp></and_exp></or_exp>
</condition>

<Node id="176" bw="1" op_0_bw="1" op_1_bw="1">
<![CDATA[
_ifconv1:81  %xor_ln581 = xor i1 %or_ln581, true

]]></Node>
<StgValue><ssdm name="xor_ln581"/></StgValue>
</operation>

<operation id="200" st_id="30" stage="1" lat="1">
<core>LogicGate</core>
<MemPortIdVec></MemPortIdVec>
<condition id="-1">
<or_exp><and_exp></and_exp></or_exp>
</condition>

<Node id="177" bw="1" op_0_bw="1" op_1_bw="1">
<![CDATA[
_ifconv1:82  %and_ln603 = and i1 %icmp_ln603, %xor_ln581

]]></Node>
<StgValue><ssdm name="and_ln603"/></StgValue>
</operation>

<operation id="201" st_id="30" stage="1" lat="1">
<core>Sel</core>
<MemPortIdVec></MemPortIdVec>
<condition id="-1">
<or_exp><and_exp></and_exp></or_exp>
</condition>

<Node id="178" bw="32" op_0_bw="1" op_1_bw="32" op_2_bw="32">
<![CDATA[
_ifconv1:83  %select_ln603 = select i1 %and_ln603, i32 %shl_ln604, i32 %trunc_ln586

]]></Node>
<StgValue><ssdm name="select_ln603"/></StgValue>
</operation>

<operation id="202" st_id="30" stage="1" lat="1">
<core>LogicGate</core>
<MemPortIdVec></MemPortIdVec>
<condition id="-1">
<or_exp><and_exp></and_exp></or_exp>
</condition>

<Node id="179" bw="1" op_0_bw="1" op_1_bw="1">
<![CDATA[
_ifconv1:84  %or_ln603 = or i1 %and_ln603, %and_ln585_1

]]></Node>
<StgValue><ssdm name="or_ln603"/></StgValue>
</operation>

<operation id="203" st_id="30" stage="1" lat="1">
<core>Sel</core>
<MemPortIdVec></MemPortIdVec>
<condition id="-1">
<or_exp><and_exp></and_exp></or_exp>
</condition>

<Node id="180" bw="32" op_0_bw="1" op_1_bw="32" op_2_bw="32">
<![CDATA[
_ifconv1:85  %select_ln603_1 = select i1 %and_ln585, i32 %select_ln588, i32 %trunc_ln583

]]></Node>
<StgValue><ssdm name="select_ln603_1"/></StgValue>
</operation>

<operation id="204" st_id="30" stage="1" lat="1">
<core>LogicGate</core>
<MemPortIdVec></MemPortIdVec>
<condition id="-1">
<or_exp><and_exp></and_exp></or_exp>
</condition>

<Node id="181" bw="1" op_0_bw="1" op_1_bw="1">
<![CDATA[
_ifconv1:86  %or_ln603_1 = or i1 %and_ln585, %and_ln582

]]></Node>
<StgValue><ssdm name="or_ln603_1"/></StgValue>
</operation>

<operation id="205" st_id="30" stage="1" lat="1">
<core>Sel</core>
<MemPortIdVec></MemPortIdVec>
<condition id="-1">
<or_exp><and_exp></and_exp></or_exp>
</condition>

<Node id="182" bw="32" op_0_bw="1" op_1_bw="32" op_2_bw="32">
<![CDATA[
_ifconv1:87  %select_ln603_2 = select i1 %or_ln603, i32 %select_ln603, i32 %select_ln603_1

]]></Node>
<StgValue><ssdm name="select_ln603_2"/></StgValue>
</operation>

<operation id="206" st_id="30" stage="1" lat="1">
<core>LogicGate</core>
<MemPortIdVec></MemPortIdVec>
<condition id="-1">
<or_exp><and_exp></and_exp></or_exp>
</condition>

<Node id="183" bw="1" op_0_bw="1" op_1_bw="1">
<![CDATA[
_ifconv1:88  %or_ln603_2 = or i1 %or_ln603, %or_ln603_1

]]></Node>
<StgValue><ssdm name="or_ln603_2"/></StgValue>
</operation>

<operation id="207" st_id="30" stage="1" lat="1">
<core>Sel</core>
<MemPortIdVec></MemPortIdVec>
<condition id="-1">
<or_exp><and_exp></and_exp></or_exp>
</condition>

<Node id="184" bw="32" op_0_bw="1" op_1_bw="32" op_2_bw="32">
<![CDATA[
_ifconv1:89  %norm_w_V = select i1 %or_ln603_2, i32 %select_ln603_2, i32 0

]]></Node>
<StgValue><ssdm name="norm_w_V"/></StgValue>
</operation>

<operation id="208" st_id="30" stage="1" lat="1">
<core>NULL</core>
<MemPortIdVec></MemPortIdVec>
<condition id="-1">
<or_exp><and_exp></and_exp></or_exp>
</condition>

<Node id="185" bw="0" op_0_bw="32">
<![CDATA[
_ifconv1:90  ret i32 %norm_w_V

]]></Node>
<StgValue><ssdm name="ret_ln51"/></StgValue>
</operation>
</state>
</state_list>


<ports>
</ports>


<dataflows>
</dataflows>


</stg>
