<profile>

<section name = "Vivado HLS Report for 'get_geometric_values'" level="0">
<item name = "Date">Sat Feb  1 18:15:46 2020
</item>
<item name = "Version">2019.1 (Build 2552052 on Fri May 24 15:28:33 MDT 2019)</item>
<item name = "Project">geometric_values_fxp_linear</item>
<item name = "Solution">solution15</item>
<item name = "Product family">zynq</item>
<item name = "Target device">xc7z020-clg400-1</item>
</section>

<section name = "Performance Estimates" level="0">
<item name = "Timing (ns)">
<section name = "" level="1">
<item name = "Summary"><table name="" hasTotal="0">
<keys size="4">Clock, Target, Estimated, Uncertainty</keys>
<column name="ap_clk">10.00, 11.764, 1.25</column>
</table>
</item>
</section>
</item>
<item name = "Latency (clock cycles)">
<section name = "" level="1">
<item name = "Summary"><table name="" hasTotal="0">
<keys size="6">, min, max, min, max, Type</keys>
<column name="">?, ?, ?, ?, none</column>
</table>
</item>
<item name = "Detail">
<section name = "" level="1">
<item name = "Instance"><table name="" hasTotal="0">
<keys size="7">Instance, Module, min, max, min, max, Type</keys>
<column name="grp_get_w_fu_211">get_w, ?, ?, ?, ?, none</column>
</table>
</item>
<item name = "Loop"><table name="" hasTotal="0">
<keys size="8">Loop Name, min, max, Latency, achieved, target, Count, Pipelined</keys>
<column name="- geo_vals_outer_loop">262, 262000000, 262, -, -, 1 ~ 1000000, no</column>
<column name=" + get_f_value_loop">259, 259, 5, 1, 1, 256, yes</column>
</table>
</item>
</section>
</item>
</section>
</item>
</section>

<section name = "Utilization Estimates" level="0">
<item name = "Summary"><table name="" hasTotal="1">
<keys size="6">Name, BRAM_18K, DSP48E, FF, LUT, URAM</keys>
<column name="DSP">-, -, -, -, -</column>
<column name="Expression">-, 6, 0, 310, -</column>
<column name="FIFO">-, -, -, -, -</column>
<column name="Instance">0, 6, 1893, 3268, -</column>
<column name="Memory">2, -, 0, 0, 0</column>
<column name="Multiplexer">-, -, -, 438, -</column>
<column name="Register">0, -, 655, 96, -</column>
<specialColumn name="Available">280, 220, 106400, 53200, 0</specialColumn>
<specialColumn name="Utilization (%)">~0, 5, 2, 7, 0</specialColumn>
</table>
</item>
<item name = "Detail">
<section name = "" level="1">
<item name = "Instance"><table name="" hasTotal="1">
<keys size="7">Instance, Module, BRAM_18K, DSP48E, FF, LUT, URAM</keys>
<column name="geometric_values_eOg_U12">geometric_values_eOg, 0, 0, 515, 312, 0</column>
<column name="grp_get_w_fu_211">get_w, 0, 6, 1378, 2956, 0</column>
</table>
</item>
<item name = "DSP48E"><table name="" hasTotal="0">
<keys size="3">Instance, Module, Expression</keys>
</table>
</item>
<item name = "Memory"><table name="" hasTotal="1">
<keys size="10">Memory, Module, BRAM_18K, FF, LUT, URAM, Words, Bits, Banks, W*Bits*Banks</keys>
<column name="w_U">get_geometric_valdEe, 2, 0, 0, 0, 256, 32, 1, 8192</column>
</table>
</item>
<item name = "FIFO"><table name="" hasTotal="1">
<keys size="8">Name, BRAM_18K, FF, LUT, URAM, Depth, Bits, Size:D*B</keys>
</table>
</item>
<item name = "Expression"><table name="" hasTotal="1">
<keys size="7">Variable Name, Operation, DSP48E, FF, LUT, Bitwidth P0, Bitwidth P1</keys>
<column name="mul_ln1192_fu_323_p2">*, 2, 0, 20, 16, 32</column>
<column name="r_V_fu_361_p2">*, 4, 0, 20, 32, 32</column>
<column name="n1_V_fu_266_p2">+, 0, 0, 27, 20, 1</column>
<column name="n2_V_fu_292_p2">+, 0, 0, 15, 9, 1</column>
<column name="ret_V_3_fu_337_p2">+, 0, 0, 54, 47, 47</column>
<column name="ret_V_fu_254_p2">+, 0, 0, 28, 2, 21</column>
<column name="temp_var_V_fu_353_p2">+, 0, 0, 39, 32, 32</column>
<column name="ap_block_pp0_stage0_01001">and, 0, 0, 2, 1, 1</column>
<column name="ap_block_state50_pp0_stage0_iter0">and, 0, 0, 2, 1, 1</column>
<column name="ap_block_state54_io">and, 0, 0, 2, 1, 1</column>
<column name="ap_condition_760">and, 0, 0, 2, 1, 1</column>
<column name="ap_predicate_op138_read_state50">and, 0, 0, 2, 1, 1</column>
<column name="icmp_ln887_2_fu_272_p2">icmp, 0, 0, 18, 20, 20</column>
<column name="icmp_ln887_3_fu_298_p2">icmp, 0, 0, 13, 9, 9</column>
<column name="icmp_ln887_fu_260_p2">icmp, 0, 0, 18, 20, 17</column>
<column name="icmp_ln88_1_fu_312_p2">icmp, 0, 0, 13, 9, 10</column>
<column name="icmp_ln88_fu_286_p2">icmp, 0, 0, 13, 9, 10</column>
<column name="tmp_last_fu_281_p2">icmp, 0, 0, 18, 21, 21</column>
<column name="ap_block_pp0_stage0_11001">or, 0, 0, 2, 1, 1</column>
<column name="ap_enable_pp0">xor, 0, 0, 2, 1, 2</column>
</table>
</item>
<item name = "Multiplexer"><table name="" hasTotal="1">
<keys size="5">Name, LUT, Input Size, Bits, Total Bits</keys>
<column name="ap_NS_fsm">225, 52, 1, 52</column>
<column name="ap_enable_reg_pp0_iter3">9, 2, 1, 2</column>
<column name="ap_enable_reg_pp0_iter4">15, 3, 1, 3</column>
<column name="ap_phi_mux_p_0277_1_phi_fu_203_p4">15, 3, 32, 96</column>
<column name="ap_phi_mux_p_Val2_s_phi_fu_192_p4">9, 2, 32, 64</column>
<column name="ap_phi_mux_t_V_5_phi_fu_181_p4">9, 2, 9, 18</column>
<column name="data_matrices_TDATA_blk_n">9, 2, 1, 2</column>
<column name="data_matrices_TREADY">15, 3, 1, 3</column>
<column name="geometric_values_TDATA_blk_n">9, 2, 1, 2</column>
<column name="p_0277_1_reg_199">15, 3, 32, 96</column>
<column name="p_Val2_s_reg_188">9, 2, 32, 64</column>
<column name="sv_coeffs_TDATA_blk_n">9, 2, 1, 2</column>
<column name="sv_coeffs_TREADY">15, 3, 1, 3</column>
<column name="t_V_5_reg_177">9, 2, 9, 18</column>
<column name="t_V_reg_166">9, 2, 20, 40</column>
<column name="w_address0">15, 3, 8, 24</column>
<column name="w_ce0">15, 3, 1, 3</column>
<column name="w_ce1">9, 2, 1, 2</column>
<column name="w_we0">9, 2, 1, 2</column>
<column name="w_we1">9, 2, 1, 2</column>
</table>
</item>
<item name = "Register"><table name="" hasTotal="1">
<keys size="5">Name, FF, LUT, Bits, Const Bits</keys>
<column name="ap_CS_fsm">51, 0, 51, 0</column>
<column name="ap_enable_reg_pp0_iter0">1, 0, 1, 0</column>
<column name="ap_enable_reg_pp0_iter1">1, 0, 1, 0</column>
<column name="ap_enable_reg_pp0_iter2">1, 0, 1, 0</column>
<column name="ap_enable_reg_pp0_iter3">1, 0, 1, 0</column>
<column name="ap_enable_reg_pp0_iter4">1, 0, 1, 0</column>
<column name="grp_get_w_fu_211_ap_start_reg">1, 0, 1, 0</column>
<column name="icmp_ln887_3_reg_446">1, 0, 1, 0</column>
<column name="icmp_ln88_1_reg_465">1, 0, 1, 0</column>
<column name="icmp_ln88_reg_436">1, 0, 1, 0</column>
<column name="mul_ln1192_reg_469">47, 0, 47, 0</column>
<column name="n1_V_reg_422">20, 0, 20, 0</column>
<column name="n2_V_reg_440">9, 0, 9, 0</column>
<column name="norm_w_V_reg_388">32, 0, 32, 0</column>
<column name="p_0277_1_reg_199">32, 0, 32, 0</column>
<column name="p_Val2_s_reg_188">32, 0, 32, 0</column>
<column name="ret_V_reg_413">21, 0, 21, 0</column>
<column name="sext_ln215_reg_408">52, 0, 52, 0</column>
<column name="t_V_5_reg_177">9, 0, 9, 0</column>
<column name="t_V_reg_166">20, 0, 20, 0</column>
<column name="temp_var_V_reg_474">32, 0, 32, 0</column>
<column name="tmp_data_V_3_reg_403">32, 0, 32, 0</column>
<column name="tmp_data_V_reg_450">16, 0, 16, 0</column>
<column name="tmp_data_V_reg_450_pp0_iter1_reg">16, 0, 16, 0</column>
<column name="tmp_last_reg_431">1, 0, 1, 0</column>
<column name="w_load_reg_460">32, 0, 32, 0</column>
<column name="icmp_ln887_3_reg_446">64, 32, 1, 0</column>
<column name="icmp_ln88_1_reg_465">64, 32, 1, 0</column>
<column name="icmp_ln88_reg_436">64, 32, 1, 0</column>
</table>
</item>
</section>
</item>
</section>

<section name = "Interface" level="0">
<item name = "Summary"><table name="" hasTotal="0">
<keys size="6">RTL Ports, Dir, Bits, Protocol, Source Object, C Type</keys>
<column name="ap_clk">in, 1, ap_ctrl_hs, get_geometric_values, return value</column>
<column name="ap_rst">in, 1, ap_ctrl_hs, get_geometric_values, return value</column>
<column name="ap_start">in, 1, ap_ctrl_hs, get_geometric_values, return value</column>
<column name="ap_done">out, 1, ap_ctrl_hs, get_geometric_values, return value</column>
<column name="ap_idle">out, 1, ap_ctrl_hs, get_geometric_values, return value</column>
<column name="ap_ready">out, 1, ap_ctrl_hs, get_geometric_values, return value</column>
<column name="data_matrices_TDATA">in, 16, axis, data_matrices_V_data_V, pointer</column>
<column name="data_matrices_TVALID">in, 1, axis, data_matrices_V_data_V, pointer</column>
<column name="data_matrices_TREADY">out, 1, axis, data_matrices_V_last, pointer</column>
<column name="data_matrices_TLAST">in, 1, axis, data_matrices_V_last, pointer</column>
<column name="sv_coeffs_TDATA">in, 32, axis, sv_coeffs_V_data_V, pointer</column>
<column name="sv_coeffs_TVALID">in, 1, axis, sv_coeffs_V_last, pointer</column>
<column name="sv_coeffs_TREADY">out, 1, axis, sv_coeffs_V_last, pointer</column>
<column name="sv_coeffs_TLAST">in, 1, axis, sv_coeffs_V_last, pointer</column>
<column name="no_svs_V_read">in, 20, ap_none, no_svs_V_read, scalar</column>
<column name="no_variables_V_read">in, 9, ap_none, no_variables_V_read, scalar</column>
<column name="no_test_vectors_V_read">in, 20, ap_none, no_test_vectors_V_read, scalar</column>
<column name="geometric_values_TDATA">out, 32, axis, geometric_values_V_data_V, pointer</column>
<column name="geometric_values_TREADY">in, 1, axis, geometric_values_V_data_V, pointer</column>
<column name="geometric_values_TVALID">out, 1, axis, geometric_values_V_last, pointer</column>
<column name="geometric_values_TLAST">out, 1, axis, geometric_values_V_last, pointer</column>
</table>
</item>
</section>
</profile>
