<?xml version="1.0" encoding="utf-8"?>
<xd:acceleratorMap xmlns:xd="http://www.xilinx.com/xidane" xd:functionName="get_dpm_top" xd:componentRef="get_dpm_top" xd:initiationInterval="x" xd:clockPeriod="10.000" xd:sequential="true" xd:hostMachine="64" xd:reset="control">
  <xd:arg xd:name="training_matrix.data" xd:originalName="training_matrix" xd:direction="in" xd:interfaceRef="training_matrix" xd:busTypeRef="axis" xd:dataWidth="16"/>
  <xd:arg xd:name="training_matrix.last" xd:originalName="training_matrix" xd:direction="in" xd:interfaceRef="training_matrix" xd:busTypeRef="axis" xd:dataWidth="1"/>
  <xd:arg xd:name="training_matrix_transpose.data" xd:originalName="training_matrix_transpose" xd:direction="in" xd:interfaceRef="training_matrix_transpose" xd:busTypeRef="axis" xd:dataWidth="16"/>
  <xd:arg xd:name="training_matrix_transpose.last" xd:originalName="training_matrix_transpose" xd:direction="in" xd:interfaceRef="training_matrix_transpose" xd:busTypeRef="axis" xd:dataWidth="1"/>
  <xd:arg xd:name="dot_product_matrix_out.data" xd:originalName="dot_product_matrix_out" xd:direction="out" xd:interfaceRef="dot_product_matrix_out" xd:busTypeRef="axis" xd:dataWidth="32"/>
  <xd:arg xd:name="dot_product_matrix_out.last" xd:originalName="dot_product_matrix_out" xd:direction="out" xd:interfaceRef="dot_product_matrix_out" xd:busTypeRef="axis" xd:dataWidth="1"/>
  <xd:arg xd:name="input_details.data" xd:originalName="input_details" xd:direction="in" xd:interfaceRef="input_details" xd:busTypeRef="axis" xd:dataWidth="16"/>
  <xd:arg xd:name="input_details.last" xd:originalName="input_details" xd:direction="in" xd:interfaceRef="input_details" xd:busTypeRef="axis" xd:dataWidth="1"/>
  <xd:latencyEstimates xd:best-case="13" xd:worst-case="104410380002" xd:average-case="13301980002"/>
  <xd:resourceEstimates xd:LUT="718" xd:FF="382" xd:BRAM="1" xd:DSP="1"/>
</xd:acceleratorMap>
