{
  "Top": "geometric_values_rbf_top",
  "RtlTop": "geometric_values_rbf_top",
  "RtlPrefix": "",
  "SourceLanguage": "cpp",
  "ResetStyle": "control",
  "GenerateBdFiles": "1",
  "HostMachineBits": "64",
  "Target": {
    "Family": "zynquplus",
    "Device": "xczu7ev",
    "Package": "-ffvc1156",
    "Speed": "-2-e"
  },
  "HlsSolution": {
    
  },
  "Args": {
    "support_vectors": {
      "index": "0",
      "type": {
        "kinds": ["struct"],
        "dataType": "data_matrices_AXIS",
        "structImpl": "flat-field",
        "dataPack": true,
        "fields": {
          "data": {
            "order": "0",
            "dataType": "ap_fixed"
          },
          "last": {
            "order": "1",
            "dataType": "bool"
          }
        }
      }
    },
    "sv_coeffs": {
      "index": "1",
      "type": {
        "kinds": ["struct"],
        "dataType": "sv_coeffs_AXIS",
        "structImpl": "flat-field",
        "dataPack": true,
        "fields": {
          "data": {
            "order": "0",
            "dataType": "ap_fixed"
          },
          "last": {
            "order": "1",
            "dataType": "bool"
          }
        }
      }
    },
    "testing_matrix": {
      "index": "2",
      "type": {
        "kinds": ["struct"],
        "dataType": "data_matrices_AXIS",
        "structImpl": "flat-field",
        "dataPack": true,
        "fields": {
          "data": {
            "order": "0",
            "dataType": "ap_fixed"
          },
          "last": {
            "order": "1",
            "dataType": "bool"
          }
        }
      }
    },
    "classification_details": {
      "index": "3",
      "type": {
        "kinds": ["struct"],
        "dataType": "dataset_details_AXIS",
        "structImpl": "flat-field",
        "dataPack": true,
        "fields": {
          "data": {
            "order": "0",
            "dataType": "ap_uint"
          },
          "last": {
            "order": "1",
            "dataType": "bool"
          }
        }
      }
    },
    "geometric_values_out": {
      "index": "4",
      "type": {
        "kinds": ["struct"],
        "dataType": "geometric_values_AXIS",
        "structImpl": "flat-field",
        "dataPack": true,
        "fields": {
          "data": {
            "order": "0",
            "dataType": "ap_fixed"
          },
          "last": {
            "order": "1",
            "dataType": "bool"
          }
        }
      }
    }
  },
  "Return": {
    
  },
  "ClockInfo": {
    "ClockName": "ap_clk",
    "ClockPeriod": "10",
    "IsCombLogic": "0",
    "II": "x",
    "Latency": "52",
    "Uncertainty": "1.25"
  },
  "Xdc": {"OocClocks": ["create_clock -name ap_clk -period 10.000 [get_ports ap_clk]"]},
  "Ipx": {
    "Vendor": "xilinx.com",
    "Library": "hls",
    "Name": "geometric_values_rbf_top",
    "Version": "1.0",
    "DisplayName": "Geometric_values_rbf_top",
    "Revision": "",
    "Description": "An IP generated by Vivado HLS",
    "Taxonomy": "\/VIVADO_HLS_IP",
    "AutoFamilySupport": ""
  },
  "Files": {
    "CSource": ["..\/..\/geometric_values.cpp"],
    "Vhdl": [
      "impl\/vhdl\/geometric_values_bkb.vhd",
      "impl\/vhdl\/geometric_values_cud.vhd",
      "impl\/vhdl\/geometric_values_eOg.vhd",
      "impl\/vhdl\/get_geometric_valdEe.vhd",
      "impl\/vhdl\/get_geometric_values.vhd",
      "impl\/vhdl\/kernel_rbf.vhd",
      "impl\/vhdl\/geometric_values_rbf_top.vhd"
    ],
    "Verilog": [
      "impl\/verilog\/geometric_values_bkb.v",
      "impl\/verilog\/geometric_values_cud.v",
      "impl\/verilog\/geometric_values_eOg.v",
      "impl\/verilog\/get_geometric_valdEe.v",
      "impl\/verilog\/get_geometric_values.v",
      "impl\/verilog\/kernel_rbf.v",
      "impl\/verilog\/geometric_values_rbf_top.v"
    ],
    "Misc": ["impl\/misc\/logo.png"],
    "Subcore": [
      "impl\/misc\/geometric_values_rbf_top_ap_fexp_4_full_dsp_32_ip.tcl",
      "impl\/misc\/geometric_values_rbf_top_ap_fpext_0_no_dsp_32_ip.tcl"
    ],
    "DesignXml": "C:\/Users\/Ryan\/Documents\/University\/Project\/HLS\/geometric_values_ZCU104_RBF_1\/geometric_values_ZCU104_RBF_1\/solution1\/.autopilot\/db\/geometric_values_rbf_top.design.xml",
    "DebugDir": "C:\/Users\/Ryan\/Documents\/University\/Project\/HLS\/geometric_values_ZCU104_RBF_1\/geometric_values_ZCU104_RBF_1\/solution1\/.debug",
    "ProtoInst": ["C:\/Users\/Ryan\/Documents\/University\/Project\/HLS\/geometric_values_ZCU104_RBF_1\/geometric_values_ZCU104_RBF_1\/solution1\/.debug\/geometric_values_rbf_top.protoinst"]
  },
  "SubcoreInfo": {
    "HasXpmMemory": false,
    "HasClockedDsp": false,
    "IP": [
      {
        "name": "geometric_values_rbf_top_ap_fexp_4_full_dsp_32",
        "vlnv": "xilinx.com:ip:floating_point:7.1",
        "params": "CONFIG.a_precision_type Single CONFIG.a_tuser_width 1 CONFIG.add_sub_value Both CONFIG.b_tuser_width 1 CONFIG.c_a_exponent_width 8 CONFIG.c_a_fraction_width 24 CONFIG.c_compare_operation Programmable CONFIG.c_has_divide_by_zero false CONFIG.c_has_invalid_op false CONFIG.c_has_overflow false CONFIG.c_has_underflow false CONFIG.c_latency 4 CONFIG.c_mult_usage Full_Usage CONFIG.c_optimization Speed_Optimized CONFIG.c_rate 1 CONFIG.c_result_exponent_width 8 CONFIG.c_result_fraction_width 24 CONFIG.component_name geometric_values_rbf_top_ap_fexp_4_full_dsp_32 CONFIG.flow_control NonBlocking CONFIG.has_a_tlast false CONFIG.has_a_tuser false CONFIG.has_aclken true CONFIG.has_aresetn false CONFIG.has_b_tlast false CONFIG.has_b_tuser false CONFIG.has_operation_tlast false CONFIG.has_operation_tuser false CONFIG.has_result_tready false CONFIG.maximum_latency false CONFIG.operation_tuser_width 1 CONFIG.operation_type Exponential CONFIG.result_precision_type Single CONFIG.result_tlast_behv Null"
      },
      {
        "name": "geometric_values_rbf_top_ap_fpext_0_no_dsp_32",
        "vlnv": "xilinx.com:ip:floating_point:7.1",
        "params": "CONFIG.a_precision_type Single CONFIG.a_tuser_width 1 CONFIG.add_sub_value Both CONFIG.b_tuser_width 1 CONFIG.c_a_exponent_width 8 CONFIG.c_a_fraction_width 24 CONFIG.c_compare_operation Programmable CONFIG.c_has_divide_by_zero false CONFIG.c_has_invalid_op false CONFIG.c_has_overflow false CONFIG.c_has_underflow false CONFIG.c_latency 0 CONFIG.c_mult_usage No_Usage CONFIG.c_optimization Speed_Optimized CONFIG.c_rate 1 CONFIG.c_result_exponent_width 11 CONFIG.c_result_fraction_width 53 CONFIG.component_name geometric_values_rbf_top_ap_fpext_0_no_dsp_32 CONFIG.flow_control NonBlocking CONFIG.has_a_tlast false CONFIG.has_a_tuser false CONFIG.has_aclken false CONFIG.has_aresetn false CONFIG.has_b_tlast false CONFIG.has_b_tuser false CONFIG.has_operation_tlast false CONFIG.has_operation_tuser false CONFIG.has_result_tready false CONFIG.maximum_latency false CONFIG.operation_tuser_width 1 CONFIG.operation_type Float_to_Float CONFIG.result_precision_type Double CONFIG.result_tlast_behv Null"
      }
    ]
  },
  "Interfaces": {
    "ap_clk": {
      "type": "clock",
      "ctype": {"CLK": {"Type": "bool"}},
      "bundle_name": "ap_clk",
      "bundle_role": "default",
      "buses": "support_vectors sv_coeffs testing_matrix classification_details geometric_values_out",
      "reset": "ap_rst_n"
    },
    "ap_rst_n": {
      "type": "reset",
      "polarity": "ACTIVE_LOW",
      "ctype": {"RST": {"Type": "bool"}},
      "bundle_name": "ap_rst_n",
      "bundle_role": "default"
    },
    "classification_details": {
      "type": "axi4stream",
      "mode": "slave",
      "port_prefix": "classification_details",
      "has_tready": "1",
      "ctype": {
        "TDATA": {
          "Type": "integer unsigned",
          "Width": "32"
        },
        "TVALID": {"Type": "bool"},
        "TREADY": {"Type": "bool"},
        "TLAST": {
          "Type": "null",
          "Width": "1"
        }
      },
      "port_width": {
        "TDATA": "32",
        "TLAST": "1"
      }
    },
    "geometric_values_out": {
      "type": "axi4stream",
      "mode": "master",
      "port_prefix": "geometric_values_out",
      "has_tready": "1",
      "ctype": {
        "TDATA": {
          "Type": "real fixed signed 20",
          "Width": "32"
        },
        "TVALID": {"Type": "bool"},
        "TREADY": {"Type": "bool"},
        "TLAST": {
          "Type": "null",
          "Width": "1"
        }
      },
      "port_width": {
        "TDATA": "32",
        "TLAST": "1"
      }
    },
    "support_vectors": {
      "type": "axi4stream",
      "mode": "slave",
      "port_prefix": "support_vectors",
      "has_tready": "1",
      "ctype": {
        "TDATA": {
          "Type": "real fixed signed 15",
          "Width": "16"
        },
        "TVALID": {"Type": "bool"},
        "TREADY": {"Type": "bool"},
        "TLAST": {
          "Type": "null",
          "Width": "1"
        }
      },
      "port_width": {
        "TDATA": "16",
        "TLAST": "1"
      }
    },
    "sv_coeffs": {
      "type": "axi4stream",
      "mode": "slave",
      "port_prefix": "sv_coeffs",
      "has_tready": "1",
      "ctype": {
        "TDATA": {
          "Type": "real fixed signed 20",
          "Width": "32"
        },
        "TVALID": {"Type": "bool"},
        "TREADY": {"Type": "bool"},
        "TLAST": {
          "Type": "null",
          "Width": "1"
        }
      },
      "port_width": {
        "TDATA": "32",
        "TLAST": "1"
      }
    },
    "testing_matrix": {
      "type": "axi4stream",
      "mode": "slave",
      "port_prefix": "testing_matrix",
      "has_tready": "1",
      "ctype": {
        "TDATA": {
          "Type": "real fixed signed 15",
          "Width": "16"
        },
        "TVALID": {"Type": "bool"},
        "TREADY": {"Type": "bool"},
        "TLAST": {
          "Type": "null",
          "Width": "1"
        }
      },
      "port_width": {
        "TDATA": "16",
        "TLAST": "1"
      }
    }
  },
  "RtlPorts": {
    "ap_clk": {
      "dir": "in",
      "width": "1"
    },
    "ap_rst_n": {
      "dir": "in",
      "width": "1"
    },
    "support_vectors_TDATA": {
      "dir": "in",
      "width": "16"
    },
    "support_vectors_TVALID": {
      "dir": "in",
      "width": "1"
    },
    "support_vectors_TREADY": {
      "dir": "out",
      "width": "1"
    },
    "support_vectors_TLAST": {
      "dir": "in",
      "width": "1"
    },
    "sv_coeffs_TDATA": {
      "dir": "in",
      "width": "32"
    },
    "sv_coeffs_TVALID": {
      "dir": "in",
      "width": "1"
    },
    "sv_coeffs_TREADY": {
      "dir": "out",
      "width": "1"
    },
    "sv_coeffs_TLAST": {
      "dir": "in",
      "width": "1"
    },
    "testing_matrix_TDATA": {
      "dir": "in",
      "width": "16"
    },
    "testing_matrix_TVALID": {
      "dir": "in",
      "width": "1"
    },
    "testing_matrix_TREADY": {
      "dir": "out",
      "width": "1"
    },
    "testing_matrix_TLAST": {
      "dir": "in",
      "width": "1"
    },
    "classification_details_TDATA": {
      "dir": "in",
      "width": "32"
    },
    "classification_details_TVALID": {
      "dir": "in",
      "width": "1"
    },
    "classification_details_TREADY": {
      "dir": "out",
      "width": "1"
    },
    "classification_details_TLAST": {
      "dir": "in",
      "width": "1"
    },
    "geometric_values_out_TDATA": {
      "dir": "out",
      "width": "32"
    },
    "geometric_values_out_TVALID": {
      "dir": "out",
      "width": "1"
    },
    "geometric_values_out_TREADY": {
      "dir": "in",
      "width": "1"
    },
    "geometric_values_out_TLAST": {
      "dir": "out",
      "width": "1"
    }
  },
  "ModuleInfo": {
    "Hierarchy": {
      "ModuleName": "geometric_values_rbf_top",
      "Instances": [{
          "ModuleName": "get_geometric_values",
          "InstanceName": "grp_get_geometric_values_fu_60",
          "Instances": [{
              "ModuleName": "kernel_rbf",
              "InstanceName": "grp_kernel_rbf_fu_232"
            }]
        }]
    },
    "Info": {
      "kernel_rbf": {
        "FunctionProtocol": "ap_ctrl_hs",
        "isTaskLevelControl": "1",
        "isPipelined": "0",
        "isCombinational": "0",
        "isOneStateSeq": "0"
      },
      "get_geometric_values": {
        "FunctionProtocol": "ap_ctrl_hs",
        "isTaskLevelControl": "1",
        "isPipelined": "0",
        "isCombinational": "0",
        "isOneStateSeq": "0"
      },
      "geometric_values_rbf_top": {
        "FunctionProtocol": "ap_ctrl_none",
        "isTaskLevelControl": "1",
        "isPipelined": "0",
        "isCombinational": "0",
        "isOneStateSeq": "0"
      }
    },
    "Metrics": {
      "kernel_rbf": {
        "Latency": {
          "LatencyBest": "267",
          "LatencyAvg": "267",
          "LatencyWorst": "267",
          "PipelineII": "267",
          "PipelineDepth": "",
          "PipelineType": "none"
        },
        "Timing": {
          "Target": "10.00",
          "Uncertainty": "1.25",
          "Estimate": "8.743"
        },
        "Loops": [{
            "Name": "square_norm_loop",
            "TripCount": "256",
            "Latency": "256",
            "PipelineII": "1",
            "PipelineDepth": "2"
          }],
        "Area": {
          "DSP48E": "13",
          "FF": "537",
          "LUT": "2877",
          "BRAM_18K": "0",
          "URAM": "0"
        }
      },
      "get_geometric_values": {
        "Latency": {
          "LatencyBest": "48",
          "LatencyAvg": "17125066000050",
          "LatencyWorst": "271000263000052",
          "PipelineIIMin": "48",
          "PipelineIIMax": "271000263000052",
          "PipelineII": "48 ~ 271000263000052",
          "PipelineDepth": "",
          "PipelineType": "none"
        },
        "Timing": {
          "Target": "10.00",
          "Uncertainty": "1.25",
          "Estimate": "8.743"
        },
        "Loops": [{
            "Name": "Loop 1",
            "TripCount": "",
            "LatencyMin": "2",
            "LatencyMax": "271000263000005",
            "Latency": "2 ~ 271000263000005",
            "PipelineII": "",
            "PipelineDepthMin": "2",
            "PipelineDepthMax": "271000263",
            "PipelineDepth": "2 ~ 271000263",
            "Loops": [
              {
                "Name": "Loop 1.1",
                "TripCount": "256",
                "Latency": "256",
                "PipelineII": "",
                "PipelineDepth": "1"
              },
              {
                "Name": "svs_loop",
                "TripCount": "",
                "LatencyMin": "3",
                "LatencyMax": "271000003",
                "Latency": "3 ~ 271000003",
                "PipelineII": "",
                "PipelineDepthMin": "3",
                "PipelineDepthMax": "271",
                "PipelineDepth": "3 ~ 271"
              }
            ]
          }],
        "Area": {
          "BRAM_18K": "1",
          "DSP48E": "21",
          "FF": "1421",
          "LUT": "3991",
          "URAM": "0"
        }
      },
      "geometric_values_rbf_top": {
        "Latency": {
          "LatencyBest": "52",
          "LatencyAvg": "17125066000054",
          "LatencyWorst": "271000263000056",
          "PipelineIIMin": "53",
          "PipelineIIMax": "271000263000057",
          "PipelineII": "53 ~ 271000263000057",
          "PipelineDepth": "",
          "PipelineType": "none"
        },
        "Timing": {
          "Target": "10.00",
          "Uncertainty": "1.25",
          "Estimate": "8.743"
        },
        "Area": {
          "BRAM_18K": "1",
          "DSP48E": "21",
          "FF": "1842",
          "LUT": "4453",
          "URAM": "0"
        }
      }
    }
  },
  "Sdx": {
    "Target": "none",
    "ProfileOption": "0",
    "ProfileType": "none",
    "XO": "",
    "KernelName": "geometric_values_rbf_top",
    "EnableXoSwEmu": "1"
  },
  "GenData": {
    "DataVersion": "0.2",
    "Time": "2020-02-02 14:53:32 +0000",
    "ToolName": "vivado_hls",
    "ToolVersion": "2019.1"
  }
}
