<stg><name>geometric_values_rbf_top</name>


<trans_list>

<trans id="39" from="1" to="2">
<condition id="-1">
<or_exp><and_exp></and_exp></or_exp>
</condition>
</trans>

<trans id="40" from="2" to="3">
<condition id="-1">
<or_exp><and_exp></and_exp></or_exp>
</condition>
</trans>

<trans id="41" from="3" to="4">
<condition id="-1">
<or_exp><and_exp></and_exp></or_exp>
</condition>
</trans>

<trans id="42" from="4" to="5">
<condition id="-1">
<or_exp><and_exp></and_exp></or_exp>
</condition>
</trans>
</trans_list>



<state_list>

<state id="1" st_id="1">

<operation id="6" st_id="1" stage="1" lat="1">
<core>AXI4Stream</core>
<MemPortIdVec></MemPortIdVec>
<condition id="-1">
<or_exp><and_exp></and_exp></or_exp>
</condition>

<Node id="28" bw="33" op_0_bw="33" op_1_bw="32" op_2_bw="1">
<![CDATA[
:17  %empty = call { i32, i1 } @_ssdm_op_Read.axis.volatile.i32P.i1P(i32* %sv_coeffs_V_data_V, i1* %sv_coeffs_V_last)

]]></Node>
<StgValue><ssdm name="empty"/></StgValue>
</operation>

<operation id="7" st_id="1" stage="1" lat="1">
<core>NULL</core>
<MemPortIdVec></MemPortIdVec>
<condition id="-1">
<or_exp><and_exp></and_exp></or_exp>
</condition>

<Node id="29" bw="32" op_0_bw="33">
<![CDATA[
:18  %tmp_data_V_7 = extractvalue { i32, i1 } %empty, 0

]]></Node>
<StgValue><ssdm name="tmp_data_V_7"/></StgValue>
</operation>

<operation id="8" st_id="1" stage="1" lat="1">
<core>AXI4Stream</core>
<MemPortIdVec></MemPortIdVec>
<condition id="-1">
<or_exp><and_exp></and_exp></or_exp>
</condition>

<Node id="30" bw="33" op_0_bw="33" op_1_bw="32" op_2_bw="1">
<![CDATA[
:19  %empty_22 = call { i32, i1 } @_ssdm_op_Read.axis.volatile.i32P.i1P(i32* %classification_details_V_data_V, i1* %classification_details_V_last)

]]></Node>
<StgValue><ssdm name="empty_22"/></StgValue>
</operation>

<operation id="9" st_id="1" stage="1" lat="1">
<core>NULL</core>
<MemPortIdVec></MemPortIdVec>
<condition id="-1">
<or_exp><and_exp></and_exp></or_exp>
</condition>

<Node id="31" bw="32" op_0_bw="33">
<![CDATA[
:20  %tmp_data_V_4 = extractvalue { i32, i1 } %empty_22, 0

]]></Node>
<StgValue><ssdm name="tmp_data_V_4"/></StgValue>
</operation>

<operation id="10" st_id="1" stage="1" lat="1">
<core>NULL</core>
<MemPortIdVec></MemPortIdVec>
<condition id="-1">
<or_exp><and_exp></and_exp></or_exp>
</condition>

<Node id="32" bw="20" op_0_bw="32">
<![CDATA[
:21  %no_svs_V = trunc i32 %tmp_data_V_4 to i20

]]></Node>
<StgValue><ssdm name="no_svs_V"/></StgValue>
</operation>
</state>

<state id="2" st_id="2">

<operation id="11" st_id="2" stage="1" lat="1">
<core>AXI4Stream</core>
<MemPortIdVec></MemPortIdVec>
<condition id="-1">
<or_exp><and_exp></and_exp></or_exp>
</condition>

<Node id="33" bw="33" op_0_bw="33" op_1_bw="32" op_2_bw="1" op_3_bw="33">
<![CDATA[
:22  %empty_23 = call { i32, i1 } @_ssdm_op_Read.axis.volatile.i32P.i1P(i32* %classification_details_V_data_V, i1* %classification_details_V_last)

]]></Node>
<StgValue><ssdm name="empty_23"/></StgValue>
</operation>

<operation id="12" st_id="2" stage="1" lat="1">
<core>NULL</core>
<MemPortIdVec></MemPortIdVec>
<condition id="-1">
<or_exp><and_exp></and_exp></or_exp>
</condition>

<Node id="34" bw="32" op_0_bw="33">
<![CDATA[
:23  %tmp_data_V = extractvalue { i32, i1 } %empty_23, 0

]]></Node>
<StgValue><ssdm name="tmp_data_V"/></StgValue>
</operation>

<operation id="13" st_id="2" stage="1" lat="1">
<core>NULL</core>
<MemPortIdVec></MemPortIdVec>
<condition id="-1">
<or_exp><and_exp></and_exp></or_exp>
</condition>

<Node id="35" bw="9" op_0_bw="32">
<![CDATA[
:24  %no_variables_V = trunc i32 %tmp_data_V to i9

]]></Node>
<StgValue><ssdm name="no_variables_V"/></StgValue>
</operation>

<operation id="14" st_id="2" stage="1" lat="1">
<core>AXI4Stream</core>
<MemPortIdVec></MemPortIdVec>
<condition id="-1">
<or_exp><and_exp></and_exp></or_exp>
</condition>

<Node id="39" bw="33" op_0_bw="33" op_1_bw="32" op_2_bw="1" op_3_bw="33">
<![CDATA[
:28  %empty_25 = call { i32, i1 } @_ssdm_op_Read.axis.volatile.i32P.i1P(i32* %sv_coeffs_V_data_V, i1* %sv_coeffs_V_last)

]]></Node>
<StgValue><ssdm name="empty_25"/></StgValue>
</operation>

<operation id="15" st_id="2" stage="1" lat="1">
<core>NULL</core>
<MemPortIdVec></MemPortIdVec>
<condition id="-1">
<or_exp><and_exp></and_exp></or_exp>
</condition>

<Node id="40" bw="32" op_0_bw="33">
<![CDATA[
:29  %tmp_data_V_8 = extractvalue { i32, i1 } %empty_25, 0

]]></Node>
<StgValue><ssdm name="tmp_data_V_8"/></StgValue>
</operation>
</state>

<state id="3" st_id="3">

<operation id="16" st_id="3" stage="1" lat="1">
<core>AXI4Stream</core>
<MemPortIdVec></MemPortIdVec>
<condition id="-1">
<or_exp><and_exp></and_exp></or_exp>
</condition>

<Node id="36" bw="33" op_0_bw="33" op_1_bw="32" op_2_bw="1" op_3_bw="33">
<![CDATA[
:25  %empty_24 = call { i32, i1 } @_ssdm_op_Read.axis.volatile.i32P.i1P(i32* %classification_details_V_data_V, i1* %classification_details_V_last)

]]></Node>
<StgValue><ssdm name="empty_24"/></StgValue>
</operation>

<operation id="17" st_id="3" stage="1" lat="1">
<core>NULL</core>
<MemPortIdVec></MemPortIdVec>
<condition id="-1">
<or_exp><and_exp></and_exp></or_exp>
</condition>

<Node id="37" bw="32" op_0_bw="33">
<![CDATA[
:26  %tmp_data_V_5 = extractvalue { i32, i1 } %empty_24, 0

]]></Node>
<StgValue><ssdm name="tmp_data_V_5"/></StgValue>
</operation>

<operation id="18" st_id="3" stage="1" lat="1">
<core>NULL</core>
<MemPortIdVec></MemPortIdVec>
<condition id="-1">
<or_exp><and_exp></and_exp></or_exp>
</condition>

<Node id="38" bw="20" op_0_bw="32">
<![CDATA[
:27  %no_test_vectors_V = trunc i32 %tmp_data_V_5 to i20

]]></Node>
<StgValue><ssdm name="no_test_vectors_V"/></StgValue>
</operation>

<operation id="19" st_id="3" stage="2" lat="2">
<core></core>
<MemPortIdVec></MemPortIdVec>
<condition id="-1">
<or_exp><and_exp></and_exp></or_exp>
</condition>

<Node id="41" bw="0" op_0_bw="0" op_1_bw="16" op_2_bw="1" op_3_bw="32" op_4_bw="1" op_5_bw="16" op_6_bw="1" op_7_bw="32" op_8_bw="20" op_9_bw="9" op_10_bw="20" op_11_bw="32" op_12_bw="32" op_13_bw="1" op_14_bw="33">
<![CDATA[
:30  call fastcc void @get_geometric_values(i16* %support_vectors_V_data_V, i1* %support_vectors_V_last, i32* %sv_coeffs_V_data_V, i1* %sv_coeffs_V_last, i16* %testing_matrix_V_data_V, i1* %testing_matrix_V_last, i32 %tmp_data_V_8, i20 %no_svs_V, i9 %no_variables_V, i20 %no_test_vectors_V, i32 %tmp_data_V_7, i32* %geometric_values_out_V_data_V, i1* %geometric_values_out_V_last)

]]></Node>
<StgValue><ssdm name="call_ln118"/></StgValue>
</operation>
</state>

<state id="4" st_id="4">

<operation id="20" st_id="4" stage="1" lat="2">
<core></core>
<MemPortIdVec></MemPortIdVec>
<condition id="-1">
<or_exp><and_exp></and_exp></or_exp>
</condition>

<Node id="41" bw="0" op_0_bw="0" op_1_bw="16" op_2_bw="1" op_3_bw="32" op_4_bw="1" op_5_bw="16" op_6_bw="1" op_7_bw="32" op_8_bw="20" op_9_bw="9" op_10_bw="20" op_11_bw="32" op_12_bw="32" op_13_bw="1" op_14_bw="33">
<![CDATA[
:30  call fastcc void @get_geometric_values(i16* %support_vectors_V_data_V, i1* %support_vectors_V_last, i32* %sv_coeffs_V_data_V, i1* %sv_coeffs_V_last, i16* %testing_matrix_V_data_V, i1* %testing_matrix_V_last, i32 %tmp_data_V_8, i20 %no_svs_V, i9 %no_variables_V, i20 %no_test_vectors_V, i32 %tmp_data_V_7, i32* %geometric_values_out_V_data_V, i1* %geometric_values_out_V_last)

]]></Node>
<StgValue><ssdm name="call_ln118"/></StgValue>
</operation>
</state>

<state id="5" st_id="5">

<operation id="21" st_id="5" stage="1" lat="1">
<core>NULL</core>
<MemPortIdVec></MemPortIdVec>
<condition id="-1">
<or_exp><and_exp></and_exp></or_exp>
</condition>

<Node id="11" bw="0" op_0_bw="0" op_1_bw="16">
<![CDATA[
:0  call void (...)* @_ssdm_op_SpecBitsMap(i16* %support_vectors_V_data_V), !map !150

]]></Node>
<StgValue><ssdm name="specbitsmap_ln0"/></StgValue>
</operation>

<operation id="22" st_id="5" stage="1" lat="1">
<core>NULL</core>
<MemPortIdVec></MemPortIdVec>
<condition id="-1">
<or_exp><and_exp></and_exp></or_exp>
</condition>

<Node id="12" bw="0" op_0_bw="0" op_1_bw="1">
<![CDATA[
:1  call void (...)* @_ssdm_op_SpecBitsMap(i1* %support_vectors_V_last), !map !154

]]></Node>
<StgValue><ssdm name="specbitsmap_ln0"/></StgValue>
</operation>

<operation id="23" st_id="5" stage="1" lat="1">
<core>NULL</core>
<MemPortIdVec></MemPortIdVec>
<condition id="-1">
<or_exp><and_exp></and_exp></or_exp>
</condition>

<Node id="13" bw="0" op_0_bw="0" op_1_bw="32">
<![CDATA[
:2  call void (...)* @_ssdm_op_SpecBitsMap(i32* %sv_coeffs_V_data_V), !map !158

]]></Node>
<StgValue><ssdm name="specbitsmap_ln0"/></StgValue>
</operation>

<operation id="24" st_id="5" stage="1" lat="1">
<core>NULL</core>
<MemPortIdVec></MemPortIdVec>
<condition id="-1">
<or_exp><and_exp></and_exp></or_exp>
</condition>

<Node id="14" bw="0" op_0_bw="0" op_1_bw="1">
<![CDATA[
:3  call void (...)* @_ssdm_op_SpecBitsMap(i1* %sv_coeffs_V_last), !map !162

]]></Node>
<StgValue><ssdm name="specbitsmap_ln0"/></StgValue>
</operation>

<operation id="25" st_id="5" stage="1" lat="1">
<core>NULL</core>
<MemPortIdVec></MemPortIdVec>
<condition id="-1">
<or_exp><and_exp></and_exp></or_exp>
</condition>

<Node id="15" bw="0" op_0_bw="0" op_1_bw="16">
<![CDATA[
:4  call void (...)* @_ssdm_op_SpecBitsMap(i16* %testing_matrix_V_data_V), !map !166

]]></Node>
<StgValue><ssdm name="specbitsmap_ln0"/></StgValue>
</operation>

<operation id="26" st_id="5" stage="1" lat="1">
<core>NULL</core>
<MemPortIdVec></MemPortIdVec>
<condition id="-1">
<or_exp><and_exp></and_exp></or_exp>
</condition>

<Node id="16" bw="0" op_0_bw="0" op_1_bw="1">
<![CDATA[
:5  call void (...)* @_ssdm_op_SpecBitsMap(i1* %testing_matrix_V_last), !map !170

]]></Node>
<StgValue><ssdm name="specbitsmap_ln0"/></StgValue>
</operation>

<operation id="27" st_id="5" stage="1" lat="1">
<core>NULL</core>
<MemPortIdVec></MemPortIdVec>
<condition id="-1">
<or_exp><and_exp></and_exp></or_exp>
</condition>

<Node id="17" bw="0" op_0_bw="0" op_1_bw="32">
<![CDATA[
:6  call void (...)* @_ssdm_op_SpecBitsMap(i32* %classification_details_V_data_V), !map !174

]]></Node>
<StgValue><ssdm name="specbitsmap_ln0"/></StgValue>
</operation>

<operation id="28" st_id="5" stage="1" lat="1">
<core>NULL</core>
<MemPortIdVec></MemPortIdVec>
<condition id="-1">
<or_exp><and_exp></and_exp></or_exp>
</condition>

<Node id="18" bw="0" op_0_bw="0" op_1_bw="1">
<![CDATA[
:7  call void (...)* @_ssdm_op_SpecBitsMap(i1* %classification_details_V_last), !map !178

]]></Node>
<StgValue><ssdm name="specbitsmap_ln0"/></StgValue>
</operation>

<operation id="29" st_id="5" stage="1" lat="1">
<core>NULL</core>
<MemPortIdVec></MemPortIdVec>
<condition id="-1">
<or_exp><and_exp></and_exp></or_exp>
</condition>

<Node id="19" bw="0" op_0_bw="0" op_1_bw="32">
<![CDATA[
:8  call void (...)* @_ssdm_op_SpecBitsMap(i32* %geometric_values_out_V_data_V), !map !182

]]></Node>
<StgValue><ssdm name="specbitsmap_ln0"/></StgValue>
</operation>

<operation id="30" st_id="5" stage="1" lat="1">
<core>NULL</core>
<MemPortIdVec></MemPortIdVec>
<condition id="-1">
<or_exp><and_exp></and_exp></or_exp>
</condition>

<Node id="20" bw="0" op_0_bw="0" op_1_bw="1">
<![CDATA[
:9  call void (...)* @_ssdm_op_SpecBitsMap(i1* %geometric_values_out_V_last), !map !186

]]></Node>
<StgValue><ssdm name="specbitsmap_ln0"/></StgValue>
</operation>

<operation id="31" st_id="5" stage="1" lat="1">
<core>NULL</core>
<MemPortIdVec></MemPortIdVec>
<condition id="-1">
<or_exp><and_exp></and_exp></or_exp>
</condition>

<Node id="21" bw="0" op_0_bw="0" op_1_bw="0">
<![CDATA[
:10  call void (...)* @_ssdm_op_SpecTopModule([25 x i8]* @geometric_values_rbf) nounwind

]]></Node>
<StgValue><ssdm name="spectopmodule_ln0"/></StgValue>
</operation>

<operation id="32" st_id="5" stage="1" lat="1">
<core>NULL</core>
<MemPortIdVec></MemPortIdVec>
<condition id="-1">
<or_exp><and_exp></and_exp></or_exp>
</condition>

<Node id="22" bw="0" op_0_bw="0" op_1_bw="16" op_2_bw="1" op_3_bw="0" op_4_bw="32" op_5_bw="32" op_6_bw="0" op_7_bw="32" op_8_bw="32" op_9_bw="0" op_10_bw="0" op_11_bw="0" op_12_bw="32" op_13_bw="32" op_14_bw="32" op_15_bw="32" op_16_bw="0" op_17_bw="0">
<![CDATA[
:11  call void (...)* @_ssdm_op_SpecInterface(i16* %testing_matrix_V_data_V, i1* %testing_matrix_V_last, [5 x i8]* @p_str3, i32 1, i32 1, [5 x i8]* @p_str4, i32 0, i32 0, [1 x i8]* @p_str1, [1 x i8]* @p_str1, [1 x i8]* @p_str1, i32 0, i32 0, i32 0, i32 0, [1 x i8]* @p_str1, [1 x i8]* @p_str1) nounwind

]]></Node>
<StgValue><ssdm name="specinterface_ln84"/></StgValue>
</operation>

<operation id="33" st_id="5" stage="1" lat="1">
<core>NULL</core>
<MemPortIdVec></MemPortIdVec>
<condition id="-1">
<or_exp><and_exp></and_exp></or_exp>
</condition>

<Node id="23" bw="0" op_0_bw="0" op_1_bw="32" op_2_bw="1" op_3_bw="0" op_4_bw="32" op_5_bw="32" op_6_bw="0" op_7_bw="32" op_8_bw="32" op_9_bw="0" op_10_bw="0" op_11_bw="0" op_12_bw="32" op_13_bw="32" op_14_bw="32" op_15_bw="32" op_16_bw="0" op_17_bw="0">
<![CDATA[
:12  call void (...)* @_ssdm_op_SpecInterface(i32* %geometric_values_out_V_data_V, i1* %geometric_values_out_V_last, [5 x i8]* @p_str3, i32 1, i32 1, [5 x i8]* @p_str4, i32 0, i32 0, [1 x i8]* @p_str1, [1 x i8]* @p_str1, [1 x i8]* @p_str1, i32 0, i32 0, i32 0, i32 0, [1 x i8]* @p_str1, [1 x i8]* @p_str1) nounwind

]]></Node>
<StgValue><ssdm name="specinterface_ln85"/></StgValue>
</operation>

<operation id="34" st_id="5" stage="1" lat="1">
<core>NULL</core>
<MemPortIdVec></MemPortIdVec>
<condition id="-1">
<or_exp><and_exp></and_exp></or_exp>
</condition>

<Node id="24" bw="0" op_0_bw="0" op_1_bw="32" op_2_bw="1" op_3_bw="0" op_4_bw="32" op_5_bw="32" op_6_bw="0" op_7_bw="32" op_8_bw="32" op_9_bw="0" op_10_bw="0" op_11_bw="0" op_12_bw="32" op_13_bw="32" op_14_bw="32" op_15_bw="32" op_16_bw="0" op_17_bw="0">
<![CDATA[
:13  call void (...)* @_ssdm_op_SpecInterface(i32* %classification_details_V_data_V, i1* %classification_details_V_last, [5 x i8]* @p_str3, i32 1, i32 1, [5 x i8]* @p_str4, i32 0, i32 0, [1 x i8]* @p_str1, [1 x i8]* @p_str1, [1 x i8]* @p_str1, i32 0, i32 0, i32 0, i32 0, [1 x i8]* @p_str1, [1 x i8]* @p_str1) nounwind

]]></Node>
<StgValue><ssdm name="specinterface_ln86"/></StgValue>
</operation>

<operation id="35" st_id="5" stage="1" lat="1">
<core>NULL</core>
<MemPortIdVec></MemPortIdVec>
<condition id="-1">
<or_exp><and_exp></and_exp></or_exp>
</condition>

<Node id="25" bw="0" op_0_bw="0" op_1_bw="16" op_2_bw="1" op_3_bw="0" op_4_bw="32" op_5_bw="32" op_6_bw="0" op_7_bw="32" op_8_bw="32" op_9_bw="0" op_10_bw="0" op_11_bw="0" op_12_bw="32" op_13_bw="32" op_14_bw="32" op_15_bw="32" op_16_bw="0" op_17_bw="0">
<![CDATA[
:14  call void (...)* @_ssdm_op_SpecInterface(i16* %support_vectors_V_data_V, i1* %support_vectors_V_last, [5 x i8]* @p_str3, i32 1, i32 1, [5 x i8]* @p_str4, i32 0, i32 0, [1 x i8]* @p_str1, [1 x i8]* @p_str1, [1 x i8]* @p_str1, i32 0, i32 0, i32 0, i32 0, [1 x i8]* @p_str1, [1 x i8]* @p_str1) nounwind

]]></Node>
<StgValue><ssdm name="specinterface_ln87"/></StgValue>
</operation>

<operation id="36" st_id="5" stage="1" lat="1">
<core>NULL</core>
<MemPortIdVec></MemPortIdVec>
<condition id="-1">
<or_exp><and_exp></and_exp></or_exp>
</condition>

<Node id="26" bw="0" op_0_bw="0" op_1_bw="32" op_2_bw="1" op_3_bw="0" op_4_bw="32" op_5_bw="32" op_6_bw="0" op_7_bw="32" op_8_bw="32" op_9_bw="0" op_10_bw="0" op_11_bw="0" op_12_bw="32" op_13_bw="32" op_14_bw="32" op_15_bw="32" op_16_bw="0" op_17_bw="0">
<![CDATA[
:15  call void (...)* @_ssdm_op_SpecInterface(i32* %sv_coeffs_V_data_V, i1* %sv_coeffs_V_last, [5 x i8]* @p_str3, i32 1, i32 1, [5 x i8]* @p_str4, i32 0, i32 0, [1 x i8]* @p_str1, [1 x i8]* @p_str1, [1 x i8]* @p_str1, i32 0, i32 0, i32 0, i32 0, [1 x i8]* @p_str1, [1 x i8]* @p_str1) nounwind

]]></Node>
<StgValue><ssdm name="specinterface_ln88"/></StgValue>
</operation>

<operation id="37" st_id="5" stage="1" lat="1">
<core>NULL</core>
<MemPortIdVec></MemPortIdVec>
<condition id="-1">
<or_exp><and_exp></and_exp></or_exp>
</condition>

<Node id="27" bw="0" op_0_bw="0" op_1_bw="32" op_2_bw="0" op_3_bw="32" op_4_bw="32" op_5_bw="0" op_6_bw="32" op_7_bw="32" op_8_bw="0" op_9_bw="0" op_10_bw="0" op_11_bw="32" op_12_bw="32" op_13_bw="32" op_14_bw="32" op_15_bw="0" op_16_bw="0">
<![CDATA[
:16  call void (...)* @_ssdm_op_SpecInterface(i32 0, [13 x i8]* @p_str5, i32 0, i32 0, [1 x i8]* @p_str1, i32 0, i32 0, [1 x i8]* @p_str1, [1 x i8]* @p_str1, [1 x i8]* @p_str1, i32 0, i32 0, i32 0, i32 0, [1 x i8]* @p_str1, [1 x i8]* @p_str1) nounwind

]]></Node>
<StgValue><ssdm name="specinterface_ln89"/></StgValue>
</operation>

<operation id="38" st_id="5" stage="1" lat="1">
<core>NULL</core>
<MemPortIdVec></MemPortIdVec>
<condition id="-1">
<or_exp><and_exp></and_exp></or_exp>
</condition>

<Node id="42" bw="0">
<![CDATA[
:31  ret void

]]></Node>
<StgValue><ssdm name="ret_ln128"/></StgValue>
</operation>
</state>
</state_list>


<ports>
</ports>


<dataflows>
</dataflows>


</stg>
