<profile>

<section name = "Vivado HLS Report for 'get_geometric_values'" level="0">
<item name = "Date">Sat Feb  1 14:24:00 2020
</item>
<item name = "Version">2019.1 (Build 2552052 on Fri May 24 15:28:33 MDT 2019)</item>
<item name = "Project">geometric_values_fxp_rbf_3</item>
<item name = "Solution">solution2</item>
<item name = "Product family">zynq</item>
<item name = "Target device">xc7z020-clg400-1</item>
</section>

<section name = "Performance Estimates" level="0">
<item name = "Timing (ns)">
<section name = "" level="1">
<item name = "Summary"><table name="" hasTotal="0">
<keys size="4">Clock, Target, Estimated, Uncertainty</keys>
<column name="ap_clk">10.00, 8.670, 1.25</column>
</table>
</item>
</section>
</item>
<item name = "Latency (clock cycles)">
<section name = "" level="1">
<item name = "Summary"><table name="" hasTotal="0">
<keys size="6">, min, max, min, max, Type</keys>
<column name="">48, 282000265000054, 48, 282000265000054, none</column>
</table>
</item>
<item name = "Detail">
<section name = "" level="1">
<item name = "Instance"><table name="" hasTotal="0">
<keys size="7">Instance, Module, min, max, min, max, Type</keys>
<column name="grp_kernel_rbf_fu_232">kernel_rbf, 277, 277, 277, 277, none</column>
</table>
</item>
<item name = "Loop"><table name="" hasTotal="0">
<keys size="8">Loop Name, min, max, Latency, achieved, target, Count, Pipelined</keys>
<column name="- Loop 1">2, 282000265000007, 2 ~ 282000265, -, -, 1 ~ 1000000, no</column>
<column name=" + Loop 1.1">256, 256, 1, -, -, 256, no</column>
<column name=" + svs_loop">3, 282000004, 3 ~ 282, -, -, 1 ~ 1000000, no</column>
</table>
</item>
</section>
</item>
</section>
</item>
</section>

<section name = "Utilization Estimates" level="0">
<item name = "Summary"><table name="" hasTotal="1">
<keys size="6">Name, BRAM_18K, DSP48E, FF, LUT, URAM</keys>
<column name="DSP">-, -, -, -, -</column>
<column name="Expression">-, 8, 0, 430, -</column>
<column name="FIFO">-, -, -, -, -</column>
<column name="Instance">0, 13, 1530, 3271, -</column>
<column name="Memory">1, -, 0, 0, 0</column>
<column name="Multiplexer">-, -, -, 366, -</column>
<column name="Register">-, -, 456, -, -</column>
<specialColumn name="Available">280, 220, 106400, 53200, 0</specialColumn>
<specialColumn name="Utilization (%)">~0, 9, 1, 7, 0</specialColumn>
</table>
</item>
<item name = "Detail">
<section name = "" level="1">
<item name = "Instance"><table name="" hasTotal="1">
<keys size="7">Instance, Module, BRAM_18K, DSP48E, FF, LUT, URAM</keys>
<column name="geometric_values_eOg_U10">geometric_values_eOg, 0, 0, 515, 312, 0</column>
<column name="grp_kernel_rbf_fu_232">kernel_rbf, 0, 13, 1015, 2959, 0</column>
</table>
</item>
<item name = "DSP48E"><table name="" hasTotal="0">
<keys size="3">Instance, Module, Expression</keys>
</table>
</item>
<item name = "Memory"><table name="" hasTotal="1">
<keys size="10">Memory, Module, BRAM_18K, FF, LUT, URAM, Words, Bits, Banks, W*Bits*Banks</keys>
<column name="testing_vector_V_U">get_geometric_valdEe, 1, 0, 0, 0, 256, 16, 1, 4096</column>
</table>
</item>
<item name = "FIFO"><table name="" hasTotal="1">
<keys size="8">Name, BRAM_18K, FF, LUT, URAM, Depth, Bits, Size:D*B</keys>
</table>
</item>
<item name = "Expression"><table name="" hasTotal="1">
<keys size="7">Variable Name, Operation, DSP48E, FF, LUT, Bitwidth P0, Bitwidth P1</keys>
<column name="mul_ln1192_fu_353_p2">*, 4, 0, 20, 32, 32</column>
<column name="r_V_fu_412_p2">*, 4, 0, 22, 33, 32</column>
<column name="n1_2_V_fu_304_p2">+, 0, 0, 15, 9, 1</column>
<column name="n1_V_fu_287_p2">+, 0, 0, 27, 20, 1</column>
<column name="n2_V_fu_331_p2">+, 0, 0, 27, 20, 1</column>
<column name="ret_V_2_fu_403_p2">+, 0, 0, 40, 33, 33</column>
<column name="ret_V_3_fu_265_p2">+, 0, 0, 28, 2, 21</column>
<column name="ret_V_4_fu_367_p2">+, 0, 0, 59, 52, 52</column>
<column name="ret_V_fu_275_p2">+, 0, 0, 28, 2, 21</column>
<column name="ap_block_state48">and, 0, 0, 2, 1, 1</column>
<column name="ap_block_state53">and, 0, 0, 2, 1, 1</column>
<column name="ap_block_state54_io">and, 0, 0, 2, 1, 1</column>
<column name="ap_predicate_op135_read_state48">and, 0, 0, 2, 1, 1</column>
<column name="ap_predicate_op177_write_state54">and, 0, 0, 2, 1, 1</column>
<column name="geometric_values_out_TLAST">icmp, 0, 0, 18, 21, 21</column>
<column name="icmp_ln48_fu_298_p2">icmp, 0, 0, 13, 9, 10</column>
<column name="icmp_ln879_2_fu_442_p2">icmp, 0, 0, 18, 21, 21</column>
<column name="icmp_ln879_fu_386_p2">icmp, 0, 0, 18, 21, 21</column>
<column name="icmp_ln887_1_fu_293_p2">icmp, 0, 0, 18, 20, 20</column>
<column name="icmp_ln887_2_fu_310_p2">icmp, 0, 0, 13, 9, 9</column>
<column name="icmp_ln887_3_fu_325_p2">icmp, 0, 0, 18, 20, 17</column>
<column name="icmp_ln887_4_fu_337_p2">icmp, 0, 0, 18, 20, 20</column>
<column name="icmp_ln887_fu_281_p2">icmp, 0, 0, 18, 20, 17</column>
<column name="ap_predicate_op167_read_state53">or, 0, 0, 2, 1, 1</column>
</table>
</item>
<item name = "Multiplexer"><table name="" hasTotal="1">
<keys size="5">Name, LUT, Input Size, Bits, Total Bits</keys>
<column name="ap_NS_fsm">237, 55, 1, 55</column>
<column name="ap_phi_mux_p_Val2_12_phi_fu_224_p4">9, 2, 32, 64</column>
<column name="geometric_values_out_TDATA_blk_n">9, 2, 1, 2</column>
<column name="p_0137_3_reg_209">9, 2, 32, 64</column>
<column name="p_Val2_12_reg_221">9, 2, 32, 64</column>
<column name="p_Val2_s_reg_185">9, 2, 32, 64</column>
<column name="support_vectors_TREADY">9, 2, 1, 2</column>
<column name="sv_coeffs_TDATA_blk_n">9, 2, 1, 2</column>
<column name="t_V_2_reg_197">9, 2, 20, 40</column>
<column name="t_V_3_reg_162">9, 2, 20, 40</column>
<column name="t_V_reg_174">9, 2, 9, 18</column>
<column name="testing_matrix_TDATA_blk_n">9, 2, 1, 2</column>
<column name="testing_vector_V_address0">15, 3, 8, 24</column>
<column name="testing_vector_V_ce0">15, 3, 1, 3</column>
</table>
</item>
<item name = "Register"><table name="" hasTotal="1">
<keys size="5">Name, FF, LUT, Bits, Const Bits</keys>
<column name="ap_CS_fsm">54, 0, 54, 0</column>
<column name="grp_kernel_rbf_fu_232_ap_start_reg">1, 0, 1, 0</column>
<column name="icmp_ln879_reg_541">1, 0, 1, 0</column>
<column name="icmp_ln887_1_reg_498">1, 0, 1, 0</column>
<column name="icmp_ln887_3_reg_513">1, 0, 1, 0</column>
<column name="icmp_ln887_4_reg_522">1, 0, 1, 0</column>
<column name="icmp_ln887_reg_489">1, 0, 1, 0</column>
<column name="mul_ln1192_reg_531">52, 0, 52, 0</column>
<column name="n1_V_reg_493">20, 0, 20, 0</column>
<column name="n2_V_reg_517">20, 0, 20, 0</column>
<column name="p_0137_3_reg_209">32, 0, 32, 0</column>
<column name="p_0_reg_526">32, 0, 32, 0</column>
<column name="p_Val2_12_reg_221">32, 0, 32, 0</column>
<column name="p_Val2_s_reg_185">32, 0, 32, 0</column>
<column name="ret_V_2_reg_545">33, 0, 33, 0</column>
<column name="ret_V_3_reg_478">21, 0, 21, 0</column>
<column name="ret_V_reg_484">21, 0, 21, 0</column>
<column name="sext_ln215_reg_473">52, 0, 52, 0</column>
<column name="t_V_2_reg_197">20, 0, 20, 0</column>
<column name="t_V_3_reg_162">20, 0, 20, 0</column>
<column name="t_V_reg_174">9, 0, 9, 0</column>
</table>
</item>
</section>
</item>
</section>

<section name = "Interface" level="0">
<item name = "Summary"><table name="" hasTotal="0">
<keys size="6">RTL Ports, Dir, Bits, Protocol, Source Object, C Type</keys>
<column name="ap_clk">in, 1, ap_ctrl_hs, get_geometric_values, return value</column>
<column name="ap_rst">in, 1, ap_ctrl_hs, get_geometric_values, return value</column>
<column name="ap_start">in, 1, ap_ctrl_hs, get_geometric_values, return value</column>
<column name="ap_done">out, 1, ap_ctrl_hs, get_geometric_values, return value</column>
<column name="ap_idle">out, 1, ap_ctrl_hs, get_geometric_values, return value</column>
<column name="ap_ready">out, 1, ap_ctrl_hs, get_geometric_values, return value</column>
<column name="support_vectors_TDATA">in, 16, axis, support_vectors_V_data_V, pointer</column>
<column name="support_vectors_TVALID">in, 1, axis, support_vectors_V_last, pointer</column>
<column name="support_vectors_TREADY">out, 1, axis, support_vectors_V_last, pointer</column>
<column name="support_vectors_TLAST">in, 1, axis, support_vectors_V_last, pointer</column>
<column name="sv_coeffs_TDATA">in, 32, axis, sv_coeffs_V_data_V, pointer</column>
<column name="sv_coeffs_TVALID">in, 1, axis, sv_coeffs_V_data_V, pointer</column>
<column name="sv_coeffs_TREADY">out, 1, axis, sv_coeffs_V_last, pointer</column>
<column name="sv_coeffs_TLAST">in, 1, axis, sv_coeffs_V_last, pointer</column>
<column name="testing_matrix_TDATA">in, 16, axis, testing_matrix_V_data_V, pointer</column>
<column name="testing_matrix_TVALID">in, 1, axis, testing_matrix_V_data_V, pointer</column>
<column name="testing_matrix_TREADY">out, 1, axis, testing_matrix_V_last, pointer</column>
<column name="testing_matrix_TLAST">in, 1, axis, testing_matrix_V_last, pointer</column>
<column name="norm_w_V_read">in, 32, ap_none, norm_w_V_read, scalar</column>
<column name="no_svs_V_read">in, 20, ap_none, no_svs_V_read, scalar</column>
<column name="no_variables_V_read">in, 9, ap_none, no_variables_V_read, scalar</column>
<column name="no_test_vectors_V_read">in, 20, ap_none, no_test_vectors_V_read, scalar</column>
<column name="gamma_V_read">in, 32, ap_none, gamma_V_read, scalar</column>
<column name="geometric_values_out_TDATA">out, 32, axis, geometric_values_out_V_data_V, pointer</column>
<column name="geometric_values_out_TREADY">in, 1, axis, geometric_values_out_V_data_V, pointer</column>
<column name="geometric_values_out_TVALID">out, 1, axis, geometric_values_out_V_last, pointer</column>
<column name="geometric_values_out_TLAST">out, 1, axis, geometric_values_out_V_last, pointer</column>
</table>
</item>
</section>
</profile>
