<stg><name>kernel_rbf</name>


<trans_list>

<trans id="167" from="1" to="2">
<condition id="-1">
<or_exp><and_exp></and_exp></or_exp>
</condition>
</trans>

<trans id="198" from="2" to="6">
<condition id="-1">
<or_exp><and_exp><literal name="icmp_ln11" val="1"/>
</and_exp></or_exp>
</condition>
</trans>

<trans id="199" from="2" to="3">
<condition id="-1">
<or_exp><and_exp><literal name="icmp_ln11" val="0"/>
</and_exp></or_exp>
</condition>
</trans>

<trans id="195" from="3" to="4">
<condition id="-1">
<or_exp><and_exp></and_exp></or_exp>
</condition>
</trans>

<trans id="196" from="4" to="5">
<condition id="-1">
<or_exp><and_exp></and_exp></or_exp>
</condition>
</trans>

<trans id="197" from="5" to="2">
<condition id="-1">
<or_exp><and_exp></and_exp></or_exp>
</condition>
</trans>

<trans id="177" from="6" to="7">
<condition id="-1">
<or_exp><and_exp></and_exp></or_exp>
</condition>
</trans>

<trans id="178" from="7" to="8">
<condition id="-1">
<or_exp><and_exp></and_exp></or_exp>
</condition>
</trans>

<trans id="179" from="8" to="9">
<condition id="-1">
<or_exp><and_exp></and_exp></or_exp>
</condition>
</trans>

<trans id="180" from="9" to="10">
<condition id="-1">
<or_exp><and_exp></and_exp></or_exp>
</condition>
</trans>

<trans id="181" from="10" to="11">
<condition id="-1">
<or_exp><and_exp></and_exp></or_exp>
</condition>
</trans>

<trans id="182" from="11" to="12">
<condition id="-1">
<or_exp><and_exp></and_exp></or_exp>
</condition>
</trans>

<trans id="183" from="12" to="13">
<condition id="-1">
<or_exp><and_exp></and_exp></or_exp>
</condition>
</trans>

<trans id="184" from="13" to="14">
<condition id="-1">
<or_exp><and_exp></and_exp></or_exp>
</condition>
</trans>

<trans id="185" from="14" to="15">
<condition id="-1">
<or_exp><and_exp></and_exp></or_exp>
</condition>
</trans>

<trans id="186" from="15" to="16">
<condition id="-1">
<or_exp><and_exp></and_exp></or_exp>
</condition>
</trans>

<trans id="187" from="16" to="17">
<condition id="-1">
<or_exp><and_exp></and_exp></or_exp>
</condition>
</trans>

<trans id="188" from="17" to="18">
<condition id="-1">
<or_exp><and_exp></and_exp></or_exp>
</condition>
</trans>

<trans id="189" from="18" to="19">
<condition id="-1">
<or_exp><and_exp></and_exp></or_exp>
</condition>
</trans>

<trans id="190" from="19" to="20">
<condition id="-1">
<or_exp><and_exp></and_exp></or_exp>
</condition>
</trans>

<trans id="191" from="20" to="21">
<condition id="-1">
<or_exp><and_exp></and_exp></or_exp>
</condition>
</trans>

<trans id="192" from="21" to="22">
<condition id="-1">
<or_exp><and_exp></and_exp></or_exp>
</condition>
</trans>

<trans id="193" from="22" to="23">
<condition id="-1">
<or_exp><and_exp></and_exp></or_exp>
</condition>
</trans>
</trans_list>



<state_list>

<state id="1" st_id="1">

<operation id="24" st_id="1" stage="1" lat="1">
<core>NULL</core>
<MemPortIdVec></MemPortIdVec>
<condition id="-1">
<or_exp><and_exp></and_exp></or_exp>
</condition>

<Node id="6" bw="32" op_0_bw="32">
<![CDATA[
_ZN8ap_fixedILi32ELi12EL9ap_q_mode5EL9ap_o_mode3ELi0EEC1Ei.exit:0  %p_Val2_s = alloca i32

]]></Node>
<StgValue><ssdm name="p_Val2_s"/></StgValue>
</operation>

<operation id="25" st_id="1" stage="1" lat="1">
<core>NULL</core>
<MemPortIdVec></MemPortIdVec>
<condition id="-1">
<or_exp><and_exp></and_exp></or_exp>
</condition>

<Node id="7" bw="0" op_0_bw="0" op_1_bw="16" op_2_bw="1" op_3_bw="0" op_4_bw="32" op_5_bw="32" op_6_bw="0" op_7_bw="32" op_8_bw="32" op_9_bw="0" op_10_bw="0" op_11_bw="0" op_12_bw="32" op_13_bw="32" op_14_bw="32" op_15_bw="32" op_16_bw="0" op_17_bw="0">
<![CDATA[
_ZN8ap_fixedILi32ELi12EL9ap_q_mode5EL9ap_o_mode3ELi0EEC1Ei.exit:1  call void (...)* @_ssdm_op_SpecInterface(i16* %support_vectors_V_data_V, i1* %support_vectors_V_last, [5 x i8]* @p_str3, i32 0, i32 0, [5 x i8]* @p_str4, i32 0, i32 0, [1 x i8]* @p_str1, [1 x i8]* @p_str1, [1 x i8]* @p_str1, i32 0, i32 0, i32 0, i32 0, [1 x i8]* @p_str1, [1 x i8]* @p_str1) nounwind

]]></Node>
<StgValue><ssdm name="specinterface_ln0"/></StgValue>
</operation>

<operation id="26" st_id="1" stage="1" lat="1">
<core>NULL</core>
<MemPortIdVec></MemPortIdVec>
<condition id="-1">
<or_exp><and_exp></and_exp></or_exp>
</condition>

<Node id="8" bw="32" op_0_bw="32" op_1_bw="32">
<![CDATA[
_ZN8ap_fixedILi32ELi12EL9ap_q_mode5EL9ap_o_mode3ELi0EEC1Ei.exit:2  %gamma_V_read_1 = call i32 @_ssdm_op_Read.ap_auto.i32(i32 %gamma_V_read)

]]></Node>
<StgValue><ssdm name="gamma_V_read_1"/></StgValue>
</operation>

<operation id="27" st_id="1" stage="1" lat="1">
<core>NULL</core>
<MemPortIdVec></MemPortIdVec>
<condition id="-1">
<or_exp><and_exp></and_exp></or_exp>
</condition>

<Node id="9" bw="9" op_0_bw="9" op_1_bw="9">
<![CDATA[
_ZN8ap_fixedILi32ELi12EL9ap_q_mode5EL9ap_o_mode3ELi0EEC1Ei.exit:3  %no_variables_V_read_1 = call i9 @_ssdm_op_Read.ap_auto.i9(i9 %no_variables_V_read)

]]></Node>
<StgValue><ssdm name="no_variables_V_read_1"/></StgValue>
</operation>

<operation id="28" st_id="1" stage="1" lat="1">
<core>NULL</core>
<MemPortIdVec></MemPortIdVec>
<condition id="-1">
<or_exp><and_exp></and_exp></or_exp>
</condition>

<Node id="10" bw="0" op_0_bw="32" op_1_bw="32">
<![CDATA[
_ZN8ap_fixedILi32ELi12EL9ap_q_mode5EL9ap_o_mode3ELi0EEC1Ei.exit:4  store i32 0, i32* %p_Val2_s

]]></Node>
<StgValue><ssdm name="store_ln11"/></StgValue>
</operation>

<operation id="29" st_id="1" stage="1" lat="1">
<core>NULL</core>
<MemPortIdVec></MemPortIdVec>
<condition id="-1">
<or_exp><and_exp></and_exp></or_exp>
</condition>

<Node id="11" bw="0" op_0_bw="0">
<![CDATA[
_ZN8ap_fixedILi32ELi12EL9ap_q_mode5EL9ap_o_mode3ELi0EEC1Ei.exit:5  br label %0

]]></Node>
<StgValue><ssdm name="br_ln11"/></StgValue>
</operation>
</state>

<state id="2" st_id="2">

<operation id="30" st_id="2" stage="1" lat="1">
<core>NULL</core>
<MemPortIdVec></MemPortIdVec>
<condition id="-1">
<or_exp><and_exp></and_exp></or_exp>
</condition>

<Node id="13" bw="9" op_0_bw="9" op_1_bw="0" op_2_bw="9" op_3_bw="0">
<![CDATA[
:0  %t_V_1 = phi i9 [ 0, %_ZN8ap_fixedILi32ELi12EL9ap_q_mode5EL9ap_o_mode3ELi0EEC1Ei.exit ], [ %n1_V, %square_norm_loop_end ]

]]></Node>
<StgValue><ssdm name="t_V_1"/></StgValue>
</operation>

<operation id="31" st_id="2" stage="1" lat="1">
<core>Cmp</core>
<MemPortIdVec></MemPortIdVec>
<condition id="-1">
<or_exp><and_exp></and_exp></or_exp>
</condition>

<Node id="14" bw="1" op_0_bw="9" op_1_bw="9">
<![CDATA[
:1  %icmp_ln11 = icmp eq i9 %t_V_1, -256

]]></Node>
<StgValue><ssdm name="icmp_ln11"/></StgValue>
</operation>

<operation id="32" st_id="2" stage="1" lat="1">
<core>NULL</core>
<MemPortIdVec></MemPortIdVec>
<condition id="-1">
<or_exp><and_exp></and_exp></or_exp>
</condition>

<Node id="15" bw="32" op_0_bw="32" op_1_bw="64" op_2_bw="64" op_3_bw="64">
<![CDATA[
:2  %empty = call i32 (...)* @_ssdm_op_SpecLoopTripCount(i64 256, i64 256, i64 256)

]]></Node>
<StgValue><ssdm name="empty"/></StgValue>
</operation>

<operation id="33" st_id="2" stage="1" lat="1">
<core>AddSub</core>
<MemPortIdVec></MemPortIdVec>
<condition id="-1">
<or_exp><and_exp></and_exp></or_exp>
</condition>

<Node id="16" bw="9" op_0_bw="9" op_1_bw="9">
<![CDATA[
:3  %n1_V = add i9 %t_V_1, 1

]]></Node>
<StgValue><ssdm name="n1_V"/></StgValue>
</operation>

<operation id="34" st_id="2" stage="1" lat="1">
<core>NULL</core>
<MemPortIdVec></MemPortIdVec>
<condition id="-1">
<or_exp><and_exp></and_exp></or_exp>
</condition>

<Node id="17" bw="0" op_0_bw="1" op_1_bw="0" op_2_bw="0">
<![CDATA[
:4  br i1 %icmp_ln11, label %_ZNK13ap_fixed_baseILi32ELi12ELb1EL9ap_q_mode5EL9ap_o_mode3ELi0EEngEv.exit_ifconv, label %square_norm_loop_begin

]]></Node>
<StgValue><ssdm name="br_ln11"/></StgValue>
</operation>

<operation id="35" st_id="2" stage="1" lat="1">
<core>Cmp</core>
<MemPortIdVec></MemPortIdVec>
<condition id="-1">
<or_exp><and_exp><literal name="icmp_ln11" val="0"/>
</and_exp></or_exp>
</condition>

<Node id="22" bw="1" op_0_bw="9" op_1_bw="9">
<![CDATA[
square_norm_loop_begin:3  %icmp_ln887 = icmp ult i9 %t_V_1, %no_variables_V_read_1

]]></Node>
<StgValue><ssdm name="icmp_ln887"/></StgValue>
</operation>

<operation id="36" st_id="2" stage="1" lat="1">
<core>NULL</core>
<MemPortIdVec></MemPortIdVec>
<condition id="-1">
<or_exp><and_exp><literal name="icmp_ln11" val="0"/>
</and_exp></or_exp>
</condition>

<Node id="23" bw="0" op_0_bw="1" op_1_bw="0" op_2_bw="0">
<![CDATA[
square_norm_loop_begin:4  br i1 %icmp_ln887, label %_ZN13ap_fixed_baseILi17ELi2ELb1EL9ap_q_mode5EL9ap_o_mode3ELi0EEC1ILi16ELi1ELb1ELS0_5ELS1_3ELi0EEERKS_IXT_EXT0_EXT1_EXT2_EXT3_EXT4_EE.exit9.i, label %square_norm_loop_end

]]></Node>
<StgValue><ssdm name="br_ln13"/></StgValue>
</operation>

<operation id="37" st_id="2" stage="1" lat="1">
<core>AXI4Stream</core>
<MemPortIdVec></MemPortIdVec>
<condition id="-1">
<or_exp><and_exp><literal name="icmp_ln11" val="0"/>
<literal name="icmp_ln887" val="1"/>
</and_exp></or_exp>
</condition>

<Node id="26" bw="17" op_0_bw="17" op_1_bw="16" op_2_bw="1">
<![CDATA[
_ZN13ap_fixed_baseILi17ELi2ELb1EL9ap_q_mode5EL9ap_o_mode3ELi0EEC1ILi16ELi1ELb1ELS0_5ELS1_3ELi0EEERKS_IXT_EXT0_EXT1_EXT2_EXT3_EXT4_EE.exit9.i:1  %empty_15 = call { i16, i1 } @_ssdm_op_Read.axis.volatile.i16P.i1P(i16* %support_vectors_V_data_V, i1* %support_vectors_V_last)

]]></Node>
<StgValue><ssdm name="empty_15"/></StgValue>
</operation>

<operation id="38" st_id="2" stage="1" lat="1">
<core>NULL</core>
<MemPortIdVec></MemPortIdVec>
<condition id="-1">
<or_exp><and_exp><literal name="icmp_ln11" val="0"/>
<literal name="icmp_ln887" val="1"/>
</and_exp></or_exp>
</condition>

<Node id="28" bw="64" op_0_bw="9">
<![CDATA[
_ZN13ap_fixed_baseILi17ELi2ELb1EL9ap_q_mode5EL9ap_o_mode3ELi0EEC1ILi16ELi1ELb1ELS0_5ELS1_3ELi0EEERKS_IXT_EXT0_EXT1_EXT2_EXT3_EXT4_EE.exit9.i:3  %zext_ln544 = zext i9 %t_V_1 to i64

]]></Node>
<StgValue><ssdm name="zext_ln544"/></StgValue>
</operation>

<operation id="39" st_id="2" stage="1" lat="1">
<core>NULL</core>
<MemPortIdVec></MemPortIdVec>
<condition id="-1">
<or_exp><and_exp><literal name="icmp_ln11" val="0"/>
<literal name="icmp_ln887" val="1"/>
</and_exp></or_exp>
</condition>

<Node id="30" bw="8" op_0_bw="16" op_1_bw="64" op_2_bw="64">
<![CDATA[
_ZN13ap_fixed_baseILi17ELi2ELb1EL9ap_q_mode5EL9ap_o_mode3ELi0EEC1ILi16ELi1ELb1ELS0_5ELS1_3ELi0EEERKS_IXT_EXT0_EXT1_EXT2_EXT3_EXT4_EE.exit9.i:5  %vector_2_V_addr = getelementptr [256 x i16]* %vector_2_V, i64 0, i64 %zext_ln544

]]></Node>
<StgValue><ssdm name="vector_2_V_addr"/></StgValue>
</operation>

<operation id="40" st_id="2" stage="2" lat="2">
<core>RAM</core>
<MemPortIdVec></MemPortIdVec>
<condition id="-1">
<or_exp><and_exp><literal name="icmp_ln11" val="0"/>
<literal name="icmp_ln887" val="1"/>
</and_exp></or_exp>
</condition>

<Node id="31" bw="16" op_0_bw="8">
<![CDATA[
_ZN13ap_fixed_baseILi17ELi2ELb1EL9ap_q_mode5EL9ap_o_mode3ELi0EEC1ILi16ELi1ELb1ELS0_5ELS1_3ELi0EEERKS_IXT_EXT0_EXT1_EXT2_EXT3_EXT4_EE.exit9.i:6  %p_Val2_7 = load i16* %vector_2_V_addr, align 2

]]></Node>
<StgValue><ssdm name="p_Val2_7"/></StgValue>
</operation>
</state>

<state id="3" st_id="3">

<operation id="41" st_id="3" stage="1" lat="1">
<core>NULL</core>
<MemPortIdVec></MemPortIdVec>
<condition id="-1">
<or_exp><and_exp><literal name="icmp_ln887" val="1"/>
</and_exp></or_exp>
</condition>

<Node id="27" bw="16" op_0_bw="17">
<![CDATA[
_ZN13ap_fixed_baseILi17ELi2ELb1EL9ap_q_mode5EL9ap_o_mode3ELi0EEC1ILi16ELi1ELb1ELS0_5ELS1_3ELi0EEERKS_IXT_EXT0_EXT1_EXT2_EXT3_EXT4_EE.exit9.i:2  %tmp_data_V = extractvalue { i16, i1 } %empty_15, 0

]]></Node>
<StgValue><ssdm name="tmp_data_V"/></StgValue>
</operation>

<operation id="42" st_id="3" stage="1" lat="1">
<core>NULL</core>
<MemPortIdVec></MemPortIdVec>
<condition id="-1">
<or_exp><and_exp><literal name="icmp_ln887" val="1"/>
</and_exp></or_exp>
</condition>

<Node id="29" bw="17" op_0_bw="16">
<![CDATA[
_ZN13ap_fixed_baseILi17ELi2ELb1EL9ap_q_mode5EL9ap_o_mode3ELi0EEC1ILi16ELi1ELb1ELS0_5ELS1_3ELi0EEERKS_IXT_EXT0_EXT1_EXT2_EXT3_EXT4_EE.exit9.i:4  %lhs_V = sext i16 %tmp_data_V to i17

]]></Node>
<StgValue><ssdm name="lhs_V"/></StgValue>
</operation>

<operation id="43" st_id="3" stage="1" lat="2">
<core>RAM</core>
<MemPortIdVec></MemPortIdVec>
<condition id="-1">
<or_exp><and_exp><literal name="icmp_ln887" val="1"/>
</and_exp></or_exp>
</condition>

<Node id="31" bw="16" op_0_bw="8">
<![CDATA[
_ZN13ap_fixed_baseILi17ELi2ELb1EL9ap_q_mode5EL9ap_o_mode3ELi0EEC1ILi16ELi1ELb1ELS0_5ELS1_3ELi0EEERKS_IXT_EXT0_EXT1_EXT2_EXT3_EXT4_EE.exit9.i:6  %p_Val2_7 = load i16* %vector_2_V_addr, align 2

]]></Node>
<StgValue><ssdm name="p_Val2_7"/></StgValue>
</operation>

<operation id="44" st_id="3" stage="1" lat="1">
<core>NULL</core>
<MemPortIdVec></MemPortIdVec>
<condition id="-1">
<or_exp><and_exp><literal name="icmp_ln887" val="1"/>
</and_exp></or_exp>
</condition>

<Node id="32" bw="17" op_0_bw="16">
<![CDATA[
_ZN13ap_fixed_baseILi17ELi2ELb1EL9ap_q_mode5EL9ap_o_mode3ELi0EEC1ILi16ELi1ELb1ELS0_5ELS1_3ELi0EEERKS_IXT_EXT0_EXT1_EXT2_EXT3_EXT4_EE.exit9.i:7  %rhs_V = sext i16 %p_Val2_7 to i17

]]></Node>
<StgValue><ssdm name="rhs_V"/></StgValue>
</operation>

<operation id="45" st_id="3" stage="1" lat="1">
<core>AddSub</core>
<MemPortIdVec></MemPortIdVec>
<condition id="-1">
<or_exp><and_exp><literal name="icmp_ln887" val="1"/>
</and_exp></or_exp>
</condition>

<Node id="33" bw="17" op_0_bw="17" op_1_bw="17">
<![CDATA[
_ZN13ap_fixed_baseILi17ELi2ELb1EL9ap_q_mode5EL9ap_o_mode3ELi0EEC1ILi16ELi1ELb1ELS0_5ELS1_3ELi0EEERKS_IXT_EXT0_EXT1_EXT2_EXT3_EXT4_EE.exit9.i:8  %ret_V = sub i17 %lhs_V, %rhs_V

]]></Node>
<StgValue><ssdm name="ret_V"/></StgValue>
</operation>
</state>

<state id="4" st_id="4">

<operation id="46" st_id="4" stage="1" lat="1">
<core>NULL</core>
<MemPortIdVec></MemPortIdVec>
<condition id="-1">
<or_exp><and_exp><literal name="icmp_ln887" val="1"/>
</and_exp></or_exp>
</condition>

<Node id="34" bw="22" op_0_bw="22" op_1_bw="17" op_2_bw="5">
<![CDATA[
_ZN13ap_fixed_baseILi17ELi2ELb1EL9ap_q_mode5EL9ap_o_mode3ELi0EEC1ILi16ELi1ELb1ELS0_5ELS1_3ELi0EEERKS_IXT_EXT0_EXT1_EXT2_EXT3_EXT4_EE.exit9.i:9  %difference_element_V = call i22 @_ssdm_op_BitConcatenate.i22.i17.i5(i17 %ret_V, i5 0)

]]></Node>
<StgValue><ssdm name="difference_element_V"/></StgValue>
</operation>

<operation id="47" st_id="4" stage="1" lat="1">
<core>NULL</core>
<MemPortIdVec></MemPortIdVec>
<condition id="-1">
<or_exp><and_exp><literal name="icmp_ln887" val="1"/>
</and_exp></or_exp>
</condition>

<Node id="35" bw="44" op_0_bw="22">
<![CDATA[
_ZN13ap_fixed_baseILi17ELi2ELb1EL9ap_q_mode5EL9ap_o_mode3ELi0EEC1ILi16ELi1ELb1ELS0_5ELS1_3ELi0EEERKS_IXT_EXT0_EXT1_EXT2_EXT3_EXT4_EE.exit9.i:10  %sext_ln1116 = sext i22 %difference_element_V to i44

]]></Node>
<StgValue><ssdm name="sext_ln1116"/></StgValue>
</operation>

<operation id="48" st_id="4" stage="1" lat="1">
<core>Mul</core>
<MemPortIdVec></MemPortIdVec>
<condition id="-1">
<or_exp><and_exp><literal name="icmp_ln887" val="1"/>
</and_exp></or_exp>
</condition>

<Node id="36" bw="44" op_0_bw="44" op_1_bw="44">
<![CDATA[
_ZN13ap_fixed_baseILi17ELi2ELb1EL9ap_q_mode5EL9ap_o_mode3ELi0EEC1ILi16ELi1ELb1ELS0_5ELS1_3ELi0EEERKS_IXT_EXT0_EXT1_EXT2_EXT3_EXT4_EE.exit9.i:11  %r_V = mul i44 %sext_ln1116, %sext_ln1116

]]></Node>
<StgValue><ssdm name="r_V"/></StgValue>
</operation>
</state>

<state id="5" st_id="5">

<operation id="49" st_id="5" stage="1" lat="1">
<core>NULL</core>
<MemPortIdVec></MemPortIdVec>
<condition id="-1">
<or_exp><and_exp></and_exp></or_exp>
</condition>

<Node id="19" bw="0" op_0_bw="0" op_1_bw="0">
<![CDATA[
square_norm_loop_begin:0  call void (...)* @_ssdm_op_SpecLoopName([17 x i8]* @p_str) nounwind

]]></Node>
<StgValue><ssdm name="specloopname_ln11"/></StgValue>
</operation>

<operation id="50" st_id="5" stage="1" lat="1">
<core>NULL</core>
<MemPortIdVec></MemPortIdVec>
<condition id="-1">
<or_exp><and_exp></and_exp></or_exp>
</condition>

<Node id="20" bw="32" op_0_bw="32" op_1_bw="0">
<![CDATA[
square_norm_loop_begin:1  %tmp = call i32 (...)* @_ssdm_op_SpecRegionBegin([17 x i8]* @p_str)

]]></Node>
<StgValue><ssdm name="tmp"/></StgValue>
</operation>

<operation id="51" st_id="5" stage="1" lat="1">
<core>NULL</core>
<MemPortIdVec></MemPortIdVec>
<condition id="-1">
<or_exp><and_exp></and_exp></or_exp>
</condition>

<Node id="21" bw="0" op_0_bw="0" op_1_bw="32" op_2_bw="32" op_3_bw="32" op_4_bw="32" op_5_bw="0">
<![CDATA[
square_norm_loop_begin:2  call void (...)* @_ssdm_op_SpecPipeline(i32 -1, i32 1, i32 1, i32 0, [1 x i8]* @p_str1) nounwind

]]></Node>
<StgValue><ssdm name="specpipeline_ln12"/></StgValue>
</operation>

<operation id="52" st_id="5" stage="1" lat="1">
<core>NULL</core>
<MemPortIdVec></MemPortIdVec>
<condition id="-1">
<or_exp><and_exp><literal name="icmp_ln887" val="1"/>
</and_exp></or_exp>
</condition>

<Node id="25" bw="32" op_0_bw="32" op_1_bw="0">
<![CDATA[
_ZN13ap_fixed_baseILi17ELi2ELb1EL9ap_q_mode5EL9ap_o_mode3ELi0EEC1ILi16ELi1ELb1ELS0_5ELS1_3ELi0EEERKS_IXT_EXT0_EXT1_EXT2_EXT3_EXT4_EE.exit9.i:0  %p_Val2_load_1 = load i32* %p_Val2_s

]]></Node>
<StgValue><ssdm name="p_Val2_load_1"/></StgValue>
</operation>

<operation id="53" st_id="5" stage="1" lat="1">
<core>NULL</core>
<MemPortIdVec></MemPortIdVec>
<condition id="-1">
<or_exp><and_exp><literal name="icmp_ln887" val="1"/>
</and_exp></or_exp>
</condition>

<Node id="37" bw="52" op_0_bw="52" op_1_bw="32" op_2_bw="20">
<![CDATA[
_ZN13ap_fixed_baseILi17ELi2ELb1EL9ap_q_mode5EL9ap_o_mode3ELi0EEC1ILi16ELi1ELb1ELS0_5ELS1_3ELi0EEERKS_IXT_EXT0_EXT1_EXT2_EXT3_EXT4_EE.exit9.i:12  %lhs_V_1 = call i52 @_ssdm_op_BitConcatenate.i52.i32.i20(i32 %p_Val2_load_1, i20 0)

]]></Node>
<StgValue><ssdm name="lhs_V_1"/></StgValue>
</operation>

<operation id="54" st_id="5" stage="1" lat="1">
<core>NULL</core>
<MemPortIdVec></MemPortIdVec>
<condition id="-1">
<or_exp><and_exp><literal name="icmp_ln887" val="1"/>
</and_exp></or_exp>
</condition>

<Node id="38" bw="52" op_0_bw="44">
<![CDATA[
_ZN13ap_fixed_baseILi17ELi2ELb1EL9ap_q_mode5EL9ap_o_mode3ELi0EEC1ILi16ELi1ELb1ELS0_5ELS1_3ELi0EEERKS_IXT_EXT0_EXT1_EXT2_EXT3_EXT4_EE.exit9.i:13  %sext_ln1192 = sext i44 %r_V to i52

]]></Node>
<StgValue><ssdm name="sext_ln1192"/></StgValue>
</operation>

<operation id="55" st_id="5" stage="1" lat="1">
<core>AddSub</core>
<MemPortIdVec></MemPortIdVec>
<condition id="-1">
<or_exp><and_exp><literal name="icmp_ln887" val="1"/>
</and_exp></or_exp>
</condition>

<Node id="39" bw="52" op_0_bw="52" op_1_bw="52">
<![CDATA[
_ZN13ap_fixed_baseILi17ELi2ELb1EL9ap_q_mode5EL9ap_o_mode3ELi0EEC1ILi16ELi1ELb1ELS0_5ELS1_3ELi0EEERKS_IXT_EXT0_EXT1_EXT2_EXT3_EXT4_EE.exit9.i:14  %ret_V_1 = add i52 %sext_ln1192, %lhs_V_1

]]></Node>
<StgValue><ssdm name="ret_V_1"/></StgValue>
</operation>

<operation id="56" st_id="5" stage="1" lat="1">
<core>NULL</core>
<MemPortIdVec></MemPortIdVec>
<condition id="-1">
<or_exp><and_exp><literal name="icmp_ln887" val="1"/>
</and_exp></or_exp>
</condition>

<Node id="40" bw="32" op_0_bw="32" op_1_bw="52" op_2_bw="32" op_3_bw="32">
<![CDATA[
_ZN13ap_fixed_baseILi17ELi2ELb1EL9ap_q_mode5EL9ap_o_mode3ELi0EEC1ILi16ELi1ELb1ELS0_5ELS1_3ELi0EEERKS_IXT_EXT0_EXT1_EXT2_EXT3_EXT4_EE.exit9.i:15  %square_norm_V = call i32 @_ssdm_op_PartSelect.i32.i52.i32.i32(i52 %ret_V_1, i32 20, i32 51)

]]></Node>
<StgValue><ssdm name="square_norm_V"/></StgValue>
</operation>

<operation id="57" st_id="5" stage="1" lat="1">
<core>NULL</core>
<MemPortIdVec></MemPortIdVec>
<condition id="-1">
<or_exp><and_exp><literal name="icmp_ln887" val="1"/>
</and_exp></or_exp>
</condition>

<Node id="41" bw="0" op_0_bw="32" op_1_bw="32" op_2_bw="32" op_3_bw="0">
<![CDATA[
_ZN13ap_fixed_baseILi17ELi2ELb1EL9ap_q_mode5EL9ap_o_mode3ELi0EEC1ILi16ELi1ELb1ELS0_5ELS1_3ELi0EEERKS_IXT_EXT0_EXT1_EXT2_EXT3_EXT4_EE.exit9.i:16  store i32 %square_norm_V, i32* %p_Val2_s

]]></Node>
<StgValue><ssdm name="store_ln17"/></StgValue>
</operation>

<operation id="58" st_id="5" stage="1" lat="1">
<core>NULL</core>
<MemPortIdVec></MemPortIdVec>
<condition id="-1">
<or_exp><and_exp><literal name="icmp_ln887" val="1"/>
</and_exp></or_exp>
</condition>

<Node id="42" bw="0" op_0_bw="0">
<![CDATA[
_ZN13ap_fixed_baseILi17ELi2ELb1EL9ap_q_mode5EL9ap_o_mode3ELi0EEC1ILi16ELi1ELb1ELS0_5ELS1_3ELi0EEERKS_IXT_EXT0_EXT1_EXT2_EXT3_EXT4_EE.exit9.i:17  br label %square_norm_loop_end

]]></Node>
<StgValue><ssdm name="br_ln17"/></StgValue>
</operation>

<operation id="59" st_id="5" stage="1" lat="1">
<core>NULL</core>
<MemPortIdVec></MemPortIdVec>
<condition id="-1">
<or_exp><and_exp><literal name="icmp_ln11" val="0"/>
</and_exp></or_exp>
</condition>

<Node id="44" bw="32" op_0_bw="32" op_1_bw="0" op_2_bw="32">
<![CDATA[
square_norm_loop_end:0  %empty_16 = call i32 (...)* @_ssdm_op_SpecRegionEnd([17 x i8]* @p_str, i32 %tmp)

]]></Node>
<StgValue><ssdm name="empty_16"/></StgValue>
</operation>

<operation id="60" st_id="5" stage="1" lat="1">
<core>NULL</core>
<MemPortIdVec></MemPortIdVec>
<condition id="-1">
<or_exp><and_exp><literal name="icmp_ln11" val="0"/>
</and_exp></or_exp>
</condition>

<Node id="45" bw="0" op_0_bw="0">
<![CDATA[
square_norm_loop_end:1  br label %0

]]></Node>
<StgValue><ssdm name="br_ln11"/></StgValue>
</operation>
</state>

<state id="6" st_id="6">

<operation id="61" st_id="6" stage="1" lat="1">
<core>NULL</core>
<MemPortIdVec></MemPortIdVec>
<condition id="-1">
<or_exp><and_exp></and_exp></or_exp>
</condition>

<Node id="47" bw="32" op_0_bw="32" op_1_bw="0">
<![CDATA[
_ZNK13ap_fixed_baseILi32ELi12ELb1EL9ap_q_mode5EL9ap_o_mode3ELi0EEngEv.exit_ifconv:0  %p_Val2_load = load i32* %p_Val2_s

]]></Node>
<StgValue><ssdm name="p_Val2_load"/></StgValue>
</operation>

<operation id="62" st_id="6" stage="1" lat="1">
<core>NULL</core>
<MemPortIdVec></MemPortIdVec>
<condition id="-1">
<or_exp><and_exp></and_exp></or_exp>
</condition>

<Node id="48" bw="52" op_0_bw="32">
<![CDATA[
_ZNK13ap_fixed_baseILi32ELi12ELb1EL9ap_q_mode5EL9ap_o_mode3ELi0EEngEv.exit_ifconv:1  %sext_ln1118 = sext i32 %gamma_V_read_1 to i52

]]></Node>
<StgValue><ssdm name="sext_ln1118"/></StgValue>
</operation>

<operation id="63" st_id="6" stage="1" lat="1">
<core>NULL</core>
<MemPortIdVec></MemPortIdVec>
<condition id="-1">
<or_exp><and_exp></and_exp></or_exp>
</condition>

<Node id="49" bw="52" op_0_bw="32">
<![CDATA[
_ZNK13ap_fixed_baseILi32ELi12ELb1EL9ap_q_mode5EL9ap_o_mode3ELi0EEngEv.exit_ifconv:2  %sext_ln1118_1 = sext i32 %p_Val2_load to i52

]]></Node>
<StgValue><ssdm name="sext_ln1118_1"/></StgValue>
</operation>

<operation id="64" st_id="6" stage="1" lat="1">
<core>Mul</core>
<MemPortIdVec></MemPortIdVec>
<condition id="-1">
<or_exp><and_exp></and_exp></or_exp>
</condition>

<Node id="50" bw="52" op_0_bw="52" op_1_bw="52">
<![CDATA[
_ZNK13ap_fixed_baseILi32ELi12ELb1EL9ap_q_mode5EL9ap_o_mode3ELi0EEngEv.exit_ifconv:3  %mul_ln1118 = mul i52 %sext_ln1118_1, %sext_ln1118

]]></Node>
<StgValue><ssdm name="mul_ln1118"/></StgValue>
</operation>
</state>

<state id="7" st_id="7">

<operation id="65" st_id="7" stage="1" lat="1">
<core>AddSub</core>
<MemPortIdVec></MemPortIdVec>
<condition id="-1">
<or_exp><and_exp></and_exp></or_exp>
</condition>

<Node id="51" bw="52" op_0_bw="52" op_1_bw="52">
<![CDATA[
_ZNK13ap_fixed_baseILi32ELi12ELb1EL9ap_q_mode5EL9ap_o_mode3ELi0EEngEv.exit_ifconv:4  %r_V_2 = sub i52 0, %mul_ln1118

]]></Node>
<StgValue><ssdm name="r_V_2"/></StgValue>
</operation>

<operation id="66" st_id="7" stage="1" lat="1">
<core>NULL</core>
<MemPortIdVec></MemPortIdVec>
<condition id="-1">
<or_exp><and_exp></and_exp></or_exp>
</condition>

<Node id="52" bw="32" op_0_bw="32" op_1_bw="52" op_2_bw="32" op_3_bw="32">
<![CDATA[
_ZNK13ap_fixed_baseILi32ELi12ELb1EL9ap_q_mode5EL9ap_o_mode3ELi0EEngEv.exit_ifconv:5  %tmp_V_3 = call i32 @_ssdm_op_PartSelect.i32.i52.i32.i32(i52 %r_V_2, i32 20, i32 51)

]]></Node>
<StgValue><ssdm name="tmp_V_3"/></StgValue>
</operation>

<operation id="67" st_id="7" stage="1" lat="1">
<core>NULL</core>
<MemPortIdVec></MemPortIdVec>
<condition id="-1">
<or_exp><and_exp></and_exp></or_exp>
</condition>

<Node id="54" bw="1" op_0_bw="1" op_1_bw="52" op_2_bw="32">
<![CDATA[
_ZNK13ap_fixed_baseILi32ELi12ELb1EL9ap_q_mode5EL9ap_o_mode3ELi0EEngEv.exit_ifconv:7  %p_Result_5 = call i1 @_ssdm_op_BitSelect.i1.i52.i32(i52 %r_V_2, i32 51)

]]></Node>
<StgValue><ssdm name="p_Result_5"/></StgValue>
</operation>
</state>

<state id="8" st_id="8">

<operation id="68" st_id="8" stage="1" lat="1">
<core>Cmp</core>
<MemPortIdVec></MemPortIdVec>
<condition id="-1">
<or_exp><and_exp></and_exp></or_exp>
</condition>

<Node id="53" bw="1" op_0_bw="32" op_1_bw="32">
<![CDATA[
_ZNK13ap_fixed_baseILi32ELi12ELb1EL9ap_q_mode5EL9ap_o_mode3ELi0EEngEv.exit_ifconv:6  %icmp_ln935 = icmp eq i32 %tmp_V_3, 0

]]></Node>
<StgValue><ssdm name="icmp_ln935"/></StgValue>
</operation>

<operation id="69" st_id="8" stage="1" lat="1">
<core>AddSub</core>
<MemPortIdVec></MemPortIdVec>
<condition id="-1">
<or_exp><and_exp><literal name="p_Result_5" val="1"/>
</and_exp></or_exp>
</condition>

<Node id="55" bw="32" op_0_bw="32" op_1_bw="32">
<![CDATA[
_ZNK13ap_fixed_baseILi32ELi12ELb1EL9ap_q_mode5EL9ap_o_mode3ELi0EEngEv.exit_ifconv:8  %tmp_V = sub nsw i32 0, %tmp_V_3

]]></Node>
<StgValue><ssdm name="tmp_V"/></StgValue>
</operation>

<operation id="70" st_id="8" stage="1" lat="1">
<core>Sel</core>
<MemPortIdVec></MemPortIdVec>
<condition id="-1">
<or_exp><and_exp></and_exp></or_exp>
</condition>

<Node id="56" bw="32" op_0_bw="1" op_1_bw="32" op_2_bw="32">
<![CDATA[
_ZNK13ap_fixed_baseILi32ELi12ELb1EL9ap_q_mode5EL9ap_o_mode3ELi0EEngEv.exit_ifconv:9  %tmp_V_4 = select i1 %p_Result_5, i32 %tmp_V, i32 %tmp_V_3

]]></Node>
<StgValue><ssdm name="tmp_V_4"/></StgValue>
</operation>

<operation id="71" st_id="8" stage="1" lat="1">
<core>NULL</core>
<MemPortIdVec></MemPortIdVec>
<condition id="-1">
<or_exp><and_exp></and_exp></or_exp>
</condition>

<Node id="57" bw="32" op_0_bw="32" op_1_bw="32" op_2_bw="32" op_3_bw="32">
<![CDATA[
_ZNK13ap_fixed_baseILi32ELi12ELb1EL9ap_q_mode5EL9ap_o_mode3ELi0EEngEv.exit_ifconv:10  %p_Result_6 = call i32 @_ssdm_op_PartSelect.i32.i32.i32.i32(i32 %tmp_V_4, i32 31, i32 0)

]]></Node>
<StgValue><ssdm name="p_Result_6"/></StgValue>
</operation>

<operation id="72" st_id="8" stage="1" lat="1">
<core>CTTZ</core>
<MemPortIdVec></MemPortIdVec>
<condition id="-1">
<or_exp><and_exp></and_exp></or_exp>
</condition>

<Node id="58" bw="32" op_0_bw="32" op_1_bw="32" op_2_bw="1">
<![CDATA[
_ZNK13ap_fixed_baseILi32ELi12ELb1EL9ap_q_mode5EL9ap_o_mode3ELi0EEngEv.exit_ifconv:11  %l = call i32 @llvm.cttz.i32(i32 %p_Result_6, i1 true) nounwind

]]></Node>
<StgValue><ssdm name="l"/></StgValue>
</operation>

<operation id="73" st_id="8" stage="1" lat="1">
<core>NULL</core>
<MemPortIdVec></MemPortIdVec>
<condition id="-1">
<or_exp><and_exp></and_exp></or_exp>
</condition>

<Node id="87" bw="8" op_0_bw="32">
<![CDATA[
_ZNK13ap_fixed_baseILi32ELi12ELb1EL9ap_q_mode5EL9ap_o_mode3ELi0EEngEv.exit_ifconv:40  %trunc_ln943 = trunc i32 %l to i8

]]></Node>
<StgValue><ssdm name="trunc_ln943"/></StgValue>
</operation>
</state>

<state id="9" st_id="9">

<operation id="74" st_id="9" stage="1" lat="1">
<core>AddSub</core>
<MemPortIdVec></MemPortIdVec>
<condition id="-1">
<or_exp><and_exp><literal name="icmp_ln935" val="0"/>
</and_exp></or_exp>
</condition>

<Node id="59" bw="32" op_0_bw="32" op_1_bw="32">
<![CDATA[
_ZNK13ap_fixed_baseILi32ELi12ELb1EL9ap_q_mode5EL9ap_o_mode3ELi0EEngEv.exit_ifconv:12  %sub_ln944 = sub nsw i32 32, %l

]]></Node>
<StgValue><ssdm name="sub_ln944"/></StgValue>
</operation>

<operation id="75" st_id="9" stage="1" lat="1">
<core>AddSub</core>
<MemPortIdVec></MemPortIdVec>
<condition id="-1">
<or_exp><and_exp><literal name="icmp_ln935" val="0"/>
</and_exp></or_exp>
</condition>

<Node id="60" bw="32" op_0_bw="32" op_1_bw="32">
<![CDATA[
_ZNK13ap_fixed_baseILi32ELi12ELb1EL9ap_q_mode5EL9ap_o_mode3ELi0EEngEv.exit_ifconv:13  %lsb_index = add nsw i32 -24, %sub_ln944

]]></Node>
<StgValue><ssdm name="lsb_index"/></StgValue>
</operation>

<operation id="76" st_id="9" stage="1" lat="1">
<core>NULL</core>
<MemPortIdVec></MemPortIdVec>
<condition id="-1">
<or_exp><and_exp><literal name="icmp_ln935" val="0"/>
</and_exp></or_exp>
</condition>

<Node id="61" bw="31" op_0_bw="31" op_1_bw="32" op_2_bw="32" op_3_bw="32">
<![CDATA[
_ZNK13ap_fixed_baseILi32ELi12ELb1EL9ap_q_mode5EL9ap_o_mode3ELi0EEngEv.exit_ifconv:14  %tmp_4 = call i31 @_ssdm_op_PartSelect.i31.i32.i32.i32(i32 %lsb_index, i32 1, i32 31)

]]></Node>
<StgValue><ssdm name="tmp_4"/></StgValue>
</operation>

<operation id="77" st_id="9" stage="1" lat="1">
<core>Cmp</core>
<MemPortIdVec></MemPortIdVec>
<condition id="-1">
<or_exp><and_exp><literal name="icmp_ln935" val="0"/>
</and_exp></or_exp>
</condition>

<Node id="62" bw="1" op_0_bw="31" op_1_bw="31">
<![CDATA[
_ZNK13ap_fixed_baseILi32ELi12ELb1EL9ap_q_mode5EL9ap_o_mode3ELi0EEngEv.exit_ifconv:15  %icmp_ln947 = icmp sgt i31 %tmp_4, 0

]]></Node>
<StgValue><ssdm name="icmp_ln947"/></StgValue>
</operation>

<operation id="78" st_id="9" stage="1" lat="1">
<core>NULL</core>
<MemPortIdVec></MemPortIdVec>
<condition id="-1">
<or_exp><and_exp><literal name="icmp_ln935" val="0"/>
</and_exp></or_exp>
</condition>

<Node id="63" bw="6" op_0_bw="32">
<![CDATA[
_ZNK13ap_fixed_baseILi32ELi12ELb1EL9ap_q_mode5EL9ap_o_mode3ELi0EEngEv.exit_ifconv:16  %trunc_ln947 = trunc i32 %sub_ln944 to i6

]]></Node>
<StgValue><ssdm name="trunc_ln947"/></StgValue>
</operation>

<operation id="79" st_id="9" stage="1" lat="1">
<core>AddSub</core>
<MemPortIdVec></MemPortIdVec>
<condition id="-1">
<or_exp><and_exp><literal name="icmp_ln935" val="0"/>
</and_exp></or_exp>
</condition>

<Node id="64" bw="6" op_0_bw="6" op_1_bw="6">
<![CDATA[
_ZNK13ap_fixed_baseILi32ELi12ELb1EL9ap_q_mode5EL9ap_o_mode3ELi0EEngEv.exit_ifconv:17  %sub_ln947 = sub i6 -7, %trunc_ln947

]]></Node>
<StgValue><ssdm name="sub_ln947"/></StgValue>
</operation>

<operation id="80" st_id="9" stage="1" lat="1">
<core>NULL</core>
<MemPortIdVec></MemPortIdVec>
<condition id="-1">
<or_exp><and_exp><literal name="icmp_ln935" val="0"/>
</and_exp></or_exp>
</condition>

<Node id="65" bw="32" op_0_bw="6">
<![CDATA[
_ZNK13ap_fixed_baseILi32ELi12ELb1EL9ap_q_mode5EL9ap_o_mode3ELi0EEngEv.exit_ifconv:18  %zext_ln947 = zext i6 %sub_ln947 to i32

]]></Node>
<StgValue><ssdm name="zext_ln947"/></StgValue>
</operation>

<operation id="81" st_id="9" stage="1" lat="1">
<core>Shift</core>
<MemPortIdVec></MemPortIdVec>
<condition id="-1">
<or_exp><and_exp><literal name="icmp_ln935" val="0"/>
</and_exp></or_exp>
</condition>

<Node id="66" bw="32" op_0_bw="32" op_1_bw="32">
<![CDATA[
_ZNK13ap_fixed_baseILi32ELi12ELb1EL9ap_q_mode5EL9ap_o_mode3ELi0EEngEv.exit_ifconv:19  %lshr_ln947 = lshr i32 -1, %zext_ln947

]]></Node>
<StgValue><ssdm name="lshr_ln947"/></StgValue>
</operation>

<operation id="82" st_id="9" stage="1" lat="1">
<core>LogicGate</core>
<MemPortIdVec></MemPortIdVec>
<condition id="-1">
<or_exp><and_exp><literal name="icmp_ln935" val="0"/>
</and_exp></or_exp>
</condition>

<Node id="67" bw="32" op_0_bw="32" op_1_bw="32">
<![CDATA[
_ZNK13ap_fixed_baseILi32ELi12ELb1EL9ap_q_mode5EL9ap_o_mode3ELi0EEngEv.exit_ifconv:20  %p_Result_s = and i32 %tmp_V_4, %lshr_ln947

]]></Node>
<StgValue><ssdm name="p_Result_s"/></StgValue>
</operation>

<operation id="83" st_id="9" stage="1" lat="1">
<core>Cmp</core>
<MemPortIdVec></MemPortIdVec>
<condition id="-1">
<or_exp><and_exp><literal name="icmp_ln935" val="0"/>
</and_exp></or_exp>
</condition>

<Node id="68" bw="1" op_0_bw="32" op_1_bw="32">
<![CDATA[
_ZNK13ap_fixed_baseILi32ELi12ELb1EL9ap_q_mode5EL9ap_o_mode3ELi0EEngEv.exit_ifconv:21  %icmp_ln947_1 = icmp ne i32 %p_Result_s, 0

]]></Node>
<StgValue><ssdm name="icmp_ln947_1"/></StgValue>
</operation>

<operation id="84" st_id="9" stage="1" lat="1">
<core>LogicGate</core>
<MemPortIdVec></MemPortIdVec>
<condition id="-1">
<or_exp><and_exp><literal name="icmp_ln935" val="0"/>
</and_exp></or_exp>
</condition>

<Node id="69" bw="1" op_0_bw="1" op_1_bw="1">
<![CDATA[
_ZNK13ap_fixed_baseILi32ELi12ELb1EL9ap_q_mode5EL9ap_o_mode3ELi0EEngEv.exit_ifconv:22  %a = and i1 %icmp_ln947, %icmp_ln947_1

]]></Node>
<StgValue><ssdm name="a"/></StgValue>
</operation>

<operation id="85" st_id="9" stage="1" lat="1">
<core>NULL</core>
<MemPortIdVec></MemPortIdVec>
<condition id="-1">
<or_exp><and_exp><literal name="icmp_ln935" val="0"/>
</and_exp></or_exp>
</condition>

<Node id="70" bw="1" op_0_bw="1" op_1_bw="32" op_2_bw="32">
<![CDATA[
_ZNK13ap_fixed_baseILi32ELi12ELb1EL9ap_q_mode5EL9ap_o_mode3ELi0EEngEv.exit_ifconv:23  %tmp_5 = call i1 @_ssdm_op_BitSelect.i1.i32.i32(i32 %lsb_index, i32 31)

]]></Node>
<StgValue><ssdm name="tmp_5"/></StgValue>
</operation>

<operation id="86" st_id="9" stage="1" lat="1">
<core>LogicGate</core>
<MemPortIdVec></MemPortIdVec>
<condition id="-1">
<or_exp><and_exp><literal name="icmp_ln935" val="0"/>
</and_exp></or_exp>
</condition>

<Node id="71" bw="1" op_0_bw="1" op_1_bw="1">
<![CDATA[
_ZNK13ap_fixed_baseILi32ELi12ELb1EL9ap_q_mode5EL9ap_o_mode3ELi0EEngEv.exit_ifconv:24  %xor_ln949 = xor i1 %tmp_5, true

]]></Node>
<StgValue><ssdm name="xor_ln949"/></StgValue>
</operation>

<operation id="87" st_id="9" stage="1" lat="1">
<core>NULL</core>
<MemPortIdVec></MemPortIdVec>
<condition id="-1">
<or_exp><and_exp><literal name="icmp_ln935" val="0"/>
</and_exp></or_exp>
</condition>

<Node id="72" bw="1" op_0_bw="1" op_1_bw="32" op_2_bw="32">
<![CDATA[
_ZNK13ap_fixed_baseILi32ELi12ELb1EL9ap_q_mode5EL9ap_o_mode3ELi0EEngEv.exit_ifconv:25  %p_Result_1 = call i1 @_ssdm_op_BitSelect.i1.i32.i32(i32 %tmp_V_4, i32 %lsb_index)

]]></Node>
<StgValue><ssdm name="p_Result_1"/></StgValue>
</operation>

<operation id="88" st_id="9" stage="1" lat="1">
<core>LogicGate</core>
<MemPortIdVec></MemPortIdVec>
<condition id="-1">
<or_exp><and_exp><literal name="icmp_ln935" val="0"/>
</and_exp></or_exp>
</condition>

<Node id="73" bw="1" op_0_bw="1" op_1_bw="1">
<![CDATA[
_ZNK13ap_fixed_baseILi32ELi12ELb1EL9ap_q_mode5EL9ap_o_mode3ELi0EEngEv.exit_ifconv:26  %and_ln949 = and i1 %p_Result_1, %xor_ln949

]]></Node>
<StgValue><ssdm name="and_ln949"/></StgValue>
</operation>

<operation id="89" st_id="9" stage="1" lat="1">
<core>LogicGate</core>
<MemPortIdVec></MemPortIdVec>
<condition id="-1">
<or_exp><and_exp><literal name="icmp_ln935" val="0"/>
</and_exp></or_exp>
</condition>

<Node id="74" bw="1" op_0_bw="1" op_1_bw="1">
<![CDATA[
_ZNK13ap_fixed_baseILi32ELi12ELb1EL9ap_q_mode5EL9ap_o_mode3ELi0EEngEv.exit_ifconv:27  %or_ln949 = or i1 %and_ln949, %a

]]></Node>
<StgValue><ssdm name="or_ln949"/></StgValue>
</operation>

<operation id="90" st_id="9" stage="1" lat="1">
<core>NULL</core>
<MemPortIdVec></MemPortIdVec>
<condition id="-1">
<or_exp><and_exp><literal name="icmp_ln935" val="0"/>
</and_exp></or_exp>
</condition>

<Node id="75" bw="32" op_0_bw="32" op_1_bw="31" op_2_bw="1">
<![CDATA[
_ZNK13ap_fixed_baseILi32ELi12ELb1EL9ap_q_mode5EL9ap_o_mode3ELi0EEngEv.exit_ifconv:28  %or_ln = call i32 @_ssdm_op_BitConcatenate.i32.i31.i1(i31 0, i1 %or_ln949)

]]></Node>
<StgValue><ssdm name="or_ln"/></StgValue>
</operation>

<operation id="91" st_id="9" stage="1" lat="1">
<core>Cmp</core>
<MemPortIdVec></MemPortIdVec>
<condition id="-1">
<or_exp><and_exp><literal name="icmp_ln935" val="0"/>
</and_exp></or_exp>
</condition>

<Node id="76" bw="1" op_0_bw="32" op_1_bw="32">
<![CDATA[
_ZNK13ap_fixed_baseILi32ELi12ELb1EL9ap_q_mode5EL9ap_o_mode3ELi0EEngEv.exit_ifconv:29  %icmp_ln958 = icmp sgt i32 %lsb_index, 0

]]></Node>
<StgValue><ssdm name="icmp_ln958"/></StgValue>
</operation>
</state>

<state id="10" st_id="10">

<operation id="92" st_id="10" stage="1" lat="1">
<core>AddSub</core>
<MemPortIdVec></MemPortIdVec>
<condition id="-1">
<or_exp><and_exp><literal name="icmp_ln958" val="1"/>
<literal name="icmp_ln935" val="0"/>
</and_exp></or_exp>
</condition>

<Node id="77" bw="32" op_0_bw="32" op_1_bw="32">
<![CDATA[
_ZNK13ap_fixed_baseILi32ELi12ELb1EL9ap_q_mode5EL9ap_o_mode3ELi0EEngEv.exit_ifconv:30  %add_ln958 = add nsw i32 -25, %sub_ln944

]]></Node>
<StgValue><ssdm name="add_ln958"/></StgValue>
</operation>

<operation id="93" st_id="10" stage="1" lat="1">
<core>Shift</core>
<MemPortIdVec></MemPortIdVec>
<condition id="-1">
<or_exp><and_exp><literal name="icmp_ln958" val="1"/>
<literal name="icmp_ln935" val="0"/>
</and_exp></or_exp>
</condition>

<Node id="78" bw="32" op_0_bw="32" op_1_bw="32">
<![CDATA[
_ZNK13ap_fixed_baseILi32ELi12ELb1EL9ap_q_mode5EL9ap_o_mode3ELi0EEngEv.exit_ifconv:31  %lshr_ln958 = lshr i32 %tmp_V_4, %add_ln958

]]></Node>
<StgValue><ssdm name="lshr_ln958"/></StgValue>
</operation>

<operation id="94" st_id="10" stage="1" lat="1">
<core>AddSub</core>
<MemPortIdVec></MemPortIdVec>
<condition id="-1">
<or_exp><and_exp><literal name="icmp_ln958" val="0"/>
<literal name="icmp_ln935" val="0"/>
</and_exp></or_exp>
</condition>

<Node id="79" bw="32" op_0_bw="32" op_1_bw="32">
<![CDATA[
_ZNK13ap_fixed_baseILi32ELi12ELb1EL9ap_q_mode5EL9ap_o_mode3ELi0EEngEv.exit_ifconv:32  %sub_ln958 = sub i32 25, %sub_ln944

]]></Node>
<StgValue><ssdm name="sub_ln958"/></StgValue>
</operation>

<operation id="95" st_id="10" stage="1" lat="1">
<core>Shift</core>
<MemPortIdVec></MemPortIdVec>
<condition id="-1">
<or_exp><and_exp><literal name="icmp_ln958" val="0"/>
<literal name="icmp_ln935" val="0"/>
</and_exp></or_exp>
</condition>

<Node id="80" bw="32" op_0_bw="32" op_1_bw="32">
<![CDATA[
_ZNK13ap_fixed_baseILi32ELi12ELb1EL9ap_q_mode5EL9ap_o_mode3ELi0EEngEv.exit_ifconv:33  %shl_ln958 = shl i32 %tmp_V_4, %sub_ln958

]]></Node>
<StgValue><ssdm name="shl_ln958"/></StgValue>
</operation>

<operation id="96" st_id="10" stage="1" lat="1">
<core>Sel</core>
<MemPortIdVec></MemPortIdVec>
<condition id="-1">
<or_exp><and_exp><literal name="icmp_ln935" val="0"/>
</and_exp></or_exp>
</condition>

<Node id="81" bw="32" op_0_bw="1" op_1_bw="32" op_2_bw="32">
<![CDATA[
_ZNK13ap_fixed_baseILi32ELi12ELb1EL9ap_q_mode5EL9ap_o_mode3ELi0EEngEv.exit_ifconv:34  %m_2 = select i1 %icmp_ln958, i32 %lshr_ln958, i32 %shl_ln958

]]></Node>
<StgValue><ssdm name="m_2"/></StgValue>
</operation>

<operation id="97" st_id="10" stage="1" lat="1">
<core>AddSub</core>
<MemPortIdVec></MemPortIdVec>
<condition id="-1">
<or_exp><and_exp><literal name="icmp_ln935" val="0"/>
</and_exp></or_exp>
</condition>

<Node id="82" bw="32" op_0_bw="32" op_1_bw="32">
<![CDATA[
_ZNK13ap_fixed_baseILi32ELi12ELb1EL9ap_q_mode5EL9ap_o_mode3ELi0EEngEv.exit_ifconv:35  %m_3 = add i32 %or_ln, %m_2

]]></Node>
<StgValue><ssdm name="m_3"/></StgValue>
</operation>

<operation id="98" st_id="10" stage="1" lat="1">
<core>NULL</core>
<MemPortIdVec></MemPortIdVec>
<condition id="-1">
<or_exp><and_exp><literal name="icmp_ln935" val="0"/>
</and_exp></or_exp>
</condition>

<Node id="83" bw="31" op_0_bw="31" op_1_bw="32" op_2_bw="32" op_3_bw="32">
<![CDATA[
_ZNK13ap_fixed_baseILi32ELi12ELb1EL9ap_q_mode5EL9ap_o_mode3ELi0EEngEv.exit_ifconv:36  %m = call i31 @_ssdm_op_PartSelect.i31.i32.i32.i32(i32 %m_3, i32 1, i32 31)

]]></Node>
<StgValue><ssdm name="m"/></StgValue>
</operation>

<operation id="99" st_id="10" stage="1" lat="1">
<core>NULL</core>
<MemPortIdVec></MemPortIdVec>
<condition id="-1">
<or_exp><and_exp><literal name="icmp_ln935" val="0"/>
</and_exp></or_exp>
</condition>

<Node id="85" bw="1" op_0_bw="1" op_1_bw="32" op_2_bw="32">
<![CDATA[
_ZNK13ap_fixed_baseILi32ELi12ELb1EL9ap_q_mode5EL9ap_o_mode3ELi0EEngEv.exit_ifconv:38  %tmp_6 = call i1 @_ssdm_op_BitSelect.i1.i32.i32(i32 %m_3, i32 25)

]]></Node>
<StgValue><ssdm name="tmp_6"/></StgValue>
</operation>
</state>

<state id="11" st_id="11">

<operation id="100" st_id="11" stage="1" lat="1">
<core>NULL</core>
<MemPortIdVec></MemPortIdVec>
<condition id="-1">
<or_exp><and_exp><literal name="icmp_ln935" val="0"/>
</and_exp></or_exp>
</condition>

<Node id="84" bw="32" op_0_bw="31">
<![CDATA[
_ZNK13ap_fixed_baseILi32ELi12ELb1EL9ap_q_mode5EL9ap_o_mode3ELi0EEngEv.exit_ifconv:37  %m_6 = zext i31 %m to i32

]]></Node>
<StgValue><ssdm name="m_6"/></StgValue>
</operation>

<operation id="101" st_id="11" stage="1" lat="1">
<core>Sel</core>
<MemPortIdVec></MemPortIdVec>
<condition id="-1">
<or_exp><and_exp><literal name="icmp_ln935" val="0"/>
</and_exp></or_exp>
</condition>

<Node id="86" bw="8" op_0_bw="1" op_1_bw="8" op_2_bw="8">
<![CDATA[
_ZNK13ap_fixed_baseILi32ELi12ELb1EL9ap_q_mode5EL9ap_o_mode3ELi0EEngEv.exit_ifconv:39  %select_ln964 = select i1 %tmp_6, i8 127, i8 126

]]></Node>
<StgValue><ssdm name="select_ln964"/></StgValue>
</operation>

<operation id="102" st_id="11" stage="1" lat="1">
<core>TAddSub</core>
<MemPortIdVec></MemPortIdVec>
<condition id="-1">
<or_exp><and_exp><literal name="icmp_ln935" val="0"/>
</and_exp></or_exp>
</condition>

<Node id="88" bw="8" op_0_bw="8" op_1_bw="8">
<![CDATA[
_ZNK13ap_fixed_baseILi32ELi12ELb1EL9ap_q_mode5EL9ap_o_mode3ELi0EEngEv.exit_ifconv:41  %sub_ln964 = sub i8 12, %trunc_ln943

]]></Node>
<StgValue><ssdm name="sub_ln964"/></StgValue>
</operation>

<operation id="103" st_id="11" stage="1" lat="1">
<core>TAddSub</core>
<MemPortIdVec></MemPortIdVec>
<condition id="-1">
<or_exp><and_exp><literal name="icmp_ln935" val="0"/>
</and_exp></or_exp>
</condition>

<Node id="89" bw="8" op_0_bw="8" op_1_bw="8">
<![CDATA[
_ZNK13ap_fixed_baseILi32ELi12ELb1EL9ap_q_mode5EL9ap_o_mode3ELi0EEngEv.exit_ifconv:42  %add_ln964 = add i8 %sub_ln964, %select_ln964

]]></Node>
<StgValue><ssdm name="add_ln964"/></StgValue>
</operation>

<operation id="104" st_id="11" stage="1" lat="1">
<core>NULL</core>
<MemPortIdVec></MemPortIdVec>
<condition id="-1">
<or_exp><and_exp><literal name="icmp_ln935" val="0"/>
</and_exp></or_exp>
</condition>

<Node id="90" bw="9" op_0_bw="9" op_1_bw="1" op_2_bw="8">
<![CDATA[
_ZNK13ap_fixed_baseILi32ELi12ELb1EL9ap_q_mode5EL9ap_o_mode3ELi0EEngEv.exit_ifconv:43  %tmp_2 = call i9 @_ssdm_op_BitConcatenate.i9.i1.i8(i1 %p_Result_5, i8 %add_ln964)

]]></Node>
<StgValue><ssdm name="tmp_2"/></StgValue>
</operation>

<operation id="105" st_id="11" stage="1" lat="1">
<core>NULL</core>
<MemPortIdVec></MemPortIdVec>
<condition id="-1">
<or_exp><and_exp><literal name="icmp_ln935" val="0"/>
</and_exp></or_exp>
</condition>

<Node id="91" bw="32" op_0_bw="32" op_1_bw="32" op_2_bw="9" op_3_bw="32" op_4_bw="32">
<![CDATA[
_ZNK13ap_fixed_baseILi32ELi12ELb1EL9ap_q_mode5EL9ap_o_mode3ELi0EEngEv.exit_ifconv:44  %p_Result_7 = call i32 @_ssdm_op_PartSet.i32.i32.i9.i32.i32(i32 %m_6, i9 %tmp_2, i32 23, i32 31)

]]></Node>
<StgValue><ssdm name="p_Result_7"/></StgValue>
</operation>

<operation id="106" st_id="11" stage="1" lat="1">
<core>NULL</core>
<MemPortIdVec></MemPortIdVec>
<condition id="-1">
<or_exp><and_exp><literal name="icmp_ln935" val="0"/>
</and_exp></or_exp>
</condition>

<Node id="92" bw="32" op_0_bw="32">
<![CDATA[
_ZNK13ap_fixed_baseILi32ELi12ELb1EL9ap_q_mode5EL9ap_o_mode3ELi0EEngEv.exit_ifconv:45  %bitcast_ln739 = bitcast i32 %p_Result_7 to float

]]></Node>
<StgValue><ssdm name="bitcast_ln739"/></StgValue>
</operation>

<operation id="107" st_id="11" stage="1" lat="1">
<core>Sel</core>
<MemPortIdVec></MemPortIdVec>
<condition id="-1">
<or_exp><and_exp></and_exp></or_exp>
</condition>

<Node id="93" bw="32" op_0_bw="1" op_1_bw="32" op_2_bw="32">
<![CDATA[
_ZNK13ap_fixed_baseILi32ELi12ELb1EL9ap_q_mode5EL9ap_o_mode3ELi0EEngEv.exit_ifconv:46  %select_ln935 = select i1 %icmp_ln935, float 0.000000e+00, float %bitcast_ln739

]]></Node>
<StgValue><ssdm name="select_ln935"/></StgValue>
</operation>
</state>

<state id="12" st_id="12">

<operation id="108" st_id="12" stage="9" lat="9">
<core>FExp</core>
<MemPortIdVec></MemPortIdVec>
<condition id="-1">
<or_exp><and_exp></and_exp></or_exp>
</condition>

<Node id="94" bw="32" op_0_bw="32" op_1_bw="32">
<![CDATA[
_ZNK13ap_fixed_baseILi32ELi12ELb1EL9ap_q_mode5EL9ap_o_mode3ELi0EEngEv.exit_ifconv:47  %v_assign = call float @llvm.exp.f32(float %select_ln935) nounwind

]]></Node>
<StgValue><ssdm name="v_assign"/></StgValue>
</operation>
</state>

<state id="13" st_id="13">

<operation id="109" st_id="13" stage="8" lat="9">
<core>FExp</core>
<MemPortIdVec></MemPortIdVec>
<condition id="-1">
<or_exp><and_exp></and_exp></or_exp>
</condition>

<Node id="94" bw="32" op_0_bw="32" op_1_bw="32">
<![CDATA[
_ZNK13ap_fixed_baseILi32ELi12ELb1EL9ap_q_mode5EL9ap_o_mode3ELi0EEngEv.exit_ifconv:47  %v_assign = call float @llvm.exp.f32(float %select_ln935) nounwind

]]></Node>
<StgValue><ssdm name="v_assign"/></StgValue>
</operation>
</state>

<state id="14" st_id="14">

<operation id="110" st_id="14" stage="7" lat="9">
<core>FExp</core>
<MemPortIdVec></MemPortIdVec>
<condition id="-1">
<or_exp><and_exp></and_exp></or_exp>
</condition>

<Node id="94" bw="32" op_0_bw="32" op_1_bw="32">
<![CDATA[
_ZNK13ap_fixed_baseILi32ELi12ELb1EL9ap_q_mode5EL9ap_o_mode3ELi0EEngEv.exit_ifconv:47  %v_assign = call float @llvm.exp.f32(float %select_ln935) nounwind

]]></Node>
<StgValue><ssdm name="v_assign"/></StgValue>
</operation>
</state>

<state id="15" st_id="15">

<operation id="111" st_id="15" stage="6" lat="9">
<core>FExp</core>
<MemPortIdVec></MemPortIdVec>
<condition id="-1">
<or_exp><and_exp></and_exp></or_exp>
</condition>

<Node id="94" bw="32" op_0_bw="32" op_1_bw="32">
<![CDATA[
_ZNK13ap_fixed_baseILi32ELi12ELb1EL9ap_q_mode5EL9ap_o_mode3ELi0EEngEv.exit_ifconv:47  %v_assign = call float @llvm.exp.f32(float %select_ln935) nounwind

]]></Node>
<StgValue><ssdm name="v_assign"/></StgValue>
</operation>
</state>

<state id="16" st_id="16">

<operation id="112" st_id="16" stage="5" lat="9">
<core>FExp</core>
<MemPortIdVec></MemPortIdVec>
<condition id="-1">
<or_exp><and_exp></and_exp></or_exp>
</condition>

<Node id="94" bw="32" op_0_bw="32" op_1_bw="32">
<![CDATA[
_ZNK13ap_fixed_baseILi32ELi12ELb1EL9ap_q_mode5EL9ap_o_mode3ELi0EEngEv.exit_ifconv:47  %v_assign = call float @llvm.exp.f32(float %select_ln935) nounwind

]]></Node>
<StgValue><ssdm name="v_assign"/></StgValue>
</operation>
</state>

<state id="17" st_id="17">

<operation id="113" st_id="17" stage="4" lat="9">
<core>FExp</core>
<MemPortIdVec></MemPortIdVec>
<condition id="-1">
<or_exp><and_exp></and_exp></or_exp>
</condition>

<Node id="94" bw="32" op_0_bw="32" op_1_bw="32">
<![CDATA[
_ZNK13ap_fixed_baseILi32ELi12ELb1EL9ap_q_mode5EL9ap_o_mode3ELi0EEngEv.exit_ifconv:47  %v_assign = call float @llvm.exp.f32(float %select_ln935) nounwind

]]></Node>
<StgValue><ssdm name="v_assign"/></StgValue>
</operation>
</state>

<state id="18" st_id="18">

<operation id="114" st_id="18" stage="3" lat="9">
<core>FExp</core>
<MemPortIdVec></MemPortIdVec>
<condition id="-1">
<or_exp><and_exp></and_exp></or_exp>
</condition>

<Node id="94" bw="32" op_0_bw="32" op_1_bw="32">
<![CDATA[
_ZNK13ap_fixed_baseILi32ELi12ELb1EL9ap_q_mode5EL9ap_o_mode3ELi0EEngEv.exit_ifconv:47  %v_assign = call float @llvm.exp.f32(float %select_ln935) nounwind

]]></Node>
<StgValue><ssdm name="v_assign"/></StgValue>
</operation>
</state>

<state id="19" st_id="19">

<operation id="115" st_id="19" stage="2" lat="9">
<core>FExp</core>
<MemPortIdVec></MemPortIdVec>
<condition id="-1">
<or_exp><and_exp></and_exp></or_exp>
</condition>

<Node id="94" bw="32" op_0_bw="32" op_1_bw="32">
<![CDATA[
_ZNK13ap_fixed_baseILi32ELi12ELb1EL9ap_q_mode5EL9ap_o_mode3ELi0EEngEv.exit_ifconv:47  %v_assign = call float @llvm.exp.f32(float %select_ln935) nounwind

]]></Node>
<StgValue><ssdm name="v_assign"/></StgValue>
</operation>
</state>

<state id="20" st_id="20">

<operation id="116" st_id="20" stage="1" lat="9">
<core>FExp</core>
<MemPortIdVec></MemPortIdVec>
<condition id="-1">
<or_exp><and_exp></and_exp></or_exp>
</condition>

<Node id="94" bw="32" op_0_bw="32" op_1_bw="32">
<![CDATA[
_ZNK13ap_fixed_baseILi32ELi12ELb1EL9ap_q_mode5EL9ap_o_mode3ELi0EEngEv.exit_ifconv:47  %v_assign = call float @llvm.exp.f32(float %select_ln935) nounwind

]]></Node>
<StgValue><ssdm name="v_assign"/></StgValue>
</operation>
</state>

<state id="21" st_id="21">

<operation id="117" st_id="21" stage="2" lat="2">
<core>Float2Double</core>
<MemPortIdVec></MemPortIdVec>
<condition id="-1">
<or_exp><and_exp></and_exp></or_exp>
</condition>

<Node id="95" bw="64" op_0_bw="32">
<![CDATA[
_ZNK13ap_fixed_baseILi32ELi12ELb1EL9ap_q_mode5EL9ap_o_mode3ELi0EEngEv.exit_ifconv:48  %d_assign = fpext float %v_assign to double

]]></Node>
<StgValue><ssdm name="d_assign"/></StgValue>
</operation>
</state>

<state id="22" st_id="22">

<operation id="118" st_id="22" stage="1" lat="2">
<core>Float2Double</core>
<MemPortIdVec></MemPortIdVec>
<condition id="-1">
<or_exp><and_exp></and_exp></or_exp>
</condition>

<Node id="95" bw="64" op_0_bw="32">
<![CDATA[
_ZNK13ap_fixed_baseILi32ELi12ELb1EL9ap_q_mode5EL9ap_o_mode3ELi0EEngEv.exit_ifconv:48  %d_assign = fpext float %v_assign to double

]]></Node>
<StgValue><ssdm name="d_assign"/></StgValue>
</operation>

<operation id="119" st_id="22" stage="1" lat="1">
<core>NULL</core>
<MemPortIdVec></MemPortIdVec>
<condition id="-1">
<or_exp><and_exp></and_exp></or_exp>
</condition>

<Node id="96" bw="64" op_0_bw="64">
<![CDATA[
_ZNK13ap_fixed_baseILi32ELi12ELb1EL9ap_q_mode5EL9ap_o_mode3ELi0EEngEv.exit_ifconv:49  %ireg_V = bitcast double %d_assign to i64

]]></Node>
<StgValue><ssdm name="ireg_V"/></StgValue>
</operation>

<operation id="120" st_id="22" stage="1" lat="1">
<core>NULL</core>
<MemPortIdVec></MemPortIdVec>
<condition id="-1">
<or_exp><and_exp></and_exp></or_exp>
</condition>

<Node id="97" bw="63" op_0_bw="64">
<![CDATA[
_ZNK13ap_fixed_baseILi32ELi12ELb1EL9ap_q_mode5EL9ap_o_mode3ELi0EEngEv.exit_ifconv:50  %trunc_ln556 = trunc i64 %ireg_V to i63

]]></Node>
<StgValue><ssdm name="trunc_ln556"/></StgValue>
</operation>

<operation id="121" st_id="22" stage="1" lat="1">
<core>NULL</core>
<MemPortIdVec></MemPortIdVec>
<condition id="-1">
<or_exp><and_exp></and_exp></or_exp>
</condition>

<Node id="98" bw="1" op_0_bw="1" op_1_bw="64" op_2_bw="32">
<![CDATA[
_ZNK13ap_fixed_baseILi32ELi12ELb1EL9ap_q_mode5EL9ap_o_mode3ELi0EEngEv.exit_ifconv:51  %p_Result_8 = call i1 @_ssdm_op_BitSelect.i1.i64.i32(i64 %ireg_V, i32 63)

]]></Node>
<StgValue><ssdm name="p_Result_8"/></StgValue>
</operation>

<operation id="122" st_id="22" stage="1" lat="1">
<core>NULL</core>
<MemPortIdVec></MemPortIdVec>
<condition id="-1">
<or_exp><and_exp></and_exp></or_exp>
</condition>

<Node id="99" bw="11" op_0_bw="11" op_1_bw="64" op_2_bw="32" op_3_bw="32">
<![CDATA[
_ZNK13ap_fixed_baseILi32ELi12ELb1EL9ap_q_mode5EL9ap_o_mode3ELi0EEngEv.exit_ifconv:52  %exp_tmp_V = call i11 @_ssdm_op_PartSelect.i11.i64.i32.i32(i64 %ireg_V, i32 52, i32 62)

]]></Node>
<StgValue><ssdm name="exp_tmp_V"/></StgValue>
</operation>

<operation id="123" st_id="22" stage="1" lat="1">
<core>NULL</core>
<MemPortIdVec></MemPortIdVec>
<condition id="-1">
<or_exp><and_exp></and_exp></or_exp>
</condition>

<Node id="100" bw="12" op_0_bw="11">
<![CDATA[
_ZNK13ap_fixed_baseILi32ELi12ELb1EL9ap_q_mode5EL9ap_o_mode3ELi0EEngEv.exit_ifconv:53  %zext_ln461 = zext i11 %exp_tmp_V to i12

]]></Node>
<StgValue><ssdm name="zext_ln461"/></StgValue>
</operation>

<operation id="124" st_id="22" stage="1" lat="1">
<core>NULL</core>
<MemPortIdVec></MemPortIdVec>
<condition id="-1">
<or_exp><and_exp></and_exp></or_exp>
</condition>

<Node id="101" bw="52" op_0_bw="64">
<![CDATA[
_ZNK13ap_fixed_baseILi32ELi12ELb1EL9ap_q_mode5EL9ap_o_mode3ELi0EEngEv.exit_ifconv:54  %trunc_ln565 = trunc i64 %ireg_V to i52

]]></Node>
<StgValue><ssdm name="trunc_ln565"/></StgValue>
</operation>

<operation id="125" st_id="22" stage="1" lat="1">
<core>NULL</core>
<MemPortIdVec></MemPortIdVec>
<condition id="-1">
<or_exp><and_exp></and_exp></or_exp>
</condition>

<Node id="102" bw="53" op_0_bw="53" op_1_bw="1" op_2_bw="52">
<![CDATA[
_ZNK13ap_fixed_baseILi32ELi12ELb1EL9ap_q_mode5EL9ap_o_mode3ELi0EEngEv.exit_ifconv:55  %tmp_3 = call i53 @_ssdm_op_BitConcatenate.i53.i1.i52(i1 true, i52 %trunc_ln565)

]]></Node>
<StgValue><ssdm name="tmp_3"/></StgValue>
</operation>

<operation id="126" st_id="22" stage="1" lat="1">
<core>NULL</core>
<MemPortIdVec></MemPortIdVec>
<condition id="-1">
<or_exp><and_exp></and_exp></or_exp>
</condition>

<Node id="103" bw="54" op_0_bw="53">
<![CDATA[
_ZNK13ap_fixed_baseILi32ELi12ELb1EL9ap_q_mode5EL9ap_o_mode3ELi0EEngEv.exit_ifconv:56  %p_Result_9 = zext i53 %tmp_3 to i54

]]></Node>
<StgValue><ssdm name="p_Result_9"/></StgValue>
</operation>

<operation id="127" st_id="22" stage="1" lat="1">
<core>AddSub</core>
<MemPortIdVec></MemPortIdVec>
<condition id="-1">
<or_exp><and_exp></and_exp></or_exp>
</condition>

<Node id="104" bw="54" op_0_bw="54" op_1_bw="54">
<![CDATA[
_ZNK13ap_fixed_baseILi32ELi12ELb1EL9ap_q_mode5EL9ap_o_mode3ELi0EEngEv.exit_ifconv:57  %man_V_1 = sub i54 0, %p_Result_9

]]></Node>
<StgValue><ssdm name="man_V_1"/></StgValue>
</operation>

<operation id="128" st_id="22" stage="1" lat="1">
<core>Sel</core>
<MemPortIdVec></MemPortIdVec>
<condition id="-1">
<or_exp><and_exp></and_exp></or_exp>
</condition>

<Node id="105" bw="54" op_0_bw="1" op_1_bw="54" op_2_bw="54">
<![CDATA[
_ZNK13ap_fixed_baseILi32ELi12ELb1EL9ap_q_mode5EL9ap_o_mode3ELi0EEngEv.exit_ifconv:58  %man_V_2 = select i1 %p_Result_8, i54 %man_V_1, i54 %p_Result_9

]]></Node>
<StgValue><ssdm name="man_V_2"/></StgValue>
</operation>

<operation id="129" st_id="22" stage="1" lat="1">
<core>Cmp</core>
<MemPortIdVec></MemPortIdVec>
<condition id="-1">
<or_exp><and_exp></and_exp></or_exp>
</condition>

<Node id="106" bw="1" op_0_bw="63" op_1_bw="63">
<![CDATA[
_ZNK13ap_fixed_baseILi32ELi12ELb1EL9ap_q_mode5EL9ap_o_mode3ELi0EEngEv.exit_ifconv:59  %icmp_ln571 = icmp eq i63 %trunc_ln556, 0

]]></Node>
<StgValue><ssdm name="icmp_ln571"/></StgValue>
</operation>

<operation id="130" st_id="22" stage="1" lat="1">
<core>AddSub</core>
<MemPortIdVec></MemPortIdVec>
<condition id="-1">
<or_exp><and_exp></and_exp></or_exp>
</condition>

<Node id="107" bw="12" op_0_bw="12" op_1_bw="12">
<![CDATA[
_ZNK13ap_fixed_baseILi32ELi12ELb1EL9ap_q_mode5EL9ap_o_mode3ELi0EEngEv.exit_ifconv:60  %F2 = sub i12 1075, %zext_ln461

]]></Node>
<StgValue><ssdm name="F2"/></StgValue>
</operation>

<operation id="131" st_id="22" stage="1" lat="1">
<core>Cmp</core>
<MemPortIdVec></MemPortIdVec>
<condition id="-1">
<or_exp><and_exp></and_exp></or_exp>
</condition>

<Node id="108" bw="1" op_0_bw="12" op_1_bw="12">
<![CDATA[
_ZNK13ap_fixed_baseILi32ELi12ELb1EL9ap_q_mode5EL9ap_o_mode3ELi0EEngEv.exit_ifconv:61  %icmp_ln581 = icmp sgt i12 %F2, 20

]]></Node>
<StgValue><ssdm name="icmp_ln581"/></StgValue>
</operation>

<operation id="132" st_id="22" stage="1" lat="1">
<core>AddSub</core>
<MemPortIdVec></MemPortIdVec>
<condition id="-1">
<or_exp><and_exp></and_exp></or_exp>
</condition>

<Node id="109" bw="12" op_0_bw="12" op_1_bw="12">
<![CDATA[
_ZNK13ap_fixed_baseILi32ELi12ELb1EL9ap_q_mode5EL9ap_o_mode3ELi0EEngEv.exit_ifconv:62  %add_ln581 = add i12 -20, %F2

]]></Node>
<StgValue><ssdm name="add_ln581"/></StgValue>
</operation>

<operation id="133" st_id="22" stage="1" lat="1">
<core>AddSub</core>
<MemPortIdVec></MemPortIdVec>
<condition id="-1">
<or_exp><and_exp></and_exp></or_exp>
</condition>

<Node id="110" bw="12" op_0_bw="12" op_1_bw="12">
<![CDATA[
_ZNK13ap_fixed_baseILi32ELi12ELb1EL9ap_q_mode5EL9ap_o_mode3ELi0EEngEv.exit_ifconv:63  %sub_ln581 = sub i12 20, %F2

]]></Node>
<StgValue><ssdm name="sub_ln581"/></StgValue>
</operation>

<operation id="134" st_id="22" stage="1" lat="1">
<core>Sel</core>
<MemPortIdVec></MemPortIdVec>
<condition id="-1">
<or_exp><and_exp></and_exp></or_exp>
</condition>

<Node id="111" bw="12" op_0_bw="1" op_1_bw="12" op_2_bw="12">
<![CDATA[
_ZNK13ap_fixed_baseILi32ELi12ELb1EL9ap_q_mode5EL9ap_o_mode3ELi0EEngEv.exit_ifconv:64  %sh_amt = select i1 %icmp_ln581, i12 %add_ln581, i12 %sub_ln581

]]></Node>
<StgValue><ssdm name="sh_amt"/></StgValue>
</operation>

<operation id="135" st_id="22" stage="1" lat="1">
<core>Cmp</core>
<MemPortIdVec></MemPortIdVec>
<condition id="-1">
<or_exp><and_exp></and_exp></or_exp>
</condition>

<Node id="113" bw="1" op_0_bw="12" op_1_bw="12">
<![CDATA[
_ZNK13ap_fixed_baseILi32ELi12ELb1EL9ap_q_mode5EL9ap_o_mode3ELi0EEngEv.exit_ifconv:66  %icmp_ln582 = icmp eq i12 %F2, 20

]]></Node>
<StgValue><ssdm name="icmp_ln582"/></StgValue>
</operation>

<operation id="136" st_id="22" stage="1" lat="1">
<core>NULL</core>
<MemPortIdVec></MemPortIdVec>
<condition id="-1">
<or_exp><and_exp></and_exp></or_exp>
</condition>

<Node id="114" bw="32" op_0_bw="54">
<![CDATA[
_ZNK13ap_fixed_baseILi32ELi12ELb1EL9ap_q_mode5EL9ap_o_mode3ELi0EEngEv.exit_ifconv:67  %trunc_ln583 = trunc i54 %man_V_2 to i32

]]></Node>
<StgValue><ssdm name="trunc_ln583"/></StgValue>
</operation>

<operation id="137" st_id="22" stage="1" lat="1">
<core>NULL</core>
<MemPortIdVec></MemPortIdVec>
<condition id="-1">
<or_exp><and_exp></and_exp></or_exp>
</condition>

<Node id="116" bw="7" op_0_bw="7" op_1_bw="12" op_2_bw="32" op_3_bw="32">
<![CDATA[
_ZNK13ap_fixed_baseILi32ELi12ELb1EL9ap_q_mode5EL9ap_o_mode3ELi0EEngEv.exit_ifconv:69  %tmp_8 = call i7 @_ssdm_op_PartSelect.i7.i12.i32.i32(i12 %sh_amt, i32 5, i32 11)

]]></Node>
<StgValue><ssdm name="tmp_8"/></StgValue>
</operation>
</state>

<state id="23" st_id="23">

<operation id="138" st_id="23" stage="1" lat="1">
<core>NULL</core>
<MemPortIdVec></MemPortIdVec>
<condition id="-1">
<or_exp><and_exp></and_exp></or_exp>
</condition>

<Node id="112" bw="32" op_0_bw="12">
<![CDATA[
_ZNK13ap_fixed_baseILi32ELi12ELb1EL9ap_q_mode5EL9ap_o_mode3ELi0EEngEv.exit_ifconv:65  %sext_ln581 = sext i12 %sh_amt to i32

]]></Node>
<StgValue><ssdm name="sext_ln581"/></StgValue>
</operation>

<operation id="139" st_id="23" stage="1" lat="1">
<core>Cmp</core>
<MemPortIdVec></MemPortIdVec>
<condition id="-1">
<or_exp><and_exp></and_exp></or_exp>
</condition>

<Node id="115" bw="1" op_0_bw="12" op_1_bw="12">
<![CDATA[
_ZNK13ap_fixed_baseILi32ELi12ELb1EL9ap_q_mode5EL9ap_o_mode3ELi0EEngEv.exit_ifconv:68  %icmp_ln585 = icmp ult i12 %sh_amt, 54

]]></Node>
<StgValue><ssdm name="icmp_ln585"/></StgValue>
</operation>

<operation id="140" st_id="23" stage="1" lat="1">
<core>Cmp</core>
<MemPortIdVec></MemPortIdVec>
<condition id="-1">
<or_exp><and_exp></and_exp></or_exp>
</condition>

<Node id="117" bw="1" op_0_bw="7" op_1_bw="7">
<![CDATA[
_ZNK13ap_fixed_baseILi32ELi12ELb1EL9ap_q_mode5EL9ap_o_mode3ELi0EEngEv.exit_ifconv:70  %icmp_ln603 = icmp eq i7 %tmp_8, 0

]]></Node>
<StgValue><ssdm name="icmp_ln603"/></StgValue>
</operation>

<operation id="141" st_id="23" stage="1" lat="1">
<core>NULL</core>
<MemPortIdVec></MemPortIdVec>
<condition id="-1">
<or_exp><and_exp></and_exp></or_exp>
</condition>

<Node id="118" bw="54" op_0_bw="32">
<![CDATA[
_ZNK13ap_fixed_baseILi32ELi12ELb1EL9ap_q_mode5EL9ap_o_mode3ELi0EEngEv.exit_ifconv:71  %zext_ln586 = zext i32 %sext_ln581 to i54

]]></Node>
<StgValue><ssdm name="zext_ln586"/></StgValue>
</operation>

<operation id="142" st_id="23" stage="1" lat="1">
<core>Shift</core>
<MemPortIdVec></MemPortIdVec>
<condition id="-1">
<or_exp><and_exp></and_exp></or_exp>
</condition>

<Node id="119" bw="54" op_0_bw="54" op_1_bw="54">
<![CDATA[
_ZNK13ap_fixed_baseILi32ELi12ELb1EL9ap_q_mode5EL9ap_o_mode3ELi0EEngEv.exit_ifconv:72  %ashr_ln586 = ashr i54 %man_V_2, %zext_ln586

]]></Node>
<StgValue><ssdm name="ashr_ln586"/></StgValue>
</operation>

<operation id="143" st_id="23" stage="1" lat="1">
<core>NULL</core>
<MemPortIdVec></MemPortIdVec>
<condition id="-1">
<or_exp><and_exp></and_exp></or_exp>
</condition>

<Node id="120" bw="32" op_0_bw="54">
<![CDATA[
_ZNK13ap_fixed_baseILi32ELi12ELb1EL9ap_q_mode5EL9ap_o_mode3ELi0EEngEv.exit_ifconv:73  %trunc_ln586 = trunc i54 %ashr_ln586 to i32

]]></Node>
<StgValue><ssdm name="trunc_ln586"/></StgValue>
</operation>

<operation id="144" st_id="23" stage="1" lat="1">
<core>NULL</core>
<MemPortIdVec></MemPortIdVec>
<condition id="-1">
<or_exp><and_exp></and_exp></or_exp>
</condition>

<Node id="121" bw="32" op_0_bw="32">
<![CDATA[
_ZNK13ap_fixed_baseILi32ELi12ELb1EL9ap_q_mode5EL9ap_o_mode3ELi0EEngEv.exit_ifconv:74  %bitcast_ln696 = bitcast float %v_assign to i32

]]></Node>
<StgValue><ssdm name="bitcast_ln696"/></StgValue>
</operation>

<operation id="145" st_id="23" stage="1" lat="1">
<core>NULL</core>
<MemPortIdVec></MemPortIdVec>
<condition id="-1">
<or_exp><and_exp></and_exp></or_exp>
</condition>

<Node id="122" bw="1" op_0_bw="1" op_1_bw="32" op_2_bw="32">
<![CDATA[
_ZNK13ap_fixed_baseILi32ELi12ELb1EL9ap_q_mode5EL9ap_o_mode3ELi0EEngEv.exit_ifconv:75  %tmp_9 = call i1 @_ssdm_op_BitSelect.i1.i32.i32(i32 %bitcast_ln696, i32 31)

]]></Node>
<StgValue><ssdm name="tmp_9"/></StgValue>
</operation>

<operation id="146" st_id="23" stage="1" lat="1">
<core>Sel</core>
<MemPortIdVec></MemPortIdVec>
<condition id="-1">
<or_exp><and_exp></and_exp></or_exp>
</condition>

<Node id="123" bw="32" op_0_bw="1" op_1_bw="32" op_2_bw="32">
<![CDATA[
_ZNK13ap_fixed_baseILi32ELi12ELb1EL9ap_q_mode5EL9ap_o_mode3ELi0EEngEv.exit_ifconv:76  %select_ln588 = select i1 %tmp_9, i32 -1, i32 0

]]></Node>
<StgValue><ssdm name="select_ln588"/></StgValue>
</operation>

<operation id="147" st_id="23" stage="1" lat="1">
<core>Shift</core>
<MemPortIdVec></MemPortIdVec>
<condition id="-1">
<or_exp><and_exp></and_exp></or_exp>
</condition>

<Node id="124" bw="32" op_0_bw="32" op_1_bw="32">
<![CDATA[
_ZNK13ap_fixed_baseILi32ELi12ELb1EL9ap_q_mode5EL9ap_o_mode3ELi0EEngEv.exit_ifconv:77  %shl_ln604 = shl i32 %trunc_ln583, %sext_ln581

]]></Node>
<StgValue><ssdm name="shl_ln604"/></StgValue>
</operation>

<operation id="148" st_id="23" stage="1" lat="1">
<core>LogicGate</core>
<MemPortIdVec></MemPortIdVec>
<condition id="-1">
<or_exp><and_exp></and_exp></or_exp>
</condition>

<Node id="125" bw="1" op_0_bw="1" op_1_bw="1">
<![CDATA[
_ZNK13ap_fixed_baseILi32ELi12ELb1EL9ap_q_mode5EL9ap_o_mode3ELi0EEngEv.exit_ifconv:78  %xor_ln571 = xor i1 %icmp_ln571, true

]]></Node>
<StgValue><ssdm name="xor_ln571"/></StgValue>
</operation>

<operation id="149" st_id="23" stage="1" lat="1">
<core>LogicGate</core>
<MemPortIdVec></MemPortIdVec>
<condition id="-1">
<or_exp><and_exp></and_exp></or_exp>
</condition>

<Node id="126" bw="1" op_0_bw="1" op_1_bw="1">
<![CDATA[
_ZNK13ap_fixed_baseILi32ELi12ELb1EL9ap_q_mode5EL9ap_o_mode3ELi0EEngEv.exit_ifconv:79  %and_ln582 = and i1 %icmp_ln582, %xor_ln571

]]></Node>
<StgValue><ssdm name="and_ln582"/></StgValue>
</operation>

<operation id="150" st_id="23" stage="1" lat="1">
<core>LogicGate</core>
<MemPortIdVec></MemPortIdVec>
<condition id="-1">
<or_exp><and_exp></and_exp></or_exp>
</condition>

<Node id="127" bw="1" op_0_bw="1" op_1_bw="1">
<![CDATA[
_ZNK13ap_fixed_baseILi32ELi12ELb1EL9ap_q_mode5EL9ap_o_mode3ELi0EEngEv.exit_ifconv:80  %or_ln582 = or i1 %icmp_ln571, %icmp_ln582

]]></Node>
<StgValue><ssdm name="or_ln582"/></StgValue>
</operation>

<operation id="151" st_id="23" stage="1" lat="1">
<core>LogicGate</core>
<MemPortIdVec></MemPortIdVec>
<condition id="-1">
<or_exp><and_exp></and_exp></or_exp>
</condition>

<Node id="128" bw="1" op_0_bw="1" op_1_bw="1">
<![CDATA[
_ZNK13ap_fixed_baseILi32ELi12ELb1EL9ap_q_mode5EL9ap_o_mode3ELi0EEngEv.exit_ifconv:81  %xor_ln582 = xor i1 %or_ln582, true

]]></Node>
<StgValue><ssdm name="xor_ln582"/></StgValue>
</operation>

<operation id="152" st_id="23" stage="1" lat="1">
<core>LogicGate</core>
<MemPortIdVec></MemPortIdVec>
<condition id="-1">
<or_exp><and_exp></and_exp></or_exp>
</condition>

<Node id="129" bw="1" op_0_bw="1" op_1_bw="1">
<![CDATA[
_ZNK13ap_fixed_baseILi32ELi12ELb1EL9ap_q_mode5EL9ap_o_mode3ELi0EEngEv.exit_ifconv:82  %and_ln581 = and i1 %icmp_ln581, %xor_ln582

]]></Node>
<StgValue><ssdm name="and_ln581"/></StgValue>
</operation>

<operation id="153" st_id="23" stage="1" lat="1">
<core>LogicGate</core>
<MemPortIdVec></MemPortIdVec>
<condition id="-1">
<or_exp><and_exp></and_exp></or_exp>
</condition>

<Node id="130" bw="1" op_0_bw="1" op_1_bw="1">
<![CDATA[
_ZNK13ap_fixed_baseILi32ELi12ELb1EL9ap_q_mode5EL9ap_o_mode3ELi0EEngEv.exit_ifconv:83  %xor_ln585 = xor i1 %icmp_ln585, true

]]></Node>
<StgValue><ssdm name="xor_ln585"/></StgValue>
</operation>

<operation id="154" st_id="23" stage="1" lat="1">
<core>LogicGate</core>
<MemPortIdVec></MemPortIdVec>
<condition id="-1">
<or_exp><and_exp></and_exp></or_exp>
</condition>

<Node id="131" bw="1" op_0_bw="1" op_1_bw="1">
<![CDATA[
_ZNK13ap_fixed_baseILi32ELi12ELb1EL9ap_q_mode5EL9ap_o_mode3ELi0EEngEv.exit_ifconv:84  %and_ln585 = and i1 %and_ln581, %xor_ln585

]]></Node>
<StgValue><ssdm name="and_ln585"/></StgValue>
</operation>

<operation id="155" st_id="23" stage="1" lat="1">
<core>LogicGate</core>
<MemPortIdVec></MemPortIdVec>
<condition id="-1">
<or_exp><and_exp></and_exp></or_exp>
</condition>

<Node id="132" bw="1" op_0_bw="1" op_1_bw="1">
<![CDATA[
_ZNK13ap_fixed_baseILi32ELi12ELb1EL9ap_q_mode5EL9ap_o_mode3ELi0EEngEv.exit_ifconv:85  %and_ln585_1 = and i1 %and_ln581, %icmp_ln585

]]></Node>
<StgValue><ssdm name="and_ln585_1"/></StgValue>
</operation>

<operation id="156" st_id="23" stage="1" lat="1">
<core>LogicGate</core>
<MemPortIdVec></MemPortIdVec>
<condition id="-1">
<or_exp><and_exp></and_exp></or_exp>
</condition>

<Node id="133" bw="1" op_0_bw="1" op_1_bw="1">
<![CDATA[
_ZNK13ap_fixed_baseILi32ELi12ELb1EL9ap_q_mode5EL9ap_o_mode3ELi0EEngEv.exit_ifconv:86  %or_ln581 = or i1 %or_ln582, %icmp_ln581

]]></Node>
<StgValue><ssdm name="or_ln581"/></StgValue>
</operation>

<operation id="157" st_id="23" stage="1" lat="1">
<core>LogicGate</core>
<MemPortIdVec></MemPortIdVec>
<condition id="-1">
<or_exp><and_exp></and_exp></or_exp>
</condition>

<Node id="134" bw="1" op_0_bw="1" op_1_bw="1">
<![CDATA[
_ZNK13ap_fixed_baseILi32ELi12ELb1EL9ap_q_mode5EL9ap_o_mode3ELi0EEngEv.exit_ifconv:87  %xor_ln581 = xor i1 %or_ln581, true

]]></Node>
<StgValue><ssdm name="xor_ln581"/></StgValue>
</operation>

<operation id="158" st_id="23" stage="1" lat="1">
<core>LogicGate</core>
<MemPortIdVec></MemPortIdVec>
<condition id="-1">
<or_exp><and_exp></and_exp></or_exp>
</condition>

<Node id="135" bw="1" op_0_bw="1" op_1_bw="1">
<![CDATA[
_ZNK13ap_fixed_baseILi32ELi12ELb1EL9ap_q_mode5EL9ap_o_mode3ELi0EEngEv.exit_ifconv:88  %and_ln603 = and i1 %icmp_ln603, %xor_ln581

]]></Node>
<StgValue><ssdm name="and_ln603"/></StgValue>
</operation>

<operation id="159" st_id="23" stage="1" lat="1">
<core>Sel</core>
<MemPortIdVec></MemPortIdVec>
<condition id="-1">
<or_exp><and_exp></and_exp></or_exp>
</condition>

<Node id="136" bw="32" op_0_bw="1" op_1_bw="32" op_2_bw="32">
<![CDATA[
_ZNK13ap_fixed_baseILi32ELi12ELb1EL9ap_q_mode5EL9ap_o_mode3ELi0EEngEv.exit_ifconv:89  %select_ln603 = select i1 %and_ln603, i32 %shl_ln604, i32 %trunc_ln586

]]></Node>
<StgValue><ssdm name="select_ln603"/></StgValue>
</operation>

<operation id="160" st_id="23" stage="1" lat="1">
<core>LogicGate</core>
<MemPortIdVec></MemPortIdVec>
<condition id="-1">
<or_exp><and_exp></and_exp></or_exp>
</condition>

<Node id="137" bw="1" op_0_bw="1" op_1_bw="1">
<![CDATA[
_ZNK13ap_fixed_baseILi32ELi12ELb1EL9ap_q_mode5EL9ap_o_mode3ELi0EEngEv.exit_ifconv:90  %or_ln603 = or i1 %and_ln603, %and_ln585_1

]]></Node>
<StgValue><ssdm name="or_ln603"/></StgValue>
</operation>

<operation id="161" st_id="23" stage="1" lat="1">
<core>Sel</core>
<MemPortIdVec></MemPortIdVec>
<condition id="-1">
<or_exp><and_exp></and_exp></or_exp>
</condition>

<Node id="138" bw="32" op_0_bw="1" op_1_bw="32" op_2_bw="32">
<![CDATA[
_ZNK13ap_fixed_baseILi32ELi12ELb1EL9ap_q_mode5EL9ap_o_mode3ELi0EEngEv.exit_ifconv:91  %select_ln603_1 = select i1 %and_ln585, i32 %select_ln588, i32 %trunc_ln583

]]></Node>
<StgValue><ssdm name="select_ln603_1"/></StgValue>
</operation>

<operation id="162" st_id="23" stage="1" lat="1">
<core>LogicGate</core>
<MemPortIdVec></MemPortIdVec>
<condition id="-1">
<or_exp><and_exp></and_exp></or_exp>
</condition>

<Node id="139" bw="1" op_0_bw="1" op_1_bw="1">
<![CDATA[
_ZNK13ap_fixed_baseILi32ELi12ELb1EL9ap_q_mode5EL9ap_o_mode3ELi0EEngEv.exit_ifconv:92  %or_ln603_1 = or i1 %and_ln585, %and_ln582

]]></Node>
<StgValue><ssdm name="or_ln603_1"/></StgValue>
</operation>

<operation id="163" st_id="23" stage="1" lat="1">
<core>Sel</core>
<MemPortIdVec></MemPortIdVec>
<condition id="-1">
<or_exp><and_exp></and_exp></or_exp>
</condition>

<Node id="140" bw="32" op_0_bw="1" op_1_bw="32" op_2_bw="32">
<![CDATA[
_ZNK13ap_fixed_baseILi32ELi12ELb1EL9ap_q_mode5EL9ap_o_mode3ELi0EEngEv.exit_ifconv:93  %select_ln603_2 = select i1 %or_ln603, i32 %select_ln603, i32 %select_ln603_1

]]></Node>
<StgValue><ssdm name="select_ln603_2"/></StgValue>
</operation>

<operation id="164" st_id="23" stage="1" lat="1">
<core>LogicGate</core>
<MemPortIdVec></MemPortIdVec>
<condition id="-1">
<or_exp><and_exp></and_exp></or_exp>
</condition>

<Node id="141" bw="1" op_0_bw="1" op_1_bw="1">
<![CDATA[
_ZNK13ap_fixed_baseILi32ELi12ELb1EL9ap_q_mode5EL9ap_o_mode3ELi0EEngEv.exit_ifconv:94  %or_ln603_2 = or i1 %or_ln603, %or_ln603_1

]]></Node>
<StgValue><ssdm name="or_ln603_2"/></StgValue>
</operation>

<operation id="165" st_id="23" stage="1" lat="1">
<core>Sel</core>
<MemPortIdVec></MemPortIdVec>
<condition id="-1">
<or_exp><and_exp></and_exp></or_exp>
</condition>

<Node id="142" bw="32" op_0_bw="1" op_1_bw="32" op_2_bw="32">
<![CDATA[
_ZNK13ap_fixed_baseILi32ELi12ELb1EL9ap_q_mode5EL9ap_o_mode3ELi0EEngEv.exit_ifconv:95  %kernel_result_V = select i1 %or_ln603_2, i32 %select_ln603_2, i32 0

]]></Node>
<StgValue><ssdm name="kernel_result_V"/></StgValue>
</operation>

<operation id="166" st_id="23" stage="1" lat="1">
<core>NULL</core>
<MemPortIdVec></MemPortIdVec>
<condition id="-1">
<or_exp><and_exp></and_exp></or_exp>
</condition>

<Node id="143" bw="0" op_0_bw="32">
<![CDATA[
_ZNK13ap_fixed_baseILi32ELi12ELb1EL9ap_q_mode5EL9ap_o_mode3ELi0EEngEv.exit_ifconv:96  ret i32 %kernel_result_V

]]></Node>
<StgValue><ssdm name="ret_ln23"/></StgValue>
</operation>
</state>
</state_list>


<ports>
</ports>


<dataflows>
</dataflows>


</stg>
