<profile>

<section name = "Vivado HLS Report for 'kernel_rbf'" level="0">
<item name = "Date">Sat Feb  1 14:23:59 2020
</item>
<item name = "Version">2019.1 (Build 2552052 on Fri May 24 15:28:33 MDT 2019)</item>
<item name = "Project">geometric_values_fxp_rbf_3</item>
<item name = "Solution">solution2</item>
<item name = "Product family">zynq</item>
<item name = "Target device">xc7z020-clg400-1</item>
</section>

<section name = "Performance Estimates" level="0">
<item name = "Timing (ns)">
<section name = "" level="1">
<item name = "Summary"><table name="" hasTotal="0">
<keys size="4">Clock, Target, Estimated, Uncertainty</keys>
<column name="ap_clk">10.00, 8.670, 1.25</column>
</table>
</item>
</section>
</item>
<item name = "Latency (clock cycles)">
<section name = "" level="1">
<item name = "Summary"><table name="" hasTotal="0">
<keys size="6">, min, max, min, max, Type</keys>
<column name="">277, 277, 277, 277, none</column>
</table>
</item>
<item name = "Detail">
<section name = "" level="1">
<item name = "Instance"><table name="" hasTotal="0">
<keys size="7">Instance, Module, min, max, min, max, Type</keys>
</table>
</item>
<item name = "Loop"><table name="" hasTotal="0">
<keys size="8">Loop Name, min, max, Latency, achieved, target, Count, Pipelined</keys>
<column name="- square_norm_loop">258, 258, 4, 1, 1, 256, yes</column>
</table>
</item>
</section>
</item>
</section>
</item>
</section>

<section name = "Utilization Estimates" level="0">
<item name = "Summary"><table name="" hasTotal="1">
<keys size="6">Name, BRAM_18K, DSP48E, FF, LUT, URAM</keys>
<column name="DSP">-, -, -, -, -</column>
<column name="Expression">-, 6, 40, 1719, -</column>
<column name="FIFO">-, -, -, -, -</column>
<column name="Instance">-, 7, 377, 1062, -</column>
<column name="Memory">-, -, -, -, -</column>
<column name="Multiplexer">-, -, -, 146, -</column>
<column name="Register">0, -, 598, 32, -</column>
<specialColumn name="Available">280, 220, 106400, 53200, 0</specialColumn>
<specialColumn name="Utilization (%)">0, 5, ~0, 5, 0</specialColumn>
</table>
</item>
<item name = "Detail">
<section name = "" level="1">
<item name = "Instance"><table name="" hasTotal="1">
<keys size="7">Instance, Module, BRAM_18K, DSP48E, FF, LUT, URAM</keys>
<column name="geometric_values_bkb_U1">geometric_values_bkb, 0, 0, 100, 138, 0</column>
<column name="geometric_values_cud_U2">geometric_values_cud, 0, 7, 277, 924, 0</column>
</table>
</item>
<item name = "DSP48E"><table name="" hasTotal="0">
<keys size="3">Instance, Module, Expression</keys>
</table>
</item>
<item name = "Memory"><table name="" hasTotal="1">
<keys size="10">Memory, Module, BRAM_18K, FF, LUT, URAM, Words, Bits, Banks, W*Bits*Banks</keys>
</table>
</item>
<item name = "FIFO"><table name="" hasTotal="1">
<keys size="8">Name, BRAM_18K, FF, LUT, URAM, Depth, Bits, Size:D*B</keys>
</table>
</item>
<item name = "Expression"><table name="" hasTotal="1">
<keys size="7">Variable Name, Operation, DSP48E, FF, LUT, Bitwidth P0, Bitwidth P1</keys>
<column name="mul_ln1118_fu_303_p2">*, 4, 0, 20, 32, 32</column>
<column name="r_V_fu_258_p2">*, 2, 0, 24, 22, 22</column>
<column name="add_ln581_fu_660_p2">+, 0, 0, 12, 6, 12</column>
<column name="add_ln958_fu_481_p2">+, 0, 0, 39, 6, 32</column>
<column name="add_ln964_fu_546_p2">+, 0, 0, 8, 8, 8</column>
<column name="lsb_index_fu_375_p2">+, 0, 0, 39, 6, 32</column>
<column name="m_3_fu_508_p2">+, 0, 0, 39, 32, 32</column>
<column name="n1_V_fu_214_p2">+, 0, 0, 15, 9, 1</column>
<column name="ret_V_1_fu_275_p2">+, 0, 0, 59, 52, 52</column>
<column name="F2_fu_648_p2">-, 0, 0, 12, 11, 12</column>
<column name="man_V_1_fu_628_p2">-, 0, 0, 61, 1, 54</column>
<column name="r_V_2_fu_309_p2">-, 0, 0, 59, 1, 52</column>
<column name="ret_V_fu_241_p2">-, 0, 0, 24, 17, 17</column>
<column name="sub_ln581_fu_666_p2">-, 0, 0, 12, 5, 12</column>
<column name="sub_ln944_fu_370_p2">-, 0, 0, 39, 6, 32</column>
<column name="sub_ln947_fu_401_p2">-, 0, 0, 15, 4, 6</column>
<column name="sub_ln958_fu_491_p2">-, 0, 0, 39, 5, 32</column>
<column name="sub_ln964_fu_541_p2">-, 0, 0, 8, 4, 8</column>
<column name="tmp_V_fu_337_p2">-, 0, 0, 39, 1, 32</column>
<column name="a_fu_428_p2">and, 0, 0, 2, 1, 1</column>
<column name="and_ln581_fu_770_p2">and, 0, 0, 2, 1, 1</column>
<column name="and_ln582_fu_755_p2">and, 0, 0, 2, 1, 1</column>
<column name="and_ln585_1_fu_787_p2">and, 0, 0, 2, 1, 1</column>
<column name="and_ln585_fu_781_p2">and, 0, 0, 2, 1, 1</column>
<column name="and_ln603_fu_804_p2">and, 0, 0, 2, 1, 1</column>
<column name="and_ln949_fu_455_p2">and, 0, 0, 2, 1, 1</column>
<column name="ap_block_pp0_stage0_11001">and, 0, 0, 2, 1, 1</column>
<column name="ap_block_state2_pp0_stage0_iter0">and, 0, 0, 2, 1, 1</column>
<column name="ap_predicate_op37_read_state2">and, 0, 0, 2, 1, 1</column>
<column name="p_Result_s_fu_417_p2">and, 0, 0, 32, 32, 32</column>
<column name="ashr_ln586_fu_717_p2">ashr, 0, 0, 162, 54, 54</column>
<column name="l_fu_358_p3">cttz, 0, 40, 36, 32, 0</column>
<column name="icmp_ln11_fu_208_p2">icmp, 0, 0, 13, 9, 10</column>
<column name="icmp_ln571_fu_642_p2">icmp, 0, 0, 29, 63, 1</column>
<column name="icmp_ln581_fu_654_p2">icmp, 0, 0, 13, 12, 5</column>
<column name="icmp_ln582_fu_680_p2">icmp, 0, 0, 13, 12, 5</column>
<column name="icmp_ln585_fu_703_p2">icmp, 0, 0, 13, 12, 6</column>
<column name="icmp_ln603_fu_708_p2">icmp, 0, 0, 11, 7, 1</column>
<column name="icmp_ln887_fu_220_p2">icmp, 0, 0, 13, 9, 9</column>
<column name="icmp_ln935_fu_332_p2">icmp, 0, 0, 18, 32, 1</column>
<column name="icmp_ln947_1_fu_422_p2">icmp, 0, 0, 18, 32, 1</column>
<column name="icmp_ln947_fu_391_p2">icmp, 0, 0, 18, 31, 1</column>
<column name="icmp_ln958_fu_475_p2">icmp, 0, 0, 18, 32, 1</column>
<column name="lshr_ln947_fu_411_p2">lshr, 0, 0, 101, 2, 32</column>
<column name="lshr_ln958_fu_486_p2">lshr, 0, 0, 101, 32, 32</column>
<column name="or_ln581_fu_793_p2">or, 0, 0, 2, 1, 1</column>
<column name="or_ln582_fu_760_p2">or, 0, 0, 2, 1, 1</column>
<column name="or_ln603_1_fu_831_p2">or, 0, 0, 2, 1, 1</column>
<column name="or_ln603_2_fu_845_p2">or, 0, 0, 2, 1, 1</column>
<column name="or_ln603_fu_818_p2">or, 0, 0, 2, 1, 1</column>
<column name="or_ln949_fu_461_p2">or, 0, 0, 2, 1, 1</column>
<column name="ap_return">select, 0, 0, 32, 1, 32</column>
<column name="m_2_fu_501_p3">select, 0, 0, 32, 1, 32</column>
<column name="man_V_2_fu_634_p3">select, 0, 0, 54, 1, 54</column>
<column name="select_ln588_fu_737_p3">select, 0, 0, 2, 1, 2</column>
<column name="select_ln603_1_fu_824_p3">select, 0, 0, 32, 1, 32</column>
<column name="select_ln603_2_fu_837_p3">select, 0, 0, 32, 1, 32</column>
<column name="select_ln603_fu_810_p3">select, 0, 0, 32, 1, 32</column>
<column name="select_ln935_fu_575_p3">select, 0, 0, 32, 1, 1</column>
<column name="select_ln964_fu_534_p3">select, 0, 0, 7, 1, 7</column>
<column name="sh_amt_fu_672_p3">select, 0, 0, 12, 1, 12</column>
<column name="tmp_V_4_fu_342_p3">select, 0, 0, 32, 1, 32</column>
<column name="shl_ln604_fu_745_p2">shl, 0, 0, 101, 32, 32</column>
<column name="shl_ln958_fu_496_p2">shl, 0, 0, 101, 32, 32</column>
<column name="ap_enable_pp0">xor, 0, 0, 2, 1, 2</column>
<column name="ap_enable_reg_pp0_iter1">xor, 0, 0, 2, 2, 1</column>
<column name="xor_ln571_fu_750_p2">xor, 0, 0, 2, 1, 2</column>
<column name="xor_ln581_fu_798_p2">xor, 0, 0, 2, 1, 2</column>
<column name="xor_ln582_fu_764_p2">xor, 0, 0, 2, 1, 2</column>
<column name="xor_ln585_fu_775_p2">xor, 0, 0, 2, 1, 2</column>
<column name="xor_ln949_fu_442_p2">xor, 0, 0, 2, 1, 2</column>
</table>
</item>
<item name = "Multiplexer"><table name="" hasTotal="1">
<keys size="5">Name, LUT, Input Size, Bits, Total Bits</keys>
<column name="ap_NS_fsm">101, 21, 1, 21</column>
<column name="ap_enable_reg_pp0_iter1">9, 2, 1, 2</column>
<column name="ap_enable_reg_pp0_iter3">9, 2, 1, 2</column>
<column name="p_Val2_s_fu_144">9, 2, 32, 64</column>
<column name="support_vectors_TDATA_blk_n">9, 2, 1, 2</column>
<column name="t_V_1_reg_181">9, 2, 9, 18</column>
</table>
</item>
<item name = "Register"><table name="" hasTotal="1">
<keys size="5">Name, FF, LUT, Bits, Const Bits</keys>
<column name="ap_CS_fsm">20, 0, 20, 0</column>
<column name="ap_enable_reg_pp0_iter0">1, 0, 1, 0</column>
<column name="ap_enable_reg_pp0_iter1">1, 0, 1, 0</column>
<column name="ap_enable_reg_pp0_iter2">1, 0, 1, 0</column>
<column name="ap_enable_reg_pp0_iter3">1, 0, 1, 0</column>
<column name="empty_15_reg_889_0">16, 0, 16, 0</column>
<column name="icmp_ln571_reg_992">1, 0, 1, 0</column>
<column name="icmp_ln581_reg_998">1, 0, 1, 0</column>
<column name="icmp_ln582_reg_1010">1, 0, 1, 0</column>
<column name="icmp_ln887_reg_885">1, 0, 1, 0</column>
<column name="icmp_ln935_reg_927">1, 0, 1, 0</column>
<column name="icmp_ln958_reg_961">1, 0, 1, 0</column>
<column name="l_reg_940">32, 0, 32, 0</column>
<column name="m_reg_966">31, 0, 31, 0</column>
<column name="man_V_2_reg_987">54, 0, 54, 0</column>
<column name="mul_ln1118_reg_909">52, 0, 52, 0</column>
<column name="or_ln_reg_956">1, 0, 32, 31</column>
<column name="p_Result_5_reg_921">1, 0, 1, 0</column>
<column name="p_Val2_s_fu_144">32, 0, 32, 0</column>
<column name="r_V_reg_904">39, 0, 44, 5</column>
<column name="ret_V_reg_899">17, 0, 17, 0</column>
<column name="select_ln935_reg_976">32, 0, 32, 0</column>
<column name="sh_amt_reg_1004">12, 0, 12, 0</column>
<column name="sub_ln944_reg_950">32, 0, 32, 0</column>
<column name="t_V_1_reg_181">9, 0, 9, 0</column>
<column name="tmp_6_reg_971">1, 0, 1, 0</column>
<column name="tmp_8_reg_1022">7, 0, 7, 0</column>
<column name="tmp_V_3_reg_914">32, 0, 32, 0</column>
<column name="tmp_V_4_reg_932">32, 0, 32, 0</column>
<column name="trunc_ln583_reg_1016">32, 0, 32, 0</column>
<column name="trunc_ln943_reg_945">8, 0, 8, 0</column>
<column name="v_assign_reg_981">32, 0, 32, 0</column>
<column name="icmp_ln887_reg_885">64, 32, 1, 0</column>
</table>
</item>
</section>
</item>
</section>

<section name = "Interface" level="0">
<item name = "Summary"><table name="" hasTotal="0">
<keys size="6">RTL Ports, Dir, Bits, Protocol, Source Object, C Type</keys>
<column name="ap_clk">in, 1, ap_ctrl_hs, kernel_rbf, return value</column>
<column name="ap_rst">in, 1, ap_ctrl_hs, kernel_rbf, return value</column>
<column name="ap_start">in, 1, ap_ctrl_hs, kernel_rbf, return value</column>
<column name="ap_done">out, 1, ap_ctrl_hs, kernel_rbf, return value</column>
<column name="ap_idle">out, 1, ap_ctrl_hs, kernel_rbf, return value</column>
<column name="ap_ready">out, 1, ap_ctrl_hs, kernel_rbf, return value</column>
<column name="ap_return">out, 32, ap_ctrl_hs, kernel_rbf, return value</column>
<column name="support_vectors_TDATA">in, 16, axis, support_vectors_V_data_V, pointer</column>
<column name="support_vectors_TVALID">in, 1, axis, support_vectors_V_data_V, pointer</column>
<column name="support_vectors_TREADY">out, 1, axis, support_vectors_V_last, pointer</column>
<column name="support_vectors_TLAST">in, 1, axis, support_vectors_V_last, pointer</column>
<column name="vector_2_V_address0">out, 8, ap_memory, vector_2_V, array</column>
<column name="vector_2_V_ce0">out, 1, ap_memory, vector_2_V, array</column>
<column name="vector_2_V_q0">in, 16, ap_memory, vector_2_V, array</column>
<column name="no_variables_V_read">in, 9, ap_none, no_variables_V_read, scalar</column>
<column name="gamma_V_read">in, 32, ap_none, gamma_V_read, scalar</column>
</table>
</item>
</section>
</profile>
