<profile>

<section name = "Vivado HLS Report for 'get_dot_product'" level="0">
<item name = "Date">Mon Mar  9 21:37:37 2020
</item>
<item name = "Version">2019.1 (Build 2552052 on Fri May 24 15:28:33 MDT 2019)</item>
<item name = "Project">get_dot_product_matrix_ZCU104</item>
<item name = "Solution">solution1</item>
<item name = "Product family">zynquplus</item>
<item name = "Target device">xczu7ev-ffvc1156-2-e</item>
</section>

<section name = "Performance Estimates" level="0">
<item name = "Timing (ns)">
<section name = "" level="1">
<item name = "Summary"><table name="" hasTotal="0">
<keys size="4">Clock, Target, Estimated, Uncertainty</keys>
<column name="ap_clk">10.00, 3.770, 1.25</column>
</table>
</item>
</section>
</item>
<item name = "Latency (clock cycles)">
<section name = "" level="1">
<item name = "Summary"><table name="" hasTotal="0">
<keys size="6">, min, max, min, max, Type</keys>
<column name="">3, 258, 3, 258, none</column>
</table>
</item>
<item name = "Detail">
<section name = "" level="1">
<item name = "Instance"><table name="" hasTotal="0">
<keys size="7">Instance, Module, min, max, min, max, Type</keys>
</table>
</item>
<item name = "Loop"><table name="" hasTotal="0">
<keys size="8">Loop Name, min, max, Latency, achieved, target, Count, Pipelined</keys>
<column name="- dp_loop">1, 256, 2, 1, 1, 1 ~ 256, yes</column>
</table>
</item>
</section>
</item>
</section>
</item>
</section>

<section name = "Utilization Estimates" level="0">
<item name = "Summary"><table name="" hasTotal="1">
<keys size="6">Name, BRAM_18K, DSP48E, FF, LUT, URAM</keys>
<column name="DSP">-, 1, -, -, -</column>
<column name="Expression">-, -, 0, 41, -</column>
<column name="FIFO">-, -, -, -, -</column>
<column name="Instance">-, -, -, -, -</column>
<column name="Memory">-, -, -, -, -</column>
<column name="Multiplexer">-, -, -, 63, -</column>
<column name="Register">-, -, 64, -, -</column>
<specialColumn name="Available">624, 1728, 460800, 230400, 96</specialColumn>
<specialColumn name="Utilization (%)">0, ~0, ~0, ~0, 0</specialColumn>
</table>
</item>
<item name = "Detail">
<section name = "" level="1">
<item name = "Instance"><table name="" hasTotal="1">
<keys size="7">Instance, Module, BRAM_18K, DSP48E, FF, LUT, URAM</keys>
</table>
</item>
<item name = "DSP48E"><table name="" hasTotal="0">
<keys size="3">Instance, Module, Expression</keys>
<column name="get_dpm_top_mac_mbkb_U1">get_dpm_top_mac_mbkb, i0 * i1 + i2</column>
</table>
</item>
<item name = "Memory"><table name="" hasTotal="1">
<keys size="10">Memory, Module, BRAM_18K, FF, LUT, URAM, Words, Bits, Banks, W*Bits*Banks</keys>
</table>
</item>
<item name = "FIFO"><table name="" hasTotal="1">
<keys size="8">Name, BRAM_18K, FF, LUT, URAM, Depth, Bits, Size:D*B</keys>
</table>
</item>
<item name = "Expression"><table name="" hasTotal="1">
<keys size="7">Variable Name, Operation, DSP48E, FF, LUT, Bitwidth P0, Bitwidth P1</keys>
<column name="n1_V_fu_122_p2">+, 0, 0, 16, 9, 1</column>
<column name="ap_block_pp0_stage0_11001">and, 0, 0, 2, 1, 1</column>
<column name="ap_block_state2_pp0_stage0_iter0">and, 0, 0, 2, 1, 1</column>
<column name="ap_predicate_op20_read_state2">and, 0, 0, 2, 1, 1</column>
<column name="icmp_ln887_fu_128_p2">icmp, 0, 0, 13, 9, 9</column>
<column name="ap_predicate_tran2to4_state2">or, 0, 0, 2, 1, 1</column>
<column name="ap_enable_pp0">xor, 0, 0, 2, 1, 2</column>
<column name="ap_enable_reg_pp0_iter1">xor, 0, 0, 2, 2, 1</column>
</table>
</item>
<item name = "Multiplexer"><table name="" hasTotal="1">
<keys size="5">Name, LUT, Input Size, Bits, Total Bits</keys>
<column name="ap_NS_fsm">21, 4, 1, 4</column>
<column name="ap_enable_reg_pp0_iter1">15, 3, 1, 3</column>
<column name="p_Val2_s_reg_91">9, 2, 32, 64</column>
<column name="t_V_reg_103">9, 2, 9, 18</column>
<column name="training_matrix_transpose_TDATA_blk_n">9, 2, 1, 2</column>
</table>
</item>
<item name = "Register"><table name="" hasTotal="1">
<keys size="5">Name, FF, LUT, Bits, Const Bits</keys>
<column name="ap_CS_fsm">3, 0, 3, 0</column>
<column name="ap_enable_reg_pp0_iter0">1, 0, 1, 0</column>
<column name="ap_enable_reg_pp0_iter1">1, 0, 1, 0</column>
<column name="icmp_ln887_reg_189">1, 0, 1, 0</column>
<column name="p_Val2_s_reg_91">32, 0, 32, 0</column>
<column name="t_V_reg_103">9, 0, 9, 0</column>
<column name="tmp_2_reg_180">1, 0, 1, 0</column>
<column name="tmp_data_V_reg_193">16, 0, 16, 0</column>
</table>
</item>
</section>
</item>
</section>

<section name = "Interface" level="0">
<item name = "Summary"><table name="" hasTotal="0">
<keys size="6">RTL Ports, Dir, Bits, Protocol, Source Object, C Type</keys>
<column name="ap_clk">in, 1, ap_ctrl_hs, get_dot_product, return value</column>
<column name="ap_rst">in, 1, ap_ctrl_hs, get_dot_product, return value</column>
<column name="ap_start">in, 1, ap_ctrl_hs, get_dot_product, return value</column>
<column name="ap_done">out, 1, ap_ctrl_hs, get_dot_product, return value</column>
<column name="ap_idle">out, 1, ap_ctrl_hs, get_dot_product, return value</column>
<column name="ap_ready">out, 1, ap_ctrl_hs, get_dot_product, return value</column>
<column name="ap_return">out, 32, ap_ctrl_hs, get_dot_product, return value</column>
<column name="row_vec_V_address0">out, 8, ap_memory, row_vec_V, array</column>
<column name="row_vec_V_ce0">out, 1, ap_memory, row_vec_V, array</column>
<column name="row_vec_V_q0">in, 16, ap_memory, row_vec_V, array</column>
<column name="training_matrix_transpose_TDATA">in, 16, axis, col_vec_V_data_V, pointer</column>
<column name="training_matrix_transpose_TVALID">in, 1, axis, col_vec_V_data_V, pointer</column>
<column name="training_matrix_transpose_TREADY">out, 1, axis, col_vec_V_last, pointer</column>
<column name="training_matrix_transpose_TLAST">in, 1, axis, col_vec_V_last, pointer</column>
<column name="no_variables_V_read">in, 9, ap_none, no_variables_V_read, scalar</column>
</table>
</item>
</section>
</profile>
