<stg><name>get_dpm_top</name>


<trans_list>

<trans id="95" from="1" to="2">
<condition id="-1">
<or_exp><and_exp></and_exp></or_exp>
</condition>
</trans>

<trans id="96" from="2" to="3">
<condition id="-1">
<or_exp><and_exp></and_exp></or_exp>
</condition>
</trans>

<trans id="97" from="3" to="4">
<condition id="-1">
<or_exp><and_exp><literal name="icmp_ln887" val="0"/>
<literal name="icmp_ln887_1" val="1"/>
</and_exp></or_exp>
</condition>
</trans>

<trans id="98" from="4" to="4">
<condition id="-1">
<or_exp><and_exp><literal name="tmp_1" val="0"/>
<literal name="icmp_ln887_2" val="1"/>
</and_exp></or_exp>
</condition>
</trans>

<trans id="99" from="4" to="5">
<condition id="-1">
<or_exp><and_exp><literal name="icmp_ln887_2" val="0"/>
</and_exp><and_exp><literal name="tmp_1" val="1"/>
</and_exp></or_exp>
</condition>
</trans>

<trans id="100" from="5" to="10">
<condition id="-1">
<or_exp><and_exp><literal name="icmp_ln887_3" val="0"/>
<literal name="icmp_ln887_4" val="1"/>
<literal name="icmp_ln887_5" val="1"/>
</and_exp></or_exp>
</condition>
</trans>

<trans id="101" from="5" to="6">
<condition id="-1">
<or_exp><and_exp><literal name="icmp_ln887_3" val="0"/>
<literal name="icmp_ln887_4" val="1"/>
<literal name="icmp_ln887_5" val="0"/>
<literal name="icmp_ln879" val="0"/>
</and_exp></or_exp>
</condition>
</trans>

<trans id="102" from="5" to="8">
<condition id="-1">
<or_exp><and_exp><literal name="icmp_ln887_3" val="0"/>
<literal name="icmp_ln887_4" val="1"/>
<literal name="icmp_ln887_5" val="0"/>
<literal name="icmp_ln879" val="1"/>
</and_exp></or_exp>
</condition>
</trans>

<trans id="110" from="5" to="9">
<condition id="-1">
<or_exp><and_exp><literal name="icmp_ln887_4" val="0"/>
</and_exp><and_exp><literal name="icmp_ln887_3" val="1"/>
</and_exp></or_exp>
</condition>
</trans>

<trans id="104" from="6" to="7">
<condition id="-1">
<or_exp><and_exp></and_exp></or_exp>
</condition>
</trans>

<trans id="109" from="7" to="5">
<condition id="-1">
<or_exp><and_exp></and_exp></or_exp>
</condition>
</trans>

<trans id="106" from="8" to="9">
<condition id="-1">
<or_exp><and_exp></and_exp></or_exp>
</condition>
</trans>

<trans id="111" from="9" to="3">
<condition id="-1">
<or_exp><and_exp></and_exp></or_exp>
</condition>
</trans>

<trans id="108" from="10" to="7">
<condition id="-1">
<or_exp><and_exp></and_exp></or_exp>
</condition>
</trans>
</trans_list>



<state_list>

<state id="1" st_id="1">

<operation id="11" st_id="1" stage="1" lat="1">
<core>RAM</core>
<MemPortIdVec></MemPortIdVec>
<condition id="-1">
<or_exp><and_exp></and_exp></or_exp>
</condition>

<Node id="18" bw="16" op_0_bw="64">
<![CDATA[
.preheader259.preheader:9  %first_mat_row_V = alloca [256 x i16], align 2

]]></Node>
<StgValue><ssdm name="first_mat_row_V"/></StgValue>
</operation>

<operation id="12" st_id="1" stage="1" lat="1">
<core>AXI4Stream</core>
<MemPortIdVec></MemPortIdVec>
<condition id="-1">
<or_exp><and_exp></and_exp></or_exp>
</condition>

<Node id="24" bw="17" op_0_bw="17" op_1_bw="16" op_2_bw="1">
<![CDATA[
.preheader259.preheader:15  %empty = call { i16, i1 } @_ssdm_op_Read.axis.volatile.i16P.i1P(i16* %input_details_V_data_V, i1* %input_details_V_last)

]]></Node>
<StgValue><ssdm name="empty"/></StgValue>
</operation>

<operation id="13" st_id="1" stage="1" lat="1">
<core>NULL</core>
<MemPortIdVec></MemPortIdVec>
<condition id="-1">
<or_exp><and_exp></and_exp></or_exp>
</condition>

<Node id="25" bw="16" op_0_bw="17">
<![CDATA[
.preheader259.preheader:16  %tmp_data_V_5 = extractvalue { i16, i1 } %empty, 0

]]></Node>
<StgValue><ssdm name="tmp_data_V_5"/></StgValue>
</operation>
</state>

<state id="2" st_id="2">

<operation id="14" st_id="2" stage="1" lat="1">
<core>NULL</core>
<MemPortIdVec></MemPortIdVec>
<condition id="-1">
<or_exp><and_exp></and_exp></or_exp>
</condition>

<Node id="9" bw="0" op_0_bw="0" op_1_bw="16">
<![CDATA[
.preheader259.preheader:0  call void (...)* @_ssdm_op_SpecBitsMap(i16* %training_matrix_V_data_V), !map !91

]]></Node>
<StgValue><ssdm name="specbitsmap_ln0"/></StgValue>
</operation>

<operation id="15" st_id="2" stage="1" lat="1">
<core>NULL</core>
<MemPortIdVec></MemPortIdVec>
<condition id="-1">
<or_exp><and_exp></and_exp></or_exp>
</condition>

<Node id="10" bw="0" op_0_bw="0" op_1_bw="1">
<![CDATA[
.preheader259.preheader:1  call void (...)* @_ssdm_op_SpecBitsMap(i1* %training_matrix_V_last), !map !97

]]></Node>
<StgValue><ssdm name="specbitsmap_ln0"/></StgValue>
</operation>

<operation id="16" st_id="2" stage="1" lat="1">
<core>NULL</core>
<MemPortIdVec></MemPortIdVec>
<condition id="-1">
<or_exp><and_exp></and_exp></or_exp>
</condition>

<Node id="11" bw="0" op_0_bw="0" op_1_bw="16">
<![CDATA[
.preheader259.preheader:2  call void (...)* @_ssdm_op_SpecBitsMap(i16* %training_matrix_transpose_V_data_V), !map !101

]]></Node>
<StgValue><ssdm name="specbitsmap_ln0"/></StgValue>
</operation>

<operation id="17" st_id="2" stage="1" lat="1">
<core>NULL</core>
<MemPortIdVec></MemPortIdVec>
<condition id="-1">
<or_exp><and_exp></and_exp></or_exp>
</condition>

<Node id="12" bw="0" op_0_bw="0" op_1_bw="1">
<![CDATA[
.preheader259.preheader:3  call void (...)* @_ssdm_op_SpecBitsMap(i1* %training_matrix_transpose_V_last), !map !105

]]></Node>
<StgValue><ssdm name="specbitsmap_ln0"/></StgValue>
</operation>

<operation id="18" st_id="2" stage="1" lat="1">
<core>NULL</core>
<MemPortIdVec></MemPortIdVec>
<condition id="-1">
<or_exp><and_exp></and_exp></or_exp>
</condition>

<Node id="13" bw="0" op_0_bw="0" op_1_bw="32">
<![CDATA[
.preheader259.preheader:4  call void (...)* @_ssdm_op_SpecBitsMap(i32* %dot_product_matrix_out_V_data_V), !map !109

]]></Node>
<StgValue><ssdm name="specbitsmap_ln0"/></StgValue>
</operation>

<operation id="19" st_id="2" stage="1" lat="1">
<core>NULL</core>
<MemPortIdVec></MemPortIdVec>
<condition id="-1">
<or_exp><and_exp></and_exp></or_exp>
</condition>

<Node id="14" bw="0" op_0_bw="0" op_1_bw="1">
<![CDATA[
.preheader259.preheader:5  call void (...)* @_ssdm_op_SpecBitsMap(i1* %dot_product_matrix_out_V_last), !map !113

]]></Node>
<StgValue><ssdm name="specbitsmap_ln0"/></StgValue>
</operation>

<operation id="20" st_id="2" stage="1" lat="1">
<core>NULL</core>
<MemPortIdVec></MemPortIdVec>
<condition id="-1">
<or_exp><and_exp></and_exp></or_exp>
</condition>

<Node id="15" bw="0" op_0_bw="0" op_1_bw="16">
<![CDATA[
.preheader259.preheader:6  call void (...)* @_ssdm_op_SpecBitsMap(i16* %input_details_V_data_V), !map !117

]]></Node>
<StgValue><ssdm name="specbitsmap_ln0"/></StgValue>
</operation>

<operation id="21" st_id="2" stage="1" lat="1">
<core>NULL</core>
<MemPortIdVec></MemPortIdVec>
<condition id="-1">
<or_exp><and_exp></and_exp></or_exp>
</condition>

<Node id="16" bw="0" op_0_bw="0" op_1_bw="1">
<![CDATA[
.preheader259.preheader:7  call void (...)* @_ssdm_op_SpecBitsMap(i1* %input_details_V_last), !map !121

]]></Node>
<StgValue><ssdm name="specbitsmap_ln0"/></StgValue>
</operation>

<operation id="22" st_id="2" stage="1" lat="1">
<core>NULL</core>
<MemPortIdVec></MemPortIdVec>
<condition id="-1">
<or_exp><and_exp></and_exp></or_exp>
</condition>

<Node id="17" bw="0" op_0_bw="0" op_1_bw="0">
<![CDATA[
.preheader259.preheader:8  call void (...)* @_ssdm_op_SpecTopModule([12 x i8]* @get_dpm_top_str) nounwind

]]></Node>
<StgValue><ssdm name="spectopmodule_ln0"/></StgValue>
</operation>

<operation id="23" st_id="2" stage="1" lat="1">
<core>NULL</core>
<MemPortIdVec></MemPortIdVec>
<condition id="-1">
<or_exp><and_exp></and_exp></or_exp>
</condition>

<Node id="19" bw="0" op_0_bw="0" op_1_bw="32" op_2_bw="0" op_3_bw="32" op_4_bw="32" op_5_bw="0" op_6_bw="32" op_7_bw="32" op_8_bw="0" op_9_bw="0" op_10_bw="0" op_11_bw="32" op_12_bw="32" op_13_bw="32" op_14_bw="32" op_15_bw="0" op_16_bw="0">
<![CDATA[
.preheader259.preheader:10  call void (...)* @_ssdm_op_SpecInterface(i32 0, [13 x i8]* @p_str2, i32 0, i32 0, [1 x i8]* @p_str1, i32 0, i32 0, [1 x i8]* @p_str1, [1 x i8]* @p_str1, [1 x i8]* @p_str1, i32 0, i32 0, i32 0, i32 0, [1 x i8]* @p_str1, [1 x i8]* @p_str1) nounwind

]]></Node>
<StgValue><ssdm name="specinterface_ln24"/></StgValue>
</operation>

<operation id="24" st_id="2" stage="1" lat="1">
<core>NULL</core>
<MemPortIdVec></MemPortIdVec>
<condition id="-1">
<or_exp><and_exp></and_exp></or_exp>
</condition>

<Node id="20" bw="0" op_0_bw="0" op_1_bw="16" op_2_bw="1" op_3_bw="0" op_4_bw="32" op_5_bw="32" op_6_bw="0" op_7_bw="32" op_8_bw="32" op_9_bw="0" op_10_bw="0" op_11_bw="0" op_12_bw="32" op_13_bw="32" op_14_bw="32" op_15_bw="32" op_16_bw="0" op_17_bw="0">
<![CDATA[
.preheader259.preheader:11  call void (...)* @_ssdm_op_SpecInterface(i16* %input_details_V_data_V, i1* %input_details_V_last, [5 x i8]* @p_str3, i32 1, i32 1, [5 x i8]* @p_str4, i32 0, i32 0, [1 x i8]* @p_str1, [1 x i8]* @p_str1, [1 x i8]* @p_str1, i32 0, i32 0, i32 0, i32 0, [1 x i8]* @p_str1, [1 x i8]* @p_str1) nounwind

]]></Node>
<StgValue><ssdm name="specinterface_ln25"/></StgValue>
</operation>

<operation id="25" st_id="2" stage="1" lat="1">
<core>NULL</core>
<MemPortIdVec></MemPortIdVec>
<condition id="-1">
<or_exp><and_exp></and_exp></or_exp>
</condition>

<Node id="21" bw="0" op_0_bw="0" op_1_bw="32" op_2_bw="1" op_3_bw="0" op_4_bw="32" op_5_bw="32" op_6_bw="0" op_7_bw="32" op_8_bw="32" op_9_bw="0" op_10_bw="0" op_11_bw="0" op_12_bw="32" op_13_bw="32" op_14_bw="32" op_15_bw="32" op_16_bw="0" op_17_bw="0">
<![CDATA[
.preheader259.preheader:12  call void (...)* @_ssdm_op_SpecInterface(i32* %dot_product_matrix_out_V_data_V, i1* %dot_product_matrix_out_V_last, [5 x i8]* @p_str3, i32 1, i32 1, [5 x i8]* @p_str4, i32 0, i32 0, [1 x i8]* @p_str1, [1 x i8]* @p_str1, [1 x i8]* @p_str1, i32 0, i32 0, i32 0, i32 0, [1 x i8]* @p_str1, [1 x i8]* @p_str1) nounwind

]]></Node>
<StgValue><ssdm name="specinterface_ln26"/></StgValue>
</operation>

<operation id="26" st_id="2" stage="1" lat="1">
<core>NULL</core>
<MemPortIdVec></MemPortIdVec>
<condition id="-1">
<or_exp><and_exp></and_exp></or_exp>
</condition>

<Node id="22" bw="0" op_0_bw="0" op_1_bw="16" op_2_bw="1" op_3_bw="0" op_4_bw="32" op_5_bw="32" op_6_bw="0" op_7_bw="32" op_8_bw="32" op_9_bw="0" op_10_bw="0" op_11_bw="0" op_12_bw="32" op_13_bw="32" op_14_bw="32" op_15_bw="32" op_16_bw="0" op_17_bw="0">
<![CDATA[
.preheader259.preheader:13  call void (...)* @_ssdm_op_SpecInterface(i16* %training_matrix_transpose_V_data_V, i1* %training_matrix_transpose_V_last, [5 x i8]* @p_str3, i32 1, i32 1, [5 x i8]* @p_str4, i32 0, i32 0, [1 x i8]* @p_str1, [1 x i8]* @p_str1, [1 x i8]* @p_str1, i32 0, i32 0, i32 0, i32 0, [1 x i8]* @p_str1, [1 x i8]* @p_str1) nounwind

]]></Node>
<StgValue><ssdm name="specinterface_ln27"/></StgValue>
</operation>

<operation id="27" st_id="2" stage="1" lat="1">
<core>NULL</core>
<MemPortIdVec></MemPortIdVec>
<condition id="-1">
<or_exp><and_exp></and_exp></or_exp>
</condition>

<Node id="23" bw="0" op_0_bw="0" op_1_bw="16" op_2_bw="1" op_3_bw="0" op_4_bw="32" op_5_bw="32" op_6_bw="0" op_7_bw="32" op_8_bw="32" op_9_bw="0" op_10_bw="0" op_11_bw="0" op_12_bw="32" op_13_bw="32" op_14_bw="32" op_15_bw="32" op_16_bw="0" op_17_bw="0">
<![CDATA[
.preheader259.preheader:14  call void (...)* @_ssdm_op_SpecInterface(i16* %training_matrix_V_data_V, i1* %training_matrix_V_last, [5 x i8]* @p_str3, i32 1, i32 1, [5 x i8]* @p_str4, i32 0, i32 0, [1 x i8]* @p_str1, [1 x i8]* @p_str1, [1 x i8]* @p_str1, i32 0, i32 0, i32 0, i32 0, [1 x i8]* @p_str1, [1 x i8]* @p_str1) nounwind

]]></Node>
<StgValue><ssdm name="specinterface_ln28"/></StgValue>
</operation>

<operation id="28" st_id="2" stage="1" lat="1">
<core>AXI4Stream</core>
<MemPortIdVec></MemPortIdVec>
<condition id="-1">
<or_exp><and_exp></and_exp></or_exp>
</condition>

<Node id="26" bw="17" op_0_bw="17" op_1_bw="16" op_2_bw="1" op_3_bw="17">
<![CDATA[
.preheader259.preheader:17  %empty_5 = call { i16, i1 } @_ssdm_op_Read.axis.volatile.i16P.i1P(i16* %input_details_V_data_V, i1* %input_details_V_last)

]]></Node>
<StgValue><ssdm name="empty_5"/></StgValue>
</operation>

<operation id="29" st_id="2" stage="1" lat="1">
<core>NULL</core>
<MemPortIdVec></MemPortIdVec>
<condition id="-1">
<or_exp><and_exp></and_exp></or_exp>
</condition>

<Node id="27" bw="16" op_0_bw="17">
<![CDATA[
.preheader259.preheader:18  %tmp_data_V = extractvalue { i16, i1 } %empty_5, 0

]]></Node>
<StgValue><ssdm name="tmp_data_V"/></StgValue>
</operation>

<operation id="30" st_id="2" stage="1" lat="1">
<core>NULL</core>
<MemPortIdVec></MemPortIdVec>
<condition id="-1">
<or_exp><and_exp></and_exp></or_exp>
</condition>

<Node id="28" bw="9" op_0_bw="16">
<![CDATA[
.preheader259.preheader:19  %no_variables_V = trunc i16 %tmp_data_V to i9

]]></Node>
<StgValue><ssdm name="no_variables_V"/></StgValue>
</operation>

<operation id="31" st_id="2" stage="1" lat="1">
<core>NULL</core>
<MemPortIdVec></MemPortIdVec>
<condition id="-1">
<or_exp><and_exp></and_exp></or_exp>
</condition>

<Node id="29" bw="17" op_0_bw="16">
<![CDATA[
.preheader259.preheader:20  %zext_ln1354 = zext i16 %tmp_data_V_5 to i17

]]></Node>
<StgValue><ssdm name="zext_ln1354"/></StgValue>
</operation>

<operation id="32" st_id="2" stage="1" lat="1">
<core>AddSub</core>
<MemPortIdVec></MemPortIdVec>
<condition id="-1">
<or_exp><and_exp></and_exp></or_exp>
</condition>

<Node id="30" bw="17" op_0_bw="17" op_1_bw="17">
<![CDATA[
.preheader259.preheader:21  %ret_V = add i17 -1, %zext_ln1354

]]></Node>
<StgValue><ssdm name="ret_V"/></StgValue>
</operation>

<operation id="33" st_id="2" stage="1" lat="1">
<core>NULL</core>
<MemPortIdVec></MemPortIdVec>
<condition id="-1">
<or_exp><and_exp></and_exp></or_exp>
</condition>

<Node id="31" bw="0" op_0_bw="0">
<![CDATA[
.preheader259.preheader:22  br label %.preheader259

]]></Node>
<StgValue><ssdm name="br_ln43"/></StgValue>
</operation>
</state>

<state id="3" st_id="3">

<operation id="34" st_id="3" stage="1" lat="1">
<core>NULL</core>
<MemPortIdVec></MemPortIdVec>
<condition id="-1">
<or_exp><and_exp></and_exp></or_exp>
</condition>

<Node id="33" bw="15" op_0_bw="15" op_1_bw="0" op_2_bw="15" op_3_bw="0">
<![CDATA[
.preheader259:0  %t_V_1 = phi i15 [ %n1_V, %first_rows_end ], [ 0, %.preheader259.preheader ]

]]></Node>
<StgValue><ssdm name="t_V_1"/></StgValue>
</operation>

<operation id="35" st_id="3" stage="1" lat="1">
<core>NULL</core>
<MemPortIdVec></MemPortIdVec>
<condition id="-1">
<or_exp><and_exp></and_exp></or_exp>
</condition>

<Node id="34" bw="16" op_0_bw="15">
<![CDATA[
.preheader259:1  %zext_ln887 = zext i15 %t_V_1 to i16

]]></Node>
<StgValue><ssdm name="zext_ln887"/></StgValue>
</operation>

<operation id="36" st_id="3" stage="1" lat="1">
<core>Cmp</core>
<MemPortIdVec></MemPortIdVec>
<condition id="-1">
<or_exp><and_exp></and_exp></or_exp>
</condition>

<Node id="35" bw="1" op_0_bw="15" op_1_bw="15">
<![CDATA[
.preheader259:2  %icmp_ln887 = icmp eq i15 %t_V_1, -12768

]]></Node>
<StgValue><ssdm name="icmp_ln887"/></StgValue>
</operation>

<operation id="37" st_id="3" stage="1" lat="1">
<core>NULL</core>
<MemPortIdVec></MemPortIdVec>
<condition id="-1">
<or_exp><and_exp></and_exp></or_exp>
</condition>

<Node id="36" bw="32" op_0_bw="32" op_1_bw="64" op_2_bw="64" op_3_bw="64">
<![CDATA[
.preheader259:3  %empty_6 = call i32 (...)* @_ssdm_op_SpecLoopTripCount(i64 1, i64 20000, i64 10000)

]]></Node>
<StgValue><ssdm name="empty_6"/></StgValue>
</operation>

<operation id="38" st_id="3" stage="1" lat="1">
<core>AddSub</core>
<MemPortIdVec></MemPortIdVec>
<condition id="-1">
<or_exp><and_exp></and_exp></or_exp>
</condition>

<Node id="37" bw="15" op_0_bw="15" op_1_bw="15">
<![CDATA[
.preheader259:4  %n1_V = add i15 %t_V_1, 1

]]></Node>
<StgValue><ssdm name="n1_V"/></StgValue>
</operation>

<operation id="39" st_id="3" stage="1" lat="1">
<core>NULL</core>
<MemPortIdVec></MemPortIdVec>
<condition id="-1">
<or_exp><and_exp></and_exp></or_exp>
</condition>

<Node id="38" bw="0" op_0_bw="1" op_1_bw="0" op_2_bw="0">
<![CDATA[
.preheader259:5  br i1 %icmp_ln887, label %.loopexit258, label %first_rows_begin

]]></Node>
<StgValue><ssdm name="br_ln43"/></StgValue>
</operation>

<operation id="40" st_id="3" stage="1" lat="1">
<core>NULL</core>
<MemPortIdVec></MemPortIdVec>
<condition id="-1">
<or_exp><and_exp><literal name="icmp_ln887" val="0"/>
</and_exp></or_exp>
</condition>

<Node id="40" bw="0" op_0_bw="0" op_1_bw="0">
<![CDATA[
first_rows_begin:0  call void (...)* @_ssdm_op_SpecLoopName([11 x i8]* @p_str5) nounwind

]]></Node>
<StgValue><ssdm name="specloopname_ln43"/></StgValue>
</operation>

<operation id="41" st_id="3" stage="1" lat="1">
<core>NULL</core>
<MemPortIdVec></MemPortIdVec>
<condition id="-1">
<or_exp><and_exp><literal name="icmp_ln887" val="0"/>
</and_exp></or_exp>
</condition>

<Node id="41" bw="32" op_0_bw="32" op_1_bw="0">
<![CDATA[
first_rows_begin:1  %tmp = call i32 (...)* @_ssdm_op_SpecRegionBegin([11 x i8]* @p_str5)

]]></Node>
<StgValue><ssdm name="tmp"/></StgValue>
</operation>

<operation id="42" st_id="3" stage="1" lat="1">
<core>Cmp</core>
<MemPortIdVec></MemPortIdVec>
<condition id="-1">
<or_exp><and_exp><literal name="icmp_ln887" val="0"/>
</and_exp></or_exp>
</condition>

<Node id="42" bw="1" op_0_bw="16" op_1_bw="16">
<![CDATA[
first_rows_begin:2  %icmp_ln887_1 = icmp ult i16 %zext_ln887, %tmp_data_V_5

]]></Node>
<StgValue><ssdm name="icmp_ln887_1"/></StgValue>
</operation>

<operation id="43" st_id="3" stage="1" lat="1">
<core>NULL</core>
<MemPortIdVec></MemPortIdVec>
<condition id="-1">
<or_exp><and_exp><literal name="icmp_ln887" val="0"/>
</and_exp></or_exp>
</condition>

<Node id="43" bw="0" op_0_bw="1" op_1_bw="0" op_2_bw="0">
<![CDATA[
first_rows_begin:3  br i1 %icmp_ln887_1, label %.preheader.preheader, label %.loopexit258

]]></Node>
<StgValue><ssdm name="br_ln44"/></StgValue>
</operation>

<operation id="44" st_id="3" stage="1" lat="1">
<core>NULL</core>
<MemPortIdVec></MemPortIdVec>
<condition id="-1">
<or_exp><and_exp><literal name="icmp_ln887" val="0"/>
<literal name="icmp_ln887_1" val="1"/>
</and_exp></or_exp>
</condition>

<Node id="45" bw="0" op_0_bw="0">
<![CDATA[
.preheader.preheader:0  br label %.preheader

]]></Node>
<StgValue><ssdm name="br_ln47"/></StgValue>
</operation>

<operation id="45" st_id="3" stage="1" lat="1">
<core>NULL</core>
<MemPortIdVec></MemPortIdVec>
<condition id="-1">
<or_exp><and_exp><literal name="icmp_ln887_1" val="0"/>
</and_exp><and_exp><literal name="icmp_ln887" val="1"/>
</and_exp></or_exp>
</condition>

<Node id="104" bw="0">
<![CDATA[
.loopexit258:0  ret void

]]></Node>
<StgValue><ssdm name="ret_ln88"/></StgValue>
</operation>
</state>

<state id="4" st_id="4">

<operation id="46" st_id="4" stage="1" lat="1">
<core>NULL</core>
<MemPortIdVec></MemPortIdVec>
<condition id="-1">
<or_exp><and_exp></and_exp></or_exp>
</condition>

<Node id="47" bw="9" op_0_bw="9" op_1_bw="0" op_2_bw="9" op_3_bw="0">
<![CDATA[
.preheader:0  %t_V = phi i9 [ %n1_1_V, %1 ], [ 0, %.preheader.preheader ]

]]></Node>
<StgValue><ssdm name="t_V"/></StgValue>
</operation>

<operation id="47" st_id="4" stage="1" lat="1">
<core>NULL</core>
<MemPortIdVec></MemPortIdVec>
<condition id="-1">
<or_exp><and_exp></and_exp></or_exp>
</condition>

<Node id="48" bw="1" op_0_bw="1" op_1_bw="9" op_2_bw="32">
<![CDATA[
.preheader:1  %tmp_1 = call i1 @_ssdm_op_BitSelect.i1.i9.i32(i9 %t_V, i32 8)

]]></Node>
<StgValue><ssdm name="tmp_1"/></StgValue>
</operation>

<operation id="48" st_id="4" stage="1" lat="1">
<core>NULL</core>
<MemPortIdVec></MemPortIdVec>
<condition id="-1">
<or_exp><and_exp></and_exp></or_exp>
</condition>

<Node id="49" bw="32" op_0_bw="32" op_1_bw="64" op_2_bw="64" op_3_bw="64">
<![CDATA[
.preheader:2  %empty_7 = call i32 (...)* @_ssdm_op_SpecLoopTripCount(i64 1, i64 256, i64 128)

]]></Node>
<StgValue><ssdm name="empty_7"/></StgValue>
</operation>

<operation id="49" st_id="4" stage="1" lat="1">
<core>AddSub</core>
<MemPortIdVec></MemPortIdVec>
<condition id="-1">
<or_exp><and_exp></and_exp></or_exp>
</condition>

<Node id="50" bw="9" op_0_bw="9" op_1_bw="9">
<![CDATA[
.preheader:3  %n1_1_V = add i9 %t_V, 1

]]></Node>
<StgValue><ssdm name="n1_1_V"/></StgValue>
</operation>

<operation id="50" st_id="4" stage="1" lat="1">
<core>NULL</core>
<MemPortIdVec></MemPortIdVec>
<condition id="-1">
<or_exp><and_exp></and_exp></or_exp>
</condition>

<Node id="51" bw="0" op_0_bw="1" op_1_bw="0" op_2_bw="0">
<![CDATA[
.preheader:4  br i1 %tmp_1, label %.loopexit257, label %0

]]></Node>
<StgValue><ssdm name="br_ln47"/></StgValue>
</operation>

<operation id="51" st_id="4" stage="1" lat="1">
<core>NULL</core>
<MemPortIdVec></MemPortIdVec>
<condition id="-1">
<or_exp><and_exp><literal name="tmp_1" val="0"/>
</and_exp></or_exp>
</condition>

<Node id="53" bw="0" op_0_bw="0" op_1_bw="0">
<![CDATA[
:0  call void (...)* @_ssdm_op_SpecLoopName([8 x i8]* @p_str6) nounwind

]]></Node>
<StgValue><ssdm name="specloopname_ln47"/></StgValue>
</operation>

<operation id="52" st_id="4" stage="1" lat="1">
<core>Cmp</core>
<MemPortIdVec></MemPortIdVec>
<condition id="-1">
<or_exp><and_exp><literal name="tmp_1" val="0"/>
</and_exp></or_exp>
</condition>

<Node id="54" bw="1" op_0_bw="9" op_1_bw="9">
<![CDATA[
:1  %icmp_ln887_2 = icmp ult i9 %t_V, %no_variables_V

]]></Node>
<StgValue><ssdm name="icmp_ln887_2"/></StgValue>
</operation>

<operation id="53" st_id="4" stage="1" lat="1">
<core>NULL</core>
<MemPortIdVec></MemPortIdVec>
<condition id="-1">
<or_exp><and_exp><literal name="tmp_1" val="0"/>
</and_exp></or_exp>
</condition>

<Node id="55" bw="0" op_0_bw="1" op_1_bw="0" op_2_bw="0">
<![CDATA[
:2  br i1 %icmp_ln887_2, label %1, label %.loopexit257

]]></Node>
<StgValue><ssdm name="br_ln48"/></StgValue>
</operation>

<operation id="54" st_id="4" stage="1" lat="1">
<core>NULL</core>
<MemPortIdVec></MemPortIdVec>
<condition id="-1">
<or_exp><and_exp><literal name="tmp_1" val="0"/>
<literal name="icmp_ln887_2" val="1"/>
</and_exp></or_exp>
</condition>

<Node id="57" bw="64" op_0_bw="9">
<![CDATA[
:0  %zext_ln544 = zext i9 %t_V to i64

]]></Node>
<StgValue><ssdm name="zext_ln544"/></StgValue>
</operation>

<operation id="55" st_id="4" stage="1" lat="1">
<core>AXI4Stream</core>
<MemPortIdVec></MemPortIdVec>
<condition id="-1">
<or_exp><and_exp><literal name="tmp_1" val="0"/>
<literal name="icmp_ln887_2" val="1"/>
</and_exp></or_exp>
</condition>

<Node id="58" bw="17" op_0_bw="17" op_1_bw="16" op_2_bw="1">
<![CDATA[
:1  %empty_8 = call { i16, i1 } @_ssdm_op_Read.axis.volatile.i16P.i1P(i16* %training_matrix_V_data_V, i1* %training_matrix_V_last)

]]></Node>
<StgValue><ssdm name="empty_8"/></StgValue>
</operation>

<operation id="56" st_id="4" stage="1" lat="1">
<core>NULL</core>
<MemPortIdVec></MemPortIdVec>
<condition id="-1">
<or_exp><and_exp><literal name="tmp_1" val="0"/>
<literal name="icmp_ln887_2" val="1"/>
</and_exp></or_exp>
</condition>

<Node id="59" bw="16" op_0_bw="17">
<![CDATA[
:2  %tmp_data_V_1 = extractvalue { i16, i1 } %empty_8, 0

]]></Node>
<StgValue><ssdm name="tmp_data_V_1"/></StgValue>
</operation>

<operation id="57" st_id="4" stage="1" lat="1">
<core>NULL</core>
<MemPortIdVec></MemPortIdVec>
<condition id="-1">
<or_exp><and_exp><literal name="tmp_1" val="0"/>
<literal name="icmp_ln887_2" val="1"/>
</and_exp></or_exp>
</condition>

<Node id="60" bw="8" op_0_bw="16" op_1_bw="64" op_2_bw="64">
<![CDATA[
:3  %first_mat_row_V_addr = getelementptr [256 x i16]* %first_mat_row_V, i64 0, i64 %zext_ln544

]]></Node>
<StgValue><ssdm name="first_mat_row_V_addr"/></StgValue>
</operation>

<operation id="58" st_id="4" stage="1" lat="1">
<core>RAM</core>
<MemPortIdVec></MemPortIdVec>
<condition id="-1">
<or_exp><and_exp><literal name="tmp_1" val="0"/>
<literal name="icmp_ln887_2" val="1"/>
</and_exp></or_exp>
</condition>

<Node id="61" bw="0" op_0_bw="16" op_1_bw="8">
<![CDATA[
:4  store i16 %tmp_data_V_1, i16* %first_mat_row_V_addr, align 2

]]></Node>
<StgValue><ssdm name="store_ln49"/></StgValue>
</operation>

<operation id="59" st_id="4" stage="1" lat="1">
<core>NULL</core>
<MemPortIdVec></MemPortIdVec>
<condition id="-1">
<or_exp><and_exp><literal name="tmp_1" val="0"/>
<literal name="icmp_ln887_2" val="1"/>
</and_exp></or_exp>
</condition>

<Node id="62" bw="0" op_0_bw="0">
<![CDATA[
:5  br label %.preheader

]]></Node>
<StgValue><ssdm name="br_ln47"/></StgValue>
</operation>

<operation id="60" st_id="4" stage="1" lat="1">
<core>NULL</core>
<MemPortIdVec></MemPortIdVec>
<condition id="-1">
<or_exp><and_exp><literal name="icmp_ln887_2" val="0"/>
</and_exp><and_exp><literal name="tmp_1" val="1"/>
</and_exp></or_exp>
</condition>

<Node id="64" bw="17" op_0_bw="15">
<![CDATA[
.loopexit257:0  %zext_ln879 = zext i15 %t_V_1 to i17

]]></Node>
<StgValue><ssdm name="zext_ln879"/></StgValue>
</operation>

<operation id="61" st_id="4" stage="1" lat="1">
<core>Cmp</core>
<MemPortIdVec></MemPortIdVec>
<condition id="-1">
<or_exp><and_exp><literal name="icmp_ln887_2" val="0"/>
</and_exp><and_exp><literal name="tmp_1" val="1"/>
</and_exp></or_exp>
</condition>

<Node id="65" bw="1" op_0_bw="17" op_1_bw="17">
<![CDATA[
.loopexit257:1  %icmp_ln879 = icmp eq i17 %zext_ln879, %ret_V

]]></Node>
<StgValue><ssdm name="icmp_ln879"/></StgValue>
</operation>

<operation id="62" st_id="4" stage="1" lat="1">
<core>NULL</core>
<MemPortIdVec></MemPortIdVec>
<condition id="-1">
<or_exp><and_exp><literal name="icmp_ln887_2" val="0"/>
</and_exp><and_exp><literal name="tmp_1" val="1"/>
</and_exp></or_exp>
</condition>

<Node id="66" bw="0" op_0_bw="0">
<![CDATA[
.loopexit257:2  br label %2

]]></Node>
<StgValue><ssdm name="br_ln59"/></StgValue>
</operation>
</state>

<state id="5" st_id="5">

<operation id="63" st_id="5" stage="1" lat="1">
<core>NULL</core>
<MemPortIdVec></MemPortIdVec>
<condition id="-1">
<or_exp><and_exp></and_exp></or_exp>
</condition>

<Node id="68" bw="15" op_0_bw="15" op_1_bw="0" op_2_bw="15" op_3_bw="0">
<![CDATA[
:0  %t_V_2 = phi i15 [ 0, %.loopexit257 ], [ %n2_V, %9 ]

]]></Node>
<StgValue><ssdm name="t_V_2"/></StgValue>
</operation>

<operation id="64" st_id="5" stage="1" lat="1">
<core>NULL</core>
<MemPortIdVec></MemPortIdVec>
<condition id="-1">
<or_exp><and_exp></and_exp></or_exp>
</condition>

<Node id="69" bw="16" op_0_bw="15">
<![CDATA[
:1  %zext_ln887_1 = zext i15 %t_V_2 to i16

]]></Node>
<StgValue><ssdm name="zext_ln887_1"/></StgValue>
</operation>

<operation id="65" st_id="5" stage="1" lat="1">
<core>Cmp</core>
<MemPortIdVec></MemPortIdVec>
<condition id="-1">
<or_exp><and_exp></and_exp></or_exp>
</condition>

<Node id="70" bw="1" op_0_bw="15" op_1_bw="15">
<![CDATA[
:2  %icmp_ln887_3 = icmp eq i15 %t_V_2, -12768

]]></Node>
<StgValue><ssdm name="icmp_ln887_3"/></StgValue>
</operation>

<operation id="66" st_id="5" stage="1" lat="1">
<core>NULL</core>
<MemPortIdVec></MemPortIdVec>
<condition id="-1">
<or_exp><and_exp></and_exp></or_exp>
</condition>

<Node id="71" bw="32" op_0_bw="32" op_1_bw="64" op_2_bw="64" op_3_bw="64">
<![CDATA[
:3  %empty_9 = call i32 (...)* @_ssdm_op_SpecLoopTripCount(i64 1, i64 20000, i64 10000)

]]></Node>
<StgValue><ssdm name="empty_9"/></StgValue>
</operation>

<operation id="67" st_id="5" stage="1" lat="1">
<core>AddSub</core>
<MemPortIdVec></MemPortIdVec>
<condition id="-1">
<or_exp><and_exp></and_exp></or_exp>
</condition>

<Node id="72" bw="15" op_0_bw="15" op_1_bw="15">
<![CDATA[
:4  %n2_V = add i15 %t_V_2, 1

]]></Node>
<StgValue><ssdm name="n2_V"/></StgValue>
</operation>

<operation id="68" st_id="5" stage="1" lat="1">
<core>NULL</core>
<MemPortIdVec></MemPortIdVec>
<condition id="-1">
<or_exp><and_exp></and_exp></or_exp>
</condition>

<Node id="73" bw="0" op_0_bw="1" op_1_bw="0" op_2_bw="0">
<![CDATA[
:5  br i1 %icmp_ln887_3, label %.loopexit.loopexit, label %3

]]></Node>
<StgValue><ssdm name="br_ln59"/></StgValue>
</operation>

<operation id="69" st_id="5" stage="1" lat="1">
<core>NULL</core>
<MemPortIdVec></MemPortIdVec>
<condition id="-1">
<or_exp><and_exp><literal name="icmp_ln887_3" val="0"/>
</and_exp></or_exp>
</condition>

<Node id="75" bw="0" op_0_bw="0" op_1_bw="0">
<![CDATA[
:0  call void (...)* @_ssdm_op_SpecLoopName([15 x i8]* @p_str7) nounwind

]]></Node>
<StgValue><ssdm name="specloopname_ln59"/></StgValue>
</operation>

<operation id="70" st_id="5" stage="1" lat="1">
<core>Cmp</core>
<MemPortIdVec></MemPortIdVec>
<condition id="-1">
<or_exp><and_exp><literal name="icmp_ln887_3" val="0"/>
</and_exp></or_exp>
</condition>

<Node id="76" bw="1" op_0_bw="16" op_1_bw="16">
<![CDATA[
:1  %icmp_ln887_4 = icmp ult i16 %zext_ln887_1, %tmp_data_V_5

]]></Node>
<StgValue><ssdm name="icmp_ln887_4"/></StgValue>
</operation>

<operation id="71" st_id="5" stage="1" lat="1">
<core>NULL</core>
<MemPortIdVec></MemPortIdVec>
<condition id="-1">
<or_exp><and_exp><literal name="icmp_ln887_3" val="0"/>
</and_exp></or_exp>
</condition>

<Node id="77" bw="0" op_0_bw="1" op_1_bw="0" op_2_bw="0">
<![CDATA[
:2  br i1 %icmp_ln887_4, label %4, label %.loopexit.loopexit

]]></Node>
<StgValue><ssdm name="br_ln60"/></StgValue>
</operation>

<operation id="72" st_id="5" stage="1" lat="1">
<core>NULL</core>
<MemPortIdVec></MemPortIdVec>
<condition id="-1">
<or_exp><and_exp><literal name="icmp_ln887_3" val="0"/>
<literal name="icmp_ln887_4" val="1"/>
</and_exp></or_exp>
</condition>

<Node id="79" bw="17" op_0_bw="15">
<![CDATA[
:0  %zext_ln887_2 = zext i15 %t_V_2 to i17

]]></Node>
<StgValue><ssdm name="zext_ln887_2"/></StgValue>
</operation>

<operation id="73" st_id="5" stage="1" lat="1">
<core>Cmp</core>
<MemPortIdVec></MemPortIdVec>
<condition id="-1">
<or_exp><and_exp><literal name="icmp_ln887_3" val="0"/>
<literal name="icmp_ln887_4" val="1"/>
</and_exp></or_exp>
</condition>

<Node id="80" bw="1" op_0_bw="17" op_1_bw="17">
<![CDATA[
:1  %icmp_ln887_5 = icmp slt i17 %zext_ln887_2, %ret_V

]]></Node>
<StgValue><ssdm name="icmp_ln887_5"/></StgValue>
</operation>

<operation id="74" st_id="5" stage="1" lat="1">
<core>NULL</core>
<MemPortIdVec></MemPortIdVec>
<condition id="-1">
<or_exp><and_exp><literal name="icmp_ln887_3" val="0"/>
<literal name="icmp_ln887_4" val="1"/>
</and_exp></or_exp>
</condition>

<Node id="81" bw="0" op_0_bw="1" op_1_bw="0" op_2_bw="0">
<![CDATA[
:2  br i1 %icmp_ln887_5, label %5, label %6

]]></Node>
<StgValue><ssdm name="br_ln61"/></StgValue>
</operation>

<operation id="75" st_id="5" stage="1" lat="1">
<core>NULL</core>
<MemPortIdVec></MemPortIdVec>
<condition id="-1">
<or_exp><and_exp><literal name="icmp_ln887_3" val="0"/>
<literal name="icmp_ln887_4" val="1"/>
<literal name="icmp_ln887_5" val="0"/>
</and_exp></or_exp>
</condition>

<Node id="83" bw="0" op_0_bw="1" op_1_bw="0" op_2_bw="0">
<![CDATA[
:0  br i1 %icmp_ln879, label %7, label %8

]]></Node>
<StgValue><ssdm name="br_ln66"/></StgValue>
</operation>

<operation id="76" st_id="5" stage="2" lat="2">
<core></core>
<MemPortIdVec></MemPortIdVec>
<condition id="-1">
<or_exp><and_exp><literal name="icmp_ln887_3" val="0"/>
<literal name="icmp_ln887_4" val="1"/>
<literal name="icmp_ln887_5" val="0"/>
<literal name="icmp_ln879" val="0"/>
</and_exp></or_exp>
</condition>

<Node id="85" bw="32" op_0_bw="32" op_1_bw="16" op_2_bw="16" op_3_bw="1" op_4_bw="9">
<![CDATA[
:0  %result_data_V_2 = call fastcc i32 @get_dot_product([256 x i16]* %first_mat_row_V, i16* %training_matrix_transpose_V_data_V, i1* %training_matrix_transpose_V_last, i9 %no_variables_V)

]]></Node>
<StgValue><ssdm name="result_data_V_2"/></StgValue>
</operation>

<operation id="77" st_id="5" stage="2" lat="2">
<core></core>
<MemPortIdVec></MemPortIdVec>
<condition id="-1">
<or_exp><and_exp><literal name="icmp_ln887_3" val="0"/>
<literal name="icmp_ln887_4" val="1"/>
<literal name="icmp_ln887_5" val="0"/>
<literal name="icmp_ln879" val="1"/>
</and_exp></or_exp>
</condition>

<Node id="89" bw="32" op_0_bw="32" op_1_bw="16" op_2_bw="16" op_3_bw="1" op_4_bw="9">
<![CDATA[
:0  %result_data_V_1 = call fastcc i32 @get_dot_product([256 x i16]* %first_mat_row_V, i16* %training_matrix_transpose_V_data_V, i1* %training_matrix_transpose_V_last, i9 %no_variables_V)

]]></Node>
<StgValue><ssdm name="result_data_V_1"/></StgValue>
</operation>

<operation id="78" st_id="5" stage="2" lat="2">
<core></core>
<MemPortIdVec></MemPortIdVec>
<condition id="-1">
<or_exp><and_exp><literal name="icmp_ln887_3" val="0"/>
<literal name="icmp_ln887_4" val="1"/>
<literal name="icmp_ln887_5" val="1"/>
</and_exp></or_exp>
</condition>

<Node id="93" bw="32" op_0_bw="32" op_1_bw="16" op_2_bw="16" op_3_bw="1" op_4_bw="9">
<![CDATA[
:0  %result_data_V = call fastcc i32 @get_dot_product([256 x i16]* %first_mat_row_V, i16* %training_matrix_transpose_V_data_V, i1* %training_matrix_transpose_V_last, i9 %no_variables_V)

]]></Node>
<StgValue><ssdm name="result_data_V"/></StgValue>
</operation>

<operation id="79" st_id="5" stage="1" lat="1">
<core>NULL</core>
<MemPortIdVec></MemPortIdVec>
<condition id="-1">
<or_exp><and_exp><literal name="icmp_ln887_4" val="0"/>
</and_exp><and_exp><literal name="icmp_ln887_3" val="1"/>
</and_exp></or_exp>
</condition>

<Node id="99" bw="0" op_0_bw="0">
<![CDATA[
.loopexit.loopexit:0  br label %first_rows_end

]]></Node>
<StgValue><ssdm name="br_ln0"/></StgValue>
</operation>
</state>

<state id="6" st_id="6">

<operation id="80" st_id="6" stage="1" lat="2">
<core></core>
<MemPortIdVec></MemPortIdVec>
<condition id="-1">
<or_exp><and_exp></and_exp></or_exp>
</condition>

<Node id="85" bw="32" op_0_bw="32" op_1_bw="16" op_2_bw="16" op_3_bw="1" op_4_bw="9">
<![CDATA[
:0  %result_data_V_2 = call fastcc i32 @get_dot_product([256 x i16]* %first_mat_row_V, i16* %training_matrix_transpose_V_data_V, i1* %training_matrix_transpose_V_last, i9 %no_variables_V)

]]></Node>
<StgValue><ssdm name="result_data_V_2"/></StgValue>
</operation>

<operation id="81" st_id="6" stage="2" lat="2">
<core>AXI4Stream</core>
<MemPortIdVec></MemPortIdVec>
<condition id="-1">
<or_exp><and_exp></and_exp></or_exp>
</condition>

<Node id="86" bw="0" op_0_bw="0" op_1_bw="32" op_2_bw="1" op_3_bw="32" op_4_bw="1">
<![CDATA[
:1  call void @_ssdm_op_Write.axis.volatile.i32P.i1P(i32* %dot_product_matrix_out_V_data_V, i1* %dot_product_matrix_out_V_last, i32 %result_data_V_2, i1 false)

]]></Node>
<StgValue><ssdm name="write_ln75"/></StgValue>
</operation>
</state>

<state id="7" st_id="7">

<operation id="82" st_id="7" stage="1" lat="2">
<core>AXI4Stream</core>
<MemPortIdVec></MemPortIdVec>
<condition id="-1">
<or_exp><and_exp><literal name="icmp_ln887_5" val="0"/>
</and_exp></or_exp>
</condition>

<Node id="86" bw="0" op_0_bw="0" op_1_bw="32" op_2_bw="1" op_3_bw="32" op_4_bw="1">
<![CDATA[
:1  call void @_ssdm_op_Write.axis.volatile.i32P.i1P(i32* %dot_product_matrix_out_V_data_V, i1* %dot_product_matrix_out_V_last, i32 %result_data_V_2, i1 false)

]]></Node>
<StgValue><ssdm name="write_ln75"/></StgValue>
</operation>

<operation id="83" st_id="7" stage="1" lat="1">
<core>NULL</core>
<MemPortIdVec></MemPortIdVec>
<condition id="-1">
<or_exp><and_exp><literal name="icmp_ln887_5" val="0"/>
</and_exp></or_exp>
</condition>

<Node id="87" bw="0" op_0_bw="0">
<![CDATA[
:2  br label %9

]]></Node>
<StgValue><ssdm name="br_ln0"/></StgValue>
</operation>

<operation id="84" st_id="7" stage="1" lat="2">
<core>AXI4Stream</core>
<MemPortIdVec></MemPortIdVec>
<condition id="-1">
<or_exp><and_exp><literal name="icmp_ln887_5" val="1"/>
</and_exp></or_exp>
</condition>

<Node id="94" bw="0" op_0_bw="0" op_1_bw="32" op_2_bw="1" op_3_bw="32" op_4_bw="1">
<![CDATA[
:1  call void @_ssdm_op_Write.axis.volatile.i32P.i1P(i32* %dot_product_matrix_out_V_data_V, i1* %dot_product_matrix_out_V_last, i32 %result_data_V, i1 false)

]]></Node>
<StgValue><ssdm name="write_ln64"/></StgValue>
</operation>

<operation id="85" st_id="7" stage="1" lat="1">
<core>NULL</core>
<MemPortIdVec></MemPortIdVec>
<condition id="-1">
<or_exp><and_exp><literal name="icmp_ln887_5" val="1"/>
</and_exp></or_exp>
</condition>

<Node id="95" bw="0" op_0_bw="0">
<![CDATA[
:2  br label %9

]]></Node>
<StgValue><ssdm name="br_ln65"/></StgValue>
</operation>

<operation id="86" st_id="7" stage="1" lat="1">
<core>NULL</core>
<MemPortIdVec></MemPortIdVec>
<condition id="-1">
<or_exp><and_exp></and_exp></or_exp>
</condition>

<Node id="97" bw="0" op_0_bw="0">
<![CDATA[
:0  br label %2

]]></Node>
<StgValue><ssdm name="br_ln59"/></StgValue>
</operation>
</state>

<state id="8" st_id="8">

<operation id="87" st_id="8" stage="1" lat="2">
<core></core>
<MemPortIdVec></MemPortIdVec>
<condition id="-1">
<or_exp><and_exp></and_exp></or_exp>
</condition>

<Node id="89" bw="32" op_0_bw="32" op_1_bw="16" op_2_bw="16" op_3_bw="1" op_4_bw="9">
<![CDATA[
:0  %result_data_V_1 = call fastcc i32 @get_dot_product([256 x i16]* %first_mat_row_V, i16* %training_matrix_transpose_V_data_V, i1* %training_matrix_transpose_V_last, i9 %no_variables_V)

]]></Node>
<StgValue><ssdm name="result_data_V_1"/></StgValue>
</operation>

<operation id="88" st_id="8" stage="2" lat="2">
<core>AXI4Stream</core>
<MemPortIdVec></MemPortIdVec>
<condition id="-1">
<or_exp><and_exp></and_exp></or_exp>
</condition>

<Node id="90" bw="0" op_0_bw="0" op_1_bw="32" op_2_bw="1" op_3_bw="32" op_4_bw="1">
<![CDATA[
:1  call void @_ssdm_op_Write.axis.volatile.i32P.i1P(i32* %dot_product_matrix_out_V_data_V, i1* %dot_product_matrix_out_V_last, i32 %result_data_V_1, i1 true)

]]></Node>
<StgValue><ssdm name="write_ln69"/></StgValue>
</operation>
</state>

<state id="9" st_id="9">

<operation id="89" st_id="9" stage="1" lat="2">
<core>AXI4Stream</core>
<MemPortIdVec></MemPortIdVec>
<condition id="-1">
<or_exp><and_exp><literal name="icmp_ln887_3" val="0"/>
<literal name="icmp_ln887_4" val="1"/>
</and_exp></or_exp>
</condition>

<Node id="90" bw="0" op_0_bw="0" op_1_bw="32" op_2_bw="1" op_3_bw="32" op_4_bw="1">
<![CDATA[
:1  call void @_ssdm_op_Write.axis.volatile.i32P.i1P(i32* %dot_product_matrix_out_V_data_V, i1* %dot_product_matrix_out_V_last, i32 %result_data_V_1, i1 true)

]]></Node>
<StgValue><ssdm name="write_ln69"/></StgValue>
</operation>

<operation id="90" st_id="9" stage="1" lat="1">
<core>NULL</core>
<MemPortIdVec></MemPortIdVec>
<condition id="-1">
<or_exp><and_exp><literal name="icmp_ln887_3" val="0"/>
<literal name="icmp_ln887_4" val="1"/>
</and_exp></or_exp>
</condition>

<Node id="91" bw="0" op_0_bw="0">
<![CDATA[
:2  br label %first_rows_end

]]></Node>
<StgValue><ssdm name="br_ln70"/></StgValue>
</operation>

<operation id="91" st_id="9" stage="1" lat="1">
<core>NULL</core>
<MemPortIdVec></MemPortIdVec>
<condition id="-1">
<or_exp><and_exp></and_exp></or_exp>
</condition>

<Node id="101" bw="32" op_0_bw="32" op_1_bw="0" op_2_bw="32">
<![CDATA[
first_rows_end:0  %empty_10 = call i32 (...)* @_ssdm_op_SpecRegionEnd([11 x i8]* @p_str5, i32 %tmp)

]]></Node>
<StgValue><ssdm name="empty_10"/></StgValue>
</operation>

<operation id="92" st_id="9" stage="1" lat="1">
<core>NULL</core>
<MemPortIdVec></MemPortIdVec>
<condition id="-1">
<or_exp><and_exp></and_exp></or_exp>
</condition>

<Node id="102" bw="0" op_0_bw="0">
<![CDATA[
first_rows_end:1  br label %.preheader259

]]></Node>
<StgValue><ssdm name="br_ln43"/></StgValue>
</operation>
</state>

<state id="10" st_id="10">

<operation id="93" st_id="10" stage="1" lat="2">
<core></core>
<MemPortIdVec></MemPortIdVec>
<condition id="-1">
<or_exp><and_exp></and_exp></or_exp>
</condition>

<Node id="93" bw="32" op_0_bw="32" op_1_bw="16" op_2_bw="16" op_3_bw="1" op_4_bw="9">
<![CDATA[
:0  %result_data_V = call fastcc i32 @get_dot_product([256 x i16]* %first_mat_row_V, i16* %training_matrix_transpose_V_data_V, i1* %training_matrix_transpose_V_last, i9 %no_variables_V)

]]></Node>
<StgValue><ssdm name="result_data_V"/></StgValue>
</operation>

<operation id="94" st_id="10" stage="2" lat="2">
<core>AXI4Stream</core>
<MemPortIdVec></MemPortIdVec>
<condition id="-1">
<or_exp><and_exp></and_exp></or_exp>
</condition>

<Node id="94" bw="0" op_0_bw="0" op_1_bw="32" op_2_bw="1" op_3_bw="32" op_4_bw="1">
<![CDATA[
:1  call void @_ssdm_op_Write.axis.volatile.i32P.i1P(i32* %dot_product_matrix_out_V_data_V, i1* %dot_product_matrix_out_V_last, i32 %result_data_V, i1 false)

]]></Node>
<StgValue><ssdm name="write_ln64"/></StgValue>
</operation>
</state>
</state_list>


<ports>
</ports>


<dataflows>
</dataflows>


</stg>
