<profile>

<section name = "Vivado HLS Report for 'get_dpm_top'" level="0">
<item name = "Date">Mon Mar  9 21:37:36 2020
</item>
<item name = "Version">2019.1 (Build 2552052 on Fri May 24 15:28:33 MDT 2019)</item>
<item name = "Project">get_dot_product_matrix_ZCU104</item>
<item name = "Solution">solution1</item>
<item name = "Product family">zynquplus</item>
<item name = "Target device">xczu7ev-ffvc1156-2-e</item>
</section>

<section name = "Performance Estimates" level="0">
<item name = "Timing (ns)">
<section name = "" level="1">
<item name = "Summary"><table name="" hasTotal="0">
<keys size="4">Clock, Target, Estimated, Uncertainty</keys>
<column name="ap_clk">10.00, 3.770, 1.25</column>
</table>
</item>
</section>
</item>
<item name = "Latency (clock cycles)">
<section name = "" level="1">
<item name = "Summary"><table name="" hasTotal="0">
<keys size="6">, min, max, min, max, Type</keys>
<column name="">13, 104410380002, 13, 104410380002, none</column>
</table>
</item>
<item name = "Detail">
<section name = "" level="1">
<item name = "Instance"><table name="" hasTotal="0">
<keys size="7">Instance, Module, min, max, min, max, Type</keys>
</table>
</item>
<item name = "Loop"><table name="" hasTotal="0">
<keys size="8">Loop Name, min, max, Latency, achieved, target, Count, Pipelined</keys>
<column name="- first_rows">11, 104410380000, 11 ~ 5220519, -, -, 1 ~ 20000, no</column>
<column name=" + get_row">1, 256, 1, -, -, 1 ~ 256, no</column>
<column name=" + second_columns">6, 5220000, 6 ~ 261, -, -, 1 ~ 20000, no</column>
</table>
</item>
</section>
</item>
</section>
</item>
</section>
</profile>
