<stg><name>get_dpm_top</name>


<trans_list>

<trans id="95" from="1" to="2">
<condition id="-1">
<or_exp><and_exp></and_exp></or_exp>
</condition>
</trans>

<trans id="96" from="2" to="3">
<condition id="-1">
<or_exp><and_exp></and_exp></or_exp>
</condition>
</trans>

<trans id="97" from="3" to="4">
<condition id="-1">
<or_exp><and_exp><literal name="icmp_ln887" val="0"/>
<literal name="icmp_ln887_1" val="1"/>
</and_exp></or_exp>
</condition>
</trans>

<trans id="98" from="4" to="4">
<condition id="-1">
<or_exp><and_exp><literal name="tmp_1" val="0"/>
<literal name="icmp_ln887_2" val="1"/>
</and_exp></or_exp>
</condition>
</trans>

<trans id="99" from="4" to="5">
<condition id="-1">
<or_exp><and_exp><literal name="icmp_ln887_2" val="0"/>
</and_exp><and_exp><literal name="tmp_1" val="1"/>
</and_exp></or_exp>
</condition>
</trans>

<trans id="100" from="5" to="10">
<condition id="-1">
<or_exp><and_exp><literal name="icmp_ln887_3" val="0"/>
<literal name="icmp_ln887_4" val="1"/>
<literal name="icmp_ln887_5" val="1"/>
</and_exp></or_exp>
</condition>
</trans>

<trans id="101" from="5" to="6">
<condition id="-1">
<or_exp><and_exp><literal name="icmp_ln887_3" val="0"/>
<literal name="icmp_ln887_4" val="1"/>
<literal name="icmp_ln887_5" val="0"/>
<literal name="icmp_ln879" val="0"/>
</and_exp></or_exp>
</condition>
</trans>

<trans id="102" from="5" to="8">
<condition id="-1">
<or_exp><and_exp><literal name="icmp_ln887_3" val="0"/>
<literal name="icmp_ln887_4" val="1"/>
<literal name="icmp_ln887_5" val="0"/>
<literal name="icmp_ln879" val="1"/>
</and_exp></or_exp>
</condition>
</trans>

<trans id="110" from="5" to="9">
<condition id="-1">
<or_exp><and_exp><literal name="icmp_ln887_4" val="0"/>
</and_exp><and_exp><literal name="icmp_ln887_3" val="1"/>
</and_exp></or_exp>
</condition>
</trans>

<trans id="104" from="6" to="7">
<condition id="-1">
<or_exp><and_exp></and_exp></or_exp>
</condition>
</trans>

<trans id="109" from="7" to="5">
<condition id="-1">
<or_exp><and_exp></and_exp></or_exp>
</condition>
</trans>

<trans id="106" from="8" to="9">
<condition id="-1">
<or_exp><and_exp></and_exp></or_exp>
</condition>
</trans>

<trans id="111" from="9" to="3">
<condition id="-1">
<or_exp><and_exp></and_exp></or_exp>
</condition>
</trans>

<trans id="108" from="10" to="7">
<condition id="-1">
<or_exp><and_exp></and_exp></or_exp>
</condition>
</trans>
</trans_list>



<state_list>

<state id="1" st_id="1">

<operation id="11" st_id="1" stage="1" lat="1">
<core>RAM</core>
<MemPortIdVec></MemPortIdVec>
<condition id="-1">
<or_exp><and_exp></and_exp></or_exp>
</condition>

<Node id="18" bw="16" op_0_bw="64">
<![CDATA[
.preheader259.preheader:9  %first_mat_row_V = alloca [256 x i16], align 2

]]></Node>
<StgValue><ssdm name="first_mat_row_V"/><MemPortTyVec>2 3 </MemPortTyVec>
</StgValue>
</operation>

<operation id="12" st_id="1" stage="1" lat="1">
<core>AXI4Stream</core>
<MemPortIdVec></MemPortIdVec>
<condition id="-1">
<or_exp><and_exp></and_exp></or_exp>
</condition>

<Node id="24" bw="17" op_0_bw="17" op_1_bw="16" op_2_bw="1">
<![CDATA[
.preheader259.preheader:15  %empty = call { i16, i1 } @_ssdm_op_Read.axis.volatile.i16P.i1P(i16* %input_details_V_data_V, i1* %input_details_V_last)

]]></Node>
<StgValue><ssdm name="empty"/></StgValue>
</operation>

<operation id="13" st_id="1" stage="1" lat="1">
<core>NULL</core>
<MemPortIdVec></MemPortIdVec>
<condition id="-1">
<or_exp><and_exp></and_exp></or_exp>
</condition>

<Node id="25" bw="16" op_0_bw="17">
<![CDATA[
.preheader259.preheader:16  %tmp_data_V_5 = extractvalue { i16, i1 } %empty, 0

]]></Node>
<StgValue><ssdm name="tmp_data_V_5"/></StgValue>
</operation>
</state>

<state id="2" st_id="2">

<operation id="14" st_id="2" stage="1" lat="1">
<core>NULL</core>
<MemPortIdVec></MemPortIdVec>
<condition id="-1">
<or_exp><and_exp></and_exp></or_exp>
</condition>

<Node id="9" bw="0" op_0_bw="0" op_1_bw="16">
<![CDATA[
.preheader259.preheader:0  call void (...)* @_ssdm_op_SpecBitsMap(i16* %training_matrix_V_data_V), !map !91

]]></Node>
<StgValue><ssdm name="specbitsmap_ln0"/></StgValue>
</operation>

<operation id="15" st_id="2" stage="1" lat="1">
<core>NULL</core>
<MemPortIdVec></MemPortIdVec>
<condition id="-1">
<or_exp><and_exp></and_exp></or_exp>
</condition>

<Node id="10" bw="0" op_0_bw="0" op_1_bw="1">
<![CDATA[
.preheader259.preheader:1  call void (...)* @_ssdm_op_SpecBitsMap(i1* %training_matrix_V_last), !map !97

]]></Node>
<StgValue><ssdm name="specbitsmap_ln0"/></StgValue>
</operation>

<operation id="16" st_id="2" stage="1" lat="1">
<core>NULL</core>
<MemPortIdVec></MemPortIdVec>
<condition id="-1">
<or_exp><and_exp></and_exp></or_exp>
</condition>

<Node id="11" bw="0" op_0_bw="0" op_1_bw="16">
<![CDATA[
.preheader259.preheader:2  call void (...)* @_ssdm_op_SpecBitsMap(i16* %training_matrix_transpose_V_data_V), !map !101

]]></Node>
<StgValue><ssdm name="specbitsmap_ln0"/></StgValue>
</operation>

<operation id="17" st_id="2" stage="1" lat="1">
<core>NULL</core>
<MemPortIdVec></MemPortIdVec>
<condition id="-1">
<or_exp><and_exp></and_exp></or_exp>
</condition>

<Node id="12" bw="0" op_0_bw="0" op_1_bw="1">
<![CDATA[
.preheader259.preheader:3  call void (...)* @_ssdm_op_SpecBitsMap(i1* %training_matrix_transpose_V_last), !map !105

]]></Node>
<StgValue><ssdm name="specbitsmap_ln0"/></StgValue>
</operation>

<operation id="18" st_id="2" stage="1" lat="1">
<core>NULL</core>
<MemPortIdVec></MemPortIdVec>
<condition id="-1">
<or_exp><and_exp></and_exp></or_exp>
</condition>

<Node id="13" bw="0" op_0_bw="0" op_1_bw="32">
<![CDATA[
.preheader259.preheader:4  call void (...)* @_ssdm_op_SpecBitsMap(i32* %dot_product_matrix_out_V_data_V), !map !109

]]></Node>
<StgValue><ssdm name="specbitsmap_ln0"/></StgValue>
</operation>

<operation id="19" st_id="2" stage="1" lat="1">
<core>NULL</core>
<MemPortIdVec></MemPortIdVec>
<condition id="-1">
<or_exp><and_exp></and_exp></or_exp>
</condition>

<Node id="14" bw="0" op_0_bw="0" op_1_bw="1">
<![CDATA[
.preheader259.preheader:5  call void (...)* @_ssdm_op_SpecBitsMap(i1* %dot_product_matrix_out_V_last), !map !113

]]></Node>
<StgValue><ssdm name="specbitsmap_ln0"/></StgValue>
</operation>

<operation id="20" st_id="2" stage="1" lat="1">
<core>NULL</core>
<MemPortIdVec></MemPortIdVec>
<condition id="-1">
<or_exp><and_exp></and_exp></or_exp>
</condition>

<Node id="15" bw="0" op_0_bw="0" op_1_bw="16">
<![CDATA[
.preheader259.preheader:6  call void (...)* @_ssdm_op_SpecBitsMap(i16* %input_details_V_data_V), !map !117

]]></Node>
<StgValue><ssdm name="specbitsmap_ln0"/></StgValue>
</operation>

<operation id="21" st_id="2" stage="1" lat="1">
<core>NULL</core>
<MemPortIdVec></MemPortIdVec>
<condition id="-1">
<or_exp><and_exp></and_exp></or_exp>
</condition>

<Node id="16" bw="0" op_0_bw="0" op_1_bw="1">
<![CDATA[
.preheader259.preheader:7  call void (...)* @_ssdm_op_SpecBitsMap(i1* %input_details_V_last), !map !121

]]></Node>
<StgValue><ssdm name="specbitsmap_ln0"/></StgValue>
</operation>

<operation id="22" st_id="2" stage="1" lat="1">
<core>NULL</core>
<MemPortIdVec></MemPortIdVec>
<condition id="-1">
<or_exp><and_exp></and_exp></or_exp>
</condition>

<Node id="17" bw="0" op_0_bw="0" op_1_bw="0">
<![CDATA[
.preheader259.preheader:8  call void (...)* @_ssdm_op_SpecTopModule([12 x i8]* @get_dpm_top_str) nounwind

]]></Node>
<StgValue><ssdm name="spectopmodule_ln0"/></StgValue>
</operation>

<operation id="23" st_id="2" stage="1" lat="1">
<core>NULL</core>
<MemPortIdVec></MemPortIdVec>
<condition id="-1">
<or_exp><and_exp></and_exp></or_exp>
</condition>

<Node id="19" bw="0" op_0_bw="0" op_1_bw="32" op_2_bw="0" op_3_bw="32" op_4_bw="32" op_5_bw="0" op_6_bw="32" op_7_bw="32" op_8_bw="0" op_9_bw="0" op_10_bw="0" op_11_bw="32" op_12_bw="32" op_13_bw="32" op_14_bw="32" op_15_bw="0" op_16_bw="0">
<![CDATA[
.preheader259.preheader:10  call void (...)* @_ssdm_op_SpecInterface(i32 0, [13 x i8]* @p_str2, i32 0, i32 0, [1 x i8]* @p_str1, i32 0, i32 0, [1 x i8]* @p_str1, [1 x i8]* @p_str1, [1 x i8]* @p_str1, i32 0, i32 0, i32 0, i32 0, [1 x i8]* @p_str1, [1 x i8]* @p_str1) nounwind

]]></Node>
<StgValue><ssdm name="specinterface_ln24"/></StgValue>
</operation>

<operation id="24" st_id="2" stage="1" lat="1">
<core>NULL</core>
<MemPortIdVec></MemPortIdVec>
<condition id="-1">
<or_exp><and_exp></and_exp></or_exp>
</condition>

<Node id="20" bw="0" op_0_bw="0" op_1_bw="16" op_2_bw="1" op_3_bw="0" op_4_bw="32" op_5_bw="32" op_6_bw="0" op_7_bw="32" op_8_bw="32" op_9_bw="0" op_10_bw="0" op_11_bw="0" op_12_bw="32" op_13_bw="32" op_14_bw="32" op_15_bw="32" op_16_bw="0" op_17_bw="0">
<![CDATA[
.preheader259.preheader:11  call void (...)* @_ssdm_op_SpecInterface(i16* %input_details_V_data_V, i1* %input_details_V_last, [5 x i8]* @p_str3, i32 1, i32 1, [5 x i8]* @p_str4, i32 0, i32 0, [1 x i8]* @p_str1, [1 x i8]* @p_str1, [1 x i8]* @p_str1, i32 0, i32 0, i32 0, i32 0, [1 x i8]* @p_str1, [1 x i8]* @p_str1) nounwind

]]></Node>
<StgValue><ssdm name="specinterface_ln25"/></StgValue>
</operation>

<operation id="25" st_id="2" stage="1" lat="1">
<core>NULL</core>
<MemPortIdVec></MemPortIdVec>
<condition id="-1">
<or_exp><and_exp></and_exp></or_exp>
</condition>

<Node id="21" bw="0" op_0_bw="0" op_1_bw="32" op_2_bw="1" op_3_bw="0" op_4_bw="32" op_5_bw="32" op_6_bw="0" op_7_bw="32" op_8_bw="32" op_9_bw="0" op_10_bw="0" op_11_bw="0" op_12_bw="32" op_13_bw="32" op_14_bw="32" op_15_bw="32" op_16_bw="0" op_17_bw="0">
<![CDATA[
.preheader259.preheader:12  call void (...)* @_ssdm_op_SpecInterface(i32* %dot_product_matrix_out_V_data_V, i1* %dot_product_matrix_out_V_last, [5 x i8]* @p_str3, i32 1, i32 1, [5 x i8]* @p_str4, i32 0, i32 0, [1 x i8]* @p_str1, [1 x i8]* @p_str1, [1 x i8]* @p_str1, i32 0, i32 0, i32 0, i32 0, [1 x i8]* @p_str1, [1 x i8]* @p_str1) nounwind

]]></Node>
<StgValue><ssdm name="specinterface_ln26"/></StgValue>
</operation>

<operation id="26" st_id="2" stage="1" lat="1">
<core>NULL</core>
<MemPortIdVec></MemPortIdVec>
<condition id="-1">
<or_exp><and_exp></and_exp></or_exp>
</condition>

<Node id="22" bw="0" op_0_bw="0" op_1_bw="16" op_2_bw="1" op_3_bw="0" op_4_bw="32" op_5_bw="32" op_6_bw="0" op_7_bw="32" op_8_bw="32" op_9_bw="0" op_10_bw="0" op_11_bw="0" op_12_bw="32" op_13_bw="32" op_14_bw="32" op_15_bw="32" op_16_bw="0" op_17_bw="0">
<![CDATA[
.preheader259.preheader:13  call void (...)* @_ssdm_op_SpecInterface(i16* %training_matrix_transpose_V_data_V, i1* %training_matrix_transpose_V_last, [5 x i8]* @p_str3, i32 1, i32 1, [5 x i8]* @p_str4, i32 0, i32 0, [1 x i8]* @p_str1, [1 x i8]* @p_str1, [1 x i8]* @p_str1, i32 0, i32 0, i32 0, i32 0, [1 x i8]* @p_str1, [1 x i8]* @p_str1) nounwind

]]></Node>
<StgValue><ssdm name="specinterface_ln27"/></StgValue>
</operation>

<operation id="27" st_id="2" stage="1" lat="1">
<core>NULL</core>
<MemPortIdVec></MemPortIdVec>
<condition id="-1">
<or_exp><and_exp></and_exp></or_exp>
</condition>

<Node id="23" bw="0" op_0_bw="0" op_1_bw="16" op_2_bw="1" op_3_bw="0" op_4_bw="32" op_5_bw="32" op_6_bw="0" op_7_bw="32" op_8_bw="32" op_9_bw="0" op_10_bw="0" op_11_bw="0" op_12_bw="32" op_13_bw="32" op_14_bw="32" op_15_bw="32" op_16_bw="0" op_17_bw="0">
<![CDATA[
.preheader259.preheader:14  call void (...)* @_ssdm_op_SpecInterface(i16* %training_matrix_V_data_V, i1* %training_matrix_V_last, [5 x i8]* @p_str3, i32 1, i32 1, [5 x i8]* @p_str4, i32 0, i32 0, [1 x i8]* @p_str1, [1 x i8]* @p_str1, [1 x i8]* @p_str1, i32 0, i32 0, i32 0, i32 0, [1 x i8]* @p_str1, [1 x i8]* @p_str1) nounwind

]]></Node>
<StgValue><ssdm name="specinterface_ln28"/></StgValue>
</operation>

<operation id="28" st_id="2" stage="1" lat="1">
<core>AXI4Stream</core>
<MemPortIdVec></MemPortIdVec>
<condition id="-1">
<or_exp><and_exp></and_exp></or_exp>
</condition>

<Node id="26" bw="17" op_0_bw="17" op_1_bw="16" op_2_bw="1" op_3_bw="17">
<![CDATA[
.preheader259.preheader:17  %empty_5 = call { i16, i1 } @_ssdm_op_Read.axis.volatile.i16P.i1P(i16* %input_details_V_data_V, i1* %input_details_V_last)

]]></Node>
<StgValue><ssdm name="empty_5"/></StgValue>
</operation>

<operation id="29" st_id="2" stage="1" lat="1">
<core>NULL</core>
<MemPortIdVec></MemPortIdVec>
<condition id="-1">
<or_exp><and_exp></and_exp></or_exp>
</condition>

<Node id="27" bw="16" op_0_bw="17">
<![CDATA[
.preheader259.preheader:18  %tmp_data_V = extractvalue { i16, i1 } %empty_5, 0

]]></Node>
<StgValue><ssdm name="tmp_data_V"/></StgValue>
</operation>

<operation id="30" st_id="2" stage="1" lat="1">
<core>NULL</core>
<MemPortIdVec></MemPortIdVec>
<condition id="-1">
<or_exp><and_exp></and_exp></or_exp>
</condition>

<Node id="28" bw="9" op_0_bw="16">
<![CDATA[
.preheader259.preheader:19  %no_variables_V = trunc i16 %tmp_data_V to i9

]]></Node>
<StgValue><ssdm name="no_variables_V"/></StgValue>
</operation>

<operation id="31" st_id="2" stage="1" lat="1">
<core>NULL</core>
<MemPortIdVec></MemPortIdVec>
<condition id="-1">
<or_exp><and_exp></and_exp></or_exp>
</condition>

<Node id="29" bw="17" op_0_bw="16">
<![CDATA[
.preheader259.preheader:20  %zext_ln1354 = zext i16 %tmp_data_V_5 to i17

]]></Node>
<StgValue><ssdm name="zext_ln1354"/></StgValue>
</operation>

<operation id="32" st_id="2" stage="1" lat="1">
<core>AddSub</core>
<MemPortIdVec></MemPortIdVec>
<condition id="-1">
<or_exp><and_exp></and_exp></or_exp>
</condition>

<Node id="30" bw="17" op_0_bw="17" op_1_bw="17">
<![CDATA[
.preheader259.preheader:21  %ret_V = add i17 -1, %zext_ln1354

]]></Node>
<StgValue><ssdm name="ret_V"/></StgValue>
</operation>

<operation id="33" st_id="2" stage="1" lat="1">
<core>NULL</core>
<MemPortIdVec></MemPortIdVec>
<condition id="-1">
<or_exp><and_exp></and_exp></or_exp>
</condition>

<Node id="31" bw="0" op_0_bw="0">
<![CDATA[
.preheader259.preheader:22  br label %.preheader259

]]></Node>
<StgValue><ssdm name="br_ln43"/></StgValue>
</operation>
</state>

<state id="3" st_id="3">

<operation id="34" st_id="3" stage="1" lat="1">
<core>NULL</core>
<MemPortIdVec></MemPortIdVec>
<condition id="-1">
<or_exp><and_exp></and_exp></or_exp>
</condition>

<Node id="33" bw="15" op_0_bw="15" op_1_bw="0" op_2_bw="15" op_3_bw="0">
<![CDATA[
.preheader259:0  %t_V_1 = phi i15 [ %n1_V, %first_rows_end ], [ 0, %.preheader259.preheader ]

]]></Node>
<StgValue><ssdm name="t_V_1"/></StgValue>
</operation>

<operation id="35" st_id="3" stage="1" lat="1">
<core>NULL</core>
<MemPortIdVec></MemPortIdVec>
<condition id="-1">
<or_exp><and_exp></and_exp></or_exp>
</condition>

<Node id="34" bw="16" op_0_bw="15">
<![CDATA[
.preheader259:1  %zext_ln887 = zext i15 %t_V_1 to i16

]]></Node>
<StgValue><ssdm name="zext_ln887"/></StgValue>
</operation>

<operation id="36" st_id="3" stage="1" lat="1">
<core>Cmp</core>
<MemPortIdVec></MemPortIdVec>
<condition id="-1">
<or_exp><and_exp></and_exp></or_exp>
</condition>

<Node id="35" bw="1" op_0_bw="15" op_1_bw="15">
<![CDATA[
.preheader259:2  %icmp_ln887 = icmp eq i15 %t_V_1, -12768

]]></Node>
<StgValue><ssdm name="icmp_ln887"/></StgValue>
</operation>

<operation id="37" st_id="3" stage="1" lat="1">
<core>NULL</core>
<MemPortIdVec></MemPortIdVec>
<condition id="-1">
<or_exp><and_exp></and_exp></or_exp>
</condition>

<Node id="36" bw="32" op_0_bw="32" op_1_bw="64" op_2_bw="64" op_3_bw="64">
<![CDATA[
.preheader259:3  %empty_6 = call i32 (...)* @_ssdm_op_SpecLoopTripCount(i64 1, i64 20000, i64 10000)

]]></Node>
<StgValue><ssdm name="empty_6"/></StgValue>
</operation>

<operation id="38" st_id="3" stage="1" lat="1">
<core>AddSub</core>
<MemPortIdVec></MemPortIdVec>
<condition id="-1">
<or_exp><and_exp></and_exp></or_exp>
</condition>

<Node id="37" bw="15" op_0_bw="15" op_1_bw="15">
<![CDATA[
.preheader259:4  %n1_V = add i15 %t_V_1, 1

]]></Node>
<StgValue><ssdm name="n1_V"/></StgValue>
</operation>

<operation id="39" st_id="3" stage="1" lat="1">
<core>NULL</core>
<MemPortIdVec></MemPortIdVec>
<condition id="-1">
<or_exp><and_exp></and_exp></or_exp>
</condition>

<Node id="38" bw="0" op_0_bw="1" op_1_bw="0" op_2_bw="0">
<![CDATA[
.preheader259:5  br i1 %icmp_ln887, label %.loopexit258, label %first_rows_begin

]]></Node>
<StgValue><ssdm name="br_ln43"/></StgValue>
</operation>

<operation id="40" st_id="3" stage="1" lat="1">
<core>NULL</core>
<MemPortIdVec></MemPortIdVec>
<condition id="-1">
<or_exp><and_exp><literal name="icmp_ln887" val="0"/>
</and_exp></or_exp>
</condition>

<Node id="40" bw="0" op_0_bw="0" op_1_bw="0">
<![CDATA[
first_rows_begin:0  call void (...)* @_ssdm_op_SpecLoopName([11 x i8]* @p_str5) nounwind

]]></Node>
<StgValue><ssdm name="specloopname_ln43"/></StgValue>
</operation>

<operation id="41" st_id="3" stage="1" lat="1">
<core>NULL</core>
<MemPortIdVec></MemPortIdVec>
<condition id="-1">
<or_exp><and_exp><literal name="icmp_ln887" val="0"/>
</and_exp></or_exp>
</condition>

<Node id="41" bw="32" op_0_bw="32" op_1_bw="0">
<![CDATA[
first_rows_begin:1  %tmp = call i32 (...)* @_ssdm_op_SpecRegionBegin([11 x i8]* @p_str5)

]]></Node>
<StgValue><ssdm name="tmp"/></StgValue>
</operation>

<operation id="42" st_id="3" stage="1" lat="1">
<core>Cmp</core>
<MemPortIdVec></MemPortIdVec>
<condition id="-1">
<or_exp><and_exp><literal name="icmp_ln887" val="0"/>
</and_exp></or_exp>
</condition>

<Node id="42" bw="1" op_0_bw="16" op_1_bw="16">
<![CDATA[
first_rows_begin:2  %icmp_ln887_1 = icmp ult i16 %zext_ln887, %tmp_data_V_5

]]></Node>
<StgValue><ssdm name="icmp_ln887_1"/></StgValue>
</operation>

<operation id="43" st_id="3" stage="1" lat="1">
<core>NULL</core>
<MemPortIdVec></MemPortIdVec>
<condition id="-1">
<or_exp><and_exp><literal name="icmp_ln887" val="0"/>
</and_exp></or_exp>
</condition>

<Node id="43" bw="0" op_0_bw="1" op_1_bw="0" op_2_bw="0">
<![CDATA[
first_rows_begin:3  br i1 %icmp_ln887_1, label %.preheader.preheader, label %.loopexit258

]]></Node>
<StgValue><ssdm name="br_ln44"/></StgValue>
</operation>

<operation id="44" st_id="3" stage="1" lat="1">
<core>NULL</core>
<MemPortIdVec></MemPortIdVec>
<condition id="-1">
<or_exp><and_exp><literal name="icmp_ln887" val="0"/>
<literal name="icmp_ln887_1" val="1"/>
</and_exp></or_exp>
</condition>

<Node id="45" bw="0" op_0_bw="0">
<![CDATA[
.preheader.preheader:0  br label %.preheader

]]></Node>
<StgValue><ssdm name="br_ln47"/></StgValue>
</operation>

<operation id="45" st_id="3" stage="1" lat="1">
<core>NULL</core>
<MemPortIdVec></MemPortIdVec>
<condition id="-1">
<or_exp><and_exp><literal name="icmp_ln887_1" val="0"/>
</and_exp><and_exp><literal name="icmp_ln887" val="1"/>
</and_exp></or_exp>
</condition>

<Node id="104" bw="0">
<![CDATA[
.loopexit258:0  ret void

]]></Node>
<StgValue><ssdm name="ret_ln88"/></StgValue>
</operation>
</state>

<state id="4" st_id="4">

<operation id="46" st_id="4" stage="1" lat="1">
<core>NULL</core>
<MemPortIdVec></MemPortIdVec>
<condition id="-1">
<or_exp><and_exp></and_exp></or_exp>
</condition>

<Node id="47" bw="9" op_0_bw="9" op_1_bw="0" op_2_bw="9" op_3_bw="0">
<![CDATA[
.preheader:0  %t_V = phi i9 [ %n1_1_V, %1 ], [ 0, %.preheader.preheader ]

]]></Node>
<StgValue><ssdm name="t_V"/></StgValue>
</operation>

<operation id="47" st_id="4" stage="1" lat="1">
<core>NULL</core>
<MemPortIdVec></MemPortIdVec>
<condition id="-1">
<or_exp><and_exp></and_exp></or_exp>
</condition>

<Node id="48" bw="1" op_0_bw="1" op_1_bw="9" op_2_bw="32">
<![CDATA[
.preheader:1  %tmp_1 = call i1 @_ssdm_op_BitSelect.i1.i9.i32(i9 %t_V, i32 8)

]]></Node>
<StgValue><ssdm name="tmp_1"/></StgValue>
</operation>

<operation id="48" st_id="4" stage="1" lat="1">
<core>NULL</core>
<MemPortIdVec></MemPortIdVec>
<condition id="-1">
<or_exp><and_exp></and_exp></or_exp>
</condition>

<Node id="49" bw="32" op_0_bw="32" op_1_bw="64" op_2_bw="64" op_3_bw="64">
<![CDATA[
.preheader:2  %empty_7 = call i32 (...)* @_ssdm_op_SpecLoopTripCount(i64 1, i64 256, i64 128)

]]></Node>
<StgValue><ssdm name="empty_7"/></StgValue>
</operation>

<operation id="49" st_id="4" stage="1" lat="1">
<core>AddSub</core>
<MemPortIdVec></MemPortIdVec>
<condition id="-1">
<or_exp><and_exp></and_exp></or_exp>
</condition>

<Node id="50" bw="9" op_0_bw="9" op_1_bw="9">
<![CDATA[
.preheader:3  %n1_1_V = add i9 %t_V, 1

]]></Node>
<StgValue><ssdm name="n1_1_V"/></StgValue>
</operation>

<operation id="50" st_id="4" stage="1" lat="1">
<core>NULL</core>
<MemPortIdVec></MemPortIdVec>
<condition id="-1">
<or_exp><and_exp></and_exp></or_exp>
</condition>

<Node id="51" bw="0" op_0_bw="1" op_1_bw="0" op_2_bw="0">
<![CDATA[
.preheader:4  br i1 %tmp_1, label %.loopexit257, label %0

]]></Node>
<StgValue><ssdm name="br_ln47"/></StgValue>
</operation>

<operation id="51" st_id="4" stage="1" lat="1">
<core>NULL</core>
<MemPortIdVec></MemPortIdVec>
<condition id="-1">
<or_exp><and_exp><literal name="tmp_1" val="0"/>
</and_exp></or_exp>
</condition>

<Node id="53" bw="0" op_0_bw="0" op_1_bw="0">
<![CDATA[
:0  call void (...)* @_ssdm_op_SpecLoopName([8 x i8]* @p_str6) nounwind

]]></Node>
<StgValue><ssdm name="specloopname_ln47"/></StgValue>
</operation>

<operation id="52" st_id="4" stage="1" lat="1">
<core>Cmp</core>
<MemPortIdVec></MemPortIdVec>
<condition id="-1">
<or_exp><and_exp><literal name="tmp_1" val="0"/>
</and_exp></or_exp>
</condition>

<Node id="54" bw="1" op_0_bw="9" op_1_bw="9">
<![CDATA[
:1  %icmp_ln887_2 = icmp ult i9 %t_V, %no_variables_V

]]></Node>
<StgValue><ssdm name="icmp_ln887_2"/></StgValue>
</operation>

<operation id="53" st_id="4" stage="1" lat="1">
<core>NULL</core>
<MemPortIdVec></MemPortIdVec>
<condition id="-1">
<or_exp><and_exp><literal name="tmp_1" val="0"/>
</and_exp></or_exp>
</condition>

<Node id="55" bw="0" op_0_bw="1" op_1_bw="0" op_2_bw="0">
<![CDATA[
:2  br i1 %icmp_ln887_2, label %1, label %.loopexit257

]]></Node>
<StgValue><ssdm name="br_ln48"/></StgValue>
</operation>

<operation id="54" st_id="4" stage="1" lat="1">
<core>NULL</core>
<MemPortIdVec></MemPortIdVec>
<condition id="-1">
<or_exp><and_exp><literal name="tmp_1" val="0"/>
<literal name="icmp_ln887_2" val="1"/>
</and_exp></or_exp>
</condition>

<Node id="57" bw="64" op_0_bw="9">
<![CDATA[
:0  %zext_ln544 = zext i9 %t_V to i64

]]></Node>
<StgValue><ssdm name="zext_ln544"/></StgValue>
</operation>

<operation id="55" st_id="4" stage="1" lat="1">
<core>AXI4Stream</core>
<MemPortIdVec></MemPortIdVec>
<condition id="-1">
<or_exp><and_exp><literal name="tmp_1" val="0"/>
<literal name="icmp_ln887_2" val="1"/>
</and_exp></or_exp>
</condition>

<Node id="58" bw="17" op_0_bw="17" op_1_bw="16" op_2_bw="1">
<![CDATA[
:1  %empty_8 = call { i16, i1 } @_ssdm_op_Read.axis.volatile.i16P.i1P(i16* %training_matrix_V_data_V, i1* %training_matrix_V_last)

]]></Node>
<StgValue><ssdm name="empty_8"/></StgValue>
</operation>

<operation id="56" st_id="4" stage="1" lat="1">
<core>NULL</core>
<MemPortIdVec></MemPortIdVec>
<condition id="-1">
<or_exp><and_exp><literal name="tmp_1" val="0"/>
<literal name="icmp_ln887_2" val="1"/>
</and_exp></or_exp>
</condition>

<Node id="59" bw="16" op_0_bw="17">
<![CDATA[
:2  %tmp_data_V_1 = extractvalue { i16, i1 } %empty_8, 0

]]></Node>
<StgValue><ssdm name="tmp_data_V_1"/></StgValue>
</operation>

<operation id="57" st_id="4" stage="1" lat="1">
<core>NULL</core>
<MemPortIdVec></MemPortIdVec>
<condition id="-1">
<or_exp><and_exp><literal name="tmp_1" val="0"/>
<literal name="icmp_ln887_2" val="1"/>
</and_exp></or_exp>
</condition>

<Node id="60" bw="8" op_0_bw="16" op_1_bw="64" op_2_bw="64">
<![CDATA[
:3  %first_mat_row_V_addr = getelementptr [256 x i16]* %first_mat_row_V, i64 0, i64 %zext_ln544

]]></Node>
<StgValue><ssdm name="first_mat_row_V_addr"/></StgValue>
</operation>

<operation id="58" st_id="4" stage="1" lat="1">
<core>RAM</core>
<MemPortIdVec>0 </MemPortIdVec>
<condition id="-1">
<or_exp><and_exp><literal name="tmp_1" val="0"/>
<literal name="icmp_ln887_2" val="1"/>
</and_exp></or_exp>
</condition>

<Node id="61" bw="0" op_0_bw="16" op_1_bw="8">
<![CDATA[
:4  store i16 %tmp_data_V_1, i16* %first_mat_row_V_addr, align 2

]]></Node>
<StgValue><ssdm name="store_ln49"/></StgValue>
</operation>

<operation id="59" st_id="4" stage="1" lat="1">
<core>NULL</core>
<MemPortIdVec></MemPortIdVec>
<condition id="-1">
<or_exp><and_exp><literal name="tmp_1" val="0"/>
<literal name="icmp_ln887_2" val="1"/>
</and_exp></or_exp>
</condition>

<Node id="62" bw="0" op_0_bw="0">
<![CDATA[
:5  br label %.preheader

]]></Node>
<StgValue><ssdm name="br_ln47"/></StgValue>
</operation>

<operation id="60" st_id="4" stage="1" lat="1">
<core>NULL</core>
<MemPortIdVec></MemPortIdVec>
<condition id="-1">
<or_exp><and_exp><literal name="icmp_ln887_2" val="0"/>
</and_exp><and_exp><literal name="tmp_1" val="1"/>
</and_exp></or_exp>
</condition>

<Node id="64" bw="17" op_0_bw="15">
<![CDATA[
.loopexit257:0  %zext_ln879 = zext i15 %t_V_1 to i17

]]></Node>
<StgValue><ssdm name="zext_ln879"/></StgValue>
</operation>

<operation id="61" st_id="4" stage="1" lat="1">
<core>Cmp</core>
<MemPortIdVec></MemPortIdVec>
<condition id="-1">
<or_exp><and_exp><literal name="icmp_ln887_2" val="0"/>
</and_exp><and_exp><literal name="tmp_1" val="1"/>
</and_exp></or_exp>
</condition>

<Node id="65" bw="1" op_0_bw="17" op_1_bw="17">
<![CDATA[
.loopexit257:1  %icmp_ln879 = icmp eq i17 %zext_ln879, %ret_V

]]></Node>
<StgValue><ssdm name="icmp_ln879"/></StgValue>
</operation>

<operation id="62" st_id="4" stage="1" lat="1">
<core>NULL</core>
<MemPortIdVec></MemPortIdVec>
<condition id="-1">
<or_exp><and_exp><literal name="icmp_ln887_2" val="0"/>
</and_exp><and_exp><literal name="tmp_1" val="1"/>
</and_exp></or_exp>
</condition>

<Node id="66" bw="0" op_0_bw="0">
<![CDATA[
.loopexit257:2  br label %2

]]></Node>
<StgValue><ssdm name="br_ln59"/></StgValue>
</operation>
</state>

<state id="5" st_id="5">

<operation id="63" st_id="5" stage="1" lat="1">
<core>NULL</core>
<MemPortIdVec></MemPortIdVec>
<condition id="-1">
<or_exp><and_exp></and_exp></or_exp>
</condition>

<Node id="68" bw="15" op_0_bw="15" op_1_bw="0" op_2_bw="15" op_3_bw="0">
<![CDATA[
:0  %t_V_2 = phi i15 [ 0, %.loopexit257 ], [ %n2_V, %9 ]

]]></Node>
<StgValue><ssdm name="t_V_2"/></StgValue>
</operation>

<operation id="64" st_id="5" stage="1" lat="1">
<core>NULL</core>
<MemPortIdVec></MemPortIdVec>
<condition id="-1">
<or_exp><and_exp></and_exp></or_exp>
</condition>

<Node id="69" bw="16" op_0_bw="15">
<![CDATA[
:1  %zext_ln887_1 = zext i15 %t_V_2 to i16

]]></Node>
<StgValue><ssdm name="zext_ln887_1"/></StgValue>
</operation>

<operation id="65" st_id="5" stage="1" lat="1">
<core>Cmp</core>
<MemPortIdVec></MemPortIdVec>
<condition id="-1">
<or_exp><and_exp></and_exp></or_exp>
</condition>

<Node id="70" bw="1" op_0_bw="15" op_1_bw="15">
<![CDATA[
:2  %icmp_ln887_3 = icmp eq i15 %t_V_2, -12768

]]></Node>
<StgValue><ssdm name="icmp_ln887_3"/></StgValue>
</operation>

<operation id="66" st_id="5" stage="1" lat="1">
<core>NULL</core>
<MemPortIdVec></MemPortIdVec>
<condition id="-1">
<or_exp><and_exp></and_exp></or_exp>
</condition>

<Node id="71" bw="32" op_0_bw="32" op_1_bw="64" op_2_bw="64" op_3_bw="64">
<![CDATA[
:3  %empty_9 = call i32 (...)* @_ssdm_op_SpecLoopTripCount(i64 1, i64 20000, i64 10000)

]]></Node>
<StgValue><ssdm name="empty_9"/></StgValue>
</operation>

<operation id="67" st_id="5" stage="1" lat="1">
<core>AddSub</core>
<MemPortIdVec></MemPortIdVec>
<condition id="-1">
<or_exp><and_exp></and_exp></or_exp>
</condition>

<Node id="72" bw="15" op_0_bw="15" op_1_bw="15">
<![CDATA[
:4  %n2_V = add i15 %t_V_2, 1

]]></Node>
<StgValue><ssdm name="n2_V"/></StgValue>
</operation>

<operation id="68" st_id="5" stage="1" lat="1">
<core>NULL</core>
<MemPortIdVec></MemPortIdVec>
<condition id="-1">
<or_exp><and_exp></and_exp></or_exp>
</condition>

<Node id="73" bw="0" op_0_bw="1" op_1_bw="0" op_2_bw="0">
<![CDATA[
:5  br i1 %icmp_ln887_3, label %.loopexit.loopexit, label %3

]]></Node>
<StgValue><ssdm name="br_ln59"/></StgValue>
</operation>

<operation id="69" st_id="5" stage="1" lat="1">
<core>NULL</core>
<MemPortIdVec></MemPortIdVec>
<condition id="-1">
<or_exp><and_exp><literal name="icmp_ln887_3" val="0"/>
</and_exp></or_exp>
</condition>

<Node id="75" bw="0" op_0_bw="0" op_1_bw="0">
<![CDATA[
:0  call void (...)* @_ssdm_op_SpecLoopName([15 x i8]* @p_str7) nounwind

]]></Node>
<StgValue><ssdm name="specloopname_ln59"/></StgValue>
</operation>

<operation id="70" st_id="5" stage="1" lat="1">
<core>Cmp</core>
<MemPortIdVec></MemPortIdVec>
<condition id="-1">
<or_exp><and_exp><literal name="icmp_ln887_3" val="0"/>
</and_exp></or_exp>
</condition>

<Node id="76" bw="1" op_0_bw="16" op_1_bw="16">
<![CDATA[
:1  %icmp_ln887_4 = icmp ult i16 %zext_ln887_1, %tmp_data_V_5

]]></Node>
<StgValue><ssdm name="icmp_ln887_4"/></StgValue>
</operation>

<operation id="71" st_id="5" stage="1" lat="1">
<core>NULL</core>
<MemPortIdVec></MemPortIdVec>
<condition id="-1">
<or_exp><and_exp><literal name="icmp_ln887_3" val="0"/>
</and_exp></or_exp>
</condition>

<Node id="77" bw="0" op_0_bw="1" op_1_bw="0" op_2_bw="0">
<![CDATA[
:2  br i1 %icmp_ln887_4, label %4, label %.loopexit.loopexit

]]></Node>
<StgValue><ssdm name="br_ln60"/></StgValue>
</operation>

<operation id="72" st_id="5" stage="1" lat="1">
<core>NULL</core>
<MemPortIdVec></MemPortIdVec>
<condition id="-1">
<or_exp><and_exp><literal name="icmp_ln887_3" val="0"/>
<literal name="icmp_ln887_4" val="1"/>
</and_exp></or_exp>
</condition>

<Node id="79" bw="17" op_0_bw="15">
<![CDATA[
:0  %zext_ln887_2 = zext i15 %t_V_2 to i17

]]></Node>
<StgValue><ssdm name="zext_ln887_2"/></StgValue>
</operation>

<operation id="73" st_id="5" stage="1" lat="1">
<core>Cmp</core>
<MemPortIdVec></MemPortIdVec>
<condition id="-1">
<or_exp><and_exp><literal name="icmp_ln887_3" val="0"/>
<literal name="icmp_ln887_4" val="1"/>
</and_exp></or_exp>
</condition>

<Node id="80" bw="1" op_0_bw="17" op_1_bw="17">
<![CDATA[
:1  %icmp_ln887_5 = icmp slt i17 %zext_ln887_2, %ret_V

]]></Node>
<StgValue><ssdm name="icmp_ln887_5"/></StgValue>
</operation>

<operation id="74" st_id="5" stage="1" lat="1">
<core>NULL</core>
<MemPortIdVec></MemPortIdVec>
<condition id="-1">
<or_exp><and_exp><literal name="icmp_ln887_3" val="0"/>
<literal name="icmp_ln887_4" val="1"/>
</and_exp></or_exp>
</condition>

<Node id="81" bw="0" op_0_bw="1" op_1_bw="0" op_2_bw="0">
<![CDATA[
:2  br i1 %icmp_ln887_5, label %5, label %6

]]></Node>
<StgValue><ssdm name="br_ln61"/></StgValue>
</operation>

<operation id="75" st_id="5" stage="1" lat="1">
<core>NULL</core>
<MemPortIdVec></MemPortIdVec>
<condition id="-1">
<or_exp><and_exp><literal name="icmp_ln887_3" val="0"/>
<literal name="icmp_ln887_4" val="1"/>
<literal name="icmp_ln887_5" val="0"/>
</and_exp></or_exp>
</condition>

<Node id="83" bw="0" op_0_bw="1" op_1_bw="0" op_2_bw="0">
<![CDATA[
:0  br i1 %icmp_ln879, label %7, label %8

]]></Node>
<StgValue><ssdm name="br_ln66"/></StgValue>
</operation>

<operation id="76" st_id="5" stage="2" lat="2">
<core></core>
<MemPortIdVec></MemPortIdVec>
<condition id="-1">
<or_exp><and_exp><literal name="icmp_ln887_3" val="0"/>
<literal name="icmp_ln887_4" val="1"/>
<literal name="icmp_ln887_5" val="0"/>
<literal name="icmp_ln879" val="0"/>
</and_exp></or_exp>
</condition>

<Node id="85" bw="32" op_0_bw="32" op_1_bw="16" op_2_bw="16" op_3_bw="1" op_4_bw="9">
<![CDATA[
:0  %result_data_V_2 = call fastcc i32 @get_dot_product([256 x i16]* %first_mat_row_V, i16* %training_matrix_transpose_V_data_V, i1* %training_matrix_transpose_V_last, i9 %no_variables_V)

]]></Node>
<StgValue><ssdm name="result_data_V_2"/></StgValue>
</operation>

<operation id="77" st_id="5" stage="2" lat="2">
<core></core>
<MemPortIdVec></MemPortIdVec>
<condition id="-1">
<or_exp><and_exp><literal name="icmp_ln887_3" val="0"/>
<literal name="icmp_ln887_4" val="1"/>
<literal name="icmp_ln887_5" val="0"/>
<literal name="icmp_ln879" val="1"/>
</and_exp></or_exp>
</condition>

<Node id="89" bw="32" op_0_bw="32" op_1_bw="16" op_2_bw="16" op_3_bw="1" op_4_bw="9">
<![CDATA[
:0  %result_data_V_1 = call fastcc i32 @get_dot_product([256 x i16]* %first_mat_row_V, i16* %training_matrix_transpose_V_data_V, i1* %training_matrix_transpose_V_last, i9 %no_variables_V)

]]></Node>
<StgValue><ssdm name="result_data_V_1"/></StgValue>
</operation>

<operation id="78" st_id="5" stage="2" lat="2">
<core></core>
<MemPortIdVec></MemPortIdVec>
<condition id="-1">
<or_exp><and_exp><literal name="icmp_ln887_3" val="0"/>
<literal name="icmp_ln887_4" val="1"/>
<literal name="icmp_ln887_5" val="1"/>
</and_exp></or_exp>
</condition>

<Node id="93" bw="32" op_0_bw="32" op_1_bw="16" op_2_bw="16" op_3_bw="1" op_4_bw="9">
<![CDATA[
:0  %result_data_V = call fastcc i32 @get_dot_product([256 x i16]* %first_mat_row_V, i16* %training_matrix_transpose_V_data_V, i1* %training_matrix_transpose_V_last, i9 %no_variables_V)

]]></Node>
<StgValue><ssdm name="result_data_V"/></StgValue>
</operation>

<operation id="79" st_id="5" stage="1" lat="1">
<core>NULL</core>
<MemPortIdVec></MemPortIdVec>
<condition id="-1">
<or_exp><and_exp><literal name="icmp_ln887_4" val="0"/>
</and_exp><and_exp><literal name="icmp_ln887_3" val="1"/>
</and_exp></or_exp>
</condition>

<Node id="99" bw="0" op_0_bw="0">
<![CDATA[
.loopexit.loopexit:0  br label %first_rows_end

]]></Node>
<StgValue><ssdm name="br_ln0"/></StgValue>
</operation>
</state>

<state id="6" st_id="6">

<operation id="80" st_id="6" stage="1" lat="2">
<core></core>
<MemPortIdVec></MemPortIdVec>
<condition id="-1">
<or_exp><and_exp></and_exp></or_exp>
</condition>

<Node id="85" bw="32" op_0_bw="32" op_1_bw="16" op_2_bw="16" op_3_bw="1" op_4_bw="9">
<![CDATA[
:0  %result_data_V_2 = call fastcc i32 @get_dot_product([256 x i16]* %first_mat_row_V, i16* %training_matrix_transpose_V_data_V, i1* %training_matrix_transpose_V_last, i9 %no_variables_V)

]]></Node>
<StgValue><ssdm name="result_data_V_2"/></StgValue>
</operation>

<operation id="81" st_id="6" stage="2" lat="2">
<core>AXI4Stream</core>
<MemPortIdVec></MemPortIdVec>
<condition id="-1">
<or_exp><and_exp></and_exp></or_exp>
</condition>

<Node id="86" bw="0" op_0_bw="0" op_1_bw="32" op_2_bw="1" op_3_bw="32" op_4_bw="1">
<![CDATA[
:1  call void @_ssdm_op_Write.axis.volatile.i32P.i1P(i32* %dot_product_matrix_out_V_data_V, i1* %dot_product_matrix_out_V_last, i32 %result_data_V_2, i1 false)

]]></Node>
<StgValue><ssdm name="write_ln75"/></StgValue>
</operation>
</state>

<state id="7" st_id="7">

<operation id="82" st_id="7" stage="1" lat="2">
<core>AXI4Stream</core>
<MemPortIdVec></MemPortIdVec>
<condition id="-1">
<or_exp><and_exp><literal name="icmp_ln887_5" val="0"/>
</and_exp></or_exp>
</condition>

<Node id="86" bw="0" op_0_bw="0" op_1_bw="32" op_2_bw="1" op_3_bw="32" op_4_bw="1">
<![CDATA[
:1  call void @_ssdm_op_Write.axis.volatile.i32P.i1P(i32* %dot_product_matrix_out_V_data_V, i1* %dot_product_matrix_out_V_last, i32 %result_data_V_2, i1 false)

]]></Node>
<StgValue><ssdm name="write_ln75"/></StgValue>
</operation>

<operation id="83" st_id="7" stage="1" lat="1">
<core>NULL</core>
<MemPortIdVec></MemPortIdVec>
<condition id="-1">
<or_exp><and_exp><literal name="icmp_ln887_5" val="0"/>
</and_exp></or_exp>
</condition>

<Node id="87" bw="0" op_0_bw="0">
<![CDATA[
:2  br label %9

]]></Node>
<StgValue><ssdm name="br_ln0"/></StgValue>
</operation>

<operation id="84" st_id="7" stage="1" lat="2">
<core>AXI4Stream</core>
<MemPortIdVec></MemPortIdVec>
<condition id="-1">
<or_exp><and_exp><literal name="icmp_ln887_5" val="1"/>
</and_exp></or_exp>
</condition>

<Node id="94" bw="0" op_0_bw="0" op_1_bw="32" op_2_bw="1" op_3_bw="32" op_4_bw="1">
<![CDATA[
:1  call void @_ssdm_op_Write.axis.volatile.i32P.i1P(i32* %dot_product_matrix_out_V_data_V, i1* %dot_product_matrix_out_V_last, i32 %result_data_V, i1 false)

]]></Node>
<StgValue><ssdm name="write_ln64"/></StgValue>
</operation>

<operation id="85" st_id="7" stage="1" lat="1">
<core>NULL</core>
<MemPortIdVec></MemPortIdVec>
<condition id="-1">
<or_exp><and_exp><literal name="icmp_ln887_5" val="1"/>
</and_exp></or_exp>
</condition>

<Node id="95" bw="0" op_0_bw="0">
<![CDATA[
:2  br label %9

]]></Node>
<StgValue><ssdm name="br_ln65"/></StgValue>
</operation>

<operation id="86" st_id="7" stage="1" lat="1">
<core>NULL</core>
<MemPortIdVec></MemPortIdVec>
<condition id="-1">
<or_exp><and_exp></and_exp></or_exp>
</condition>

<Node id="97" bw="0" op_0_bw="0">
<![CDATA[
:0  br label %2

]]></Node>
<StgValue><ssdm name="br_ln59"/></StgValue>
</operation>
</state>

<state id="8" st_id="8">

<operation id="87" st_id="8" stage="1" lat="2">
<core></core>
<MemPortIdVec></MemPortIdVec>
<condition id="-1">
<or_exp><and_exp></and_exp></or_exp>
</condition>

<Node id="89" bw="32" op_0_bw="32" op_1_bw="16" op_2_bw="16" op_3_bw="1" op_4_bw="9">
<![CDATA[
:0  %result_data_V_1 = call fastcc i32 @get_dot_product([256 x i16]* %first_mat_row_V, i16* %training_matrix_transpose_V_data_V, i1* %training_matrix_transpose_V_last, i9 %no_variables_V)

]]></Node>
<StgValue><ssdm name="result_data_V_1"/></StgValue>
</operation>

<operation id="88" st_id="8" stage="2" lat="2">
<core>AXI4Stream</core>
<MemPortIdVec></MemPortIdVec>
<condition id="-1">
<or_exp><and_exp></and_exp></or_exp>
</condition>

<Node id="90" bw="0" op_0_bw="0" op_1_bw="32" op_2_bw="1" op_3_bw="32" op_4_bw="1">
<![CDATA[
:1  call void @_ssdm_op_Write.axis.volatile.i32P.i1P(i32* %dot_product_matrix_out_V_data_V, i1* %dot_product_matrix_out_V_last, i32 %result_data_V_1, i1 true)

]]></Node>
<StgValue><ssdm name="write_ln69"/></StgValue>
</operation>
</state>

<state id="9" st_id="9">

<operation id="89" st_id="9" stage="1" lat="2">
<core>AXI4Stream</core>
<MemPortIdVec></MemPortIdVec>
<condition id="-1">
<or_exp><and_exp><literal name="icmp_ln887_3" val="0"/>
<literal name="icmp_ln887_4" val="1"/>
</and_exp></or_exp>
</condition>

<Node id="90" bw="0" op_0_bw="0" op_1_bw="32" op_2_bw="1" op_3_bw="32" op_4_bw="1">
<![CDATA[
:1  call void @_ssdm_op_Write.axis.volatile.i32P.i1P(i32* %dot_product_matrix_out_V_data_V, i1* %dot_product_matrix_out_V_last, i32 %result_data_V_1, i1 true)

]]></Node>
<StgValue><ssdm name="write_ln69"/></StgValue>
</operation>

<operation id="90" st_id="9" stage="1" lat="1">
<core>NULL</core>
<MemPortIdVec></MemPortIdVec>
<condition id="-1">
<or_exp><and_exp><literal name="icmp_ln887_3" val="0"/>
<literal name="icmp_ln887_4" val="1"/>
</and_exp></or_exp>
</condition>

<Node id="91" bw="0" op_0_bw="0">
<![CDATA[
:2  br label %first_rows_end

]]></Node>
<StgValue><ssdm name="br_ln70"/></StgValue>
</operation>

<operation id="91" st_id="9" stage="1" lat="1">
<core>NULL</core>
<MemPortIdVec></MemPortIdVec>
<condition id="-1">
<or_exp><and_exp></and_exp></or_exp>
</condition>

<Node id="101" bw="32" op_0_bw="32" op_1_bw="0" op_2_bw="32">
<![CDATA[
first_rows_end:0  %empty_10 = call i32 (...)* @_ssdm_op_SpecRegionEnd([11 x i8]* @p_str5, i32 %tmp)

]]></Node>
<StgValue><ssdm name="empty_10"/></StgValue>
</operation>

<operation id="92" st_id="9" stage="1" lat="1">
<core>NULL</core>
<MemPortIdVec></MemPortIdVec>
<condition id="-1">
<or_exp><and_exp></and_exp></or_exp>
</condition>

<Node id="102" bw="0" op_0_bw="0">
<![CDATA[
first_rows_end:1  br label %.preheader259

]]></Node>
<StgValue><ssdm name="br_ln43"/></StgValue>
</operation>
</state>

<state id="10" st_id="10">

<operation id="93" st_id="10" stage="1" lat="2">
<core></core>
<MemPortIdVec></MemPortIdVec>
<condition id="-1">
<or_exp><and_exp></and_exp></or_exp>
</condition>

<Node id="93" bw="32" op_0_bw="32" op_1_bw="16" op_2_bw="16" op_3_bw="1" op_4_bw="9">
<![CDATA[
:0  %result_data_V = call fastcc i32 @get_dot_product([256 x i16]* %first_mat_row_V, i16* %training_matrix_transpose_V_data_V, i1* %training_matrix_transpose_V_last, i9 %no_variables_V)

]]></Node>
<StgValue><ssdm name="result_data_V"/></StgValue>
</operation>

<operation id="94" st_id="10" stage="2" lat="2">
<core>AXI4Stream</core>
<MemPortIdVec></MemPortIdVec>
<condition id="-1">
<or_exp><and_exp></and_exp></or_exp>
</condition>

<Node id="94" bw="0" op_0_bw="0" op_1_bw="32" op_2_bw="1" op_3_bw="32" op_4_bw="1">
<![CDATA[
:1  call void @_ssdm_op_Write.axis.volatile.i32P.i1P(i32* %dot_product_matrix_out_V_data_V, i1* %dot_product_matrix_out_V_last, i32 %result_data_V, i1 false)

]]></Node>
<StgValue><ssdm name="write_ln64"/></StgValue>
</operation>
</state>
</state_list>


<ports>
<port id="112" name="training_matrix_V_data_V" dir="0" iftype="0">
<core>NULL</core><StgValue><ssdm name="training_matrix_V_data_V"/></StgValue>
</port>
<port id="113" name="training_matrix_V_last" dir="0" iftype="0">
<core>NULL</core><StgValue><ssdm name="training_matrix_V_last"/></StgValue>
</port>
<port id="114" name="training_matrix_transpose_V_data_V" dir="0" iftype="0">
<core>NULL</core><StgValue><ssdm name="training_matrix_transpose_V_data_V"/></StgValue>
</port>
<port id="115" name="training_matrix_transpose_V_last" dir="0" iftype="0">
<core>NULL</core><StgValue><ssdm name="training_matrix_transpose_V_last"/></StgValue>
</port>
<port id="116" name="dot_product_matrix_out_V_data_V" dir="1" iftype="0">
<core>NULL</core><StgValue><ssdm name="dot_product_matrix_out_V_data_V"/></StgValue>
</port>
<port id="117" name="dot_product_matrix_out_V_last" dir="1" iftype="0">
<core>NULL</core><StgValue><ssdm name="dot_product_matrix_out_V_last"/></StgValue>
</port>
<port id="118" name="input_details_V_data_V" dir="0" iftype="0">
<core>NULL</core><StgValue><ssdm name="input_details_V_data_V"/></StgValue>
</port>
<port id="119" name="input_details_V_last" dir="0" iftype="0">
<core>NULL</core><StgValue><ssdm name="input_details_V_last"/></StgValue>
</port>
</ports>


<dataflows>
<dataflow id="121" from="StgValue_120" to="first_mat_row_V" fromId="120" toId="11">
</dataflow>
<dataflow id="123" from="_ssdm_op_Read.axis.volatile.i16P.i1P" to="empty" fromId="122" toId="12">
</dataflow>
<dataflow id="124" from="input_details_V_data_V" to="empty" fromId="118" toId="12">
</dataflow>
<dataflow id="125" from="input_details_V_last" to="empty" fromId="119" toId="12">
</dataflow>
<dataflow id="126" from="empty" to="tmp_data_V_5" fromId="12" toId="13">
</dataflow>
<dataflow id="128" from="_ssdm_op_SpecBitsMap" to="specbitsmap_ln0" fromId="127" toId="14">
</dataflow>
<dataflow id="129" from="training_matrix_V_data_V" to="specbitsmap_ln0" fromId="112" toId="14">
</dataflow>
<dataflow id="130" from="_ssdm_op_SpecBitsMap" to="specbitsmap_ln0" fromId="127" toId="15">
</dataflow>
<dataflow id="131" from="training_matrix_V_last" to="specbitsmap_ln0" fromId="113" toId="15">
</dataflow>
<dataflow id="132" from="_ssdm_op_SpecBitsMap" to="specbitsmap_ln0" fromId="127" toId="16">
</dataflow>
<dataflow id="133" from="training_matrix_transpose_V_data_V" to="specbitsmap_ln0" fromId="114" toId="16">
</dataflow>
<dataflow id="134" from="_ssdm_op_SpecBitsMap" to="specbitsmap_ln0" fromId="127" toId="17">
</dataflow>
<dataflow id="135" from="training_matrix_transpose_V_last" to="specbitsmap_ln0" fromId="115" toId="17">
</dataflow>
<dataflow id="136" from="_ssdm_op_SpecBitsMap" to="specbitsmap_ln0" fromId="127" toId="18">
</dataflow>
<dataflow id="137" from="dot_product_matrix_out_V_data_V" to="specbitsmap_ln0" fromId="116" toId="18">
</dataflow>
<dataflow id="138" from="_ssdm_op_SpecBitsMap" to="specbitsmap_ln0" fromId="127" toId="19">
</dataflow>
<dataflow id="139" from="dot_product_matrix_out_V_last" to="specbitsmap_ln0" fromId="117" toId="19">
</dataflow>
<dataflow id="140" from="_ssdm_op_SpecBitsMap" to="specbitsmap_ln0" fromId="127" toId="20">
</dataflow>
<dataflow id="141" from="input_details_V_data_V" to="specbitsmap_ln0" fromId="118" toId="20">
</dataflow>
<dataflow id="142" from="_ssdm_op_SpecBitsMap" to="specbitsmap_ln0" fromId="127" toId="21">
</dataflow>
<dataflow id="143" from="input_details_V_last" to="specbitsmap_ln0" fromId="119" toId="21">
</dataflow>
<dataflow id="145" from="_ssdm_op_SpecTopModule" to="spectopmodule_ln0" fromId="144" toId="22">
</dataflow>
<dataflow id="147" from="get_dpm_top_str" to="spectopmodule_ln0" fromId="146" toId="22">
</dataflow>
<dataflow id="149" from="_ssdm_op_SpecInterface" to="specinterface_ln24" fromId="148" toId="23">
</dataflow>
<dataflow id="151" from="StgValue_150" to="specinterface_ln24" fromId="150" toId="23">
</dataflow>
<dataflow id="153" from="p_str2" to="specinterface_ln24" fromId="152" toId="23">
</dataflow>
<dataflow id="154" from="StgValue_150" to="specinterface_ln24" fromId="150" toId="23">
</dataflow>
<dataflow id="155" from="StgValue_150" to="specinterface_ln24" fromId="150" toId="23">
</dataflow>
<dataflow id="157" from="p_str1" to="specinterface_ln24" fromId="156" toId="23">
</dataflow>
<dataflow id="158" from="StgValue_150" to="specinterface_ln24" fromId="150" toId="23">
</dataflow>
<dataflow id="159" from="StgValue_150" to="specinterface_ln24" fromId="150" toId="23">
</dataflow>
<dataflow id="160" from="p_str1" to="specinterface_ln24" fromId="156" toId="23">
</dataflow>
<dataflow id="161" from="p_str1" to="specinterface_ln24" fromId="156" toId="23">
</dataflow>
<dataflow id="162" from="p_str1" to="specinterface_ln24" fromId="156" toId="23">
</dataflow>
<dataflow id="163" from="StgValue_150" to="specinterface_ln24" fromId="150" toId="23">
</dataflow>
<dataflow id="164" from="StgValue_150" to="specinterface_ln24" fromId="150" toId="23">
</dataflow>
<dataflow id="165" from="StgValue_150" to="specinterface_ln24" fromId="150" toId="23">
</dataflow>
<dataflow id="166" from="StgValue_150" to="specinterface_ln24" fromId="150" toId="23">
</dataflow>
<dataflow id="167" from="p_str1" to="specinterface_ln24" fromId="156" toId="23">
</dataflow>
<dataflow id="168" from="p_str1" to="specinterface_ln24" fromId="156" toId="23">
</dataflow>
<dataflow id="169" from="_ssdm_op_SpecInterface" to="specinterface_ln25" fromId="148" toId="24">
</dataflow>
<dataflow id="170" from="input_details_V_data_V" to="specinterface_ln25" fromId="118" toId="24">
</dataflow>
<dataflow id="171" from="input_details_V_last" to="specinterface_ln25" fromId="119" toId="24">
</dataflow>
<dataflow id="173" from="p_str3" to="specinterface_ln25" fromId="172" toId="24">
</dataflow>
<dataflow id="175" from="StgValue_174" to="specinterface_ln25" fromId="174" toId="24">
</dataflow>
<dataflow id="176" from="StgValue_174" to="specinterface_ln25" fromId="174" toId="24">
</dataflow>
<dataflow id="178" from="p_str4" to="specinterface_ln25" fromId="177" toId="24">
</dataflow>
<dataflow id="179" from="StgValue_150" to="specinterface_ln25" fromId="150" toId="24">
</dataflow>
<dataflow id="180" from="StgValue_150" to="specinterface_ln25" fromId="150" toId="24">
</dataflow>
<dataflow id="181" from="p_str1" to="specinterface_ln25" fromId="156" toId="24">
</dataflow>
<dataflow id="182" from="p_str1" to="specinterface_ln25" fromId="156" toId="24">
</dataflow>
<dataflow id="183" from="p_str1" to="specinterface_ln25" fromId="156" toId="24">
</dataflow>
<dataflow id="184" from="StgValue_150" to="specinterface_ln25" fromId="150" toId="24">
</dataflow>
<dataflow id="185" from="StgValue_150" to="specinterface_ln25" fromId="150" toId="24">
</dataflow>
<dataflow id="186" from="StgValue_150" to="specinterface_ln25" fromId="150" toId="24">
</dataflow>
<dataflow id="187" from="StgValue_150" to="specinterface_ln25" fromId="150" toId="24">
</dataflow>
<dataflow id="188" from="p_str1" to="specinterface_ln25" fromId="156" toId="24">
</dataflow>
<dataflow id="189" from="p_str1" to="specinterface_ln25" fromId="156" toId="24">
</dataflow>
<dataflow id="190" from="_ssdm_op_SpecInterface" to="specinterface_ln26" fromId="148" toId="25">
</dataflow>
<dataflow id="191" from="dot_product_matrix_out_V_data_V" to="specinterface_ln26" fromId="116" toId="25">
</dataflow>
<dataflow id="192" from="dot_product_matrix_out_V_last" to="specinterface_ln26" fromId="117" toId="25">
</dataflow>
<dataflow id="193" from="p_str3" to="specinterface_ln26" fromId="172" toId="25">
</dataflow>
<dataflow id="194" from="StgValue_174" to="specinterface_ln26" fromId="174" toId="25">
</dataflow>
<dataflow id="195" from="StgValue_174" to="specinterface_ln26" fromId="174" toId="25">
</dataflow>
<dataflow id="196" from="p_str4" to="specinterface_ln26" fromId="177" toId="25">
</dataflow>
<dataflow id="197" from="StgValue_150" to="specinterface_ln26" fromId="150" toId="25">
</dataflow>
<dataflow id="198" from="StgValue_150" to="specinterface_ln26" fromId="150" toId="25">
</dataflow>
<dataflow id="199" from="p_str1" to="specinterface_ln26" fromId="156" toId="25">
</dataflow>
<dataflow id="200" from="p_str1" to="specinterface_ln26" fromId="156" toId="25">
</dataflow>
<dataflow id="201" from="p_str1" to="specinterface_ln26" fromId="156" toId="25">
</dataflow>
<dataflow id="202" from="StgValue_150" to="specinterface_ln26" fromId="150" toId="25">
</dataflow>
<dataflow id="203" from="StgValue_150" to="specinterface_ln26" fromId="150" toId="25">
</dataflow>
<dataflow id="204" from="StgValue_150" to="specinterface_ln26" fromId="150" toId="25">
</dataflow>
<dataflow id="205" from="StgValue_150" to="specinterface_ln26" fromId="150" toId="25">
</dataflow>
<dataflow id="206" from="p_str1" to="specinterface_ln26" fromId="156" toId="25">
</dataflow>
<dataflow id="207" from="p_str1" to="specinterface_ln26" fromId="156" toId="25">
</dataflow>
<dataflow id="208" from="_ssdm_op_SpecInterface" to="specinterface_ln27" fromId="148" toId="26">
</dataflow>
<dataflow id="209" from="training_matrix_transpose_V_data_V" to="specinterface_ln27" fromId="114" toId="26">
</dataflow>
<dataflow id="210" from="training_matrix_transpose_V_last" to="specinterface_ln27" fromId="115" toId="26">
</dataflow>
<dataflow id="211" from="p_str3" to="specinterface_ln27" fromId="172" toId="26">
</dataflow>
<dataflow id="212" from="StgValue_174" to="specinterface_ln27" fromId="174" toId="26">
</dataflow>
<dataflow id="213" from="StgValue_174" to="specinterface_ln27" fromId="174" toId="26">
</dataflow>
<dataflow id="214" from="p_str4" to="specinterface_ln27" fromId="177" toId="26">
</dataflow>
<dataflow id="215" from="StgValue_150" to="specinterface_ln27" fromId="150" toId="26">
</dataflow>
<dataflow id="216" from="StgValue_150" to="specinterface_ln27" fromId="150" toId="26">
</dataflow>
<dataflow id="217" from="p_str1" to="specinterface_ln27" fromId="156" toId="26">
</dataflow>
<dataflow id="218" from="p_str1" to="specinterface_ln27" fromId="156" toId="26">
</dataflow>
<dataflow id="219" from="p_str1" to="specinterface_ln27" fromId="156" toId="26">
</dataflow>
<dataflow id="220" from="StgValue_150" to="specinterface_ln27" fromId="150" toId="26">
</dataflow>
<dataflow id="221" from="StgValue_150" to="specinterface_ln27" fromId="150" toId="26">
</dataflow>
<dataflow id="222" from="StgValue_150" to="specinterface_ln27" fromId="150" toId="26">
</dataflow>
<dataflow id="223" from="StgValue_150" to="specinterface_ln27" fromId="150" toId="26">
</dataflow>
<dataflow id="224" from="p_str1" to="specinterface_ln27" fromId="156" toId="26">
</dataflow>
<dataflow id="225" from="p_str1" to="specinterface_ln27" fromId="156" toId="26">
</dataflow>
<dataflow id="226" from="_ssdm_op_SpecInterface" to="specinterface_ln28" fromId="148" toId="27">
</dataflow>
<dataflow id="227" from="training_matrix_V_data_V" to="specinterface_ln28" fromId="112" toId="27">
</dataflow>
<dataflow id="228" from="training_matrix_V_last" to="specinterface_ln28" fromId="113" toId="27">
</dataflow>
<dataflow id="229" from="p_str3" to="specinterface_ln28" fromId="172" toId="27">
</dataflow>
<dataflow id="230" from="StgValue_174" to="specinterface_ln28" fromId="174" toId="27">
</dataflow>
<dataflow id="231" from="StgValue_174" to="specinterface_ln28" fromId="174" toId="27">
</dataflow>
<dataflow id="232" from="p_str4" to="specinterface_ln28" fromId="177" toId="27">
</dataflow>
<dataflow id="233" from="StgValue_150" to="specinterface_ln28" fromId="150" toId="27">
</dataflow>
<dataflow id="234" from="StgValue_150" to="specinterface_ln28" fromId="150" toId="27">
</dataflow>
<dataflow id="235" from="p_str1" to="specinterface_ln28" fromId="156" toId="27">
</dataflow>
<dataflow id="236" from="p_str1" to="specinterface_ln28" fromId="156" toId="27">
</dataflow>
<dataflow id="237" from="p_str1" to="specinterface_ln28" fromId="156" toId="27">
</dataflow>
<dataflow id="238" from="StgValue_150" to="specinterface_ln28" fromId="150" toId="27">
</dataflow>
<dataflow id="239" from="StgValue_150" to="specinterface_ln28" fromId="150" toId="27">
</dataflow>
<dataflow id="240" from="StgValue_150" to="specinterface_ln28" fromId="150" toId="27">
</dataflow>
<dataflow id="241" from="StgValue_150" to="specinterface_ln28" fromId="150" toId="27">
</dataflow>
<dataflow id="242" from="p_str1" to="specinterface_ln28" fromId="156" toId="27">
</dataflow>
<dataflow id="243" from="p_str1" to="specinterface_ln28" fromId="156" toId="27">
</dataflow>
<dataflow id="244" from="_ssdm_op_Read.axis.volatile.i16P.i1P" to="empty_5" fromId="122" toId="28">
</dataflow>
<dataflow id="245" from="input_details_V_data_V" to="empty_5" fromId="118" toId="28">
</dataflow>
<dataflow id="246" from="input_details_V_last" to="empty_5" fromId="119" toId="28">
</dataflow>
<dataflow id="247" from="empty_5" to="tmp_data_V" fromId="28" toId="29">
</dataflow>
<dataflow id="248" from="tmp_data_V" to="no_variables_V" fromId="29" toId="30">
</dataflow>
<dataflow id="249" from="tmp_data_V_5" to="zext_ln1354" fromId="13" toId="31">
</dataflow>
<dataflow id="251" from="StgValue_250" to="ret_V" fromId="250" toId="32">
</dataflow>
<dataflow id="252" from="zext_ln1354" to="ret_V" fromId="31" toId="32">
</dataflow>
<dataflow id="253" from="n1_V" to="t_V_1" fromId="38" toId="34">
<BackEdge/>
<condition id="-1">
<or_exp><and_exp></and_exp></or_exp>
</condition>
</dataflow>
<dataflow id="254" from="br_ln43" to="t_V_1" fromId="92" toId="34">
<BackEdge/>
</dataflow>
<dataflow id="256" from="StgValue_255" to="t_V_1" fromId="255" toId="34">
<condition id="-1">
<or_exp><and_exp></and_exp></or_exp>
</condition>
</dataflow>
<dataflow id="257" from="br_ln43" to="t_V_1" fromId="33" toId="34">
</dataflow>
<dataflow id="258" from="t_V_1" to="zext_ln887" fromId="34" toId="35">
</dataflow>
<dataflow id="259" from="t_V_1" to="icmp_ln887" fromId="34" toId="36">
</dataflow>
<dataflow id="261" from="StgValue_260" to="icmp_ln887" fromId="260" toId="36">
</dataflow>
<dataflow id="263" from="_ssdm_op_SpecLoopTripCount" to="empty_6" fromId="262" toId="37">
</dataflow>
<dataflow id="264" from="StgValue_120" to="empty_6" fromId="120" toId="37">
</dataflow>
<dataflow id="266" from="StgValue_265" to="empty_6" fromId="265" toId="37">
</dataflow>
<dataflow id="268" from="StgValue_267" to="empty_6" fromId="267" toId="37">
</dataflow>
<dataflow id="269" from="t_V_1" to="n1_V" fromId="34" toId="38">
</dataflow>
<dataflow id="271" from="StgValue_270" to="n1_V" fromId="270" toId="38">
</dataflow>
<dataflow id="272" from="icmp_ln887" to="br_ln43" fromId="36" toId="39">
</dataflow>
<dataflow id="274" from="_ssdm_op_SpecLoopName" to="specloopname_ln43" fromId="273" toId="40">
</dataflow>
<dataflow id="276" from="p_str5" to="specloopname_ln43" fromId="275" toId="40">
</dataflow>
<dataflow id="278" from="_ssdm_op_SpecRegionBegin" to="tmp" fromId="277" toId="41">
</dataflow>
<dataflow id="279" from="p_str5" to="tmp" fromId="275" toId="41">
</dataflow>
<dataflow id="280" from="zext_ln887" to="icmp_ln887_1" fromId="35" toId="42">
</dataflow>
<dataflow id="281" from="tmp_data_V_5" to="icmp_ln887_1" fromId="13" toId="42">
</dataflow>
<dataflow id="282" from="icmp_ln887_1" to="br_ln44" fromId="42" toId="43">
</dataflow>
<dataflow id="283" from="n1_1_V" to="t_V" fromId="49" toId="46">
<BackEdge/>
<condition id="-1">
<or_exp><and_exp><literal name="tmp_1" val="0"/>
<literal name="icmp_ln887_2" val="1"/>
</and_exp></or_exp>
</condition>
</dataflow>
<dataflow id="284" from="br_ln47" to="t_V" fromId="59" toId="46">
<BackEdge/>
</dataflow>
<dataflow id="286" from="StgValue_285" to="t_V" fromId="285" toId="46">
<condition id="-1">
<or_exp><and_exp><literal name="icmp_ln887" val="0"/>
<literal name="icmp_ln887_1" val="1"/>
</and_exp></or_exp>
</condition>
</dataflow>
<dataflow id="287" from="br_ln47" to="t_V" fromId="44" toId="46">
</dataflow>
<dataflow id="289" from="_ssdm_op_BitSelect.i1.i9.i32" to="tmp_1" fromId="288" toId="47">
</dataflow>
<dataflow id="290" from="t_V" to="tmp_1" fromId="46" toId="47">
</dataflow>
<dataflow id="292" from="StgValue_291" to="tmp_1" fromId="291" toId="47">
</dataflow>
<dataflow id="293" from="_ssdm_op_SpecLoopTripCount" to="empty_7" fromId="262" toId="48">
</dataflow>
<dataflow id="294" from="StgValue_120" to="empty_7" fromId="120" toId="48">
</dataflow>
<dataflow id="296" from="StgValue_295" to="empty_7" fromId="295" toId="48">
</dataflow>
<dataflow id="298" from="StgValue_297" to="empty_7" fromId="297" toId="48">
</dataflow>
<dataflow id="299" from="t_V" to="n1_1_V" fromId="46" toId="49">
</dataflow>
<dataflow id="301" from="StgValue_300" to="n1_1_V" fromId="300" toId="49">
</dataflow>
<dataflow id="302" from="tmp_1" to="br_ln47" fromId="47" toId="50">
</dataflow>
<dataflow id="303" from="_ssdm_op_SpecLoopName" to="specloopname_ln47" fromId="273" toId="51">
</dataflow>
<dataflow id="305" from="p_str6" to="specloopname_ln47" fromId="304" toId="51">
</dataflow>
<dataflow id="306" from="t_V" to="icmp_ln887_2" fromId="46" toId="52">
</dataflow>
<dataflow id="307" from="no_variables_V" to="icmp_ln887_2" fromId="30" toId="52">
</dataflow>
<dataflow id="308" from="icmp_ln887_2" to="br_ln48" fromId="52" toId="53">
</dataflow>
<dataflow id="309" from="t_V" to="zext_ln544" fromId="46" toId="54">
</dataflow>
<dataflow id="310" from="_ssdm_op_Read.axis.volatile.i16P.i1P" to="empty_8" fromId="122" toId="55">
</dataflow>
<dataflow id="311" from="training_matrix_V_data_V" to="empty_8" fromId="112" toId="55">
</dataflow>
<dataflow id="312" from="training_matrix_V_last" to="empty_8" fromId="113" toId="55">
</dataflow>
<dataflow id="313" from="empty_8" to="tmp_data_V_1" fromId="55" toId="56">
</dataflow>
<dataflow id="314" from="first_mat_row_V" to="first_mat_row_V_addr" fromId="11" toId="57">
</dataflow>
<dataflow id="316" from="StgValue_315" to="first_mat_row_V_addr" fromId="315" toId="57">
</dataflow>
<dataflow id="317" from="zext_ln544" to="first_mat_row_V_addr" fromId="54" toId="57">
</dataflow>
<dataflow id="318" from="tmp_data_V_1" to="store_ln49" fromId="56" toId="58">
</dataflow>
<dataflow id="319" from="first_mat_row_V_addr" to="store_ln49" fromId="57" toId="58">
</dataflow>
<dataflow id="320" from="t_V_1" to="zext_ln879" fromId="34" toId="60">
</dataflow>
<dataflow id="321" from="zext_ln879" to="icmp_ln879" fromId="60" toId="61">
</dataflow>
<dataflow id="322" from="ret_V" to="icmp_ln879" fromId="32" toId="61">
</dataflow>
<dataflow id="323" from="StgValue_255" to="t_V_2" fromId="255" toId="63">
<condition id="-1">
<or_exp><and_exp><literal name="icmp_ln887_2" val="0"/>
</and_exp><and_exp><literal name="tmp_1" val="1"/>
</and_exp></or_exp>
</condition>
</dataflow>
<dataflow id="324" from="br_ln59" to="t_V_2" fromId="62" toId="63">
</dataflow>
<dataflow id="325" from="n2_V" to="t_V_2" fromId="67" toId="63">
<BackEdge/>
<condition id="-1">
<or_exp><and_exp></and_exp></or_exp>
</condition>
</dataflow>
<dataflow id="326" from="br_ln59" to="t_V_2" fromId="86" toId="63">
<BackEdge/>
</dataflow>
<dataflow id="327" from="t_V_2" to="zext_ln887_1" fromId="63" toId="64">
</dataflow>
<dataflow id="328" from="t_V_2" to="icmp_ln887_3" fromId="63" toId="65">
</dataflow>
<dataflow id="329" from="StgValue_260" to="icmp_ln887_3" fromId="260" toId="65">
</dataflow>
<dataflow id="330" from="_ssdm_op_SpecLoopTripCount" to="empty_9" fromId="262" toId="66">
</dataflow>
<dataflow id="331" from="StgValue_120" to="empty_9" fromId="120" toId="66">
</dataflow>
<dataflow id="332" from="StgValue_265" to="empty_9" fromId="265" toId="66">
</dataflow>
<dataflow id="333" from="StgValue_267" to="empty_9" fromId="267" toId="66">
</dataflow>
<dataflow id="334" from="t_V_2" to="n2_V" fromId="63" toId="67">
</dataflow>
<dataflow id="335" from="StgValue_270" to="n2_V" fromId="270" toId="67">
</dataflow>
<dataflow id="336" from="icmp_ln887_3" to="br_ln59" fromId="65" toId="68">
</dataflow>
<dataflow id="337" from="_ssdm_op_SpecLoopName" to="specloopname_ln59" fromId="273" toId="69">
</dataflow>
<dataflow id="339" from="p_str7" to="specloopname_ln59" fromId="338" toId="69">
</dataflow>
<dataflow id="340" from="zext_ln887_1" to="icmp_ln887_4" fromId="64" toId="70">
</dataflow>
<dataflow id="341" from="tmp_data_V_5" to="icmp_ln887_4" fromId="13" toId="70">
</dataflow>
<dataflow id="342" from="icmp_ln887_4" to="br_ln60" fromId="70" toId="71">
</dataflow>
<dataflow id="343" from="t_V_2" to="zext_ln887_2" fromId="63" toId="72">
</dataflow>
<dataflow id="344" from="zext_ln887_2" to="icmp_ln887_5" fromId="72" toId="73">
</dataflow>
<dataflow id="345" from="ret_V" to="icmp_ln887_5" fromId="32" toId="73">
</dataflow>
<dataflow id="346" from="icmp_ln887_5" to="br_ln61" fromId="73" toId="74">
</dataflow>
<dataflow id="347" from="icmp_ln879" to="br_ln66" fromId="61" toId="75">
</dataflow>
<dataflow id="349" from="get_dot_product" to="result_data_V_2" fromId="348" toId="76">
</dataflow>
<dataflow id="350" from="first_mat_row_V" to="result_data_V_2" fromId="11" toId="76">
</dataflow>
<dataflow id="351" from="training_matrix_transpose_V_data_V" to="result_data_V_2" fromId="114" toId="76">
</dataflow>
<dataflow id="352" from="training_matrix_transpose_V_last" to="result_data_V_2" fromId="115" toId="76">
</dataflow>
<dataflow id="353" from="no_variables_V" to="result_data_V_2" fromId="30" toId="76">
</dataflow>
<dataflow id="354" from="get_dot_product" to="result_data_V_1" fromId="348" toId="77">
</dataflow>
<dataflow id="355" from="first_mat_row_V" to="result_data_V_1" fromId="11" toId="77">
</dataflow>
<dataflow id="356" from="training_matrix_transpose_V_data_V" to="result_data_V_1" fromId="114" toId="77">
</dataflow>
<dataflow id="357" from="training_matrix_transpose_V_last" to="result_data_V_1" fromId="115" toId="77">
</dataflow>
<dataflow id="358" from="no_variables_V" to="result_data_V_1" fromId="30" toId="77">
</dataflow>
<dataflow id="359" from="get_dot_product" to="result_data_V" fromId="348" toId="78">
</dataflow>
<dataflow id="360" from="first_mat_row_V" to="result_data_V" fromId="11" toId="78">
</dataflow>
<dataflow id="361" from="training_matrix_transpose_V_data_V" to="result_data_V" fromId="114" toId="78">
</dataflow>
<dataflow id="362" from="training_matrix_transpose_V_last" to="result_data_V" fromId="115" toId="78">
</dataflow>
<dataflow id="363" from="no_variables_V" to="result_data_V" fromId="30" toId="78">
</dataflow>
<dataflow id="364" from="get_dot_product" to="result_data_V_2" fromId="348" toId="80">
</dataflow>
<dataflow id="365" from="first_mat_row_V" to="result_data_V_2" fromId="11" toId="80">
</dataflow>
<dataflow id="366" from="training_matrix_transpose_V_data_V" to="result_data_V_2" fromId="114" toId="80">
</dataflow>
<dataflow id="367" from="training_matrix_transpose_V_last" to="result_data_V_2" fromId="115" toId="80">
</dataflow>
<dataflow id="368" from="no_variables_V" to="result_data_V_2" fromId="30" toId="80">
</dataflow>
<dataflow id="370" from="_ssdm_op_Write.axis.volatile.i32P.i1P" to="write_ln75" fromId="369" toId="81">
</dataflow>
<dataflow id="371" from="dot_product_matrix_out_V_data_V" to="write_ln75" fromId="116" toId="81">
</dataflow>
<dataflow id="372" from="dot_product_matrix_out_V_last" to="write_ln75" fromId="117" toId="81">
</dataflow>
<dataflow id="373" from="result_data_V_2" to="write_ln75" fromId="80" toId="81">
</dataflow>
<dataflow id="375" from="StgValue_374" to="write_ln75" fromId="374" toId="81">
</dataflow>
<dataflow id="376" from="_ssdm_op_Write.axis.volatile.i32P.i1P" to="write_ln75" fromId="369" toId="82">
</dataflow>
<dataflow id="377" from="dot_product_matrix_out_V_data_V" to="write_ln75" fromId="116" toId="82">
</dataflow>
<dataflow id="378" from="dot_product_matrix_out_V_last" to="write_ln75" fromId="117" toId="82">
</dataflow>
<dataflow id="379" from="result_data_V_2" to="write_ln75" fromId="80" toId="82">
</dataflow>
<dataflow id="380" from="StgValue_374" to="write_ln75" fromId="374" toId="82">
</dataflow>
<dataflow id="381" from="_ssdm_op_Write.axis.volatile.i32P.i1P" to="write_ln64" fromId="369" toId="84">
</dataflow>
<dataflow id="382" from="dot_product_matrix_out_V_data_V" to="write_ln64" fromId="116" toId="84">
</dataflow>
<dataflow id="383" from="dot_product_matrix_out_V_last" to="write_ln64" fromId="117" toId="84">
</dataflow>
<dataflow id="384" from="result_data_V" to="write_ln64" fromId="93" toId="84">
</dataflow>
<dataflow id="385" from="StgValue_374" to="write_ln64" fromId="374" toId="84">
</dataflow>
<dataflow id="386" from="get_dot_product" to="result_data_V_1" fromId="348" toId="87">
</dataflow>
<dataflow id="387" from="first_mat_row_V" to="result_data_V_1" fromId="11" toId="87">
</dataflow>
<dataflow id="388" from="training_matrix_transpose_V_data_V" to="result_data_V_1" fromId="114" toId="87">
</dataflow>
<dataflow id="389" from="training_matrix_transpose_V_last" to="result_data_V_1" fromId="115" toId="87">
</dataflow>
<dataflow id="390" from="no_variables_V" to="result_data_V_1" fromId="30" toId="87">
</dataflow>
<dataflow id="391" from="_ssdm_op_Write.axis.volatile.i32P.i1P" to="write_ln69" fromId="369" toId="88">
</dataflow>
<dataflow id="392" from="dot_product_matrix_out_V_data_V" to="write_ln69" fromId="116" toId="88">
</dataflow>
<dataflow id="393" from="dot_product_matrix_out_V_last" to="write_ln69" fromId="117" toId="88">
</dataflow>
<dataflow id="394" from="result_data_V_1" to="write_ln69" fromId="87" toId="88">
</dataflow>
<dataflow id="396" from="StgValue_395" to="write_ln69" fromId="395" toId="88">
</dataflow>
<dataflow id="397" from="_ssdm_op_Write.axis.volatile.i32P.i1P" to="write_ln69" fromId="369" toId="89">
</dataflow>
<dataflow id="398" from="dot_product_matrix_out_V_data_V" to="write_ln69" fromId="116" toId="89">
</dataflow>
<dataflow id="399" from="dot_product_matrix_out_V_last" to="write_ln69" fromId="117" toId="89">
</dataflow>
<dataflow id="400" from="result_data_V_1" to="write_ln69" fromId="87" toId="89">
</dataflow>
<dataflow id="401" from="StgValue_395" to="write_ln69" fromId="395" toId="89">
</dataflow>
<dataflow id="403" from="_ssdm_op_SpecRegionEnd" to="empty_10" fromId="402" toId="91">
</dataflow>
<dataflow id="404" from="p_str5" to="empty_10" fromId="275" toId="91">
</dataflow>
<dataflow id="405" from="tmp" to="empty_10" fromId="41" toId="91">
</dataflow>
<dataflow id="406" from="get_dot_product" to="result_data_V" fromId="348" toId="93">
</dataflow>
<dataflow id="407" from="first_mat_row_V" to="result_data_V" fromId="11" toId="93">
</dataflow>
<dataflow id="408" from="training_matrix_transpose_V_data_V" to="result_data_V" fromId="114" toId="93">
</dataflow>
<dataflow id="409" from="training_matrix_transpose_V_last" to="result_data_V" fromId="115" toId="93">
</dataflow>
<dataflow id="410" from="no_variables_V" to="result_data_V" fromId="30" toId="93">
</dataflow>
<dataflow id="411" from="_ssdm_op_Write.axis.volatile.i32P.i1P" to="write_ln64" fromId="369" toId="94">
</dataflow>
<dataflow id="412" from="dot_product_matrix_out_V_data_V" to="write_ln64" fromId="116" toId="94">
</dataflow>
<dataflow id="413" from="dot_product_matrix_out_V_last" to="write_ln64" fromId="117" toId="94">
</dataflow>
<dataflow id="414" from="result_data_V" to="write_ln64" fromId="93" toId="94">
</dataflow>
<dataflow id="415" from="StgValue_374" to="write_ln64" fromId="374" toId="94">
</dataflow>
<dataflow id="416" from="icmp_ln887" to="StgValue_3" fromId="36" toId="3">
</dataflow>
<dataflow id="417" from="icmp_ln887_1" to="StgValue_3" fromId="42" toId="3">
</dataflow>
<dataflow id="418" from="tmp_1" to="StgValue_4" fromId="47" toId="4">
</dataflow>
<dataflow id="419" from="icmp_ln887_2" to="StgValue_4" fromId="52" toId="4">
</dataflow>
<dataflow id="420" from="icmp_ln887_3" to="StgValue_5" fromId="65" toId="5">
</dataflow>
<dataflow id="421" from="icmp_ln887_4" to="StgValue_5" fromId="70" toId="5">
</dataflow>
<dataflow id="422" from="icmp_ln887_5" to="StgValue_5" fromId="73" toId="5">
</dataflow>
<dataflow id="423" from="icmp_ln879" to="StgValue_5" fromId="61" toId="5">
</dataflow>
<dataflow id="424" from="icmp_ln887_5" to="StgValue_7" fromId="73" toId="7">
</dataflow>
<dataflow id="425" from="icmp_ln887_3" to="StgValue_9" fromId="65" toId="9">
</dataflow>
<dataflow id="426" from="icmp_ln887_4" to="StgValue_9" fromId="70" toId="9">
</dataflow>
</dataflows>


</stg>
