<stg><name>geometric_values_rbf_top</name>


<trans_list>

<trans id="39" from="1" to="2">
<condition id="-1">
<or_exp><and_exp></and_exp></or_exp>
</condition>
</trans>

<trans id="40" from="2" to="3">
<condition id="-1">
<or_exp><and_exp></and_exp></or_exp>
</condition>
</trans>

<trans id="41" from="3" to="4">
<condition id="-1">
<or_exp><and_exp></and_exp></or_exp>
</condition>
</trans>

<trans id="42" from="4" to="5">
<condition id="-1">
<or_exp><and_exp></and_exp></or_exp>
</condition>
</trans>
</trans_list>



<state_list>

<state id="1" st_id="1">

<operation id="6" st_id="1" stage="1" lat="1">
<core>AXI4Stream</core>
<MemPortIdVec></MemPortIdVec>
<condition id="-1">
<or_exp><and_exp></and_exp></or_exp>
</condition>

<Node id="28" bw="33" op_0_bw="33" op_1_bw="32" op_2_bw="1">
<![CDATA[
:17  %empty = call { i32, i1 } @_ssdm_op_Read.axis.volatile.i32P.i1P(i32* %sv_coeffs_V_data_V, i1* %sv_coeffs_V_last)

]]></Node>
<StgValue><ssdm name="empty"/></StgValue>
</operation>

<operation id="7" st_id="1" stage="1" lat="1">
<core>NULL</core>
<MemPortIdVec></MemPortIdVec>
<condition id="-1">
<or_exp><and_exp></and_exp></or_exp>
</condition>

<Node id="29" bw="32" op_0_bw="33">
<![CDATA[
:18  %tmp_data_V_7 = extractvalue { i32, i1 } %empty, 0

]]></Node>
<StgValue><ssdm name="tmp_data_V_7"/></StgValue>
</operation>

<operation id="8" st_id="1" stage="1" lat="1">
<core>AXI4Stream</core>
<MemPortIdVec></MemPortIdVec>
<condition id="-1">
<or_exp><and_exp></and_exp></or_exp>
</condition>

<Node id="30" bw="33" op_0_bw="33" op_1_bw="32" op_2_bw="1">
<![CDATA[
:19  %empty_22 = call { i32, i1 } @_ssdm_op_Read.axis.volatile.i32P.i1P(i32* %classification_details_V_data_V, i1* %classification_details_V_last)

]]></Node>
<StgValue><ssdm name="empty_22"/></StgValue>
</operation>

<operation id="9" st_id="1" stage="1" lat="1">
<core>NULL</core>
<MemPortIdVec></MemPortIdVec>
<condition id="-1">
<or_exp><and_exp></and_exp></or_exp>
</condition>

<Node id="31" bw="32" op_0_bw="33">
<![CDATA[
:20  %tmp_data_V_4 = extractvalue { i32, i1 } %empty_22, 0

]]></Node>
<StgValue><ssdm name="tmp_data_V_4"/></StgValue>
</operation>

<operation id="10" st_id="1" stage="1" lat="1">
<core>NULL</core>
<MemPortIdVec></MemPortIdVec>
<condition id="-1">
<or_exp><and_exp></and_exp></or_exp>
</condition>

<Node id="32" bw="20" op_0_bw="32">
<![CDATA[
:21  %no_svs_V = trunc i32 %tmp_data_V_4 to i20

]]></Node>
<StgValue><ssdm name="no_svs_V"/></StgValue>
</operation>
</state>

<state id="2" st_id="2">

<operation id="11" st_id="2" stage="1" lat="1">
<core>AXI4Stream</core>
<MemPortIdVec></MemPortIdVec>
<condition id="-1">
<or_exp><and_exp></and_exp></or_exp>
</condition>

<Node id="33" bw="33" op_0_bw="33" op_1_bw="32" op_2_bw="1" op_3_bw="33">
<![CDATA[
:22  %empty_23 = call { i32, i1 } @_ssdm_op_Read.axis.volatile.i32P.i1P(i32* %classification_details_V_data_V, i1* %classification_details_V_last)

]]></Node>
<StgValue><ssdm name="empty_23"/></StgValue>
</operation>

<operation id="12" st_id="2" stage="1" lat="1">
<core>NULL</core>
<MemPortIdVec></MemPortIdVec>
<condition id="-1">
<or_exp><and_exp></and_exp></or_exp>
</condition>

<Node id="34" bw="32" op_0_bw="33">
<![CDATA[
:23  %tmp_data_V = extractvalue { i32, i1 } %empty_23, 0

]]></Node>
<StgValue><ssdm name="tmp_data_V"/></StgValue>
</operation>

<operation id="13" st_id="2" stage="1" lat="1">
<core>NULL</core>
<MemPortIdVec></MemPortIdVec>
<condition id="-1">
<or_exp><and_exp></and_exp></or_exp>
</condition>

<Node id="35" bw="9" op_0_bw="32">
<![CDATA[
:24  %no_variables_V = trunc i32 %tmp_data_V to i9

]]></Node>
<StgValue><ssdm name="no_variables_V"/></StgValue>
</operation>

<operation id="14" st_id="2" stage="1" lat="1">
<core>AXI4Stream</core>
<MemPortIdVec></MemPortIdVec>
<condition id="-1">
<or_exp><and_exp></and_exp></or_exp>
</condition>

<Node id="39" bw="33" op_0_bw="33" op_1_bw="32" op_2_bw="1" op_3_bw="33">
<![CDATA[
:28  %empty_25 = call { i32, i1 } @_ssdm_op_Read.axis.volatile.i32P.i1P(i32* %sv_coeffs_V_data_V, i1* %sv_coeffs_V_last)

]]></Node>
<StgValue><ssdm name="empty_25"/></StgValue>
</operation>

<operation id="15" st_id="2" stage="1" lat="1">
<core>NULL</core>
<MemPortIdVec></MemPortIdVec>
<condition id="-1">
<or_exp><and_exp></and_exp></or_exp>
</condition>

<Node id="40" bw="32" op_0_bw="33">
<![CDATA[
:29  %tmp_data_V_8 = extractvalue { i32, i1 } %empty_25, 0

]]></Node>
<StgValue><ssdm name="tmp_data_V_8"/></StgValue>
</operation>
</state>

<state id="3" st_id="3">

<operation id="16" st_id="3" stage="1" lat="1">
<core>AXI4Stream</core>
<MemPortIdVec></MemPortIdVec>
<condition id="-1">
<or_exp><and_exp></and_exp></or_exp>
</condition>

<Node id="36" bw="33" op_0_bw="33" op_1_bw="32" op_2_bw="1" op_3_bw="33">
<![CDATA[
:25  %empty_24 = call { i32, i1 } @_ssdm_op_Read.axis.volatile.i32P.i1P(i32* %classification_details_V_data_V, i1* %classification_details_V_last)

]]></Node>
<StgValue><ssdm name="empty_24"/></StgValue>
</operation>

<operation id="17" st_id="3" stage="1" lat="1">
<core>NULL</core>
<MemPortIdVec></MemPortIdVec>
<condition id="-1">
<or_exp><and_exp></and_exp></or_exp>
</condition>

<Node id="37" bw="32" op_0_bw="33">
<![CDATA[
:26  %tmp_data_V_5 = extractvalue { i32, i1 } %empty_24, 0

]]></Node>
<StgValue><ssdm name="tmp_data_V_5"/></StgValue>
</operation>

<operation id="18" st_id="3" stage="1" lat="1">
<core>NULL</core>
<MemPortIdVec></MemPortIdVec>
<condition id="-1">
<or_exp><and_exp></and_exp></or_exp>
</condition>

<Node id="38" bw="20" op_0_bw="32">
<![CDATA[
:27  %no_test_vectors_V = trunc i32 %tmp_data_V_5 to i20

]]></Node>
<StgValue><ssdm name="no_test_vectors_V"/></StgValue>
</operation>

<operation id="19" st_id="3" stage="2" lat="2">
<core></core>
<MemPortIdVec></MemPortIdVec>
<condition id="-1">
<or_exp><and_exp></and_exp></or_exp>
</condition>

<Node id="41" bw="0" op_0_bw="0" op_1_bw="16" op_2_bw="1" op_3_bw="32" op_4_bw="1" op_5_bw="16" op_6_bw="1" op_7_bw="32" op_8_bw="20" op_9_bw="9" op_10_bw="20" op_11_bw="32" op_12_bw="32" op_13_bw="1" op_14_bw="33">
<![CDATA[
:30  call fastcc void @get_geometric_values(i16* %support_vectors_V_data_V, i1* %support_vectors_V_last, i32* %sv_coeffs_V_data_V, i1* %sv_coeffs_V_last, i16* %testing_matrix_V_data_V, i1* %testing_matrix_V_last, i32 %tmp_data_V_8, i20 %no_svs_V, i9 %no_variables_V, i20 %no_test_vectors_V, i32 %tmp_data_V_7, i32* %geometric_values_out_V_data_V, i1* %geometric_values_out_V_last)

]]></Node>
<StgValue><ssdm name="call_ln118"/></StgValue>
</operation>
</state>

<state id="4" st_id="4">

<operation id="20" st_id="4" stage="1" lat="2">
<core></core>
<MemPortIdVec></MemPortIdVec>
<condition id="-1">
<or_exp><and_exp></and_exp></or_exp>
</condition>

<Node id="41" bw="0" op_0_bw="0" op_1_bw="16" op_2_bw="1" op_3_bw="32" op_4_bw="1" op_5_bw="16" op_6_bw="1" op_7_bw="32" op_8_bw="20" op_9_bw="9" op_10_bw="20" op_11_bw="32" op_12_bw="32" op_13_bw="1" op_14_bw="33">
<![CDATA[
:30  call fastcc void @get_geometric_values(i16* %support_vectors_V_data_V, i1* %support_vectors_V_last, i32* %sv_coeffs_V_data_V, i1* %sv_coeffs_V_last, i16* %testing_matrix_V_data_V, i1* %testing_matrix_V_last, i32 %tmp_data_V_8, i20 %no_svs_V, i9 %no_variables_V, i20 %no_test_vectors_V, i32 %tmp_data_V_7, i32* %geometric_values_out_V_data_V, i1* %geometric_values_out_V_last)

]]></Node>
<StgValue><ssdm name="call_ln118"/></StgValue>
</operation>
</state>

<state id="5" st_id="5">

<operation id="21" st_id="5" stage="1" lat="1">
<core>NULL</core>
<MemPortIdVec></MemPortIdVec>
<condition id="-1">
<or_exp><and_exp></and_exp></or_exp>
</condition>

<Node id="11" bw="0" op_0_bw="0" op_1_bw="16">
<![CDATA[
:0  call void (...)* @_ssdm_op_SpecBitsMap(i16* %support_vectors_V_data_V), !map !150

]]></Node>
<StgValue><ssdm name="specbitsmap_ln0"/></StgValue>
</operation>

<operation id="22" st_id="5" stage="1" lat="1">
<core>NULL</core>
<MemPortIdVec></MemPortIdVec>
<condition id="-1">
<or_exp><and_exp></and_exp></or_exp>
</condition>

<Node id="12" bw="0" op_0_bw="0" op_1_bw="1">
<![CDATA[
:1  call void (...)* @_ssdm_op_SpecBitsMap(i1* %support_vectors_V_last), !map !154

]]></Node>
<StgValue><ssdm name="specbitsmap_ln0"/></StgValue>
</operation>

<operation id="23" st_id="5" stage="1" lat="1">
<core>NULL</core>
<MemPortIdVec></MemPortIdVec>
<condition id="-1">
<or_exp><and_exp></and_exp></or_exp>
</condition>

<Node id="13" bw="0" op_0_bw="0" op_1_bw="32">
<![CDATA[
:2  call void (...)* @_ssdm_op_SpecBitsMap(i32* %sv_coeffs_V_data_V), !map !158

]]></Node>
<StgValue><ssdm name="specbitsmap_ln0"/></StgValue>
</operation>

<operation id="24" st_id="5" stage="1" lat="1">
<core>NULL</core>
<MemPortIdVec></MemPortIdVec>
<condition id="-1">
<or_exp><and_exp></and_exp></or_exp>
</condition>

<Node id="14" bw="0" op_0_bw="0" op_1_bw="1">
<![CDATA[
:3  call void (...)* @_ssdm_op_SpecBitsMap(i1* %sv_coeffs_V_last), !map !162

]]></Node>
<StgValue><ssdm name="specbitsmap_ln0"/></StgValue>
</operation>

<operation id="25" st_id="5" stage="1" lat="1">
<core>NULL</core>
<MemPortIdVec></MemPortIdVec>
<condition id="-1">
<or_exp><and_exp></and_exp></or_exp>
</condition>

<Node id="15" bw="0" op_0_bw="0" op_1_bw="16">
<![CDATA[
:4  call void (...)* @_ssdm_op_SpecBitsMap(i16* %testing_matrix_V_data_V), !map !166

]]></Node>
<StgValue><ssdm name="specbitsmap_ln0"/></StgValue>
</operation>

<operation id="26" st_id="5" stage="1" lat="1">
<core>NULL</core>
<MemPortIdVec></MemPortIdVec>
<condition id="-1">
<or_exp><and_exp></and_exp></or_exp>
</condition>

<Node id="16" bw="0" op_0_bw="0" op_1_bw="1">
<![CDATA[
:5  call void (...)* @_ssdm_op_SpecBitsMap(i1* %testing_matrix_V_last), !map !170

]]></Node>
<StgValue><ssdm name="specbitsmap_ln0"/></StgValue>
</operation>

<operation id="27" st_id="5" stage="1" lat="1">
<core>NULL</core>
<MemPortIdVec></MemPortIdVec>
<condition id="-1">
<or_exp><and_exp></and_exp></or_exp>
</condition>

<Node id="17" bw="0" op_0_bw="0" op_1_bw="32">
<![CDATA[
:6  call void (...)* @_ssdm_op_SpecBitsMap(i32* %classification_details_V_data_V), !map !174

]]></Node>
<StgValue><ssdm name="specbitsmap_ln0"/></StgValue>
</operation>

<operation id="28" st_id="5" stage="1" lat="1">
<core>NULL</core>
<MemPortIdVec></MemPortIdVec>
<condition id="-1">
<or_exp><and_exp></and_exp></or_exp>
</condition>

<Node id="18" bw="0" op_0_bw="0" op_1_bw="1">
<![CDATA[
:7  call void (...)* @_ssdm_op_SpecBitsMap(i1* %classification_details_V_last), !map !178

]]></Node>
<StgValue><ssdm name="specbitsmap_ln0"/></StgValue>
</operation>

<operation id="29" st_id="5" stage="1" lat="1">
<core>NULL</core>
<MemPortIdVec></MemPortIdVec>
<condition id="-1">
<or_exp><and_exp></and_exp></or_exp>
</condition>

<Node id="19" bw="0" op_0_bw="0" op_1_bw="32">
<![CDATA[
:8  call void (...)* @_ssdm_op_SpecBitsMap(i32* %geometric_values_out_V_data_V), !map !182

]]></Node>
<StgValue><ssdm name="specbitsmap_ln0"/></StgValue>
</operation>

<operation id="30" st_id="5" stage="1" lat="1">
<core>NULL</core>
<MemPortIdVec></MemPortIdVec>
<condition id="-1">
<or_exp><and_exp></and_exp></or_exp>
</condition>

<Node id="20" bw="0" op_0_bw="0" op_1_bw="1">
<![CDATA[
:9  call void (...)* @_ssdm_op_SpecBitsMap(i1* %geometric_values_out_V_last), !map !186

]]></Node>
<StgValue><ssdm name="specbitsmap_ln0"/></StgValue>
</operation>

<operation id="31" st_id="5" stage="1" lat="1">
<core>NULL</core>
<MemPortIdVec></MemPortIdVec>
<condition id="-1">
<or_exp><and_exp></and_exp></or_exp>
</condition>

<Node id="21" bw="0" op_0_bw="0" op_1_bw="0">
<![CDATA[
:10  call void (...)* @_ssdm_op_SpecTopModule([25 x i8]* @geometric_values_rbf) nounwind

]]></Node>
<StgValue><ssdm name="spectopmodule_ln0"/></StgValue>
</operation>

<operation id="32" st_id="5" stage="1" lat="1">
<core>NULL</core>
<MemPortIdVec></MemPortIdVec>
<condition id="-1">
<or_exp><and_exp></and_exp></or_exp>
</condition>

<Node id="22" bw="0" op_0_bw="0" op_1_bw="16" op_2_bw="1" op_3_bw="0" op_4_bw="32" op_5_bw="32" op_6_bw="0" op_7_bw="32" op_8_bw="32" op_9_bw="0" op_10_bw="0" op_11_bw="0" op_12_bw="32" op_13_bw="32" op_14_bw="32" op_15_bw="32" op_16_bw="0" op_17_bw="0">
<![CDATA[
:11  call void (...)* @_ssdm_op_SpecInterface(i16* %testing_matrix_V_data_V, i1* %testing_matrix_V_last, [5 x i8]* @p_str3, i32 1, i32 1, [5 x i8]* @p_str4, i32 0, i32 0, [1 x i8]* @p_str1, [1 x i8]* @p_str1, [1 x i8]* @p_str1, i32 0, i32 0, i32 0, i32 0, [1 x i8]* @p_str1, [1 x i8]* @p_str1) nounwind

]]></Node>
<StgValue><ssdm name="specinterface_ln84"/></StgValue>
</operation>

<operation id="33" st_id="5" stage="1" lat="1">
<core>NULL</core>
<MemPortIdVec></MemPortIdVec>
<condition id="-1">
<or_exp><and_exp></and_exp></or_exp>
</condition>

<Node id="23" bw="0" op_0_bw="0" op_1_bw="32" op_2_bw="1" op_3_bw="0" op_4_bw="32" op_5_bw="32" op_6_bw="0" op_7_bw="32" op_8_bw="32" op_9_bw="0" op_10_bw="0" op_11_bw="0" op_12_bw="32" op_13_bw="32" op_14_bw="32" op_15_bw="32" op_16_bw="0" op_17_bw="0">
<![CDATA[
:12  call void (...)* @_ssdm_op_SpecInterface(i32* %geometric_values_out_V_data_V, i1* %geometric_values_out_V_last, [5 x i8]* @p_str3, i32 1, i32 1, [5 x i8]* @p_str4, i32 0, i32 0, [1 x i8]* @p_str1, [1 x i8]* @p_str1, [1 x i8]* @p_str1, i32 0, i32 0, i32 0, i32 0, [1 x i8]* @p_str1, [1 x i8]* @p_str1) nounwind

]]></Node>
<StgValue><ssdm name="specinterface_ln85"/></StgValue>
</operation>

<operation id="34" st_id="5" stage="1" lat="1">
<core>NULL</core>
<MemPortIdVec></MemPortIdVec>
<condition id="-1">
<or_exp><and_exp></and_exp></or_exp>
</condition>

<Node id="24" bw="0" op_0_bw="0" op_1_bw="32" op_2_bw="1" op_3_bw="0" op_4_bw="32" op_5_bw="32" op_6_bw="0" op_7_bw="32" op_8_bw="32" op_9_bw="0" op_10_bw="0" op_11_bw="0" op_12_bw="32" op_13_bw="32" op_14_bw="32" op_15_bw="32" op_16_bw="0" op_17_bw="0">
<![CDATA[
:13  call void (...)* @_ssdm_op_SpecInterface(i32* %classification_details_V_data_V, i1* %classification_details_V_last, [5 x i8]* @p_str3, i32 1, i32 1, [5 x i8]* @p_str4, i32 0, i32 0, [1 x i8]* @p_str1, [1 x i8]* @p_str1, [1 x i8]* @p_str1, i32 0, i32 0, i32 0, i32 0, [1 x i8]* @p_str1, [1 x i8]* @p_str1) nounwind

]]></Node>
<StgValue><ssdm name="specinterface_ln86"/></StgValue>
</operation>

<operation id="35" st_id="5" stage="1" lat="1">
<core>NULL</core>
<MemPortIdVec></MemPortIdVec>
<condition id="-1">
<or_exp><and_exp></and_exp></or_exp>
</condition>

<Node id="25" bw="0" op_0_bw="0" op_1_bw="16" op_2_bw="1" op_3_bw="0" op_4_bw="32" op_5_bw="32" op_6_bw="0" op_7_bw="32" op_8_bw="32" op_9_bw="0" op_10_bw="0" op_11_bw="0" op_12_bw="32" op_13_bw="32" op_14_bw="32" op_15_bw="32" op_16_bw="0" op_17_bw="0">
<![CDATA[
:14  call void (...)* @_ssdm_op_SpecInterface(i16* %support_vectors_V_data_V, i1* %support_vectors_V_last, [5 x i8]* @p_str3, i32 1, i32 1, [5 x i8]* @p_str4, i32 0, i32 0, [1 x i8]* @p_str1, [1 x i8]* @p_str1, [1 x i8]* @p_str1, i32 0, i32 0, i32 0, i32 0, [1 x i8]* @p_str1, [1 x i8]* @p_str1) nounwind

]]></Node>
<StgValue><ssdm name="specinterface_ln87"/></StgValue>
</operation>

<operation id="36" st_id="5" stage="1" lat="1">
<core>NULL</core>
<MemPortIdVec></MemPortIdVec>
<condition id="-1">
<or_exp><and_exp></and_exp></or_exp>
</condition>

<Node id="26" bw="0" op_0_bw="0" op_1_bw="32" op_2_bw="1" op_3_bw="0" op_4_bw="32" op_5_bw="32" op_6_bw="0" op_7_bw="32" op_8_bw="32" op_9_bw="0" op_10_bw="0" op_11_bw="0" op_12_bw="32" op_13_bw="32" op_14_bw="32" op_15_bw="32" op_16_bw="0" op_17_bw="0">
<![CDATA[
:15  call void (...)* @_ssdm_op_SpecInterface(i32* %sv_coeffs_V_data_V, i1* %sv_coeffs_V_last, [5 x i8]* @p_str3, i32 1, i32 1, [5 x i8]* @p_str4, i32 0, i32 0, [1 x i8]* @p_str1, [1 x i8]* @p_str1, [1 x i8]* @p_str1, i32 0, i32 0, i32 0, i32 0, [1 x i8]* @p_str1, [1 x i8]* @p_str1) nounwind

]]></Node>
<StgValue><ssdm name="specinterface_ln88"/></StgValue>
</operation>

<operation id="37" st_id="5" stage="1" lat="1">
<core>NULL</core>
<MemPortIdVec></MemPortIdVec>
<condition id="-1">
<or_exp><and_exp></and_exp></or_exp>
</condition>

<Node id="27" bw="0" op_0_bw="0" op_1_bw="32" op_2_bw="0" op_3_bw="32" op_4_bw="32" op_5_bw="0" op_6_bw="32" op_7_bw="32" op_8_bw="0" op_9_bw="0" op_10_bw="0" op_11_bw="32" op_12_bw="32" op_13_bw="32" op_14_bw="32" op_15_bw="0" op_16_bw="0">
<![CDATA[
:16  call void (...)* @_ssdm_op_SpecInterface(i32 0, [13 x i8]* @p_str5, i32 0, i32 0, [1 x i8]* @p_str1, i32 0, i32 0, [1 x i8]* @p_str1, [1 x i8]* @p_str1, [1 x i8]* @p_str1, i32 0, i32 0, i32 0, i32 0, [1 x i8]* @p_str1, [1 x i8]* @p_str1) nounwind

]]></Node>
<StgValue><ssdm name="specinterface_ln89"/></StgValue>
</operation>

<operation id="38" st_id="5" stage="1" lat="1">
<core>NULL</core>
<MemPortIdVec></MemPortIdVec>
<condition id="-1">
<or_exp><and_exp></and_exp></or_exp>
</condition>

<Node id="42" bw="0">
<![CDATA[
:31  ret void

]]></Node>
<StgValue><ssdm name="ret_ln128"/></StgValue>
</operation>
</state>
</state_list>


<ports>
<port id="43" name="support_vectors_V_data_V" dir="0" iftype="0">
<core>NULL</core><StgValue><ssdm name="support_vectors_V_data_V"/></StgValue>
</port>
<port id="44" name="support_vectors_V_last" dir="0" iftype="0">
<core>NULL</core><StgValue><ssdm name="support_vectors_V_last"/></StgValue>
</port>
<port id="45" name="sv_coeffs_V_data_V" dir="0" iftype="0">
<core>NULL</core><StgValue><ssdm name="sv_coeffs_V_data_V"/></StgValue>
</port>
<port id="46" name="sv_coeffs_V_last" dir="0" iftype="0">
<core>NULL</core><StgValue><ssdm name="sv_coeffs_V_last"/></StgValue>
</port>
<port id="47" name="testing_matrix_V_data_V" dir="0" iftype="0">
<core>NULL</core><StgValue><ssdm name="testing_matrix_V_data_V"/></StgValue>
</port>
<port id="48" name="testing_matrix_V_last" dir="0" iftype="0">
<core>NULL</core><StgValue><ssdm name="testing_matrix_V_last"/></StgValue>
</port>
<port id="49" name="classification_details_V_data_V" dir="0" iftype="0">
<core>NULL</core><StgValue><ssdm name="classification_details_V_data_V"/></StgValue>
</port>
<port id="50" name="classification_details_V_last" dir="0" iftype="0">
<core>NULL</core><StgValue><ssdm name="classification_details_V_last"/></StgValue>
</port>
<port id="51" name="geometric_values_out_V_data_V" dir="1" iftype="0">
<core>NULL</core><StgValue><ssdm name="geometric_values_out_V_data_V"/></StgValue>
</port>
<port id="52" name="geometric_values_out_V_last" dir="1" iftype="0">
<core>NULL</core><StgValue><ssdm name="geometric_values_out_V_last"/></StgValue>
</port>
</ports>


<dataflows>
<dataflow id="54" from="_ssdm_op_Read.axis.volatile.i32P.i1P" to="empty" fromId="53" toId="6">
</dataflow>
<dataflow id="55" from="sv_coeffs_V_data_V" to="empty" fromId="45" toId="6">
</dataflow>
<dataflow id="56" from="sv_coeffs_V_last" to="empty" fromId="46" toId="6">
</dataflow>
<dataflow id="57" from="empty" to="tmp_data_V_7" fromId="6" toId="7">
</dataflow>
<dataflow id="58" from="_ssdm_op_Read.axis.volatile.i32P.i1P" to="empty_22" fromId="53" toId="8">
</dataflow>
<dataflow id="59" from="classification_details_V_data_V" to="empty_22" fromId="49" toId="8">
</dataflow>
<dataflow id="60" from="classification_details_V_last" to="empty_22" fromId="50" toId="8">
</dataflow>
<dataflow id="61" from="empty_22" to="tmp_data_V_4" fromId="8" toId="9">
</dataflow>
<dataflow id="62" from="tmp_data_V_4" to="no_svs_V" fromId="9" toId="10">
</dataflow>
<dataflow id="63" from="_ssdm_op_Read.axis.volatile.i32P.i1P" to="empty_23" fromId="53" toId="11">
</dataflow>
<dataflow id="64" from="classification_details_V_data_V" to="empty_23" fromId="49" toId="11">
</dataflow>
<dataflow id="65" from="classification_details_V_last" to="empty_23" fromId="50" toId="11">
</dataflow>
<dataflow id="66" from="empty_23" to="tmp_data_V" fromId="11" toId="12">
</dataflow>
<dataflow id="67" from="tmp_data_V" to="no_variables_V" fromId="12" toId="13">
</dataflow>
<dataflow id="68" from="_ssdm_op_Read.axis.volatile.i32P.i1P" to="empty_25" fromId="53" toId="14">
</dataflow>
<dataflow id="69" from="sv_coeffs_V_data_V" to="empty_25" fromId="45" toId="14">
</dataflow>
<dataflow id="70" from="sv_coeffs_V_last" to="empty_25" fromId="46" toId="14">
</dataflow>
<dataflow id="71" from="empty_25" to="tmp_data_V_8" fromId="14" toId="15">
</dataflow>
<dataflow id="72" from="_ssdm_op_Read.axis.volatile.i32P.i1P" to="empty_24" fromId="53" toId="16">
</dataflow>
<dataflow id="73" from="classification_details_V_data_V" to="empty_24" fromId="49" toId="16">
</dataflow>
<dataflow id="74" from="classification_details_V_last" to="empty_24" fromId="50" toId="16">
</dataflow>
<dataflow id="75" from="empty_24" to="tmp_data_V_5" fromId="16" toId="17">
</dataflow>
<dataflow id="76" from="tmp_data_V_5" to="no_test_vectors_V" fromId="17" toId="18">
</dataflow>
<dataflow id="78" from="get_geometric_values" to="call_ln118" fromId="77" toId="19">
</dataflow>
<dataflow id="79" from="support_vectors_V_data_V" to="call_ln118" fromId="43" toId="19">
</dataflow>
<dataflow id="80" from="support_vectors_V_last" to="call_ln118" fromId="44" toId="19">
</dataflow>
<dataflow id="81" from="sv_coeffs_V_data_V" to="call_ln118" fromId="45" toId="19">
</dataflow>
<dataflow id="82" from="sv_coeffs_V_last" to="call_ln118" fromId="46" toId="19">
</dataflow>
<dataflow id="83" from="testing_matrix_V_data_V" to="call_ln118" fromId="47" toId="19">
</dataflow>
<dataflow id="84" from="testing_matrix_V_last" to="call_ln118" fromId="48" toId="19">
</dataflow>
<dataflow id="85" from="tmp_data_V_8" to="call_ln118" fromId="15" toId="19">
</dataflow>
<dataflow id="86" from="no_svs_V" to="call_ln118" fromId="10" toId="19">
</dataflow>
<dataflow id="87" from="no_variables_V" to="call_ln118" fromId="13" toId="19">
</dataflow>
<dataflow id="88" from="no_test_vectors_V" to="call_ln118" fromId="18" toId="19">
</dataflow>
<dataflow id="89" from="tmp_data_V_7" to="call_ln118" fromId="7" toId="19">
</dataflow>
<dataflow id="90" from="geometric_values_out_V_data_V" to="call_ln118" fromId="51" toId="19">
</dataflow>
<dataflow id="91" from="geometric_values_out_V_last" to="call_ln118" fromId="52" toId="19">
</dataflow>
<dataflow id="92" from="get_geometric_values" to="call_ln118" fromId="77" toId="20">
</dataflow>
<dataflow id="93" from="support_vectors_V_data_V" to="call_ln118" fromId="43" toId="20">
</dataflow>
<dataflow id="94" from="support_vectors_V_last" to="call_ln118" fromId="44" toId="20">
</dataflow>
<dataflow id="95" from="sv_coeffs_V_data_V" to="call_ln118" fromId="45" toId="20">
</dataflow>
<dataflow id="96" from="sv_coeffs_V_last" to="call_ln118" fromId="46" toId="20">
</dataflow>
<dataflow id="97" from="testing_matrix_V_data_V" to="call_ln118" fromId="47" toId="20">
</dataflow>
<dataflow id="98" from="testing_matrix_V_last" to="call_ln118" fromId="48" toId="20">
</dataflow>
<dataflow id="99" from="tmp_data_V_8" to="call_ln118" fromId="15" toId="20">
</dataflow>
<dataflow id="100" from="no_svs_V" to="call_ln118" fromId="10" toId="20">
</dataflow>
<dataflow id="101" from="no_variables_V" to="call_ln118" fromId="13" toId="20">
</dataflow>
<dataflow id="102" from="no_test_vectors_V" to="call_ln118" fromId="18" toId="20">
</dataflow>
<dataflow id="103" from="tmp_data_V_7" to="call_ln118" fromId="7" toId="20">
</dataflow>
<dataflow id="104" from="geometric_values_out_V_data_V" to="call_ln118" fromId="51" toId="20">
</dataflow>
<dataflow id="105" from="geometric_values_out_V_last" to="call_ln118" fromId="52" toId="20">
</dataflow>
<dataflow id="107" from="_ssdm_op_SpecBitsMap" to="specbitsmap_ln0" fromId="106" toId="21">
</dataflow>
<dataflow id="108" from="support_vectors_V_data_V" to="specbitsmap_ln0" fromId="43" toId="21">
</dataflow>
<dataflow id="109" from="_ssdm_op_SpecBitsMap" to="specbitsmap_ln0" fromId="106" toId="22">
</dataflow>
<dataflow id="110" from="support_vectors_V_last" to="specbitsmap_ln0" fromId="44" toId="22">
</dataflow>
<dataflow id="111" from="_ssdm_op_SpecBitsMap" to="specbitsmap_ln0" fromId="106" toId="23">
</dataflow>
<dataflow id="112" from="sv_coeffs_V_data_V" to="specbitsmap_ln0" fromId="45" toId="23">
</dataflow>
<dataflow id="113" from="_ssdm_op_SpecBitsMap" to="specbitsmap_ln0" fromId="106" toId="24">
</dataflow>
<dataflow id="114" from="sv_coeffs_V_last" to="specbitsmap_ln0" fromId="46" toId="24">
</dataflow>
<dataflow id="115" from="_ssdm_op_SpecBitsMap" to="specbitsmap_ln0" fromId="106" toId="25">
</dataflow>
<dataflow id="116" from="testing_matrix_V_data_V" to="specbitsmap_ln0" fromId="47" toId="25">
</dataflow>
<dataflow id="117" from="_ssdm_op_SpecBitsMap" to="specbitsmap_ln0" fromId="106" toId="26">
</dataflow>
<dataflow id="118" from="testing_matrix_V_last" to="specbitsmap_ln0" fromId="48" toId="26">
</dataflow>
<dataflow id="119" from="_ssdm_op_SpecBitsMap" to="specbitsmap_ln0" fromId="106" toId="27">
</dataflow>
<dataflow id="120" from="classification_details_V_data_V" to="specbitsmap_ln0" fromId="49" toId="27">
</dataflow>
<dataflow id="121" from="_ssdm_op_SpecBitsMap" to="specbitsmap_ln0" fromId="106" toId="28">
</dataflow>
<dataflow id="122" from="classification_details_V_last" to="specbitsmap_ln0" fromId="50" toId="28">
</dataflow>
<dataflow id="123" from="_ssdm_op_SpecBitsMap" to="specbitsmap_ln0" fromId="106" toId="29">
</dataflow>
<dataflow id="124" from="geometric_values_out_V_data_V" to="specbitsmap_ln0" fromId="51" toId="29">
</dataflow>
<dataflow id="125" from="_ssdm_op_SpecBitsMap" to="specbitsmap_ln0" fromId="106" toId="30">
</dataflow>
<dataflow id="126" from="geometric_values_out_V_last" to="specbitsmap_ln0" fromId="52" toId="30">
</dataflow>
<dataflow id="128" from="_ssdm_op_SpecTopModule" to="spectopmodule_ln0" fromId="127" toId="31">
</dataflow>
<dataflow id="130" from="geometric_values_rbf" to="spectopmodule_ln0" fromId="129" toId="31">
</dataflow>
<dataflow id="132" from="_ssdm_op_SpecInterface" to="specinterface_ln84" fromId="131" toId="32">
</dataflow>
<dataflow id="133" from="testing_matrix_V_data_V" to="specinterface_ln84" fromId="47" toId="32">
</dataflow>
<dataflow id="134" from="testing_matrix_V_last" to="specinterface_ln84" fromId="48" toId="32">
</dataflow>
<dataflow id="136" from="p_str3" to="specinterface_ln84" fromId="135" toId="32">
</dataflow>
<dataflow id="138" from="StgValue_137" to="specinterface_ln84" fromId="137" toId="32">
</dataflow>
<dataflow id="139" from="StgValue_137" to="specinterface_ln84" fromId="137" toId="32">
</dataflow>
<dataflow id="141" from="p_str4" to="specinterface_ln84" fromId="140" toId="32">
</dataflow>
<dataflow id="143" from="StgValue_142" to="specinterface_ln84" fromId="142" toId="32">
</dataflow>
<dataflow id="144" from="StgValue_142" to="specinterface_ln84" fromId="142" toId="32">
</dataflow>
<dataflow id="146" from="p_str1" to="specinterface_ln84" fromId="145" toId="32">
</dataflow>
<dataflow id="147" from="p_str1" to="specinterface_ln84" fromId="145" toId="32">
</dataflow>
<dataflow id="148" from="p_str1" to="specinterface_ln84" fromId="145" toId="32">
</dataflow>
<dataflow id="149" from="StgValue_142" to="specinterface_ln84" fromId="142" toId="32">
</dataflow>
<dataflow id="150" from="StgValue_142" to="specinterface_ln84" fromId="142" toId="32">
</dataflow>
<dataflow id="151" from="StgValue_142" to="specinterface_ln84" fromId="142" toId="32">
</dataflow>
<dataflow id="152" from="StgValue_142" to="specinterface_ln84" fromId="142" toId="32">
</dataflow>
<dataflow id="153" from="p_str1" to="specinterface_ln84" fromId="145" toId="32">
</dataflow>
<dataflow id="154" from="p_str1" to="specinterface_ln84" fromId="145" toId="32">
</dataflow>
<dataflow id="155" from="_ssdm_op_SpecInterface" to="specinterface_ln85" fromId="131" toId="33">
</dataflow>
<dataflow id="156" from="geometric_values_out_V_data_V" to="specinterface_ln85" fromId="51" toId="33">
</dataflow>
<dataflow id="157" from="geometric_values_out_V_last" to="specinterface_ln85" fromId="52" toId="33">
</dataflow>
<dataflow id="158" from="p_str3" to="specinterface_ln85" fromId="135" toId="33">
</dataflow>
<dataflow id="159" from="StgValue_137" to="specinterface_ln85" fromId="137" toId="33">
</dataflow>
<dataflow id="160" from="StgValue_137" to="specinterface_ln85" fromId="137" toId="33">
</dataflow>
<dataflow id="161" from="p_str4" to="specinterface_ln85" fromId="140" toId="33">
</dataflow>
<dataflow id="162" from="StgValue_142" to="specinterface_ln85" fromId="142" toId="33">
</dataflow>
<dataflow id="163" from="StgValue_142" to="specinterface_ln85" fromId="142" toId="33">
</dataflow>
<dataflow id="164" from="p_str1" to="specinterface_ln85" fromId="145" toId="33">
</dataflow>
<dataflow id="165" from="p_str1" to="specinterface_ln85" fromId="145" toId="33">
</dataflow>
<dataflow id="166" from="p_str1" to="specinterface_ln85" fromId="145" toId="33">
</dataflow>
<dataflow id="167" from="StgValue_142" to="specinterface_ln85" fromId="142" toId="33">
</dataflow>
<dataflow id="168" from="StgValue_142" to="specinterface_ln85" fromId="142" toId="33">
</dataflow>
<dataflow id="169" from="StgValue_142" to="specinterface_ln85" fromId="142" toId="33">
</dataflow>
<dataflow id="170" from="StgValue_142" to="specinterface_ln85" fromId="142" toId="33">
</dataflow>
<dataflow id="171" from="p_str1" to="specinterface_ln85" fromId="145" toId="33">
</dataflow>
<dataflow id="172" from="p_str1" to="specinterface_ln85" fromId="145" toId="33">
</dataflow>
<dataflow id="173" from="_ssdm_op_SpecInterface" to="specinterface_ln86" fromId="131" toId="34">
</dataflow>
<dataflow id="174" from="classification_details_V_data_V" to="specinterface_ln86" fromId="49" toId="34">
</dataflow>
<dataflow id="175" from="classification_details_V_last" to="specinterface_ln86" fromId="50" toId="34">
</dataflow>
<dataflow id="176" from="p_str3" to="specinterface_ln86" fromId="135" toId="34">
</dataflow>
<dataflow id="177" from="StgValue_137" to="specinterface_ln86" fromId="137" toId="34">
</dataflow>
<dataflow id="178" from="StgValue_137" to="specinterface_ln86" fromId="137" toId="34">
</dataflow>
<dataflow id="179" from="p_str4" to="specinterface_ln86" fromId="140" toId="34">
</dataflow>
<dataflow id="180" from="StgValue_142" to="specinterface_ln86" fromId="142" toId="34">
</dataflow>
<dataflow id="181" from="StgValue_142" to="specinterface_ln86" fromId="142" toId="34">
</dataflow>
<dataflow id="182" from="p_str1" to="specinterface_ln86" fromId="145" toId="34">
</dataflow>
<dataflow id="183" from="p_str1" to="specinterface_ln86" fromId="145" toId="34">
</dataflow>
<dataflow id="184" from="p_str1" to="specinterface_ln86" fromId="145" toId="34">
</dataflow>
<dataflow id="185" from="StgValue_142" to="specinterface_ln86" fromId="142" toId="34">
</dataflow>
<dataflow id="186" from="StgValue_142" to="specinterface_ln86" fromId="142" toId="34">
</dataflow>
<dataflow id="187" from="StgValue_142" to="specinterface_ln86" fromId="142" toId="34">
</dataflow>
<dataflow id="188" from="StgValue_142" to="specinterface_ln86" fromId="142" toId="34">
</dataflow>
<dataflow id="189" from="p_str1" to="specinterface_ln86" fromId="145" toId="34">
</dataflow>
<dataflow id="190" from="p_str1" to="specinterface_ln86" fromId="145" toId="34">
</dataflow>
<dataflow id="191" from="_ssdm_op_SpecInterface" to="specinterface_ln87" fromId="131" toId="35">
</dataflow>
<dataflow id="192" from="support_vectors_V_data_V" to="specinterface_ln87" fromId="43" toId="35">
</dataflow>
<dataflow id="193" from="support_vectors_V_last" to="specinterface_ln87" fromId="44" toId="35">
</dataflow>
<dataflow id="194" from="p_str3" to="specinterface_ln87" fromId="135" toId="35">
</dataflow>
<dataflow id="195" from="StgValue_137" to="specinterface_ln87" fromId="137" toId="35">
</dataflow>
<dataflow id="196" from="StgValue_137" to="specinterface_ln87" fromId="137" toId="35">
</dataflow>
<dataflow id="197" from="p_str4" to="specinterface_ln87" fromId="140" toId="35">
</dataflow>
<dataflow id="198" from="StgValue_142" to="specinterface_ln87" fromId="142" toId="35">
</dataflow>
<dataflow id="199" from="StgValue_142" to="specinterface_ln87" fromId="142" toId="35">
</dataflow>
<dataflow id="200" from="p_str1" to="specinterface_ln87" fromId="145" toId="35">
</dataflow>
<dataflow id="201" from="p_str1" to="specinterface_ln87" fromId="145" toId="35">
</dataflow>
<dataflow id="202" from="p_str1" to="specinterface_ln87" fromId="145" toId="35">
</dataflow>
<dataflow id="203" from="StgValue_142" to="specinterface_ln87" fromId="142" toId="35">
</dataflow>
<dataflow id="204" from="StgValue_142" to="specinterface_ln87" fromId="142" toId="35">
</dataflow>
<dataflow id="205" from="StgValue_142" to="specinterface_ln87" fromId="142" toId="35">
</dataflow>
<dataflow id="206" from="StgValue_142" to="specinterface_ln87" fromId="142" toId="35">
</dataflow>
<dataflow id="207" from="p_str1" to="specinterface_ln87" fromId="145" toId="35">
</dataflow>
<dataflow id="208" from="p_str1" to="specinterface_ln87" fromId="145" toId="35">
</dataflow>
<dataflow id="209" from="_ssdm_op_SpecInterface" to="specinterface_ln88" fromId="131" toId="36">
</dataflow>
<dataflow id="210" from="sv_coeffs_V_data_V" to="specinterface_ln88" fromId="45" toId="36">
</dataflow>
<dataflow id="211" from="sv_coeffs_V_last" to="specinterface_ln88" fromId="46" toId="36">
</dataflow>
<dataflow id="212" from="p_str3" to="specinterface_ln88" fromId="135" toId="36">
</dataflow>
<dataflow id="213" from="StgValue_137" to="specinterface_ln88" fromId="137" toId="36">
</dataflow>
<dataflow id="214" from="StgValue_137" to="specinterface_ln88" fromId="137" toId="36">
</dataflow>
<dataflow id="215" from="p_str4" to="specinterface_ln88" fromId="140" toId="36">
</dataflow>
<dataflow id="216" from="StgValue_142" to="specinterface_ln88" fromId="142" toId="36">
</dataflow>
<dataflow id="217" from="StgValue_142" to="specinterface_ln88" fromId="142" toId="36">
</dataflow>
<dataflow id="218" from="p_str1" to="specinterface_ln88" fromId="145" toId="36">
</dataflow>
<dataflow id="219" from="p_str1" to="specinterface_ln88" fromId="145" toId="36">
</dataflow>
<dataflow id="220" from="p_str1" to="specinterface_ln88" fromId="145" toId="36">
</dataflow>
<dataflow id="221" from="StgValue_142" to="specinterface_ln88" fromId="142" toId="36">
</dataflow>
<dataflow id="222" from="StgValue_142" to="specinterface_ln88" fromId="142" toId="36">
</dataflow>
<dataflow id="223" from="StgValue_142" to="specinterface_ln88" fromId="142" toId="36">
</dataflow>
<dataflow id="224" from="StgValue_142" to="specinterface_ln88" fromId="142" toId="36">
</dataflow>
<dataflow id="225" from="p_str1" to="specinterface_ln88" fromId="145" toId="36">
</dataflow>
<dataflow id="226" from="p_str1" to="specinterface_ln88" fromId="145" toId="36">
</dataflow>
<dataflow id="227" from="_ssdm_op_SpecInterface" to="specinterface_ln89" fromId="131" toId="37">
</dataflow>
<dataflow id="228" from="StgValue_142" to="specinterface_ln89" fromId="142" toId="37">
</dataflow>
<dataflow id="230" from="p_str5" to="specinterface_ln89" fromId="229" toId="37">
</dataflow>
<dataflow id="231" from="StgValue_142" to="specinterface_ln89" fromId="142" toId="37">
</dataflow>
<dataflow id="232" from="StgValue_142" to="specinterface_ln89" fromId="142" toId="37">
</dataflow>
<dataflow id="233" from="p_str1" to="specinterface_ln89" fromId="145" toId="37">
</dataflow>
<dataflow id="234" from="StgValue_142" to="specinterface_ln89" fromId="142" toId="37">
</dataflow>
<dataflow id="235" from="StgValue_142" to="specinterface_ln89" fromId="142" toId="37">
</dataflow>
<dataflow id="236" from="p_str1" to="specinterface_ln89" fromId="145" toId="37">
</dataflow>
<dataflow id="237" from="p_str1" to="specinterface_ln89" fromId="145" toId="37">
</dataflow>
<dataflow id="238" from="p_str1" to="specinterface_ln89" fromId="145" toId="37">
</dataflow>
<dataflow id="239" from="StgValue_142" to="specinterface_ln89" fromId="142" toId="37">
</dataflow>
<dataflow id="240" from="StgValue_142" to="specinterface_ln89" fromId="142" toId="37">
</dataflow>
<dataflow id="241" from="StgValue_142" to="specinterface_ln89" fromId="142" toId="37">
</dataflow>
<dataflow id="242" from="StgValue_142" to="specinterface_ln89" fromId="142" toId="37">
</dataflow>
<dataflow id="243" from="p_str1" to="specinterface_ln89" fromId="145" toId="37">
</dataflow>
<dataflow id="244" from="p_str1" to="specinterface_ln89" fromId="145" toId="37">
</dataflow>
</dataflows>


</stg>
