<annotationInfo>
<annotationInfo>
<item  id="14" filename="geometric_values.cpp" linenumber="11" name="icmp_ln11" contextFuncName="kernel_rbf" moduleName="kernel_rbf" rtlName="icmp_ln11_fu_208_p2" latency="0" BRAM="-1" DSP="-1" FF="0" LUT="13" fileDirectory="C:\Users\Ryan\Documents\University\Project\HLS\geometric_values_ZCU104_RBF_1"&gt;&lt;\/item&gt;
<item  id="16" filename="geometric_values.cpp" linenumber="11" name="n1_V" contextFuncName="kernel_rbf" moduleName="kernel_rbf" rtlName="n1_V_fu_214_p2" latency="0" BRAM="-1" DSP="-1" FF="0" LUT="16" fileDirectory="C:\Users\Ryan\Documents\University\Project\HLS\geometric_values_ZCU104_RBF_1"&gt;&lt;\/item&gt;
<item  id="22" filename="geometric_values.cpp" linenumber="13" name="icmp_ln887" contextFuncName="kernel_rbf" moduleName="kernel_rbf" rtlName="icmp_ln887_fu_220_p2" latency="0" BRAM="-1" DSP="-1" FF="0" LUT="13" fileDirectory="C:\Users\Ryan\Documents\University\Project\HLS\geometric_values_ZCU104_RBF_1"&gt;&lt;\/item&gt;
<item  id="28" filename="geometric_values.cpp" linenumber="15" name="zext_ln544" contextFuncName="kernel_rbf" moduleName="kernel_rbf" rtlName="zext_ln544_fu_225_p1" latency="0" BRAM="-1" DSP="-1" FF="-1" LUT="-1" fileDirectory="C:\Users\Ryan\Documents\University\Project\HLS\geometric_values_ZCU104_RBF_1"&gt;&lt;\/item&gt;
<item  id="29" filename="geometric_values.cpp" linenumber="15" name="lhs_V" contextFuncName="kernel_rbf" moduleName="kernel_rbf" rtlName="lhs_V_fu_233_p1" latency="0" BRAM="-1" DSP="-1" FF="-1" LUT="-1" fileDirectory="C:\Users\Ryan\Documents\University\Project\HLS\geometric_values_ZCU104_RBF_1"&gt;&lt;\/item&gt;
<item  id="32" filename="geometric_values.cpp" linenumber="15" name="rhs_V" contextFuncName="kernel_rbf" moduleName="kernel_rbf" rtlName="rhs_V_fu_237_p1" latency="0" BRAM="-1" DSP="-1" FF="-1" LUT="-1" fileDirectory="C:\Users\Ryan\Documents\University\Project\HLS\geometric_values_ZCU104_RBF_1"&gt;&lt;\/item&gt;
<item  id="33" filename="geometric_values.cpp" linenumber="15" name="ret_V" contextFuncName="kernel_rbf" moduleName="kernel_rbf" rtlName="ret_V_fu_241_p2" latency="0" BRAM="-1" DSP="-1" FF="0" LUT="24" fileDirectory="C:\Users\Ryan\Documents\University\Project\HLS\geometric_values_ZCU104_RBF_1"&gt;&lt;\/item&gt;
<item  id="34" filename="geometric_values.cpp" linenumber="15" name="difference_element_V" contextFuncName="kernel_rbf" moduleName="kernel_rbf" rtlName="difference_element_V_fu_247_p3" latency="0" BRAM="-1" DSP="-1" FF="-1" LUT="-1" fileDirectory="C:\Users\Ryan\Documents\University\Project\HLS\geometric_values_ZCU104_RBF_1"&gt;&lt;\/item&gt;
<item  id="35" filename="geometric_values.cpp" linenumber="16" name="sext_ln1116" contextFuncName="kernel_rbf" moduleName="kernel_rbf" rtlName="sext_ln1116_fu_255_p1" latency="0" BRAM="-1" DSP="-1" FF="-1" LUT="-1" fileDirectory="C:\Users\Ryan\Documents\University\Project\HLS\geometric_values_ZCU104_RBF_1"&gt;&lt;\/item&gt;
<item  id="36" filename="geometric_values.cpp" linenumber="16" name="r_V" contextFuncName="kernel_rbf" moduleName="kernel_rbf" rtlName="r_V_fu_259_p2" latency="0" BRAM="-1" DSP="2" FF="0" LUT="22" fileDirectory="C:\Users\Ryan\Documents\University\Project\HLS\geometric_values_ZCU104_RBF_1"&gt;&lt;\/item&gt;
<item  id="37" filename="geometric_values.cpp" linenumber="16" name="lhs_V_1" contextFuncName="kernel_rbf" moduleName="kernel_rbf" rtlName="lhs_V_1_fu_265_p3" latency="0" BRAM="-1" DSP="-1" FF="-1" LUT="-1" fileDirectory="C:\Users\Ryan\Documents\University\Project\HLS\geometric_values_ZCU104_RBF_1"&gt;&lt;\/item&gt;
<item  id="38" filename="geometric_values.cpp" linenumber="16" name="sext_ln1192" contextFuncName="kernel_rbf" moduleName="kernel_rbf" rtlName="sext_ln1192_fu_273_p1" latency="0" BRAM="-1" DSP="-1" FF="-1" LUT="-1" fileDirectory="C:\Users\Ryan\Documents\University\Project\HLS\geometric_values_ZCU104_RBF_1"&gt;&lt;\/item&gt;
<item  id="39" filename="geometric_values.cpp" linenumber="16" name="ret_V_1" contextFuncName="kernel_rbf" moduleName="kernel_rbf" rtlName="ret_V_1_fu_277_p2" latency="0" BRAM="-1" DSP="-1" FF="0" LUT="59" fileDirectory="C:\Users\Ryan\Documents\University\Project\HLS\geometric_values_ZCU104_RBF_1"&gt;&lt;\/item&gt;
<item  id="40" filename="geometric_values.cpp" linenumber="16" name="square_norm_V" contextFuncName="kernel_rbf" moduleName="kernel_rbf" rtlName="p_Val2_s_fu_144" latency="0" BRAM="-1" DSP="-1" FF="-1" LUT="-1" fileDirectory="C:\Users\Ryan\Documents\University\Project\HLS\geometric_values_ZCU104_RBF_1"&gt;&lt;\/item&gt;
<item  id="50" filename="geometric_values.cpp" linenumber="21" name="mul_ln1118" contextFuncName="kernel_rbf" moduleName="kernel_rbf" rtlName="mul_ln1118_fu_305_p2" latency="0" BRAM="-1" DSP="4" FF="0" LUT="20" fileDirectory="C:\Users\Ryan\Documents\University\Project\HLS\geometric_values_ZCU104_RBF_1"&gt;&lt;\/item&gt;
<item  id="51" filename="geometric_values.cpp" linenumber="21" name="r_V_2" contextFuncName="kernel_rbf" moduleName="kernel_rbf" rtlName="r_V_2_fu_311_p2" latency="0" BRAM="-1" DSP="-1" FF="0" LUT="59" fileDirectory="C:\Users\Ryan\Documents\University\Project\HLS\geometric_values_ZCU104_RBF_1"&gt;&lt;\/item&gt;
<item  id="52" filename="geometric_values.cpp" linenumber="21" name="tmp_V_3" contextFuncName="kernel_rbf" moduleName="kernel_rbf" rtlName="tmp_V_3_reg_926" latency="0" BRAM="-1" DSP="-1" FF="-1" LUT="-1" fileDirectory="C:\Users\Ryan\Documents\University\Project\HLS\geometric_values_ZCU104_RBF_1"&gt;&lt;\/item&gt;
<item  id="53" filename="geometric_values.cpp" linenumber="22" name="icmp_ln935" contextFuncName="kernel_rbf" moduleName="kernel_rbf" rtlName="icmp_ln935_fu_335_p2" latency="0" BRAM="-1" DSP="-1" FF="0" LUT="20" fileDirectory="C:\Users\Ryan\Documents\University\Project\HLS\geometric_values_ZCU104_RBF_1"&gt;&lt;\/item&gt;
<item  id="54" filename="geometric_values.cpp" linenumber="22" name="p_Result_5" contextFuncName="kernel_rbf" moduleName="kernel_rbf" rtlName="p_Result_5_reg_933" latency="0" BRAM="-1" DSP="-1" FF="-1" LUT="-1" fileDirectory="C:\Users\Ryan\Documents\University\Project\HLS\geometric_values_ZCU104_RBF_1"&gt;&lt;\/item&gt;
<item  id="55" filename="geometric_values.cpp" linenumber="22" name="tmp_V" contextFuncName="kernel_rbf" moduleName="kernel_rbf" rtlName="tmp_V_fu_340_p2" latency="0" BRAM="-1" DSP="-1" FF="0" LUT="39" fileDirectory="C:\Users\Ryan\Documents\University\Project\HLS\geometric_values_ZCU104_RBF_1"&gt;&lt;\/item&gt;
<item  id="56" filename="geometric_values.cpp" linenumber="22" name="tmp_V_4" contextFuncName="kernel_rbf" moduleName="kernel_rbf" rtlName="tmp_V_4_fu_345_p3" latency="0" BRAM="-1" DSP="-1" FF="0" LUT="32" fileDirectory="C:\Users\Ryan\Documents\University\Project\HLS\geometric_values_ZCU104_RBF_1"&gt;&lt;\/item&gt;
<item  id="57" filename="geometric_values.cpp" linenumber="22" name="p_Result_6" contextFuncName="kernel_rbf" moduleName="kernel_rbf" rtlName="p_Result_6_fu_351_p4" latency="0" BRAM="-1" DSP="-1" FF="-1" LUT="-1" fileDirectory="C:\Users\Ryan\Documents\University\Project\HLS\geometric_values_ZCU104_RBF_1"&gt;&lt;\/item&gt;
<item  id="58" filename="geometric_values.cpp" linenumber="22" name="l" contextFuncName="kernel_rbf" moduleName="kernel_rbf" rtlName="l_fu_361_p3" latency="0" BRAM="-1" DSP="-1" FF="40" LUT="36" fileDirectory="C:\Users\Ryan\Documents\University\Project\HLS\geometric_values_ZCU104_RBF_1"&gt;&lt;\/item&gt;
<item  id="59" filename="geometric_values.cpp" linenumber="22" name="sub_ln944" contextFuncName="kernel_rbf" moduleName="kernel_rbf" rtlName="sub_ln944_fu_369_p2" latency="0" BRAM="-1" DSP="-1" FF="0" LUT="39" fileDirectory="C:\Users\Ryan\Documents\University\Project\HLS\geometric_values_ZCU104_RBF_1"&gt;&lt;\/item&gt;
<item  id="60" filename="geometric_values.cpp" linenumber="22" name="lsb_index" contextFuncName="kernel_rbf" moduleName="kernel_rbf" rtlName="lsb_index_fu_375_p2" latency="0" BRAM="-1" DSP="-1" FF="0" LUT="39" fileDirectory="C:\Users\Ryan\Documents\University\Project\HLS\geometric_values_ZCU104_RBF_1"&gt;&lt;\/item&gt;
<item  id="61" filename="geometric_values.cpp" linenumber="22" name="tmp_4" contextFuncName="kernel_rbf" moduleName="kernel_rbf" rtlName="tmp_4_fu_381_p4" latency="0" BRAM="-1" DSP="-1" FF="-1" LUT="-1" fileDirectory="C:\Users\Ryan\Documents\University\Project\HLS\geometric_values_ZCU104_RBF_1"&gt;&lt;\/item&gt;
<item  id="62" filename="geometric_values.cpp" linenumber="22" name="icmp_ln947" contextFuncName="kernel_rbf" moduleName="kernel_rbf" rtlName="icmp_ln947_fu_391_p2" latency="0" BRAM="-1" DSP="-1" FF="0" LUT="20" fileDirectory="C:\Users\Ryan\Documents\University\Project\HLS\geometric_values_ZCU104_RBF_1"&gt;&lt;\/item&gt;
<item  id="63" filename="geometric_values.cpp" linenumber="22" name="trunc_ln947" contextFuncName="kernel_rbf" moduleName="kernel_rbf" rtlName="trunc_ln947_fu_397_p1" latency="0" BRAM="-1" DSP="-1" FF="-1" LUT="-1" fileDirectory="C:\Users\Ryan\Documents\University\Project\HLS\geometric_values_ZCU104_RBF_1"&gt;&lt;\/item&gt;
<item  id="64" filename="geometric_values.cpp" linenumber="22" name="sub_ln947" contextFuncName="kernel_rbf" moduleName="kernel_rbf" rtlName="sub_ln947_fu_401_p2" latency="0" BRAM="-1" DSP="-1" FF="0" LUT="15" fileDirectory="C:\Users\Ryan\Documents\University\Project\HLS\geometric_values_ZCU104_RBF_1"&gt;&lt;\/item&gt;
<item  id="65" filename="geometric_values.cpp" linenumber="22" name="zext_ln947" contextFuncName="kernel_rbf" moduleName="kernel_rbf" rtlName="zext_ln947_fu_407_p1" latency="0" BRAM="-1" DSP="-1" FF="-1" LUT="-1" fileDirectory="C:\Users\Ryan\Documents\University\Project\HLS\geometric_values_ZCU104_RBF_1"&gt;&lt;\/item&gt;
<item  id="66" filename="geometric_values.cpp" linenumber="22" name="lshr_ln947" contextFuncName="kernel_rbf" moduleName="kernel_rbf" rtlName="lshr_ln947_fu_411_p2" latency="0" BRAM="-1" DSP="-1" FF="0" LUT="97" fileDirectory="C:\Users\Ryan\Documents\University\Project\HLS\geometric_values_ZCU104_RBF_1"&gt;&lt;\/item&gt;
<item  id="67" filename="geometric_values.cpp" linenumber="22" name="p_Result_s" contextFuncName="kernel_rbf" moduleName="kernel_rbf" rtlName="p_Result_s_fu_417_p2" latency="0" BRAM="-1" DSP="-1" FF="0" LUT="32" fileDirectory="C:\Users\Ryan\Documents\University\Project\HLS\geometric_values_ZCU104_RBF_1"&gt;&lt;\/item&gt;
<item  id="68" filename="geometric_values.cpp" linenumber="22" name="icmp_ln947_1" contextFuncName="kernel_rbf" moduleName="kernel_rbf" rtlName="icmp_ln947_1_fu_423_p2" latency="0" BRAM="-1" DSP="-1" FF="0" LUT="20" fileDirectory="C:\Users\Ryan\Documents\University\Project\HLS\geometric_values_ZCU104_RBF_1"&gt;&lt;\/item&gt;
<item  id="69" filename="geometric_values.cpp" linenumber="22" name="a" contextFuncName="kernel_rbf" moduleName="kernel_rbf" rtlName="a_fu_429_p2" latency="0" BRAM="-1" DSP="-1" FF="0" LUT="2" fileDirectory="C:\Users\Ryan\Documents\University\Project\HLS\geometric_values_ZCU104_RBF_1"&gt;&lt;\/item&gt;
<item  id="70" filename="geometric_values.cpp" linenumber="22" name="tmp_5" contextFuncName="kernel_rbf" moduleName="kernel_rbf" rtlName="tmp_5_fu_435_p3" latency="0" BRAM="-1" DSP="-1" FF="-1" LUT="-1" fileDirectory="C:\Users\Ryan\Documents\University\Project\HLS\geometric_values_ZCU104_RBF_1"&gt;&lt;\/item&gt;
<item  id="71" filename="geometric_values.cpp" linenumber="22" name="xor_ln949" contextFuncName="kernel_rbf" moduleName="kernel_rbf" rtlName="xor_ln949_fu_443_p2" latency="0" BRAM="-1" DSP="-1" FF="0" LUT="2" fileDirectory="C:\Users\Ryan\Documents\University\Project\HLS\geometric_values_ZCU104_RBF_1"&gt;&lt;\/item&gt;
<item  id="72" filename="geometric_values.cpp" linenumber="22" name="p_Result_1" contextFuncName="kernel_rbf" moduleName="kernel_rbf" rtlName="p_Result_1_fu_449_p3" latency="0" BRAM="-1" DSP="-1" FF="-1" LUT="-1" fileDirectory="C:\Users\Ryan\Documents\University\Project\HLS\geometric_values_ZCU104_RBF_1"&gt;&lt;\/item&gt;
<item  id="73" filename="geometric_values.cpp" linenumber="22" name="and_ln949" contextFuncName="kernel_rbf" moduleName="kernel_rbf" rtlName="and_ln949_fu_457_p2" latency="0" BRAM="-1" DSP="-1" FF="0" LUT="2" fileDirectory="C:\Users\Ryan\Documents\University\Project\HLS\geometric_values_ZCU104_RBF_1"&gt;&lt;\/item&gt;
<item  id="74" filename="geometric_values.cpp" linenumber="22" name="or_ln949" contextFuncName="kernel_rbf" moduleName="kernel_rbf" rtlName="or_ln949_fu_463_p2" latency="0" BRAM="-1" DSP="-1" FF="0" LUT="2" fileDirectory="C:\Users\Ryan\Documents\University\Project\HLS\geometric_values_ZCU104_RBF_1"&gt;&lt;\/item&gt;
<item  id="75" filename="geometric_values.cpp" linenumber="22" name="or_ln" contextFuncName="kernel_rbf" moduleName="kernel_rbf" rtlName="or_ln_fu_469_p3" latency="0" BRAM="-1" DSP="-1" FF="-1" LUT="-1" fileDirectory="C:\Users\Ryan\Documents\University\Project\HLS\geometric_values_ZCU104_RBF_1"&gt;&lt;\/item&gt;
<item  id="76" filename="geometric_values.cpp" linenumber="22" name="icmp_ln958" contextFuncName="kernel_rbf" moduleName="kernel_rbf" rtlName="icmp_ln958_fu_477_p2" latency="0" BRAM="-1" DSP="-1" FF="0" LUT="20" fileDirectory="C:\Users\Ryan\Documents\University\Project\HLS\geometric_values_ZCU104_RBF_1"&gt;&lt;\/item&gt;
<item  id="77" filename="geometric_values.cpp" linenumber="22" name="add_ln958" contextFuncName="kernel_rbf" moduleName="kernel_rbf" rtlName="add_ln958_fu_483_p2" latency="0" BRAM="-1" DSP="-1" FF="0" LUT="39" fileDirectory="C:\Users\Ryan\Documents\University\Project\HLS\geometric_values_ZCU104_RBF_1"&gt;&lt;\/item&gt;
<item  id="78" filename="geometric_values.cpp" linenumber="22" name="lshr_ln958" contextFuncName="kernel_rbf" moduleName="kernel_rbf" rtlName="lshr_ln958_fu_489_p2" latency="0" BRAM="-1" DSP="-1" FF="0" LUT="97" fileDirectory="C:\Users\Ryan\Documents\University\Project\HLS\geometric_values_ZCU104_RBF_1"&gt;&lt;\/item&gt;
<item  id="79" filename="geometric_values.cpp" linenumber="22" name="sub_ln958" contextFuncName="kernel_rbf" moduleName="kernel_rbf" rtlName="sub_ln958_fu_495_p2" latency="0" BRAM="-1" DSP="-1" FF="0" LUT="39" fileDirectory="C:\Users\Ryan\Documents\University\Project\HLS\geometric_values_ZCU104_RBF_1"&gt;&lt;\/item&gt;
<item  id="80" filename="geometric_values.cpp" linenumber="22" name="shl_ln958" contextFuncName="kernel_rbf" moduleName="kernel_rbf" rtlName="shl_ln958_fu_501_p2" latency="0" BRAM="-1" DSP="-1" FF="0" LUT="97" fileDirectory="C:\Users\Ryan\Documents\University\Project\HLS\geometric_values_ZCU104_RBF_1"&gt;&lt;\/item&gt;
<item  id="81" filename="geometric_values.cpp" linenumber="22" name="m_2" contextFuncName="kernel_rbf" moduleName="kernel_rbf" rtlName="m_2_fu_507_p3" latency="0" BRAM="-1" DSP="-1" FF="0" LUT="32" fileDirectory="C:\Users\Ryan\Documents\University\Project\HLS\geometric_values_ZCU104_RBF_1"&gt;&lt;\/item&gt;
<item  id="82" filename="geometric_values.cpp" linenumber="22" name="m_3" contextFuncName="kernel_rbf" moduleName="kernel_rbf" rtlName="m_3_fu_515_p2" latency="0" BRAM="-1" DSP="-1" FF="0" LUT="39" fileDirectory="C:\Users\Ryan\Documents\University\Project\HLS\geometric_values_ZCU104_RBF_1"&gt;&lt;\/item&gt;
<item  id="83" filename="geometric_values.cpp" linenumber="22" name="m" contextFuncName="kernel_rbf" moduleName="kernel_rbf" rtlName="m_fu_521_p4" latency="0" BRAM="-1" DSP="-1" FF="-1" LUT="-1" fileDirectory="C:\Users\Ryan\Documents\University\Project\HLS\geometric_values_ZCU104_RBF_1"&gt;&lt;\/item&gt;
<item  id="84" filename="geometric_values.cpp" linenumber="22" name="m_6" contextFuncName="kernel_rbf" moduleName="kernel_rbf" rtlName="m_6_fu_531_p1" latency="0" BRAM="-1" DSP="-1" FF="-1" LUT="-1" fileDirectory="C:\Users\Ryan\Documents\University\Project\HLS\geometric_values_ZCU104_RBF_1"&gt;&lt;\/item&gt;
<item  id="85" filename="geometric_values.cpp" linenumber="22" name="tmp_6" contextFuncName="kernel_rbf" moduleName="kernel_rbf" rtlName="tmp_6_fu_535_p3" latency="0" BRAM="-1" DSP="-1" FF="-1" LUT="-1" fileDirectory="C:\Users\Ryan\Documents\University\Project\HLS\geometric_values_ZCU104_RBF_1"&gt;&lt;\/item&gt;
<item  id="86" filename="geometric_values.cpp" linenumber="22" name="select_ln964" contextFuncName="kernel_rbf" moduleName="kernel_rbf" rtlName="select_ln964_fu_543_p3" latency="0" BRAM="-1" DSP="-1" FF="0" LUT="7" fileDirectory="C:\Users\Ryan\Documents\University\Project\HLS\geometric_values_ZCU104_RBF_1"&gt;&lt;\/item&gt;
<item  id="87" filename="geometric_values.cpp" linenumber="22" name="trunc_ln943" contextFuncName="kernel_rbf" moduleName="kernel_rbf" rtlName="trunc_ln943_fu_551_p1" latency="0" BRAM="-1" DSP="-1" FF="-1" LUT="-1" fileDirectory="C:\Users\Ryan\Documents\University\Project\HLS\geometric_values_ZCU104_RBF_1"&gt;&lt;\/item&gt;
<item  id="88" filename="geometric_values.cpp" linenumber="22" name="sub_ln964" contextFuncName="kernel_rbf" moduleName="kernel_rbf" rtlName="sub_ln964_fu_555_p2" latency="0" BRAM="-1" DSP="-1" FF="0" LUT="19" fileDirectory="C:\Users\Ryan\Documents\University\Project\HLS\geometric_values_ZCU104_RBF_1"&gt;&lt;\/item&gt;
<item  id="89" filename="geometric_values.cpp" linenumber="22" name="add_ln964" contextFuncName="kernel_rbf" moduleName="kernel_rbf" rtlName="add_ln964_fu_561_p2" latency="0" BRAM="-1" DSP="-1" FF="0" LUT="19" fileDirectory="C:\Users\Ryan\Documents\University\Project\HLS\geometric_values_ZCU104_RBF_1"&gt;&lt;\/item&gt;
<item  id="90" filename="geometric_values.cpp" linenumber="22" name="tmp_2" contextFuncName="kernel_rbf" moduleName="kernel_rbf" rtlName="tmp_2_fu_567_p3" latency="0" BRAM="-1" DSP="-1" FF="-1" LUT="-1" fileDirectory="C:\Users\Ryan\Documents\University\Project\HLS\geometric_values_ZCU104_RBF_1"&gt;&lt;\/item&gt;
<item  id="91" filename="geometric_values.cpp" linenumber="22" name="p_Result_7" contextFuncName="kernel_rbf" moduleName="kernel_rbf" rtlName="p_Result_7_fu_574_p5" latency="0" BRAM="-1" DSP="-1" FF="-1" LUT="-1" fileDirectory="C:\Users\Ryan\Documents\University\Project\HLS\geometric_values_ZCU104_RBF_1"&gt;&lt;\/item&gt;
<item  id="92" filename="geometric_values.cpp" linenumber="22" name="bitcast_ln739" contextFuncName="kernel_rbf" moduleName="kernel_rbf" rtlName="bitcast_ln739_fu_586_p1" latency="0" BRAM="-1" DSP="-1" FF="-1" LUT="-1" fileDirectory="C:\Users\Ryan\Documents\University\Project\HLS\geometric_values_ZCU104_RBF_1"&gt;&lt;\/item&gt;
<item  id="93" filename="geometric_values.cpp" linenumber="22" name="select_ln935" contextFuncName="kernel_rbf" moduleName="kernel_rbf" rtlName="grp_fu_195_p1" latency="0" BRAM="-1" DSP="-1" FF="0" LUT="32" fileDirectory="C:\Users\Ryan\Documents\University\Project\HLS\geometric_values_ZCU104_RBF_1"&gt;&lt;\/item&gt;
<item  id="94" filename="C:/Xilinx/Vivado/2019.1/win64/tools/clang/bin\..\lib\clang\3.1/../../../include/c++/4.5.2\cmath" linenumber="232" name="v_assign" contextFuncName="exp" moduleName="kernel_rbf" rtlName="geometric_values_cud_U2" latency="5" BRAM="-1" DSP="-1" FF="-1" LUT="-1" fileDirectory="C:\Users\Ryan\Documents\University\Project\HLS\geometric_values_ZCU104_RBF_1"&gt;&lt;\/item&gt;
<item  id="95" filename="geometric_values.cpp" linenumber="22" name="d_assign" contextFuncName="kernel_rbf" moduleName="kernel_rbf" rtlName="geometric_values_bkb_U1" latency="1" BRAM="-1" DSP="-1" FF="-1" LUT="-1" fileDirectory="C:\Users\Ryan\Documents\University\Project\HLS\geometric_values_ZCU104_RBF_1"&gt;&lt;\/item&gt;
<item  id="96" filename="geometric_values.cpp" linenumber="22" name="ireg_V" contextFuncName="kernel_rbf" moduleName="kernel_rbf" rtlName="ireg_V_fu_597_p1" latency="0" BRAM="-1" DSP="-1" FF="-1" LUT="-1" fileDirectory="C:\Users\Ryan\Documents\University\Project\HLS\geometric_values_ZCU104_RBF_1"&gt;&lt;\/item&gt;
<item  id="97" filename="geometric_values.cpp" linenumber="22" name="trunc_ln556" contextFuncName="kernel_rbf" moduleName="kernel_rbf" rtlName="trunc_ln556_fu_601_p1" latency="0" BRAM="-1" DSP="-1" FF="-1" LUT="-1" fileDirectory="C:\Users\Ryan\Documents\University\Project\HLS\geometric_values_ZCU104_RBF_1"&gt;&lt;\/item&gt;
<item  id="98" filename="geometric_values.cpp" linenumber="22" name="p_Result_8" contextFuncName="kernel_rbf" moduleName="kernel_rbf" rtlName="p_Result_8_fu_605_p3" latency="0" BRAM="-1" DSP="-1" FF="-1" LUT="-1" fileDirectory="C:\Users\Ryan\Documents\University\Project\HLS\geometric_values_ZCU104_RBF_1"&gt;&lt;\/item&gt;
<item  id="99" filename="geometric_values.cpp" linenumber="22" name="exp_tmp_V" contextFuncName="kernel_rbf" moduleName="kernel_rbf" rtlName="exp_tmp_V_fu_613_p4" latency="0" BRAM="-1" DSP="-1" FF="-1" LUT="-1" fileDirectory="C:\Users\Ryan\Documents\University\Project\HLS\geometric_values_ZCU104_RBF_1"&gt;&lt;\/item&gt;
<item  id="100" filename="geometric_values.cpp" linenumber="22" name="zext_ln461" contextFuncName="kernel_rbf" moduleName="kernel_rbf" rtlName="zext_ln461_fu_623_p1" latency="0" BRAM="-1" DSP="-1" FF="-1" LUT="-1" fileDirectory="C:\Users\Ryan\Documents\University\Project\HLS\geometric_values_ZCU104_RBF_1"&gt;&lt;\/item&gt;
<item  id="101" filename="geometric_values.cpp" linenumber="22" name="trunc_ln565" contextFuncName="kernel_rbf" moduleName="kernel_rbf" rtlName="trunc_ln565_fu_627_p1" latency="0" BRAM="-1" DSP="-1" FF="-1" LUT="-1" fileDirectory="C:\Users\Ryan\Documents\University\Project\HLS\geometric_values_ZCU104_RBF_1"&gt;&lt;\/item&gt;
<item  id="102" filename="geometric_values.cpp" linenumber="22" name="tmp_3" contextFuncName="kernel_rbf" moduleName="kernel_rbf" rtlName="tmp_3_fu_631_p3" latency="0" BRAM="-1" DSP="-1" FF="-1" LUT="-1" fileDirectory="C:\Users\Ryan\Documents\University\Project\HLS\geometric_values_ZCU104_RBF_1"&gt;&lt;\/item&gt;
<item  id="103" filename="geometric_values.cpp" linenumber="22" name="p_Result_9" contextFuncName="kernel_rbf" moduleName="kernel_rbf" rtlName="p_Result_9_fu_639_p1" latency="0" BRAM="-1" DSP="-1" FF="-1" LUT="-1" fileDirectory="C:\Users\Ryan\Documents\University\Project\HLS\geometric_values_ZCU104_RBF_1"&gt;&lt;\/item&gt;
<item  id="104" filename="geometric_values.cpp" linenumber="22" name="man_V_1" contextFuncName="kernel_rbf" moduleName="kernel_rbf" rtlName="man_V_1_fu_643_p2" latency="0" BRAM="-1" DSP="-1" FF="0" LUT="61" fileDirectory="C:\Users\Ryan\Documents\University\Project\HLS\geometric_values_ZCU104_RBF_1"&gt;&lt;\/item&gt;
<item  id="105" filename="geometric_values.cpp" linenumber="22" name="man_V_2" contextFuncName="kernel_rbf" moduleName="kernel_rbf" rtlName="man_V_2_fu_649_p3" latency="0" BRAM="-1" DSP="-1" FF="0" LUT="53" fileDirectory="C:\Users\Ryan\Documents\University\Project\HLS\geometric_values_ZCU104_RBF_1"&gt;&lt;\/item&gt;
<item  id="106" filename="geometric_values.cpp" linenumber="22" name="icmp_ln571" contextFuncName="kernel_rbf" moduleName="kernel_rbf" rtlName="icmp_ln571_fu_657_p2" latency="0" BRAM="-1" DSP="-1" FF="0" LUT="29" fileDirectory="C:\Users\Ryan\Documents\University\Project\HLS\geometric_values_ZCU104_RBF_1"&gt;&lt;\/item&gt;
<item  id="107" filename="geometric_values.cpp" linenumber="22" name="F2" contextFuncName="kernel_rbf" moduleName="kernel_rbf" rtlName="F2_fu_663_p2" latency="0" BRAM="-1" DSP="-1" FF="0" LUT="19" fileDirectory="C:\Users\Ryan\Documents\University\Project\HLS\geometric_values_ZCU104_RBF_1"&gt;&lt;\/item&gt;
<item  id="108" filename="geometric_values.cpp" linenumber="22" name="icmp_ln581" contextFuncName="kernel_rbf" moduleName="kernel_rbf" rtlName="icmp_ln581_fu_669_p2" latency="0" BRAM="-1" DSP="-1" FF="0" LUT="13" fileDirectory="C:\Users\Ryan\Documents\University\Project\HLS\geometric_values_ZCU104_RBF_1"&gt;&lt;\/item&gt;
<item  id="109" filename="geometric_values.cpp" linenumber="22" name="add_ln581" contextFuncName="kernel_rbf" moduleName="kernel_rbf" rtlName="add_ln581_fu_675_p2" latency="0" BRAM="-1" DSP="-1" FF="0" LUT="19" fileDirectory="C:\Users\Ryan\Documents\University\Project\HLS\geometric_values_ZCU104_RBF_1"&gt;&lt;\/item&gt;
<item  id="110" filename="geometric_values.cpp" linenumber="22" name="sub_ln581" contextFuncName="kernel_rbf" moduleName="kernel_rbf" rtlName="sub_ln581_fu_681_p2" latency="0" BRAM="-1" DSP="-1" FF="0" LUT="19" fileDirectory="C:\Users\Ryan\Documents\University\Project\HLS\geometric_values_ZCU104_RBF_1"&gt;&lt;\/item&gt;
<item  id="111" filename="geometric_values.cpp" linenumber="22" name="sh_amt" contextFuncName="kernel_rbf" moduleName="kernel_rbf" rtlName="sh_amt_fu_687_p3" latency="0" BRAM="-1" DSP="-1" FF="0" LUT="11" fileDirectory="C:\Users\Ryan\Documents\University\Project\HLS\geometric_values_ZCU104_RBF_1"&gt;&lt;\/item&gt;
<item  id="112" filename="geometric_values.cpp" linenumber="22" name="sext_ln581" contextFuncName="kernel_rbf" moduleName="kernel_rbf" rtlName="sext_ln581_fu_695_p1" latency="0" BRAM="-1" DSP="-1" FF="-1" LUT="-1" fileDirectory="C:\Users\Ryan\Documents\University\Project\HLS\geometric_values_ZCU104_RBF_1"&gt;&lt;\/item&gt;
<item  id="113" filename="geometric_values.cpp" linenumber="22" name="icmp_ln582" contextFuncName="kernel_rbf" moduleName="kernel_rbf" rtlName="icmp_ln582_fu_699_p2" latency="0" BRAM="-1" DSP="-1" FF="0" LUT="13" fileDirectory="C:\Users\Ryan\Documents\University\Project\HLS\geometric_values_ZCU104_RBF_1"&gt;&lt;\/item&gt;
<item  id="114" filename="geometric_values.cpp" linenumber="22" name="trunc_ln583" contextFuncName="kernel_rbf" moduleName="kernel_rbf" rtlName="trunc_ln583_fu_705_p1" latency="0" BRAM="-1" DSP="-1" FF="-1" LUT="-1" fileDirectory="C:\Users\Ryan\Documents\University\Project\HLS\geometric_values_ZCU104_RBF_1"&gt;&lt;\/item&gt;
<item  id="115" filename="geometric_values.cpp" linenumber="22" name="icmp_ln585" contextFuncName="kernel_rbf" moduleName="kernel_rbf" rtlName="icmp_ln585_fu_709_p2" latency="0" BRAM="-1" DSP="-1" FF="0" LUT="13" fileDirectory="C:\Users\Ryan\Documents\University\Project\HLS\geometric_values_ZCU104_RBF_1"&gt;&lt;\/item&gt;
<item  id="116" filename="geometric_values.cpp" linenumber="22" name="tmp_8" contextFuncName="kernel_rbf" moduleName="kernel_rbf" rtlName="tmp_8_fu_715_p4" latency="0" BRAM="-1" DSP="-1" FF="-1" LUT="-1" fileDirectory="C:\Users\Ryan\Documents\University\Project\HLS\geometric_values_ZCU104_RBF_1"&gt;&lt;\/item&gt;
<item  id="117" filename="geometric_values.cpp" linenumber="22" name="icmp_ln603" contextFuncName="kernel_rbf" moduleName="kernel_rbf" rtlName="icmp_ln603_fu_725_p2" latency="0" BRAM="-1" DSP="-1" FF="0" LUT="11" fileDirectory="C:\Users\Ryan\Documents\University\Project\HLS\geometric_values_ZCU104_RBF_1"&gt;&lt;\/item&gt;
<item  id="118" filename="geometric_values.cpp" linenumber="22" name="zext_ln586" contextFuncName="kernel_rbf" moduleName="kernel_rbf" rtlName="zext_ln586_fu_731_p1" latency="0" BRAM="-1" DSP="-1" FF="-1" LUT="-1" fileDirectory="C:\Users\Ryan\Documents\University\Project\HLS\geometric_values_ZCU104_RBF_1"&gt;&lt;\/item&gt;
<item  id="119" filename="geometric_values.cpp" linenumber="22" name="ashr_ln586" contextFuncName="kernel_rbf" moduleName="kernel_rbf" rtlName="ashr_ln586_fu_735_p2" latency="0" BRAM="-1" DSP="-1" FF="0" LUT="167" fileDirectory="C:\Users\Ryan\Documents\University\Project\HLS\geometric_values_ZCU104_RBF_1"&gt;&lt;\/item&gt;
<item  id="120" filename="geometric_values.cpp" linenumber="22" name="trunc_ln586" contextFuncName="kernel_rbf" moduleName="kernel_rbf" rtlName="trunc_ln586_fu_741_p1" latency="0" BRAM="-1" DSP="-1" FF="-1" LUT="-1" fileDirectory="C:\Users\Ryan\Documents\University\Project\HLS\geometric_values_ZCU104_RBF_1"&gt;&lt;\/item&gt;
<item  id="121" filename="geometric_values.cpp" linenumber="22" name="bitcast_ln696" contextFuncName="kernel_rbf" moduleName="kernel_rbf" rtlName="bitcast_ln696_fu_745_p1" latency="0" BRAM="-1" DSP="-1" FF="-1" LUT="-1" fileDirectory="C:\Users\Ryan\Documents\University\Project\HLS\geometric_values_ZCU104_RBF_1"&gt;&lt;\/item&gt;
<item  id="122" filename="geometric_values.cpp" linenumber="22" name="tmp_9" contextFuncName="kernel_rbf" moduleName="kernel_rbf" rtlName="tmp_9_fu_748_p3" latency="0" BRAM="-1" DSP="-1" FF="-1" LUT="-1" fileDirectory="C:\Users\Ryan\Documents\University\Project\HLS\geometric_values_ZCU104_RBF_1"&gt;&lt;\/item&gt;
<item  id="123" filename="geometric_values.cpp" linenumber="22" name="select_ln588" contextFuncName="kernel_rbf" moduleName="kernel_rbf" rtlName="select_ln588_fu_756_p3" latency="0" BRAM="-1" DSP="-1" FF="0" LUT="2" fileDirectory="C:\Users\Ryan\Documents\University\Project\HLS\geometric_values_ZCU104_RBF_1"&gt;&lt;\/item&gt;
<item  id="124" filename="geometric_values.cpp" linenumber="22" name="shl_ln604" contextFuncName="kernel_rbf" moduleName="kernel_rbf" rtlName="shl_ln604_fu_764_p2" latency="0" BRAM="-1" DSP="-1" FF="0" LUT="97" fileDirectory="C:\Users\Ryan\Documents\University\Project\HLS\geometric_values_ZCU104_RBF_1"&gt;&lt;\/item&gt;
<item  id="125" filename="geometric_values.cpp" linenumber="22" name="xor_ln571" contextFuncName="kernel_rbf" moduleName="kernel_rbf" rtlName="xor_ln571_fu_770_p2" latency="0" BRAM="-1" DSP="-1" FF="0" LUT="2" fileDirectory="C:\Users\Ryan\Documents\University\Project\HLS\geometric_values_ZCU104_RBF_1"&gt;&lt;\/item&gt;
<item  id="126" filename="geometric_values.cpp" linenumber="22" name="and_ln582" contextFuncName="kernel_rbf" moduleName="kernel_rbf" rtlName="and_ln582_fu_776_p2" latency="0" BRAM="-1" DSP="-1" FF="0" LUT="2" fileDirectory="C:\Users\Ryan\Documents\University\Project\HLS\geometric_values_ZCU104_RBF_1"&gt;&lt;\/item&gt;
<item  id="127" filename="geometric_values.cpp" linenumber="22" name="or_ln582" contextFuncName="kernel_rbf" moduleName="kernel_rbf" rtlName="or_ln582_fu_782_p2" latency="0" BRAM="-1" DSP="-1" FF="0" LUT="2" fileDirectory="C:\Users\Ryan\Documents\University\Project\HLS\geometric_values_ZCU104_RBF_1"&gt;&lt;\/item&gt;
<item  id="128" filename="geometric_values.cpp" linenumber="22" name="xor_ln582" contextFuncName="kernel_rbf" moduleName="kernel_rbf" rtlName="xor_ln582_fu_788_p2" latency="0" BRAM="-1" DSP="-1" FF="0" LUT="2" fileDirectory="C:\Users\Ryan\Documents\University\Project\HLS\geometric_values_ZCU104_RBF_1"&gt;&lt;\/item&gt;
<item  id="129" filename="geometric_values.cpp" linenumber="22" name="and_ln581" contextFuncName="kernel_rbf" moduleName="kernel_rbf" rtlName="and_ln581_fu_794_p2" latency="0" BRAM="-1" DSP="-1" FF="0" LUT="2" fileDirectory="C:\Users\Ryan\Documents\University\Project\HLS\geometric_values_ZCU104_RBF_1"&gt;&lt;\/item&gt;
<item  id="130" filename="geometric_values.cpp" linenumber="22" name="xor_ln585" contextFuncName="kernel_rbf" moduleName="kernel_rbf" rtlName="xor_ln585_fu_800_p2" latency="0" BRAM="-1" DSP="-1" FF="0" LUT="2" fileDirectory="C:\Users\Ryan\Documents\University\Project\HLS\geometric_values_ZCU104_RBF_1"&gt;&lt;\/item&gt;
<item  id="131" filename="geometric_values.cpp" linenumber="22" name="and_ln585" contextFuncName="kernel_rbf" moduleName="kernel_rbf" rtlName="and_ln585_fu_806_p2" latency="0" BRAM="-1" DSP="-1" FF="0" LUT="2" fileDirectory="C:\Users\Ryan\Documents\University\Project\HLS\geometric_values_ZCU104_RBF_1"&gt;&lt;\/item&gt;
<item  id="132" filename="geometric_values.cpp" linenumber="22" name="and_ln585_1" contextFuncName="kernel_rbf" moduleName="kernel_rbf" rtlName="and_ln585_1_fu_812_p2" latency="0" BRAM="-1" DSP="-1" FF="0" LUT="2" fileDirectory="C:\Users\Ryan\Documents\University\Project\HLS\geometric_values_ZCU104_RBF_1"&gt;&lt;\/item&gt;
<item  id="133" filename="geometric_values.cpp" linenumber="22" name="or_ln581" contextFuncName="kernel_rbf" moduleName="kernel_rbf" rtlName="or_ln581_fu_818_p2" latency="0" BRAM="-1" DSP="-1" FF="0" LUT="2" fileDirectory="C:\Users\Ryan\Documents\University\Project\HLS\geometric_values_ZCU104_RBF_1"&gt;&lt;\/item&gt;
<item  id="134" filename="geometric_values.cpp" linenumber="22" name="xor_ln581" contextFuncName="kernel_rbf" moduleName="kernel_rbf" rtlName="xor_ln581_fu_824_p2" latency="0" BRAM="-1" DSP="-1" FF="0" LUT="2" fileDirectory="C:\Users\Ryan\Documents\University\Project\HLS\geometric_values_ZCU104_RBF_1"&gt;&lt;\/item&gt;
<item  id="135" filename="geometric_values.cpp" linenumber="22" name="and_ln603" contextFuncName="kernel_rbf" moduleName="kernel_rbf" rtlName="and_ln603_fu_830_p2" latency="0" BRAM="-1" DSP="-1" FF="0" LUT="2" fileDirectory="C:\Users\Ryan\Documents\University\Project\HLS\geometric_values_ZCU104_RBF_1"&gt;&lt;\/item&gt;
<item  id="136" filename="geometric_values.cpp" linenumber="22" name="select_ln603" contextFuncName="kernel_rbf" moduleName="kernel_rbf" rtlName="select_ln603_fu_836_p3" latency="0" BRAM="-1" DSP="-1" FF="0" LUT="32" fileDirectory="C:\Users\Ryan\Documents\University\Project\HLS\geometric_values_ZCU104_RBF_1"&gt;&lt;\/item&gt;
<item  id="137" filename="geometric_values.cpp" linenumber="22" name="or_ln603" contextFuncName="kernel_rbf" moduleName="kernel_rbf" rtlName="or_ln603_fu_844_p2" latency="0" BRAM="-1" DSP="-1" FF="0" LUT="2" fileDirectory="C:\Users\Ryan\Documents\University\Project\HLS\geometric_values_ZCU104_RBF_1"&gt;&lt;\/item&gt;
<item  id="138" filename="geometric_values.cpp" linenumber="22" name="select_ln603_1" contextFuncName="kernel_rbf" moduleName="kernel_rbf" rtlName="select_ln603_1_fu_850_p3" latency="0" BRAM="-1" DSP="-1" FF="0" LUT="32" fileDirectory="C:\Users\Ryan\Documents\University\Project\HLS\geometric_values_ZCU104_RBF_1"&gt;&lt;\/item&gt;
<item  id="139" filename="geometric_values.cpp" linenumber="22" name="or_ln603_1" contextFuncName="kernel_rbf" moduleName="kernel_rbf" rtlName="or_ln603_1_fu_858_p2" latency="0" BRAM="-1" DSP="-1" FF="0" LUT="2" fileDirectory="C:\Users\Ryan\Documents\University\Project\HLS\geometric_values_ZCU104_RBF_1"&gt;&lt;\/item&gt;
<item  id="140" filename="geometric_values.cpp" linenumber="22" name="select_ln603_2" contextFuncName="kernel_rbf" moduleName="kernel_rbf" rtlName="select_ln603_2_fu_864_p3" latency="0" BRAM="-1" DSP="-1" FF="0" LUT="32" fileDirectory="C:\Users\Ryan\Documents\University\Project\HLS\geometric_values_ZCU104_RBF_1"&gt;&lt;\/item&gt;
<item  id="141" filename="geometric_values.cpp" linenumber="22" name="or_ln603_2" contextFuncName="kernel_rbf" moduleName="kernel_rbf" rtlName="or_ln603_2_fu_872_p2" latency="0" BRAM="-1" DSP="-1" FF="0" LUT="2" fileDirectory="C:\Users\Ryan\Documents\University\Project\HLS\geometric_values_ZCU104_RBF_1"&gt;&lt;\/item&gt;
<item  id="142" filename="geometric_values.cpp" linenumber="22" name="kernel_result_V" contextFuncName="kernel_rbf" moduleName="kernel_rbf" rtlName="kernel_result_V_fu_878_p3" latency="0" BRAM="-1" DSP="-1" FF="0" LUT="32" fileDirectory="C:\Users\Ryan\Documents\University\Project\HLS\geometric_values_ZCU104_RBF_1"&gt;&lt;\/item&gt;
&lt;\/annotationInfo&gt;
<annotationInfo>
<item  id="23" filename="geometric_values.cpp" linenumber="47" name="testing_vector_V" contextFuncName="get_geometric_values_rbf" moduleName="get_geometric_values" rtlName="testing_vector_V_U" latency="0" BRAM="-1" DSP="-1" FF="-1" LUT="-1" fileDirectory="C:\Users\Ryan\Documents\University\Project\HLS\geometric_values_ZCU104_RBF_1"&gt;&lt;\/item&gt;
<item  id="25" filename="geometric_values.cpp" linenumber="39" name="sdiv_ln1148" contextFuncName="get_geometric_values_rbf" moduleName="get_geometric_values" rtlName="geometric_values_eOg_U10" latency="45" BRAM="-1" DSP="-1" FF="-1" LUT="-1" fileDirectory="C:\Users\Ryan\Documents\University\Project\HLS\geometric_values_ZCU104_RBF_1"&gt;&lt;\/item&gt;
<item  id="26" filename="geometric_values.cpp" linenumber="39" name="norm_w_recip_V" contextFuncName="get_geometric_values_rbf" moduleName="get_geometric_values" rtlName="norm_w_recip_V_fu_253_p1" latency="0" BRAM="-1" DSP="-1" FF="-1" LUT="-1" fileDirectory="C:\Users\Ryan\Documents\University\Project\HLS\geometric_values_ZCU104_RBF_1"&gt;&lt;\/item&gt;
<item  id="27" filename="geometric_values.cpp" linenumber="73" name="sext_ln215" contextFuncName="get_geometric_values_rbf" moduleName="get_geometric_values" rtlName="sext_ln215_fu_257_p1" latency="0" BRAM="-1" DSP="-1" FF="-1" LUT="-1" fileDirectory="C:\Users\Ryan\Documents\University\Project\HLS\geometric_values_ZCU104_RBF_1"&gt;&lt;\/item&gt;
<item  id="28" filename="geometric_values.cpp" linenumber="73" name="zext_ln1354" contextFuncName="get_geometric_values_rbf" moduleName="get_geometric_values" rtlName="zext_ln1354_fu_261_p1" latency="0" BRAM="-1" DSP="-1" FF="-1" LUT="-1" fileDirectory="C:\Users\Ryan\Documents\University\Project\HLS\geometric_values_ZCU104_RBF_1"&gt;&lt;\/item&gt;
<item  id="29" filename="geometric_values.cpp" linenumber="73" name="ret_V_3" contextFuncName="get_geometric_values_rbf" moduleName="get_geometric_values" rtlName="ret_V_3_fu_265_p2" latency="0" BRAM="-1" DSP="-1" FF="0" LUT="28" fileDirectory="C:\Users\Ryan\Documents\University\Project\HLS\geometric_values_ZCU104_RBF_1"&gt;&lt;\/item&gt;
<item  id="30" filename="geometric_values.cpp" linenumber="59" name="zext_ln1354_1" contextFuncName="get_geometric_values_rbf" moduleName="get_geometric_values" rtlName="zext_ln1354_1_fu_271_p1" latency="0" BRAM="-1" DSP="-1" FF="-1" LUT="-1" fileDirectory="C:\Users\Ryan\Documents\University\Project\HLS\geometric_values_ZCU104_RBF_1"&gt;&lt;\/item&gt;
<item  id="31" filename="geometric_values.cpp" linenumber="59" name="ret_V" contextFuncName="get_geometric_values_rbf" moduleName="get_geometric_values" rtlName="ret_V_fu_275_p2" latency="0" BRAM="-1" DSP="-1" FF="0" LUT="28" fileDirectory="C:\Users\Ryan\Documents\University\Project\HLS\geometric_values_ZCU104_RBF_1"&gt;&lt;\/item&gt;
<item  id="35" filename="geometric_values.cpp" linenumber="42" name="icmp_ln887" contextFuncName="get_geometric_values_rbf" moduleName="get_geometric_values" rtlName="icmp_ln887_fu_281_p2" latency="0" BRAM="-1" DSP="-1" FF="0" LUT="20" fileDirectory="C:\Users\Ryan\Documents\University\Project\HLS\geometric_values_ZCU104_RBF_1"&gt;&lt;\/item&gt;
<item  id="37" filename="geometric_values.cpp" linenumber="42" name="n1_V" contextFuncName="get_geometric_values_rbf" moduleName="get_geometric_values" rtlName="n1_V_fu_287_p2" latency="0" BRAM="-1" DSP="-1" FF="0" LUT="27" fileDirectory="C:\Users\Ryan\Documents\University\Project\HLS\geometric_values_ZCU104_RBF_1"&gt;&lt;\/item&gt;
<item  id="40" filename="geometric_values.cpp" linenumber="43" name="icmp_ln887_1" contextFuncName="get_geometric_values_rbf" moduleName="get_geometric_values" rtlName="icmp_ln887_1_fu_293_p2" latency="0" BRAM="-1" DSP="-1" FF="0" LUT="20" fileDirectory="C:\Users\Ryan\Documents\University\Project\HLS\geometric_values_ZCU104_RBF_1"&gt;&lt;\/item&gt;
<item  id="46" filename="geometric_values.cpp" linenumber="48" name="icmp_ln48" contextFuncName="get_geometric_values_rbf" moduleName="get_geometric_values" rtlName="icmp_ln48_fu_298_p2" latency="0" BRAM="-1" DSP="-1" FF="0" LUT="13" fileDirectory="C:\Users\Ryan\Documents\University\Project\HLS\geometric_values_ZCU104_RBF_1"&gt;&lt;\/item&gt;
<item  id="48" filename="geometric_values.cpp" linenumber="48" name="n1_2_V" contextFuncName="get_geometric_values_rbf" moduleName="get_geometric_values" rtlName="n1_2_V_fu_304_p2" latency="0" BRAM="-1" DSP="-1" FF="0" LUT="16" fileDirectory="C:\Users\Ryan\Documents\University\Project\HLS\geometric_values_ZCU104_RBF_1"&gt;&lt;\/item&gt;
<item  id="51" filename="geometric_values.cpp" linenumber="49" name="icmp_ln887_2" contextFuncName="get_geometric_values_rbf" moduleName="get_geometric_values" rtlName="icmp_ln887_2_fu_310_p2" latency="0" BRAM="-1" DSP="-1" FF="0" LUT="13" fileDirectory="C:\Users\Ryan\Documents\University\Project\HLS\geometric_values_ZCU104_RBF_1"&gt;&lt;\/item&gt;
<item  id="54" filename="geometric_values.cpp" linenumber="50" name="zext_ln544" contextFuncName="get_geometric_values_rbf" moduleName="get_geometric_values" rtlName="zext_ln544_fu_315_p1" latency="0" BRAM="-1" DSP="-1" FF="-1" LUT="-1" fileDirectory="C:\Users\Ryan\Documents\University\Project\HLS\geometric_values_ZCU104_RBF_1"&gt;&lt;\/item&gt;
<item  id="67" filename="geometric_values.cpp" linenumber="55" name="icmp_ln887_3" contextFuncName="get_geometric_values_rbf" moduleName="get_geometric_values" rtlName="icmp_ln887_3_fu_325_p2" latency="0" BRAM="-1" DSP="-1" FF="0" LUT="20" fileDirectory="C:\Users\Ryan\Documents\University\Project\HLS\geometric_values_ZCU104_RBF_1"&gt;&lt;\/item&gt;
<item  id="69" filename="geometric_values.cpp" linenumber="55" name="n2_V" contextFuncName="get_geometric_values_rbf" moduleName="get_geometric_values" rtlName="n2_V_fu_331_p2" latency="0" BRAM="-1" DSP="-1" FF="0" LUT="27" fileDirectory="C:\Users\Ryan\Documents\University\Project\HLS\geometric_values_ZCU104_RBF_1"&gt;&lt;\/item&gt;
<item  id="73" filename="geometric_values.cpp" linenumber="56" name="icmp_ln887_4" contextFuncName="get_geometric_values_rbf" moduleName="get_geometric_values" rtlName="icmp_ln887_4_fu_337_p2" latency="0" BRAM="-1" DSP="-1" FF="0" LUT="20" fileDirectory="C:\Users\Ryan\Documents\University\Project\HLS\geometric_values_ZCU104_RBF_1"&gt;&lt;\/item&gt;
<item  id="78" filename="geometric_values.cpp" linenumber="57" name="p_0" contextFuncName="get_geometric_values_rbf" moduleName="get_geometric_values" rtlName="grp_kernel_rbf_fu_232" latency="1" BRAM="-1" DSP="-1" FF="-1" LUT="-1" fileDirectory="C:\Users\Ryan\Documents\University\Project\HLS\geometric_values_ZCU104_RBF_1"&gt;&lt;\/item&gt;
<item  id="81" filename="geometric_values.cpp" linenumber="57" name="mul_ln1192" contextFuncName="get_geometric_values_rbf" moduleName="get_geometric_values" rtlName="mul_ln1192_fu_353_p2" latency="0" BRAM="-1" DSP="4" FF="0" LUT="20" fileDirectory="C:\Users\Ryan\Documents\University\Project\HLS\geometric_values_ZCU104_RBF_1"&gt;&lt;\/item&gt;
<item  id="82" filename="geometric_values.cpp" linenumber="57" name="lhs_V" contextFuncName="get_geometric_values_rbf" moduleName="get_geometric_values" rtlName="lhs_V_fu_359_p3" latency="0" BRAM="-1" DSP="-1" FF="-1" LUT="-1" fileDirectory="C:\Users\Ryan\Documents\University\Project\HLS\geometric_values_ZCU104_RBF_1"&gt;&lt;\/item&gt;
<item  id="83" filename="geometric_values.cpp" linenumber="57" name="ret_V_4" contextFuncName="get_geometric_values_rbf" moduleName="get_geometric_values" rtlName="ret_V_4_fu_367_p2" latency="0" BRAM="-1" DSP="-1" FF="0" LUT="59" fileDirectory="C:\Users\Ryan\Documents\University\Project\HLS\geometric_values_ZCU104_RBF_1"&gt;&lt;\/item&gt;
<item  id="84" filename="geometric_values.cpp" linenumber="57" name="f_value_V" contextFuncName="get_geometric_values_rbf" moduleName="get_geometric_values" rtlName="p_0137_3_reg_209" latency="0" BRAM="-1" DSP="-1" FF="-1" LUT="-1" fileDirectory="C:\Users\Ryan\Documents\University\Project\HLS\geometric_values_ZCU104_RBF_1"&gt;&lt;\/item&gt;
<item  id="88" filename="geometric_values.cpp" linenumber="59" name="zext_ln879" contextFuncName="get_geometric_values_rbf" moduleName="get_geometric_values" rtlName="zext_ln879_fu_383_p1" latency="0" BRAM="-1" DSP="-1" FF="-1" LUT="-1" fileDirectory="C:\Users\Ryan\Documents\University\Project\HLS\geometric_values_ZCU104_RBF_1"&gt;&lt;\/item&gt;
<item  id="89" filename="geometric_values.cpp" linenumber="59" name="icmp_ln879" contextFuncName="get_geometric_values_rbf" moduleName="get_geometric_values" rtlName="icmp_ln879_fu_387_p2" latency="0" BRAM="-1" DSP="-1" FF="0" LUT="20" fileDirectory="C:\Users\Ryan\Documents\University\Project\HLS\geometric_values_ZCU104_RBF_1"&gt;&lt;\/item&gt;
<item  id="95" filename="geometric_values.cpp" linenumber="66" name="lhs_V_2" contextFuncName="get_geometric_values_rbf" moduleName="get_geometric_values" rtlName="lhs_V_2_fu_396_p1" latency="0" BRAM="-1" DSP="-1" FF="-1" LUT="-1" fileDirectory="C:\Users\Ryan\Documents\University\Project\HLS\geometric_values_ZCU104_RBF_1"&gt;&lt;\/item&gt;
<item  id="96" filename="geometric_values.cpp" linenumber="66" name="rhs_V" contextFuncName="get_geometric_values_rbf" moduleName="get_geometric_values" rtlName="rhs_V_fu_400_p1" latency="0" BRAM="-1" DSP="-1" FF="-1" LUT="-1" fileDirectory="C:\Users\Ryan\Documents\University\Project\HLS\geometric_values_ZCU104_RBF_1"&gt;&lt;\/item&gt;
<item  id="97" filename="geometric_values.cpp" linenumber="66" name="ret_V_2" contextFuncName="get_geometric_values_rbf" moduleName="get_geometric_values" rtlName="ret_V_2_fu_404_p2" latency="0" BRAM="-1" DSP="-1" FF="0" LUT="40" fileDirectory="C:\Users\Ryan\Documents\University\Project\HLS\geometric_values_ZCU104_RBF_1"&gt;&lt;\/item&gt;
<item  id="99" filename="geometric_values.cpp" linenumber="66" name="r_V" contextFuncName="get_geometric_values_rbf" moduleName="get_geometric_values" rtlName="r_V_fu_414_p2" latency="0" BRAM="-1" DSP="4" FF="0" LUT="21" fileDirectory="C:\Users\Ryan\Documents\University\Project\HLS\geometric_values_ZCU104_RBF_1"&gt;&lt;\/item&gt;
<item  id="100" filename="geometric_values.cpp" linenumber="66" name="geometric_value_data" contextFuncName="get_geometric_values_rbf" moduleName="get_geometric_values" rtlName="geometric_values_out_TDATA" latency="0" BRAM="-1" DSP="-1" FF="-1" LUT="-1" fileDirectory="C:\Users\Ryan\Documents\University\Project\HLS\geometric_values_ZCU104_RBF_1"&gt;&lt;\/item&gt;
<item  id="101" filename="geometric_values.cpp" linenumber="68" name="zext_ln879_1" contextFuncName="get_geometric_values_rbf" moduleName="get_geometric_values" rtlName="zext_ln879_1_fu_430_p1" latency="0" BRAM="-1" DSP="-1" FF="-1" LUT="-1" fileDirectory="C:\Users\Ryan\Documents\University\Project\HLS\geometric_values_ZCU104_RBF_1"&gt;&lt;\/item&gt;
<item  id="102" filename="geometric_values.cpp" linenumber="68" name="tmp_last" contextFuncName="get_geometric_values_rbf" moduleName="get_geometric_values" rtlName="geometric_values_out_TLAST" latency="0" BRAM="-1" DSP="-1" FF="0" LUT="20" fileDirectory="C:\Users\Ryan\Documents\University\Project\HLS\geometric_values_ZCU104_RBF_1"&gt;&lt;\/item&gt;
<item  id="106" filename="geometric_values.cpp" linenumber="73" name="zext_ln879_2" contextFuncName="get_geometric_values_rbf" moduleName="get_geometric_values" rtlName="zext_ln879_2_fu_440_p1" latency="0" BRAM="-1" DSP="-1" FF="-1" LUT="-1" fileDirectory="C:\Users\Ryan\Documents\University\Project\HLS\geometric_values_ZCU104_RBF_1"&gt;&lt;\/item&gt;
<item  id="107" filename="geometric_values.cpp" linenumber="73" name="icmp_ln879_2" contextFuncName="get_geometric_values_rbf" moduleName="get_geometric_values" rtlName="icmp_ln879_2_fu_444_p2" latency="0" BRAM="-1" DSP="-1" FF="0" LUT="20" fileDirectory="C:\Users\Ryan\Documents\University\Project\HLS\geometric_values_ZCU104_RBF_1"&gt;&lt;\/item&gt;
&lt;\/annotationInfo&gt;
<annotationInfo>
<item  id="32" filename="geometric_values.cpp" linenumber="110" name="no_svs_V" contextFuncName="geometric_values_rbf_top" moduleName="geometric_values_rbf_top" rtlName="no_svs_V_fu_93_p1" latency="0" BRAM="-1" DSP="-1" FF="-1" LUT="-1" fileDirectory="C:\Users\Ryan\Documents\University\Project\HLS\geometric_values_ZCU104_RBF_1"><\/item>
<item  id="35" filename="geometric_values.cpp" linenumber="111" name="no_variables_V" contextFuncName="geometric_values_rbf_top" moduleName="geometric_values_rbf_top" rtlName="no_variables_V_fu_97_p1" latency="0" BRAM="-1" DSP="-1" FF="-1" LUT="-1" fileDirectory="C:\Users\Ryan\Documents\University\Project\HLS\geometric_values_ZCU104_RBF_1"><\/item>
<item  id="38" filename="geometric_values.cpp" linenumber="112" name="no_test_vectors_V" contextFuncName="geometric_values_rbf_top" moduleName="geometric_values_rbf_top" rtlName="no_test_vectors_V_fu_101_p1" latency="0" BRAM="-1" DSP="-1" FF="-1" LUT="-1" fileDirectory="C:\Users\Ryan\Documents\University\Project\HLS\geometric_values_ZCU104_RBF_1"><\/item>
<item  id="41" filename="geometric_values.cpp" linenumber="118" name="_ln118" contextFuncName="geometric_values_rbf_top" moduleName="geometric_values_rbf_top" rtlName="grp_get_geometric_values_fu_60" latency="1" BRAM="-1" DSP="-1" FF="-1" LUT="-1" fileDirectory="C:\Users\Ryan\Documents\University\Project\HLS\geometric_values_ZCU104_RBF_1"><\/item>
<\/annotationInfo>
</annotationInfo>
