<profile>

<section name = "Vivado HLS Report for 'get_geometric_values'" level="0">
<item name = "Date">Sun Feb  2 14:53:22 2020
</item>
<item name = "Version">2019.1 (Build 2552052 on Fri May 24 15:28:33 MDT 2019)</item>
<item name = "Project">geometric_values_ZCU104_RBF_1</item>
<item name = "Solution">solution1</item>
<item name = "Product family">zynquplus</item>
<item name = "Target device">xczu7ev-ffvc1156-2-e</item>
</section>

<section name = "Performance Estimates" level="0">
<item name = "Timing (ns)">
<section name = "" level="1">
<item name = "Summary"><table name="" hasTotal="0">
<keys size="4">Clock, Target, Estimated, Uncertainty</keys>
<column name="ap_clk">10.00, 8.743, 1.25</column>
</table>
</item>
</section>
</item>
<item name = "Latency (clock cycles)">
<section name = "" level="1">
<item name = "Summary"><table name="" hasTotal="0">
<keys size="6">, min, max, min, max, Type</keys>
<column name="">48, 271000263000052, 48, 271000263000052, none</column>
</table>
</item>
<item name = "Detail">
<section name = "" level="1">
<item name = "Instance"><table name="" hasTotal="0">
<keys size="7">Instance, Module, min, max, min, max, Type</keys>
<column name="grp_kernel_rbf_fu_232">kernel_rbf, 267, 267, 267, 267, none</column>
</table>
</item>
<item name = "Loop"><table name="" hasTotal="0">
<keys size="8">Loop Name, min, max, Latency, achieved, target, Count, Pipelined</keys>
<column name="- Loop 1">2, 271000263000005, 2 ~ 271000263, -, -, 1 ~ 1000000, no</column>
<column name=" + Loop 1.1">256, 256, 1, -, -, 256, no</column>
<column name=" + svs_loop">3, 271000003, 3 ~ 271, -, -, 1 ~ 1000000, no</column>
</table>
</item>
</section>
</item>
</section>
</item>
</section>
</profile>
