<stg><name>get_geometric_values</name>


<trans_list>

<trans id="181" from="1" to="2">
<condition id="-1">
<or_exp><and_exp></and_exp></or_exp>
</condition>
</trans>

<trans id="182" from="2" to="3">
<condition id="-1">
<or_exp><and_exp></and_exp></or_exp>
</condition>
</trans>

<trans id="183" from="3" to="4">
<condition id="-1">
<or_exp><and_exp></and_exp></or_exp>
</condition>
</trans>

<trans id="184" from="4" to="5">
<condition id="-1">
<or_exp><and_exp></and_exp></or_exp>
</condition>
</trans>

<trans id="185" from="5" to="6">
<condition id="-1">
<or_exp><and_exp></and_exp></or_exp>
</condition>
</trans>

<trans id="186" from="6" to="7">
<condition id="-1">
<or_exp><and_exp></and_exp></or_exp>
</condition>
</trans>

<trans id="187" from="7" to="8">
<condition id="-1">
<or_exp><and_exp></and_exp></or_exp>
</condition>
</trans>

<trans id="188" from="8" to="9">
<condition id="-1">
<or_exp><and_exp></and_exp></or_exp>
</condition>
</trans>

<trans id="189" from="9" to="10">
<condition id="-1">
<or_exp><and_exp></and_exp></or_exp>
</condition>
</trans>

<trans id="190" from="10" to="11">
<condition id="-1">
<or_exp><and_exp></and_exp></or_exp>
</condition>
</trans>

<trans id="191" from="11" to="12">
<condition id="-1">
<or_exp><and_exp></and_exp></or_exp>
</condition>
</trans>

<trans id="192" from="12" to="13">
<condition id="-1">
<or_exp><and_exp></and_exp></or_exp>
</condition>
</trans>

<trans id="193" from="13" to="14">
<condition id="-1">
<or_exp><and_exp></and_exp></or_exp>
</condition>
</trans>

<trans id="194" from="14" to="15">
<condition id="-1">
<or_exp><and_exp></and_exp></or_exp>
</condition>
</trans>

<trans id="195" from="15" to="16">
<condition id="-1">
<or_exp><and_exp></and_exp></or_exp>
</condition>
</trans>

<trans id="196" from="16" to="17">
<condition id="-1">
<or_exp><and_exp></and_exp></or_exp>
</condition>
</trans>

<trans id="197" from="17" to="18">
<condition id="-1">
<or_exp><and_exp></and_exp></or_exp>
</condition>
</trans>

<trans id="198" from="18" to="19">
<condition id="-1">
<or_exp><and_exp></and_exp></or_exp>
</condition>
</trans>

<trans id="199" from="19" to="20">
<condition id="-1">
<or_exp><and_exp></and_exp></or_exp>
</condition>
</trans>

<trans id="200" from="20" to="21">
<condition id="-1">
<or_exp><and_exp></and_exp></or_exp>
</condition>
</trans>

<trans id="201" from="21" to="22">
<condition id="-1">
<or_exp><and_exp></and_exp></or_exp>
</condition>
</trans>

<trans id="202" from="22" to="23">
<condition id="-1">
<or_exp><and_exp></and_exp></or_exp>
</condition>
</trans>

<trans id="203" from="23" to="24">
<condition id="-1">
<or_exp><and_exp></and_exp></or_exp>
</condition>
</trans>

<trans id="204" from="24" to="25">
<condition id="-1">
<or_exp><and_exp></and_exp></or_exp>
</condition>
</trans>

<trans id="205" from="25" to="26">
<condition id="-1">
<or_exp><and_exp></and_exp></or_exp>
</condition>
</trans>

<trans id="206" from="26" to="27">
<condition id="-1">
<or_exp><and_exp></and_exp></or_exp>
</condition>
</trans>

<trans id="207" from="27" to="28">
<condition id="-1">
<or_exp><and_exp></and_exp></or_exp>
</condition>
</trans>

<trans id="208" from="28" to="29">
<condition id="-1">
<or_exp><and_exp></and_exp></or_exp>
</condition>
</trans>

<trans id="209" from="29" to="30">
<condition id="-1">
<or_exp><and_exp></and_exp></or_exp>
</condition>
</trans>

<trans id="210" from="30" to="31">
<condition id="-1">
<or_exp><and_exp></and_exp></or_exp>
</condition>
</trans>

<trans id="211" from="31" to="32">
<condition id="-1">
<or_exp><and_exp></and_exp></or_exp>
</condition>
</trans>

<trans id="212" from="32" to="33">
<condition id="-1">
<or_exp><and_exp></and_exp></or_exp>
</condition>
</trans>

<trans id="213" from="33" to="34">
<condition id="-1">
<or_exp><and_exp></and_exp></or_exp>
</condition>
</trans>

<trans id="214" from="34" to="35">
<condition id="-1">
<or_exp><and_exp></and_exp></or_exp>
</condition>
</trans>

<trans id="215" from="35" to="36">
<condition id="-1">
<or_exp><and_exp></and_exp></or_exp>
</condition>
</trans>

<trans id="216" from="36" to="37">
<condition id="-1">
<or_exp><and_exp></and_exp></or_exp>
</condition>
</trans>

<trans id="217" from="37" to="38">
<condition id="-1">
<or_exp><and_exp></and_exp></or_exp>
</condition>
</trans>

<trans id="218" from="38" to="39">
<condition id="-1">
<or_exp><and_exp></and_exp></or_exp>
</condition>
</trans>

<trans id="219" from="39" to="40">
<condition id="-1">
<or_exp><and_exp></and_exp></or_exp>
</condition>
</trans>

<trans id="220" from="40" to="41">
<condition id="-1">
<or_exp><and_exp></and_exp></or_exp>
</condition>
</trans>

<trans id="221" from="41" to="42">
<condition id="-1">
<or_exp><and_exp></and_exp></or_exp>
</condition>
</trans>

<trans id="222" from="42" to="43">
<condition id="-1">
<or_exp><and_exp></and_exp></or_exp>
</condition>
</trans>

<trans id="223" from="43" to="44">
<condition id="-1">
<or_exp><and_exp></and_exp></or_exp>
</condition>
</trans>

<trans id="224" from="44" to="45">
<condition id="-1">
<or_exp><and_exp></and_exp></or_exp>
</condition>
</trans>

<trans id="225" from="45" to="46">
<condition id="-1">
<or_exp><and_exp></and_exp></or_exp>
</condition>
</trans>

<trans id="226" from="46" to="47">
<condition id="-1">
<or_exp><and_exp></and_exp></or_exp>
</condition>
</trans>

<trans id="227" from="47" to="52">
<condition id="-1">
<or_exp><and_exp><literal name="icmp_ln887_1" val="0"/>
</and_exp><and_exp><literal name="icmp_ln887" val="1"/>
</and_exp></or_exp>
</condition>
</trans>

<trans id="229" from="47" to="48">
<condition id="-1">
<or_exp><and_exp><literal name="icmp_ln887" val="0"/>
<literal name="icmp_ln887_1" val="1"/>
</and_exp></or_exp>
</condition>
</trans>

<trans id="230" from="48" to="48">
<condition id="-1">
<or_exp><and_exp><literal name="icmp_ln48" val="0"/>
</and_exp></or_exp>
</condition>
</trans>

<trans id="231" from="48" to="49">
<condition id="-1">
<or_exp><and_exp><literal name="icmp_ln48" val="1"/>
</and_exp></or_exp>
</condition>
</trans>

<trans id="232" from="49" to="52">
<condition id="-1">
<or_exp><and_exp><literal name="icmp_ln887_3" val="1"/>
</and_exp></or_exp>
</condition>
</trans>

<trans id="233" from="49" to="50">
<condition id="-1">
<or_exp><and_exp><literal name="icmp_ln887_3" val="0"/>
<literal name="icmp_ln887_4" val="1"/>
</and_exp></or_exp>
</condition>
</trans>

<trans id="234" from="49" to="51">
<condition id="-1">
<or_exp><and_exp><literal name="icmp_ln887_3" val="0"/>
<literal name="icmp_ln887_4" val="0"/>
</and_exp></or_exp>
</condition>
</trans>

<trans id="236" from="50" to="51">
<condition id="-1">
<or_exp><and_exp></and_exp></or_exp>
</condition>
</trans>

<trans id="237" from="51" to="52">
<condition id="-1">
<or_exp><and_exp></and_exp></or_exp>
</condition>
</trans>

<trans id="239" from="52" to="49">
<condition id="-1">
<or_exp><and_exp><literal name="icmp_ln887" val="0"/>
<literal name="icmp_ln887_1" val="1"/>
<literal name="icmp_ln887_3" val="0"/>
<literal name="icmp_ln879" val="0"/>
</and_exp></or_exp>
</condition>
</trans>

<trans id="240" from="52" to="47">
<condition id="-1">
<or_exp><and_exp><literal name="icmp_ln887" val="0"/>
<literal name="icmp_ln879" val="1"/>
<literal name="icmp_ln879_2" val="0"/>
</and_exp><and_exp><literal name="icmp_ln887" val="0"/>
<literal name="icmp_ln887_3" val="1"/>
<literal name="icmp_ln879_2" val="0"/>
</and_exp><and_exp><literal name="icmp_ln887" val="0"/>
<literal name="icmp_ln887_1" val="0"/>
<literal name="icmp_ln879_2" val="0"/>
</and_exp></or_exp>
</condition>
</trans>
</trans_list>



<state_list>

<state id="1" st_id="1">

<operation id="53" st_id="1" stage="1" lat="1">
<core>NULL</core>
<MemPortIdVec></MemPortIdVec>
<condition id="-1">
<or_exp><and_exp></and_exp></or_exp>
</condition>

<Node id="22" bw="32" op_0_bw="32" op_1_bw="32">
<![CDATA[
_ZN8ap_fixedILi32ELi12EL9ap_q_mode5EL9ap_o_mode3ELi0EEC1Ei.exit:8  %norm_w_V_read_1 = call i32 @_ssdm_op_Read.ap_auto.i32(i32 %norm_w_V_read)

]]></Node>
<StgValue><ssdm name="norm_w_V_read_1"/></StgValue>
</operation>

<operation id="54" st_id="1" stage="1" lat="1">
<core>RAM</core>
<MemPortIdVec></MemPortIdVec>
<condition id="-1">
<or_exp><and_exp></and_exp></or_exp>
</condition>

<Node id="23" bw="16" op_0_bw="64">
<![CDATA[
_ZN8ap_fixedILi32ELi12EL9ap_q_mode5EL9ap_o_mode3ELi0EEC1Ei.exit:9  %testing_vector_V = alloca [256 x i16], align 2

]]></Node>
<StgValue><ssdm name="testing_vector_V"/></StgValue>
</operation>

<operation id="55" st_id="1" stage="1" lat="1">
<core>NULL</core>
<MemPortIdVec></MemPortIdVec>
<condition id="-1">
<or_exp><and_exp></and_exp></or_exp>
</condition>

<Node id="24" bw="42" op_0_bw="32">
<![CDATA[
_ZN8ap_fixedILi32ELi12EL9ap_q_mode5EL9ap_o_mode3ELi0EEC1Ei.exit:10  %sext_ln1148 = sext i32 %norm_w_V_read_1 to i42

]]></Node>
<StgValue><ssdm name="sext_ln1148"/></StgValue>
</operation>

<operation id="56" st_id="1" stage="46" lat="46">
<core>DivnS_SEQ</core>
<MemPortIdVec></MemPortIdVec>
<condition id="-1">
<or_exp><and_exp></and_exp></or_exp>
</condition>

<Node id="25" bw="32" op_0_bw="42" op_1_bw="42">
<![CDATA[
_ZN8ap_fixedILi32ELi12EL9ap_q_mode5EL9ap_o_mode3ELi0EEC1Ei.exit:11  %sdiv_ln1148 = sdiv i42 1099511627776, %sext_ln1148

]]></Node>
<StgValue><ssdm name="sdiv_ln1148"/></StgValue>
</operation>
</state>

<state id="2" st_id="2">

<operation id="57" st_id="2" stage="45" lat="46">
<core>DivnS_SEQ</core>
<MemPortIdVec></MemPortIdVec>
<condition id="-1">
<or_exp><and_exp></and_exp></or_exp>
</condition>

<Node id="25" bw="32" op_0_bw="42" op_1_bw="42">
<![CDATA[
_ZN8ap_fixedILi32ELi12EL9ap_q_mode5EL9ap_o_mode3ELi0EEC1Ei.exit:11  %sdiv_ln1148 = sdiv i42 1099511627776, %sext_ln1148

]]></Node>
<StgValue><ssdm name="sdiv_ln1148"/></StgValue>
</operation>
</state>

<state id="3" st_id="3">

<operation id="58" st_id="3" stage="44" lat="46">
<core>DivnS_SEQ</core>
<MemPortIdVec></MemPortIdVec>
<condition id="-1">
<or_exp><and_exp></and_exp></or_exp>
</condition>

<Node id="25" bw="32" op_0_bw="42" op_1_bw="42">
<![CDATA[
_ZN8ap_fixedILi32ELi12EL9ap_q_mode5EL9ap_o_mode3ELi0EEC1Ei.exit:11  %sdiv_ln1148 = sdiv i42 1099511627776, %sext_ln1148

]]></Node>
<StgValue><ssdm name="sdiv_ln1148"/></StgValue>
</operation>
</state>

<state id="4" st_id="4">

<operation id="59" st_id="4" stage="43" lat="46">
<core>DivnS_SEQ</core>
<MemPortIdVec></MemPortIdVec>
<condition id="-1">
<or_exp><and_exp></and_exp></or_exp>
</condition>

<Node id="25" bw="32" op_0_bw="42" op_1_bw="42">
<![CDATA[
_ZN8ap_fixedILi32ELi12EL9ap_q_mode5EL9ap_o_mode3ELi0EEC1Ei.exit:11  %sdiv_ln1148 = sdiv i42 1099511627776, %sext_ln1148

]]></Node>
<StgValue><ssdm name="sdiv_ln1148"/></StgValue>
</operation>
</state>

<state id="5" st_id="5">

<operation id="60" st_id="5" stage="42" lat="46">
<core>DivnS_SEQ</core>
<MemPortIdVec></MemPortIdVec>
<condition id="-1">
<or_exp><and_exp></and_exp></or_exp>
</condition>

<Node id="25" bw="32" op_0_bw="42" op_1_bw="42">
<![CDATA[
_ZN8ap_fixedILi32ELi12EL9ap_q_mode5EL9ap_o_mode3ELi0EEC1Ei.exit:11  %sdiv_ln1148 = sdiv i42 1099511627776, %sext_ln1148

]]></Node>
<StgValue><ssdm name="sdiv_ln1148"/></StgValue>
</operation>
</state>

<state id="6" st_id="6">

<operation id="61" st_id="6" stage="41" lat="46">
<core>DivnS_SEQ</core>
<MemPortIdVec></MemPortIdVec>
<condition id="-1">
<or_exp><and_exp></and_exp></or_exp>
</condition>

<Node id="25" bw="32" op_0_bw="42" op_1_bw="42">
<![CDATA[
_ZN8ap_fixedILi32ELi12EL9ap_q_mode5EL9ap_o_mode3ELi0EEC1Ei.exit:11  %sdiv_ln1148 = sdiv i42 1099511627776, %sext_ln1148

]]></Node>
<StgValue><ssdm name="sdiv_ln1148"/></StgValue>
</operation>
</state>

<state id="7" st_id="7">

<operation id="62" st_id="7" stage="40" lat="46">
<core>DivnS_SEQ</core>
<MemPortIdVec></MemPortIdVec>
<condition id="-1">
<or_exp><and_exp></and_exp></or_exp>
</condition>

<Node id="25" bw="32" op_0_bw="42" op_1_bw="42">
<![CDATA[
_ZN8ap_fixedILi32ELi12EL9ap_q_mode5EL9ap_o_mode3ELi0EEC1Ei.exit:11  %sdiv_ln1148 = sdiv i42 1099511627776, %sext_ln1148

]]></Node>
<StgValue><ssdm name="sdiv_ln1148"/></StgValue>
</operation>
</state>

<state id="8" st_id="8">

<operation id="63" st_id="8" stage="39" lat="46">
<core>DivnS_SEQ</core>
<MemPortIdVec></MemPortIdVec>
<condition id="-1">
<or_exp><and_exp></and_exp></or_exp>
</condition>

<Node id="25" bw="32" op_0_bw="42" op_1_bw="42">
<![CDATA[
_ZN8ap_fixedILi32ELi12EL9ap_q_mode5EL9ap_o_mode3ELi0EEC1Ei.exit:11  %sdiv_ln1148 = sdiv i42 1099511627776, %sext_ln1148

]]></Node>
<StgValue><ssdm name="sdiv_ln1148"/></StgValue>
</operation>
</state>

<state id="9" st_id="9">

<operation id="64" st_id="9" stage="38" lat="46">
<core>DivnS_SEQ</core>
<MemPortIdVec></MemPortIdVec>
<condition id="-1">
<or_exp><and_exp></and_exp></or_exp>
</condition>

<Node id="25" bw="32" op_0_bw="42" op_1_bw="42">
<![CDATA[
_ZN8ap_fixedILi32ELi12EL9ap_q_mode5EL9ap_o_mode3ELi0EEC1Ei.exit:11  %sdiv_ln1148 = sdiv i42 1099511627776, %sext_ln1148

]]></Node>
<StgValue><ssdm name="sdiv_ln1148"/></StgValue>
</operation>
</state>

<state id="10" st_id="10">

<operation id="65" st_id="10" stage="37" lat="46">
<core>DivnS_SEQ</core>
<MemPortIdVec></MemPortIdVec>
<condition id="-1">
<or_exp><and_exp></and_exp></or_exp>
</condition>

<Node id="25" bw="32" op_0_bw="42" op_1_bw="42">
<![CDATA[
_ZN8ap_fixedILi32ELi12EL9ap_q_mode5EL9ap_o_mode3ELi0EEC1Ei.exit:11  %sdiv_ln1148 = sdiv i42 1099511627776, %sext_ln1148

]]></Node>
<StgValue><ssdm name="sdiv_ln1148"/></StgValue>
</operation>
</state>

<state id="11" st_id="11">

<operation id="66" st_id="11" stage="36" lat="46">
<core>DivnS_SEQ</core>
<MemPortIdVec></MemPortIdVec>
<condition id="-1">
<or_exp><and_exp></and_exp></or_exp>
</condition>

<Node id="25" bw="32" op_0_bw="42" op_1_bw="42">
<![CDATA[
_ZN8ap_fixedILi32ELi12EL9ap_q_mode5EL9ap_o_mode3ELi0EEC1Ei.exit:11  %sdiv_ln1148 = sdiv i42 1099511627776, %sext_ln1148

]]></Node>
<StgValue><ssdm name="sdiv_ln1148"/></StgValue>
</operation>
</state>

<state id="12" st_id="12">

<operation id="67" st_id="12" stage="35" lat="46">
<core>DivnS_SEQ</core>
<MemPortIdVec></MemPortIdVec>
<condition id="-1">
<or_exp><and_exp></and_exp></or_exp>
</condition>

<Node id="25" bw="32" op_0_bw="42" op_1_bw="42">
<![CDATA[
_ZN8ap_fixedILi32ELi12EL9ap_q_mode5EL9ap_o_mode3ELi0EEC1Ei.exit:11  %sdiv_ln1148 = sdiv i42 1099511627776, %sext_ln1148

]]></Node>
<StgValue><ssdm name="sdiv_ln1148"/></StgValue>
</operation>
</state>

<state id="13" st_id="13">

<operation id="68" st_id="13" stage="34" lat="46">
<core>DivnS_SEQ</core>
<MemPortIdVec></MemPortIdVec>
<condition id="-1">
<or_exp><and_exp></and_exp></or_exp>
</condition>

<Node id="25" bw="32" op_0_bw="42" op_1_bw="42">
<![CDATA[
_ZN8ap_fixedILi32ELi12EL9ap_q_mode5EL9ap_o_mode3ELi0EEC1Ei.exit:11  %sdiv_ln1148 = sdiv i42 1099511627776, %sext_ln1148

]]></Node>
<StgValue><ssdm name="sdiv_ln1148"/></StgValue>
</operation>
</state>

<state id="14" st_id="14">

<operation id="69" st_id="14" stage="33" lat="46">
<core>DivnS_SEQ</core>
<MemPortIdVec></MemPortIdVec>
<condition id="-1">
<or_exp><and_exp></and_exp></or_exp>
</condition>

<Node id="25" bw="32" op_0_bw="42" op_1_bw="42">
<![CDATA[
_ZN8ap_fixedILi32ELi12EL9ap_q_mode5EL9ap_o_mode3ELi0EEC1Ei.exit:11  %sdiv_ln1148 = sdiv i42 1099511627776, %sext_ln1148

]]></Node>
<StgValue><ssdm name="sdiv_ln1148"/></StgValue>
</operation>
</state>

<state id="15" st_id="15">

<operation id="70" st_id="15" stage="32" lat="46">
<core>DivnS_SEQ</core>
<MemPortIdVec></MemPortIdVec>
<condition id="-1">
<or_exp><and_exp></and_exp></or_exp>
</condition>

<Node id="25" bw="32" op_0_bw="42" op_1_bw="42">
<![CDATA[
_ZN8ap_fixedILi32ELi12EL9ap_q_mode5EL9ap_o_mode3ELi0EEC1Ei.exit:11  %sdiv_ln1148 = sdiv i42 1099511627776, %sext_ln1148

]]></Node>
<StgValue><ssdm name="sdiv_ln1148"/></StgValue>
</operation>
</state>

<state id="16" st_id="16">

<operation id="71" st_id="16" stage="31" lat="46">
<core>DivnS_SEQ</core>
<MemPortIdVec></MemPortIdVec>
<condition id="-1">
<or_exp><and_exp></and_exp></or_exp>
</condition>

<Node id="25" bw="32" op_0_bw="42" op_1_bw="42">
<![CDATA[
_ZN8ap_fixedILi32ELi12EL9ap_q_mode5EL9ap_o_mode3ELi0EEC1Ei.exit:11  %sdiv_ln1148 = sdiv i42 1099511627776, %sext_ln1148

]]></Node>
<StgValue><ssdm name="sdiv_ln1148"/></StgValue>
</operation>
</state>

<state id="17" st_id="17">

<operation id="72" st_id="17" stage="30" lat="46">
<core>DivnS_SEQ</core>
<MemPortIdVec></MemPortIdVec>
<condition id="-1">
<or_exp><and_exp></and_exp></or_exp>
</condition>

<Node id="25" bw="32" op_0_bw="42" op_1_bw="42">
<![CDATA[
_ZN8ap_fixedILi32ELi12EL9ap_q_mode5EL9ap_o_mode3ELi0EEC1Ei.exit:11  %sdiv_ln1148 = sdiv i42 1099511627776, %sext_ln1148

]]></Node>
<StgValue><ssdm name="sdiv_ln1148"/></StgValue>
</operation>
</state>

<state id="18" st_id="18">

<operation id="73" st_id="18" stage="29" lat="46">
<core>DivnS_SEQ</core>
<MemPortIdVec></MemPortIdVec>
<condition id="-1">
<or_exp><and_exp></and_exp></or_exp>
</condition>

<Node id="25" bw="32" op_0_bw="42" op_1_bw="42">
<![CDATA[
_ZN8ap_fixedILi32ELi12EL9ap_q_mode5EL9ap_o_mode3ELi0EEC1Ei.exit:11  %sdiv_ln1148 = sdiv i42 1099511627776, %sext_ln1148

]]></Node>
<StgValue><ssdm name="sdiv_ln1148"/></StgValue>
</operation>
</state>

<state id="19" st_id="19">

<operation id="74" st_id="19" stage="28" lat="46">
<core>DivnS_SEQ</core>
<MemPortIdVec></MemPortIdVec>
<condition id="-1">
<or_exp><and_exp></and_exp></or_exp>
</condition>

<Node id="25" bw="32" op_0_bw="42" op_1_bw="42">
<![CDATA[
_ZN8ap_fixedILi32ELi12EL9ap_q_mode5EL9ap_o_mode3ELi0EEC1Ei.exit:11  %sdiv_ln1148 = sdiv i42 1099511627776, %sext_ln1148

]]></Node>
<StgValue><ssdm name="sdiv_ln1148"/></StgValue>
</operation>
</state>

<state id="20" st_id="20">

<operation id="75" st_id="20" stage="27" lat="46">
<core>DivnS_SEQ</core>
<MemPortIdVec></MemPortIdVec>
<condition id="-1">
<or_exp><and_exp></and_exp></or_exp>
</condition>

<Node id="25" bw="32" op_0_bw="42" op_1_bw="42">
<![CDATA[
_ZN8ap_fixedILi32ELi12EL9ap_q_mode5EL9ap_o_mode3ELi0EEC1Ei.exit:11  %sdiv_ln1148 = sdiv i42 1099511627776, %sext_ln1148

]]></Node>
<StgValue><ssdm name="sdiv_ln1148"/></StgValue>
</operation>
</state>

<state id="21" st_id="21">

<operation id="76" st_id="21" stage="26" lat="46">
<core>DivnS_SEQ</core>
<MemPortIdVec></MemPortIdVec>
<condition id="-1">
<or_exp><and_exp></and_exp></or_exp>
</condition>

<Node id="25" bw="32" op_0_bw="42" op_1_bw="42">
<![CDATA[
_ZN8ap_fixedILi32ELi12EL9ap_q_mode5EL9ap_o_mode3ELi0EEC1Ei.exit:11  %sdiv_ln1148 = sdiv i42 1099511627776, %sext_ln1148

]]></Node>
<StgValue><ssdm name="sdiv_ln1148"/></StgValue>
</operation>
</state>

<state id="22" st_id="22">

<operation id="77" st_id="22" stage="25" lat="46">
<core>DivnS_SEQ</core>
<MemPortIdVec></MemPortIdVec>
<condition id="-1">
<or_exp><and_exp></and_exp></or_exp>
</condition>

<Node id="25" bw="32" op_0_bw="42" op_1_bw="42">
<![CDATA[
_ZN8ap_fixedILi32ELi12EL9ap_q_mode5EL9ap_o_mode3ELi0EEC1Ei.exit:11  %sdiv_ln1148 = sdiv i42 1099511627776, %sext_ln1148

]]></Node>
<StgValue><ssdm name="sdiv_ln1148"/></StgValue>
</operation>
</state>

<state id="23" st_id="23">

<operation id="78" st_id="23" stage="24" lat="46">
<core>DivnS_SEQ</core>
<MemPortIdVec></MemPortIdVec>
<condition id="-1">
<or_exp><and_exp></and_exp></or_exp>
</condition>

<Node id="25" bw="32" op_0_bw="42" op_1_bw="42">
<![CDATA[
_ZN8ap_fixedILi32ELi12EL9ap_q_mode5EL9ap_o_mode3ELi0EEC1Ei.exit:11  %sdiv_ln1148 = sdiv i42 1099511627776, %sext_ln1148

]]></Node>
<StgValue><ssdm name="sdiv_ln1148"/></StgValue>
</operation>
</state>

<state id="24" st_id="24">

<operation id="79" st_id="24" stage="23" lat="46">
<core>DivnS_SEQ</core>
<MemPortIdVec></MemPortIdVec>
<condition id="-1">
<or_exp><and_exp></and_exp></or_exp>
</condition>

<Node id="25" bw="32" op_0_bw="42" op_1_bw="42">
<![CDATA[
_ZN8ap_fixedILi32ELi12EL9ap_q_mode5EL9ap_o_mode3ELi0EEC1Ei.exit:11  %sdiv_ln1148 = sdiv i42 1099511627776, %sext_ln1148

]]></Node>
<StgValue><ssdm name="sdiv_ln1148"/></StgValue>
</operation>
</state>

<state id="25" st_id="25">

<operation id="80" st_id="25" stage="22" lat="46">
<core>DivnS_SEQ</core>
<MemPortIdVec></MemPortIdVec>
<condition id="-1">
<or_exp><and_exp></and_exp></or_exp>
</condition>

<Node id="25" bw="32" op_0_bw="42" op_1_bw="42">
<![CDATA[
_ZN8ap_fixedILi32ELi12EL9ap_q_mode5EL9ap_o_mode3ELi0EEC1Ei.exit:11  %sdiv_ln1148 = sdiv i42 1099511627776, %sext_ln1148

]]></Node>
<StgValue><ssdm name="sdiv_ln1148"/></StgValue>
</operation>
</state>

<state id="26" st_id="26">

<operation id="81" st_id="26" stage="21" lat="46">
<core>DivnS_SEQ</core>
<MemPortIdVec></MemPortIdVec>
<condition id="-1">
<or_exp><and_exp></and_exp></or_exp>
</condition>

<Node id="25" bw="32" op_0_bw="42" op_1_bw="42">
<![CDATA[
_ZN8ap_fixedILi32ELi12EL9ap_q_mode5EL9ap_o_mode3ELi0EEC1Ei.exit:11  %sdiv_ln1148 = sdiv i42 1099511627776, %sext_ln1148

]]></Node>
<StgValue><ssdm name="sdiv_ln1148"/></StgValue>
</operation>
</state>

<state id="27" st_id="27">

<operation id="82" st_id="27" stage="20" lat="46">
<core>DivnS_SEQ</core>
<MemPortIdVec></MemPortIdVec>
<condition id="-1">
<or_exp><and_exp></and_exp></or_exp>
</condition>

<Node id="25" bw="32" op_0_bw="42" op_1_bw="42">
<![CDATA[
_ZN8ap_fixedILi32ELi12EL9ap_q_mode5EL9ap_o_mode3ELi0EEC1Ei.exit:11  %sdiv_ln1148 = sdiv i42 1099511627776, %sext_ln1148

]]></Node>
<StgValue><ssdm name="sdiv_ln1148"/></StgValue>
</operation>
</state>

<state id="28" st_id="28">

<operation id="83" st_id="28" stage="19" lat="46">
<core>DivnS_SEQ</core>
<MemPortIdVec></MemPortIdVec>
<condition id="-1">
<or_exp><and_exp></and_exp></or_exp>
</condition>

<Node id="25" bw="32" op_0_bw="42" op_1_bw="42">
<![CDATA[
_ZN8ap_fixedILi32ELi12EL9ap_q_mode5EL9ap_o_mode3ELi0EEC1Ei.exit:11  %sdiv_ln1148 = sdiv i42 1099511627776, %sext_ln1148

]]></Node>
<StgValue><ssdm name="sdiv_ln1148"/></StgValue>
</operation>
</state>

<state id="29" st_id="29">

<operation id="84" st_id="29" stage="18" lat="46">
<core>DivnS_SEQ</core>
<MemPortIdVec></MemPortIdVec>
<condition id="-1">
<or_exp><and_exp></and_exp></or_exp>
</condition>

<Node id="25" bw="32" op_0_bw="42" op_1_bw="42">
<![CDATA[
_ZN8ap_fixedILi32ELi12EL9ap_q_mode5EL9ap_o_mode3ELi0EEC1Ei.exit:11  %sdiv_ln1148 = sdiv i42 1099511627776, %sext_ln1148

]]></Node>
<StgValue><ssdm name="sdiv_ln1148"/></StgValue>
</operation>
</state>

<state id="30" st_id="30">

<operation id="85" st_id="30" stage="17" lat="46">
<core>DivnS_SEQ</core>
<MemPortIdVec></MemPortIdVec>
<condition id="-1">
<or_exp><and_exp></and_exp></or_exp>
</condition>

<Node id="25" bw="32" op_0_bw="42" op_1_bw="42">
<![CDATA[
_ZN8ap_fixedILi32ELi12EL9ap_q_mode5EL9ap_o_mode3ELi0EEC1Ei.exit:11  %sdiv_ln1148 = sdiv i42 1099511627776, %sext_ln1148

]]></Node>
<StgValue><ssdm name="sdiv_ln1148"/></StgValue>
</operation>
</state>

<state id="31" st_id="31">

<operation id="86" st_id="31" stage="16" lat="46">
<core>DivnS_SEQ</core>
<MemPortIdVec></MemPortIdVec>
<condition id="-1">
<or_exp><and_exp></and_exp></or_exp>
</condition>

<Node id="25" bw="32" op_0_bw="42" op_1_bw="42">
<![CDATA[
_ZN8ap_fixedILi32ELi12EL9ap_q_mode5EL9ap_o_mode3ELi0EEC1Ei.exit:11  %sdiv_ln1148 = sdiv i42 1099511627776, %sext_ln1148

]]></Node>
<StgValue><ssdm name="sdiv_ln1148"/></StgValue>
</operation>
</state>

<state id="32" st_id="32">

<operation id="87" st_id="32" stage="15" lat="46">
<core>DivnS_SEQ</core>
<MemPortIdVec></MemPortIdVec>
<condition id="-1">
<or_exp><and_exp></and_exp></or_exp>
</condition>

<Node id="25" bw="32" op_0_bw="42" op_1_bw="42">
<![CDATA[
_ZN8ap_fixedILi32ELi12EL9ap_q_mode5EL9ap_o_mode3ELi0EEC1Ei.exit:11  %sdiv_ln1148 = sdiv i42 1099511627776, %sext_ln1148

]]></Node>
<StgValue><ssdm name="sdiv_ln1148"/></StgValue>
</operation>
</state>

<state id="33" st_id="33">

<operation id="88" st_id="33" stage="14" lat="46">
<core>DivnS_SEQ</core>
<MemPortIdVec></MemPortIdVec>
<condition id="-1">
<or_exp><and_exp></and_exp></or_exp>
</condition>

<Node id="25" bw="32" op_0_bw="42" op_1_bw="42">
<![CDATA[
_ZN8ap_fixedILi32ELi12EL9ap_q_mode5EL9ap_o_mode3ELi0EEC1Ei.exit:11  %sdiv_ln1148 = sdiv i42 1099511627776, %sext_ln1148

]]></Node>
<StgValue><ssdm name="sdiv_ln1148"/></StgValue>
</operation>
</state>

<state id="34" st_id="34">

<operation id="89" st_id="34" stage="13" lat="46">
<core>DivnS_SEQ</core>
<MemPortIdVec></MemPortIdVec>
<condition id="-1">
<or_exp><and_exp></and_exp></or_exp>
</condition>

<Node id="25" bw="32" op_0_bw="42" op_1_bw="42">
<![CDATA[
_ZN8ap_fixedILi32ELi12EL9ap_q_mode5EL9ap_o_mode3ELi0EEC1Ei.exit:11  %sdiv_ln1148 = sdiv i42 1099511627776, %sext_ln1148

]]></Node>
<StgValue><ssdm name="sdiv_ln1148"/></StgValue>
</operation>
</state>

<state id="35" st_id="35">

<operation id="90" st_id="35" stage="12" lat="46">
<core>DivnS_SEQ</core>
<MemPortIdVec></MemPortIdVec>
<condition id="-1">
<or_exp><and_exp></and_exp></or_exp>
</condition>

<Node id="25" bw="32" op_0_bw="42" op_1_bw="42">
<![CDATA[
_ZN8ap_fixedILi32ELi12EL9ap_q_mode5EL9ap_o_mode3ELi0EEC1Ei.exit:11  %sdiv_ln1148 = sdiv i42 1099511627776, %sext_ln1148

]]></Node>
<StgValue><ssdm name="sdiv_ln1148"/></StgValue>
</operation>
</state>

<state id="36" st_id="36">

<operation id="91" st_id="36" stage="11" lat="46">
<core>DivnS_SEQ</core>
<MemPortIdVec></MemPortIdVec>
<condition id="-1">
<or_exp><and_exp></and_exp></or_exp>
</condition>

<Node id="25" bw="32" op_0_bw="42" op_1_bw="42">
<![CDATA[
_ZN8ap_fixedILi32ELi12EL9ap_q_mode5EL9ap_o_mode3ELi0EEC1Ei.exit:11  %sdiv_ln1148 = sdiv i42 1099511627776, %sext_ln1148

]]></Node>
<StgValue><ssdm name="sdiv_ln1148"/></StgValue>
</operation>
</state>

<state id="37" st_id="37">

<operation id="92" st_id="37" stage="10" lat="46">
<core>DivnS_SEQ</core>
<MemPortIdVec></MemPortIdVec>
<condition id="-1">
<or_exp><and_exp></and_exp></or_exp>
</condition>

<Node id="25" bw="32" op_0_bw="42" op_1_bw="42">
<![CDATA[
_ZN8ap_fixedILi32ELi12EL9ap_q_mode5EL9ap_o_mode3ELi0EEC1Ei.exit:11  %sdiv_ln1148 = sdiv i42 1099511627776, %sext_ln1148

]]></Node>
<StgValue><ssdm name="sdiv_ln1148"/></StgValue>
</operation>
</state>

<state id="38" st_id="38">

<operation id="93" st_id="38" stage="9" lat="46">
<core>DivnS_SEQ</core>
<MemPortIdVec></MemPortIdVec>
<condition id="-1">
<or_exp><and_exp></and_exp></or_exp>
</condition>

<Node id="25" bw="32" op_0_bw="42" op_1_bw="42">
<![CDATA[
_ZN8ap_fixedILi32ELi12EL9ap_q_mode5EL9ap_o_mode3ELi0EEC1Ei.exit:11  %sdiv_ln1148 = sdiv i42 1099511627776, %sext_ln1148

]]></Node>
<StgValue><ssdm name="sdiv_ln1148"/></StgValue>
</operation>
</state>

<state id="39" st_id="39">

<operation id="94" st_id="39" stage="8" lat="46">
<core>DivnS_SEQ</core>
<MemPortIdVec></MemPortIdVec>
<condition id="-1">
<or_exp><and_exp></and_exp></or_exp>
</condition>

<Node id="25" bw="32" op_0_bw="42" op_1_bw="42">
<![CDATA[
_ZN8ap_fixedILi32ELi12EL9ap_q_mode5EL9ap_o_mode3ELi0EEC1Ei.exit:11  %sdiv_ln1148 = sdiv i42 1099511627776, %sext_ln1148

]]></Node>
<StgValue><ssdm name="sdiv_ln1148"/></StgValue>
</operation>
</state>

<state id="40" st_id="40">

<operation id="95" st_id="40" stage="7" lat="46">
<core>DivnS_SEQ</core>
<MemPortIdVec></MemPortIdVec>
<condition id="-1">
<or_exp><and_exp></and_exp></or_exp>
</condition>

<Node id="25" bw="32" op_0_bw="42" op_1_bw="42">
<![CDATA[
_ZN8ap_fixedILi32ELi12EL9ap_q_mode5EL9ap_o_mode3ELi0EEC1Ei.exit:11  %sdiv_ln1148 = sdiv i42 1099511627776, %sext_ln1148

]]></Node>
<StgValue><ssdm name="sdiv_ln1148"/></StgValue>
</operation>
</state>

<state id="41" st_id="41">

<operation id="96" st_id="41" stage="6" lat="46">
<core>DivnS_SEQ</core>
<MemPortIdVec></MemPortIdVec>
<condition id="-1">
<or_exp><and_exp></and_exp></or_exp>
</condition>

<Node id="25" bw="32" op_0_bw="42" op_1_bw="42">
<![CDATA[
_ZN8ap_fixedILi32ELi12EL9ap_q_mode5EL9ap_o_mode3ELi0EEC1Ei.exit:11  %sdiv_ln1148 = sdiv i42 1099511627776, %sext_ln1148

]]></Node>
<StgValue><ssdm name="sdiv_ln1148"/></StgValue>
</operation>
</state>

<state id="42" st_id="42">

<operation id="97" st_id="42" stage="5" lat="46">
<core>DivnS_SEQ</core>
<MemPortIdVec></MemPortIdVec>
<condition id="-1">
<or_exp><and_exp></and_exp></or_exp>
</condition>

<Node id="25" bw="32" op_0_bw="42" op_1_bw="42">
<![CDATA[
_ZN8ap_fixedILi32ELi12EL9ap_q_mode5EL9ap_o_mode3ELi0EEC1Ei.exit:11  %sdiv_ln1148 = sdiv i42 1099511627776, %sext_ln1148

]]></Node>
<StgValue><ssdm name="sdiv_ln1148"/></StgValue>
</operation>
</state>

<state id="43" st_id="43">

<operation id="98" st_id="43" stage="4" lat="46">
<core>DivnS_SEQ</core>
<MemPortIdVec></MemPortIdVec>
<condition id="-1">
<or_exp><and_exp></and_exp></or_exp>
</condition>

<Node id="25" bw="32" op_0_bw="42" op_1_bw="42">
<![CDATA[
_ZN8ap_fixedILi32ELi12EL9ap_q_mode5EL9ap_o_mode3ELi0EEC1Ei.exit:11  %sdiv_ln1148 = sdiv i42 1099511627776, %sext_ln1148

]]></Node>
<StgValue><ssdm name="sdiv_ln1148"/></StgValue>
</operation>
</state>

<state id="44" st_id="44">

<operation id="99" st_id="44" stage="3" lat="46">
<core>DivnS_SEQ</core>
<MemPortIdVec></MemPortIdVec>
<condition id="-1">
<or_exp><and_exp></and_exp></or_exp>
</condition>

<Node id="25" bw="32" op_0_bw="42" op_1_bw="42">
<![CDATA[
_ZN8ap_fixedILi32ELi12EL9ap_q_mode5EL9ap_o_mode3ELi0EEC1Ei.exit:11  %sdiv_ln1148 = sdiv i42 1099511627776, %sext_ln1148

]]></Node>
<StgValue><ssdm name="sdiv_ln1148"/></StgValue>
</operation>
</state>

<state id="45" st_id="45">

<operation id="100" st_id="45" stage="2" lat="46">
<core>DivnS_SEQ</core>
<MemPortIdVec></MemPortIdVec>
<condition id="-1">
<or_exp><and_exp></and_exp></or_exp>
</condition>

<Node id="25" bw="32" op_0_bw="42" op_1_bw="42">
<![CDATA[
_ZN8ap_fixedILi32ELi12EL9ap_q_mode5EL9ap_o_mode3ELi0EEC1Ei.exit:11  %sdiv_ln1148 = sdiv i42 1099511627776, %sext_ln1148

]]></Node>
<StgValue><ssdm name="sdiv_ln1148"/></StgValue>
</operation>
</state>

<state id="46" st_id="46">

<operation id="101" st_id="46" stage="1" lat="1">
<core>NULL</core>
<MemPortIdVec></MemPortIdVec>
<condition id="-1">
<or_exp><and_exp></and_exp></or_exp>
</condition>

<Node id="14" bw="0" op_0_bw="0" op_1_bw="32" op_2_bw="1" op_3_bw="0" op_4_bw="32" op_5_bw="32" op_6_bw="0" op_7_bw="32" op_8_bw="32" op_9_bw="0" op_10_bw="0" op_11_bw="0" op_12_bw="32" op_13_bw="32" op_14_bw="32" op_15_bw="32" op_16_bw="0" op_17_bw="0">
<![CDATA[
_ZN8ap_fixedILi32ELi12EL9ap_q_mode5EL9ap_o_mode3ELi0EEC1Ei.exit:0  call void (...)* @_ssdm_op_SpecInterface(i32* %sv_coeffs_V_data_V, i1* %sv_coeffs_V_last, [5 x i8]* @p_str3, i32 0, i32 0, [5 x i8]* @p_str4, i32 0, i32 0, [1 x i8]* @p_str1, [1 x i8]* @p_str1, [1 x i8]* @p_str1, i32 0, i32 0, i32 0, i32 0, [1 x i8]* @p_str1, [1 x i8]* @p_str1) nounwind

]]></Node>
<StgValue><ssdm name="specinterface_ln0"/></StgValue>
</operation>

<operation id="102" st_id="46" stage="1" lat="1">
<core>NULL</core>
<MemPortIdVec></MemPortIdVec>
<condition id="-1">
<or_exp><and_exp></and_exp></or_exp>
</condition>

<Node id="15" bw="0" op_0_bw="0" op_1_bw="16" op_2_bw="1" op_3_bw="0" op_4_bw="32" op_5_bw="32" op_6_bw="0" op_7_bw="32" op_8_bw="32" op_9_bw="0" op_10_bw="0" op_11_bw="0" op_12_bw="32" op_13_bw="32" op_14_bw="32" op_15_bw="32" op_16_bw="0" op_17_bw="0">
<![CDATA[
_ZN8ap_fixedILi32ELi12EL9ap_q_mode5EL9ap_o_mode3ELi0EEC1Ei.exit:1  call void (...)* @_ssdm_op_SpecInterface(i16* %support_vectors_V_data_V, i1* %support_vectors_V_last, [5 x i8]* @p_str3, i32 0, i32 0, [5 x i8]* @p_str4, i32 0, i32 0, [1 x i8]* @p_str1, [1 x i8]* @p_str1, [1 x i8]* @p_str1, i32 0, i32 0, i32 0, i32 0, [1 x i8]* @p_str1, [1 x i8]* @p_str1) nounwind

]]></Node>
<StgValue><ssdm name="specinterface_ln0"/></StgValue>
</operation>

<operation id="103" st_id="46" stage="1" lat="1">
<core>NULL</core>
<MemPortIdVec></MemPortIdVec>
<condition id="-1">
<or_exp><and_exp></and_exp></or_exp>
</condition>

<Node id="16" bw="0" op_0_bw="0" op_1_bw="32" op_2_bw="1" op_3_bw="0" op_4_bw="32" op_5_bw="32" op_6_bw="0" op_7_bw="32" op_8_bw="32" op_9_bw="0" op_10_bw="0" op_11_bw="0" op_12_bw="32" op_13_bw="32" op_14_bw="32" op_15_bw="32" op_16_bw="0" op_17_bw="0">
<![CDATA[
_ZN8ap_fixedILi32ELi12EL9ap_q_mode5EL9ap_o_mode3ELi0EEC1Ei.exit:2  call void (...)* @_ssdm_op_SpecInterface(i32* %geometric_values_out_V_data_V, i1* %geometric_values_out_V_last, [5 x i8]* @p_str3, i32 0, i32 0, [5 x i8]* @p_str4, i32 0, i32 0, [1 x i8]* @p_str1, [1 x i8]* @p_str1, [1 x i8]* @p_str1, i32 0, i32 0, i32 0, i32 0, [1 x i8]* @p_str1, [1 x i8]* @p_str1) nounwind

]]></Node>
<StgValue><ssdm name="specinterface_ln0"/></StgValue>
</operation>

<operation id="104" st_id="46" stage="1" lat="1">
<core>NULL</core>
<MemPortIdVec></MemPortIdVec>
<condition id="-1">
<or_exp><and_exp></and_exp></or_exp>
</condition>

<Node id="17" bw="0" op_0_bw="0" op_1_bw="16" op_2_bw="1" op_3_bw="0" op_4_bw="32" op_5_bw="32" op_6_bw="0" op_7_bw="32" op_8_bw="32" op_9_bw="0" op_10_bw="0" op_11_bw="0" op_12_bw="32" op_13_bw="32" op_14_bw="32" op_15_bw="32" op_16_bw="0" op_17_bw="0">
<![CDATA[
_ZN8ap_fixedILi32ELi12EL9ap_q_mode5EL9ap_o_mode3ELi0EEC1Ei.exit:3  call void (...)* @_ssdm_op_SpecInterface(i16* %testing_matrix_V_data_V, i1* %testing_matrix_V_last, [5 x i8]* @p_str3, i32 0, i32 0, [5 x i8]* @p_str4, i32 0, i32 0, [1 x i8]* @p_str1, [1 x i8]* @p_str1, [1 x i8]* @p_str1, i32 0, i32 0, i32 0, i32 0, [1 x i8]* @p_str1, [1 x i8]* @p_str1) nounwind

]]></Node>
<StgValue><ssdm name="specinterface_ln0"/></StgValue>
</operation>

<operation id="105" st_id="46" stage="1" lat="1">
<core>NULL</core>
<MemPortIdVec></MemPortIdVec>
<condition id="-1">
<or_exp><and_exp></and_exp></or_exp>
</condition>

<Node id="18" bw="32" op_0_bw="32" op_1_bw="32">
<![CDATA[
_ZN8ap_fixedILi32ELi12EL9ap_q_mode5EL9ap_o_mode3ELi0EEC1Ei.exit:4  %gamma_V_read_2 = call i32 @_ssdm_op_Read.ap_auto.i32(i32 %gamma_V_read)

]]></Node>
<StgValue><ssdm name="gamma_V_read_2"/></StgValue>
</operation>

<operation id="106" st_id="46" stage="1" lat="1">
<core>NULL</core>
<MemPortIdVec></MemPortIdVec>
<condition id="-1">
<or_exp><and_exp></and_exp></or_exp>
</condition>

<Node id="19" bw="20" op_0_bw="20" op_1_bw="20">
<![CDATA[
_ZN8ap_fixedILi32ELi12EL9ap_q_mode5EL9ap_o_mode3ELi0EEC1Ei.exit:5  %no_test_vectors_V_re = call i20 @_ssdm_op_Read.ap_auto.i20(i20 %no_test_vectors_V_read)

]]></Node>
<StgValue><ssdm name="no_test_vectors_V_re"/></StgValue>
</operation>

<operation id="107" st_id="46" stage="1" lat="1">
<core>NULL</core>
<MemPortIdVec></MemPortIdVec>
<condition id="-1">
<or_exp><and_exp></and_exp></or_exp>
</condition>

<Node id="20" bw="9" op_0_bw="9" op_1_bw="9">
<![CDATA[
_ZN8ap_fixedILi32ELi12EL9ap_q_mode5EL9ap_o_mode3ELi0EEC1Ei.exit:6  %no_variables_V_read_2 = call i9 @_ssdm_op_Read.ap_auto.i9(i9 %no_variables_V_read)

]]></Node>
<StgValue><ssdm name="no_variables_V_read_2"/></StgValue>
</operation>

<operation id="108" st_id="46" stage="1" lat="1">
<core>NULL</core>
<MemPortIdVec></MemPortIdVec>
<condition id="-1">
<or_exp><and_exp></and_exp></or_exp>
</condition>

<Node id="21" bw="20" op_0_bw="20" op_1_bw="20">
<![CDATA[
_ZN8ap_fixedILi32ELi12EL9ap_q_mode5EL9ap_o_mode3ELi0EEC1Ei.exit:7  %no_svs_V_read_1 = call i20 @_ssdm_op_Read.ap_auto.i20(i20 %no_svs_V_read)

]]></Node>
<StgValue><ssdm name="no_svs_V_read_1"/></StgValue>
</operation>

<operation id="109" st_id="46" stage="1" lat="46">
<core>DivnS_SEQ</core>
<MemPortIdVec></MemPortIdVec>
<condition id="-1">
<or_exp><and_exp></and_exp></or_exp>
</condition>

<Node id="25" bw="32" op_0_bw="42" op_1_bw="42">
<![CDATA[
_ZN8ap_fixedILi32ELi12EL9ap_q_mode5EL9ap_o_mode3ELi0EEC1Ei.exit:11  %sdiv_ln1148 = sdiv i42 1099511627776, %sext_ln1148

]]></Node>
<StgValue><ssdm name="sdiv_ln1148"/></StgValue>
</operation>

<operation id="110" st_id="46" stage="1" lat="1">
<core>NULL</core>
<MemPortIdVec></MemPortIdVec>
<condition id="-1">
<or_exp><and_exp></and_exp></or_exp>
</condition>

<Node id="26" bw="32" op_0_bw="32">
<![CDATA[
_ZN8ap_fixedILi32ELi12EL9ap_q_mode5EL9ap_o_mode3ELi0EEC1Ei.exit:12  %norm_w_recip_V = trunc i42 %sdiv_ln1148 to i32

]]></Node>
<StgValue><ssdm name="norm_w_recip_V"/></StgValue>
</operation>

<operation id="111" st_id="46" stage="1" lat="1">
<core>NULL</core>
<MemPortIdVec></MemPortIdVec>
<condition id="-1">
<or_exp><and_exp></and_exp></or_exp>
</condition>

<Node id="27" bw="52" op_0_bw="32">
<![CDATA[
_ZN8ap_fixedILi32ELi12EL9ap_q_mode5EL9ap_o_mode3ELi0EEC1Ei.exit:13  %sext_ln215 = sext i32 %norm_w_recip_V to i52

]]></Node>
<StgValue><ssdm name="sext_ln215"/></StgValue>
</operation>

<operation id="112" st_id="46" stage="1" lat="1">
<core>NULL</core>
<MemPortIdVec></MemPortIdVec>
<condition id="-1">
<or_exp><and_exp></and_exp></or_exp>
</condition>

<Node id="28" bw="21" op_0_bw="20">
<![CDATA[
_ZN8ap_fixedILi32ELi12EL9ap_q_mode5EL9ap_o_mode3ELi0EEC1Ei.exit:14  %zext_ln1354 = zext i20 %no_test_vectors_V_re to i21

]]></Node>
<StgValue><ssdm name="zext_ln1354"/></StgValue>
</operation>

<operation id="113" st_id="46" stage="1" lat="1">
<core>AddSub</core>
<MemPortIdVec></MemPortIdVec>
<condition id="-1">
<or_exp><and_exp></and_exp></or_exp>
</condition>

<Node id="29" bw="21" op_0_bw="21" op_1_bw="21">
<![CDATA[
_ZN8ap_fixedILi32ELi12EL9ap_q_mode5EL9ap_o_mode3ELi0EEC1Ei.exit:15  %ret_V_3 = add i21 -1, %zext_ln1354

]]></Node>
<StgValue><ssdm name="ret_V_3"/></StgValue>
</operation>

<operation id="114" st_id="46" stage="1" lat="1">
<core>NULL</core>
<MemPortIdVec></MemPortIdVec>
<condition id="-1">
<or_exp><and_exp></and_exp></or_exp>
</condition>

<Node id="30" bw="21" op_0_bw="20">
<![CDATA[
_ZN8ap_fixedILi32ELi12EL9ap_q_mode5EL9ap_o_mode3ELi0EEC1Ei.exit:16  %zext_ln1354_1 = zext i20 %no_svs_V_read_1 to i21

]]></Node>
<StgValue><ssdm name="zext_ln1354_1"/></StgValue>
</operation>

<operation id="115" st_id="46" stage="1" lat="1">
<core>AddSub</core>
<MemPortIdVec></MemPortIdVec>
<condition id="-1">
<or_exp><and_exp></and_exp></or_exp>
</condition>

<Node id="31" bw="21" op_0_bw="21" op_1_bw="21">
<![CDATA[
_ZN8ap_fixedILi32ELi12EL9ap_q_mode5EL9ap_o_mode3ELi0EEC1Ei.exit:17  %ret_V = add i21 -1, %zext_ln1354_1

]]></Node>
<StgValue><ssdm name="ret_V"/></StgValue>
</operation>

<operation id="116" st_id="46" stage="1" lat="1">
<core>NULL</core>
<MemPortIdVec></MemPortIdVec>
<condition id="-1">
<or_exp><and_exp></and_exp></or_exp>
</condition>

<Node id="32" bw="0" op_0_bw="0">
<![CDATA[
_ZN8ap_fixedILi32ELi12EL9ap_q_mode5EL9ap_o_mode3ELi0EEC1Ei.exit:18  br label %0

]]></Node>
<StgValue><ssdm name="br_ln42"/></StgValue>
</operation>
</state>

<state id="47" st_id="47">

<operation id="117" st_id="47" stage="1" lat="1">
<core>NULL</core>
<MemPortIdVec></MemPortIdVec>
<condition id="-1">
<or_exp><and_exp></and_exp></or_exp>
</condition>

<Node id="34" bw="20" op_0_bw="20" op_1_bw="0" op_2_bw="20" op_3_bw="0">
<![CDATA[
:0  %t_V_3 = phi i20 [ 0, %_ZN8ap_fixedILi32ELi12EL9ap_q_mode5EL9ap_o_mode3ELi0EEC1Ei.exit ], [ %n1_V, %._crit_edge ]

]]></Node>
<StgValue><ssdm name="t_V_3"/></StgValue>
</operation>

<operation id="118" st_id="47" stage="1" lat="1">
<core>Cmp</core>
<MemPortIdVec></MemPortIdVec>
<condition id="-1">
<or_exp><and_exp></and_exp></or_exp>
</condition>

<Node id="35" bw="1" op_0_bw="20" op_1_bw="20">
<![CDATA[
:1  %icmp_ln887 = icmp eq i20 %t_V_3, -48576

]]></Node>
<StgValue><ssdm name="icmp_ln887"/></StgValue>
</operation>

<operation id="119" st_id="47" stage="1" lat="1">
<core>NULL</core>
<MemPortIdVec></MemPortIdVec>
<condition id="-1">
<or_exp><and_exp></and_exp></or_exp>
</condition>

<Node id="36" bw="32" op_0_bw="32" op_1_bw="64" op_2_bw="64" op_3_bw="64">
<![CDATA[
:2  %empty = call i32 (...)* @_ssdm_op_SpecLoopTripCount(i64 1, i64 1000000, i64 500000)

]]></Node>
<StgValue><ssdm name="empty"/></StgValue>
</operation>

<operation id="120" st_id="47" stage="1" lat="1">
<core>AddSub</core>
<MemPortIdVec></MemPortIdVec>
<condition id="-1">
<or_exp><and_exp></and_exp></or_exp>
</condition>

<Node id="37" bw="20" op_0_bw="20" op_1_bw="20">
<![CDATA[
:3  %n1_V = add i20 %t_V_3, 1

]]></Node>
<StgValue><ssdm name="n1_V"/></StgValue>
</operation>

<operation id="121" st_id="47" stage="1" lat="1">
<core>NULL</core>
<MemPortIdVec></MemPortIdVec>
<condition id="-1">
<or_exp><and_exp></and_exp></or_exp>
</condition>

<Node id="38" bw="0" op_0_bw="1" op_1_bw="0" op_2_bw="0">
<![CDATA[
:4  br i1 %icmp_ln887, label %.loopexit590, label %1

]]></Node>
<StgValue><ssdm name="br_ln42"/></StgValue>
</operation>

<operation id="122" st_id="47" stage="1" lat="1">
<core>Cmp</core>
<MemPortIdVec></MemPortIdVec>
<condition id="-1">
<or_exp><and_exp><literal name="icmp_ln887" val="0"/>
</and_exp></or_exp>
</condition>

<Node id="40" bw="1" op_0_bw="20" op_1_bw="20">
<![CDATA[
:0  %icmp_ln887_1 = icmp ult i20 %t_V_3, %no_test_vectors_V_re

]]></Node>
<StgValue><ssdm name="icmp_ln887_1"/></StgValue>
</operation>

<operation id="123" st_id="47" stage="1" lat="1">
<core>NULL</core>
<MemPortIdVec></MemPortIdVec>
<condition id="-1">
<or_exp><and_exp><literal name="icmp_ln887" val="0"/>
</and_exp></or_exp>
</condition>

<Node id="41" bw="0" op_0_bw="1" op_1_bw="0" op_2_bw="0">
<![CDATA[
:1  br i1 %icmp_ln887_1, label %.preheader592.preheader, label %._crit_edge

]]></Node>
<StgValue><ssdm name="br_ln43"/></StgValue>
</operation>

<operation id="124" st_id="47" stage="1" lat="1">
<core>NULL</core>
<MemPortIdVec></MemPortIdVec>
<condition id="-1">
<or_exp><and_exp><literal name="icmp_ln887" val="0"/>
<literal name="icmp_ln887_1" val="1"/>
</and_exp></or_exp>
</condition>

<Node id="43" bw="0" op_0_bw="0">
<![CDATA[
.preheader592.preheader:0  br label %.preheader592

]]></Node>
<StgValue><ssdm name="br_ln48"/></StgValue>
</operation>
</state>

<state id="48" st_id="48">

<operation id="125" st_id="48" stage="1" lat="1">
<core>NULL</core>
<MemPortIdVec></MemPortIdVec>
<condition id="-1">
<or_exp><and_exp></and_exp></or_exp>
</condition>

<Node id="45" bw="9" op_0_bw="9" op_1_bw="0" op_2_bw="9" op_3_bw="0">
<![CDATA[
.preheader592:0  %t_V = phi i9 [ %n1_2_V, %._crit_edge596 ], [ 0, %.preheader592.preheader ]

]]></Node>
<StgValue><ssdm name="t_V"/></StgValue>
</operation>

<operation id="126" st_id="48" stage="1" lat="1">
<core>Cmp</core>
<MemPortIdVec></MemPortIdVec>
<condition id="-1">
<or_exp><and_exp></and_exp></or_exp>
</condition>

<Node id="46" bw="1" op_0_bw="9" op_1_bw="9">
<![CDATA[
.preheader592:1  %icmp_ln48 = icmp eq i9 %t_V, -256

]]></Node>
<StgValue><ssdm name="icmp_ln48"/></StgValue>
</operation>

<operation id="127" st_id="48" stage="1" lat="1">
<core>NULL</core>
<MemPortIdVec></MemPortIdVec>
<condition id="-1">
<or_exp><and_exp></and_exp></or_exp>
</condition>

<Node id="47" bw="32" op_0_bw="32" op_1_bw="64" op_2_bw="64" op_3_bw="64">
<![CDATA[
.preheader592:2  %empty_17 = call i32 (...)* @_ssdm_op_SpecLoopTripCount(i64 256, i64 256, i64 256)

]]></Node>
<StgValue><ssdm name="empty_17"/></StgValue>
</operation>

<operation id="128" st_id="48" stage="1" lat="1">
<core>AddSub</core>
<MemPortIdVec></MemPortIdVec>
<condition id="-1">
<or_exp><and_exp></and_exp></or_exp>
</condition>

<Node id="48" bw="9" op_0_bw="9" op_1_bw="9">
<![CDATA[
.preheader592:3  %n1_2_V = add i9 %t_V, 1

]]></Node>
<StgValue><ssdm name="n1_2_V"/></StgValue>
</operation>

<operation id="129" st_id="48" stage="1" lat="1">
<core>NULL</core>
<MemPortIdVec></MemPortIdVec>
<condition id="-1">
<or_exp><and_exp></and_exp></or_exp>
</condition>

<Node id="49" bw="0" op_0_bw="1" op_1_bw="0" op_2_bw="0">
<![CDATA[
.preheader592:4  br i1 %icmp_ln48, label %.preheader.preheader, label %2

]]></Node>
<StgValue><ssdm name="br_ln48"/></StgValue>
</operation>

<operation id="130" st_id="48" stage="1" lat="1">
<core>Cmp</core>
<MemPortIdVec></MemPortIdVec>
<condition id="-1">
<or_exp><and_exp><literal name="icmp_ln48" val="0"/>
</and_exp></or_exp>
</condition>

<Node id="51" bw="1" op_0_bw="9" op_1_bw="9">
<![CDATA[
:0  %icmp_ln887_2 = icmp ult i9 %t_V, %no_variables_V_read_2

]]></Node>
<StgValue><ssdm name="icmp_ln887_2"/></StgValue>
</operation>

<operation id="131" st_id="48" stage="1" lat="1">
<core>NULL</core>
<MemPortIdVec></MemPortIdVec>
<condition id="-1">
<or_exp><and_exp><literal name="icmp_ln48" val="0"/>
</and_exp></or_exp>
</condition>

<Node id="52" bw="0" op_0_bw="1" op_1_bw="0" op_2_bw="0">
<![CDATA[
:1  br i1 %icmp_ln887_2, label %3, label %._crit_edge596

]]></Node>
<StgValue><ssdm name="br_ln49"/></StgValue>
</operation>

<operation id="132" st_id="48" stage="1" lat="1">
<core>NULL</core>
<MemPortIdVec></MemPortIdVec>
<condition id="-1">
<or_exp><and_exp><literal name="icmp_ln48" val="0"/>
<literal name="icmp_ln887_2" val="1"/>
</and_exp></or_exp>
</condition>

<Node id="54" bw="64" op_0_bw="9">
<![CDATA[
:0  %zext_ln544 = zext i9 %t_V to i64

]]></Node>
<StgValue><ssdm name="zext_ln544"/></StgValue>
</operation>

<operation id="133" st_id="48" stage="1" lat="1">
<core>AXI4Stream</core>
<MemPortIdVec></MemPortIdVec>
<condition id="-1">
<or_exp><and_exp><literal name="icmp_ln48" val="0"/>
<literal name="icmp_ln887_2" val="1"/>
</and_exp></or_exp>
</condition>

<Node id="55" bw="17" op_0_bw="17" op_1_bw="16" op_2_bw="1">
<![CDATA[
:1  %empty_18 = call { i16, i1 } @_ssdm_op_Read.axis.volatile.i16P.i1P(i16* %testing_matrix_V_data_V, i1* %testing_matrix_V_last)

]]></Node>
<StgValue><ssdm name="empty_18"/></StgValue>
</operation>

<operation id="134" st_id="48" stage="1" lat="1">
<core>NULL</core>
<MemPortIdVec></MemPortIdVec>
<condition id="-1">
<or_exp><and_exp><literal name="icmp_ln48" val="0"/>
<literal name="icmp_ln887_2" val="1"/>
</and_exp></or_exp>
</condition>

<Node id="56" bw="16" op_0_bw="17">
<![CDATA[
:2  %tmp_data_V = extractvalue { i16, i1 } %empty_18, 0

]]></Node>
<StgValue><ssdm name="tmp_data_V"/></StgValue>
</operation>

<operation id="135" st_id="48" stage="1" lat="1">
<core>NULL</core>
<MemPortIdVec></MemPortIdVec>
<condition id="-1">
<or_exp><and_exp><literal name="icmp_ln48" val="0"/>
<literal name="icmp_ln887_2" val="1"/>
</and_exp></or_exp>
</condition>

<Node id="57" bw="8" op_0_bw="16" op_1_bw="64" op_2_bw="64">
<![CDATA[
:3  %testing_vector_V_add = getelementptr [256 x i16]* %testing_vector_V, i64 0, i64 %zext_ln544

]]></Node>
<StgValue><ssdm name="testing_vector_V_add"/></StgValue>
</operation>

<operation id="136" st_id="48" stage="1" lat="1">
<core>RAM</core>
<MemPortIdVec></MemPortIdVec>
<condition id="-1">
<or_exp><and_exp><literal name="icmp_ln48" val="0"/>
<literal name="icmp_ln887_2" val="1"/>
</and_exp></or_exp>
</condition>

<Node id="58" bw="0" op_0_bw="16" op_1_bw="8">
<![CDATA[
:4  store i16 %tmp_data_V, i16* %testing_vector_V_add, align 2

]]></Node>
<StgValue><ssdm name="store_ln50"/></StgValue>
</operation>

<operation id="137" st_id="48" stage="1" lat="1">
<core>NULL</core>
<MemPortIdVec></MemPortIdVec>
<condition id="-1">
<or_exp><and_exp><literal name="icmp_ln48" val="0"/>
<literal name="icmp_ln887_2" val="1"/>
</and_exp></or_exp>
</condition>

<Node id="59" bw="0" op_0_bw="0">
<![CDATA[
:5  br label %._crit_edge596

]]></Node>
<StgValue><ssdm name="br_ln51"/></StgValue>
</operation>

<operation id="138" st_id="48" stage="1" lat="1">
<core>NULL</core>
<MemPortIdVec></MemPortIdVec>
<condition id="-1">
<or_exp><and_exp><literal name="icmp_ln48" val="0"/>
</and_exp></or_exp>
</condition>

<Node id="61" bw="0" op_0_bw="0">
<![CDATA[
._crit_edge596:0  br label %.preheader592

]]></Node>
<StgValue><ssdm name="br_ln48"/></StgValue>
</operation>

<operation id="139" st_id="48" stage="1" lat="1">
<core>NULL</core>
<MemPortIdVec></MemPortIdVec>
<condition id="-1">
<or_exp><and_exp><literal name="icmp_ln48" val="1"/>
</and_exp></or_exp>
</condition>

<Node id="63" bw="0" op_0_bw="0">
<![CDATA[
.preheader.preheader:0  br label %.preheader

]]></Node>
<StgValue><ssdm name="br_ln55"/></StgValue>
</operation>
</state>

<state id="49" st_id="49">

<operation id="140" st_id="49" stage="1" lat="1">
<core>NULL</core>
<MemPortIdVec></MemPortIdVec>
<condition id="-1">
<or_exp><and_exp></and_exp></or_exp>
</condition>

<Node id="65" bw="32" op_0_bw="32" op_1_bw="0" op_2_bw="32" op_3_bw="0">
<![CDATA[
.preheader:0  %p_Val2_s = phi i32 [ %p_0137_3, %._crit_edge597 ], [ 0, %.preheader.preheader ]

]]></Node>
<StgValue><ssdm name="p_Val2_s"/></StgValue>
</operation>

<operation id="141" st_id="49" stage="1" lat="1">
<core>NULL</core>
<MemPortIdVec></MemPortIdVec>
<condition id="-1">
<or_exp><and_exp></and_exp></or_exp>
</condition>

<Node id="66" bw="20" op_0_bw="20" op_1_bw="0" op_2_bw="20" op_3_bw="0">
<![CDATA[
.preheader:1  %t_V_2 = phi i20 [ %n2_V, %._crit_edge597 ], [ 0, %.preheader.preheader ]

]]></Node>
<StgValue><ssdm name="t_V_2"/></StgValue>
</operation>

<operation id="142" st_id="49" stage="1" lat="1">
<core>Cmp</core>
<MemPortIdVec></MemPortIdVec>
<condition id="-1">
<or_exp><and_exp></and_exp></or_exp>
</condition>

<Node id="67" bw="1" op_0_bw="20" op_1_bw="20">
<![CDATA[
.preheader:2  %icmp_ln887_3 = icmp eq i20 %t_V_2, -48576

]]></Node>
<StgValue><ssdm name="icmp_ln887_3"/></StgValue>
</operation>

<operation id="143" st_id="49" stage="1" lat="1">
<core>NULL</core>
<MemPortIdVec></MemPortIdVec>
<condition id="-1">
<or_exp><and_exp></and_exp></or_exp>
</condition>

<Node id="68" bw="32" op_0_bw="32" op_1_bw="64" op_2_bw="64" op_3_bw="64">
<![CDATA[
.preheader:3  %empty_19 = call i32 (...)* @_ssdm_op_SpecLoopTripCount(i64 1, i64 1000000, i64 500000)

]]></Node>
<StgValue><ssdm name="empty_19"/></StgValue>
</operation>

<operation id="144" st_id="49" stage="1" lat="1">
<core>AddSub</core>
<MemPortIdVec></MemPortIdVec>
<condition id="-1">
<or_exp><and_exp></and_exp></or_exp>
</condition>

<Node id="69" bw="20" op_0_bw="20" op_1_bw="20">
<![CDATA[
.preheader:4  %n2_V = add i20 %t_V_2, 1

]]></Node>
<StgValue><ssdm name="n2_V"/></StgValue>
</operation>

<operation id="145" st_id="49" stage="1" lat="1">
<core>NULL</core>
<MemPortIdVec></MemPortIdVec>
<condition id="-1">
<or_exp><and_exp></and_exp></or_exp>
</condition>

<Node id="70" bw="0" op_0_bw="1" op_1_bw="0" op_2_bw="0">
<![CDATA[
.preheader:5  br i1 %icmp_ln887_3, label %.loopexit, label %4

]]></Node>
<StgValue><ssdm name="br_ln55"/></StgValue>
</operation>

<operation id="146" st_id="49" stage="1" lat="1">
<core>NULL</core>
<MemPortIdVec></MemPortIdVec>
<condition id="-1">
<or_exp><and_exp><literal name="icmp_ln887_3" val="0"/>
</and_exp></or_exp>
</condition>

<Node id="72" bw="0" op_0_bw="0" op_1_bw="0">
<![CDATA[
:0  call void (...)* @_ssdm_op_SpecLoopName([9 x i8]* @p_str2) nounwind

]]></Node>
<StgValue><ssdm name="specloopname_ln55"/></StgValue>
</operation>

<operation id="147" st_id="49" stage="1" lat="1">
<core>Cmp</core>
<MemPortIdVec></MemPortIdVec>
<condition id="-1">
<or_exp><and_exp><literal name="icmp_ln887_3" val="0"/>
</and_exp></or_exp>
</condition>

<Node id="73" bw="1" op_0_bw="20" op_1_bw="20">
<![CDATA[
:1  %icmp_ln887_4 = icmp ult i20 %t_V_2, %no_svs_V_read_1

]]></Node>
<StgValue><ssdm name="icmp_ln887_4"/></StgValue>
</operation>

<operation id="148" st_id="49" stage="1" lat="1">
<core>NULL</core>
<MemPortIdVec></MemPortIdVec>
<condition id="-1">
<or_exp><and_exp><literal name="icmp_ln887_3" val="0"/>
</and_exp></or_exp>
</condition>

<Node id="74" bw="0" op_0_bw="1" op_1_bw="0" op_2_bw="0">
<![CDATA[
:2  br i1 %icmp_ln887_4, label %_ZN13ap_fixed_baseILi65ELi25ELb1EL9ap_q_mode5EL9ap_o_mode3ELi0EEC1ILi32ELi12ELb1ELS0_5ELS1_3ELi0EEERKS_IXT_EXT0_EXT1_EXT2_EXT3_EXT4_EE.exit.i.i, label %._crit_edge597

]]></Node>
<StgValue><ssdm name="br_ln56"/></StgValue>
</operation>

<operation id="149" st_id="49" stage="2" lat="2">
<core></core>
<MemPortIdVec></MemPortIdVec>
<condition id="-1">
<or_exp><and_exp><literal name="icmp_ln887_3" val="0"/>
<literal name="icmp_ln887_4" val="1"/>
</and_exp></or_exp>
</condition>

<Node id="78" bw="32" op_0_bw="32" op_1_bw="16" op_2_bw="1" op_3_bw="16" op_4_bw="9" op_5_bw="32">
<![CDATA[
_ZN13ap_fixed_baseILi65ELi25ELb1EL9ap_q_mode5EL9ap_o_mode3ELi0EEC1ILi32ELi12ELb1ELS0_5ELS1_3ELi0EEERKS_IXT_EXT0_EXT1_EXT2_EXT3_EXT4_EE.exit.i.i:2  %p_0 = call fastcc i32 @kernel_rbf(i16* %support_vectors_V_data_V, i1* %support_vectors_V_last, [256 x i16]* %testing_vector_V, i9 %no_variables_V_read_2, i32 %gamma_V_read_2)

]]></Node>
<StgValue><ssdm name="p_0"/></StgValue>
</operation>
</state>

<state id="50" st_id="50">

<operation id="150" st_id="50" stage="1" lat="2">
<core></core>
<MemPortIdVec></MemPortIdVec>
<condition id="-1">
<or_exp><and_exp></and_exp></or_exp>
</condition>

<Node id="78" bw="32" op_0_bw="32" op_1_bw="16" op_2_bw="1" op_3_bw="16" op_4_bw="9" op_5_bw="32">
<![CDATA[
_ZN13ap_fixed_baseILi65ELi25ELb1EL9ap_q_mode5EL9ap_o_mode3ELi0EEC1ILi32ELi12ELb1ELS0_5ELS1_3ELi0EEERKS_IXT_EXT0_EXT1_EXT2_EXT3_EXT4_EE.exit.i.i:2  %p_0 = call fastcc i32 @kernel_rbf(i16* %support_vectors_V_data_V, i1* %support_vectors_V_last, [256 x i16]* %testing_vector_V, i9 %no_variables_V_read_2, i32 %gamma_V_read_2)

]]></Node>
<StgValue><ssdm name="p_0"/></StgValue>
</operation>
</state>

<state id="51" st_id="51">

<operation id="151" st_id="51" stage="1" lat="1">
<core>AXI4Stream</core>
<MemPortIdVec></MemPortIdVec>
<condition id="-1">
<or_exp><and_exp><literal name="icmp_ln887_4" val="1"/>
</and_exp></or_exp>
</condition>

<Node id="76" bw="33" op_0_bw="33" op_1_bw="32" op_2_bw="1">
<![CDATA[
_ZN13ap_fixed_baseILi65ELi25ELb1EL9ap_q_mode5EL9ap_o_mode3ELi0EEC1ILi32ELi12ELb1ELS0_5ELS1_3ELi0EEERKS_IXT_EXT0_EXT1_EXT2_EXT3_EXT4_EE.exit.i.i:0  %empty_20 = call { i32, i1 } @_ssdm_op_Read.axis.volatile.i32P.i1P(i32* %sv_coeffs_V_data_V, i1* %sv_coeffs_V_last)

]]></Node>
<StgValue><ssdm name="empty_20"/></StgValue>
</operation>

<operation id="152" st_id="51" stage="1" lat="1">
<core>NULL</core>
<MemPortIdVec></MemPortIdVec>
<condition id="-1">
<or_exp><and_exp><literal name="icmp_ln887_4" val="1"/>
</and_exp></or_exp>
</condition>

<Node id="77" bw="32" op_0_bw="33">
<![CDATA[
_ZN13ap_fixed_baseILi65ELi25ELb1EL9ap_q_mode5EL9ap_o_mode3ELi0EEC1ILi32ELi12ELb1ELS0_5ELS1_3ELi0EEERKS_IXT_EXT0_EXT1_EXT2_EXT3_EXT4_EE.exit.i.i:1  %tmp_data_V_1 = extractvalue { i32, i1 } %empty_20, 0

]]></Node>
<StgValue><ssdm name="tmp_data_V_1"/></StgValue>
</operation>

<operation id="153" st_id="51" stage="1" lat="1">
<core>NULL</core>
<MemPortIdVec></MemPortIdVec>
<condition id="-1">
<or_exp><and_exp><literal name="icmp_ln887_4" val="1"/>
</and_exp></or_exp>
</condition>

<Node id="79" bw="52" op_0_bw="32">
<![CDATA[
_ZN13ap_fixed_baseILi65ELi25ELb1EL9ap_q_mode5EL9ap_o_mode3ELi0EEC1ILi32ELi12ELb1ELS0_5ELS1_3ELi0EEERKS_IXT_EXT0_EXT1_EXT2_EXT3_EXT4_EE.exit.i.i:3  %sext_ln1192 = sext i32 %tmp_data_V_1 to i52

]]></Node>
<StgValue><ssdm name="sext_ln1192"/></StgValue>
</operation>

<operation id="154" st_id="51" stage="1" lat="1">
<core>NULL</core>
<MemPortIdVec></MemPortIdVec>
<condition id="-1">
<or_exp><and_exp><literal name="icmp_ln887_4" val="1"/>
</and_exp></or_exp>
</condition>

<Node id="80" bw="52" op_0_bw="32">
<![CDATA[
_ZN13ap_fixed_baseILi65ELi25ELb1EL9ap_q_mode5EL9ap_o_mode3ELi0EEC1ILi32ELi12ELb1ELS0_5ELS1_3ELi0EEERKS_IXT_EXT0_EXT1_EXT2_EXT3_EXT4_EE.exit.i.i:4  %sext_ln1192_1 = sext i32 %p_0 to i52

]]></Node>
<StgValue><ssdm name="sext_ln1192_1"/></StgValue>
</operation>

<operation id="155" st_id="51" stage="1" lat="1">
<core>Mul</core>
<MemPortIdVec></MemPortIdVec>
<condition id="-1">
<or_exp><and_exp><literal name="icmp_ln887_4" val="1"/>
</and_exp></or_exp>
</condition>

<Node id="81" bw="52" op_0_bw="52" op_1_bw="52">
<![CDATA[
_ZN13ap_fixed_baseILi65ELi25ELb1EL9ap_q_mode5EL9ap_o_mode3ELi0EEC1ILi32ELi12ELb1ELS0_5ELS1_3ELi0EEERKS_IXT_EXT0_EXT1_EXT2_EXT3_EXT4_EE.exit.i.i:5  %mul_ln1192 = mul i52 %sext_ln1192, %sext_ln1192_1

]]></Node>
<StgValue><ssdm name="mul_ln1192"/></StgValue>
</operation>

<operation id="156" st_id="51" stage="1" lat="1">
<core>NULL</core>
<MemPortIdVec></MemPortIdVec>
<condition id="-1">
<or_exp><and_exp><literal name="icmp_ln887_4" val="1"/>
</and_exp></or_exp>
</condition>

<Node id="82" bw="52" op_0_bw="52" op_1_bw="32" op_2_bw="20">
<![CDATA[
_ZN13ap_fixed_baseILi65ELi25ELb1EL9ap_q_mode5EL9ap_o_mode3ELi0EEC1ILi32ELi12ELb1ELS0_5ELS1_3ELi0EEERKS_IXT_EXT0_EXT1_EXT2_EXT3_EXT4_EE.exit.i.i:6  %lhs_V = call i52 @_ssdm_op_BitConcatenate.i52.i32.i20(i32 %p_Val2_s, i20 0)

]]></Node>
<StgValue><ssdm name="lhs_V"/></StgValue>
</operation>

<operation id="157" st_id="51" stage="1" lat="1">
<core>AddSub</core>
<MemPortIdVec></MemPortIdVec>
<condition id="-1">
<or_exp><and_exp><literal name="icmp_ln887_4" val="1"/>
</and_exp></or_exp>
</condition>

<Node id="83" bw="52" op_0_bw="52" op_1_bw="52">
<![CDATA[
_ZN13ap_fixed_baseILi65ELi25ELb1EL9ap_q_mode5EL9ap_o_mode3ELi0EEC1ILi32ELi12ELb1ELS0_5ELS1_3ELi0EEERKS_IXT_EXT0_EXT1_EXT2_EXT3_EXT4_EE.exit.i.i:7  %ret_V_4 = add i52 %mul_ln1192, %lhs_V

]]></Node>
<StgValue><ssdm name="ret_V_4"/></StgValue>
</operation>

<operation id="158" st_id="51" stage="1" lat="1">
<core>NULL</core>
<MemPortIdVec></MemPortIdVec>
<condition id="-1">
<or_exp><and_exp><literal name="icmp_ln887_4" val="1"/>
</and_exp></or_exp>
</condition>

<Node id="84" bw="32" op_0_bw="32" op_1_bw="52" op_2_bw="32" op_3_bw="32">
<![CDATA[
_ZN13ap_fixed_baseILi65ELi25ELb1EL9ap_q_mode5EL9ap_o_mode3ELi0EEC1ILi32ELi12ELb1ELS0_5ELS1_3ELi0EEERKS_IXT_EXT0_EXT1_EXT2_EXT3_EXT4_EE.exit.i.i:8  %f_value_V = call i32 @_ssdm_op_PartSelect.i32.i52.i32.i32(i52 %ret_V_4, i32 20, i32 51)

]]></Node>
<StgValue><ssdm name="f_value_V"/></StgValue>
</operation>

<operation id="159" st_id="51" stage="1" lat="1">
<core>NULL</core>
<MemPortIdVec></MemPortIdVec>
<condition id="-1">
<or_exp><and_exp><literal name="icmp_ln887_4" val="1"/>
</and_exp></or_exp>
</condition>

<Node id="85" bw="0" op_0_bw="0">
<![CDATA[
_ZN13ap_fixed_baseILi65ELi25ELb1EL9ap_q_mode5EL9ap_o_mode3ELi0EEC1ILi32ELi12ELb1ELS0_5ELS1_3ELi0EEERKS_IXT_EXT0_EXT1_EXT2_EXT3_EXT4_EE.exit.i.i:9  br label %._crit_edge597

]]></Node>
<StgValue><ssdm name="br_ln58"/></StgValue>
</operation>

<operation id="160" st_id="51" stage="1" lat="1">
<core>NULL</core>
<MemPortIdVec></MemPortIdVec>
<condition id="-1">
<or_exp><and_exp></and_exp></or_exp>
</condition>

<Node id="88" bw="21" op_0_bw="20">
<![CDATA[
._crit_edge597:1  %zext_ln879 = zext i20 %t_V_2 to i21

]]></Node>
<StgValue><ssdm name="zext_ln879"/></StgValue>
</operation>

<operation id="161" st_id="51" stage="1" lat="1">
<core>Cmp</core>
<MemPortIdVec></MemPortIdVec>
<condition id="-1">
<or_exp><and_exp></and_exp></or_exp>
</condition>

<Node id="89" bw="1" op_0_bw="21" op_1_bw="21">
<![CDATA[
._crit_edge597:2  %icmp_ln879 = icmp eq i21 %zext_ln879, %ret_V

]]></Node>
<StgValue><ssdm name="icmp_ln879"/></StgValue>
</operation>
</state>

<state id="52" st_id="52">

<operation id="162" st_id="52" stage="1" lat="1">
<core>NULL</core>
<MemPortIdVec></MemPortIdVec>
<condition id="-1">
<or_exp><and_exp><literal name="icmp_ln887" val="0"/>
<literal name="icmp_ln887_1" val="1"/>
<literal name="icmp_ln887_3" val="0"/>
</and_exp></or_exp>
</condition>

<Node id="87" bw="32" op_0_bw="32" op_1_bw="0" op_2_bw="32" op_3_bw="0">
<![CDATA[
._crit_edge597:0  %p_0137_3 = phi i32 [ %f_value_V, %_ZN13ap_fixed_baseILi65ELi25ELb1EL9ap_q_mode5EL9ap_o_mode3ELi0EEC1ILi32ELi12ELb1ELS0_5ELS1_3ELi0EEERKS_IXT_EXT0_EXT1_EXT2_EXT3_EXT4_EE.exit.i.i ], [ %p_Val2_s, %4 ]

]]></Node>
<StgValue><ssdm name="p_0137_3"/></StgValue>
</operation>

<operation id="163" st_id="52" stage="1" lat="1">
<core>NULL</core>
<MemPortIdVec></MemPortIdVec>
<condition id="-1">
<or_exp><and_exp><literal name="icmp_ln887" val="0"/>
<literal name="icmp_ln887_1" val="1"/>
<literal name="icmp_ln887_3" val="0"/>
</and_exp></or_exp>
</condition>

<Node id="90" bw="0" op_0_bw="1" op_1_bw="0" op_2_bw="0">
<![CDATA[
._crit_edge597:3  br i1 %icmp_ln879, label %.loopexit, label %.preheader

]]></Node>
<StgValue><ssdm name="br_ln59"/></StgValue>
</operation>

<operation id="164" st_id="52" stage="1" lat="1">
<core>NULL</core>
<MemPortIdVec></MemPortIdVec>
<condition id="-1">
<or_exp><and_exp><literal name="icmp_ln887" val="0"/>
<literal name="icmp_ln887_1" val="1"/>
<literal name="icmp_ln879" val="1"/>
</and_exp><and_exp><literal name="icmp_ln887" val="0"/>
<literal name="icmp_ln887_1" val="1"/>
<literal name="icmp_ln887_3" val="1"/>
</and_exp></or_exp>
</condition>

<Node id="92" bw="32" op_0_bw="32" op_1_bw="0" op_2_bw="32" op_3_bw="0">
<![CDATA[
.loopexit:0  %p_Val2_12 = phi i32 [ %p_Val2_s, %.preheader ], [ %p_0137_3, %._crit_edge597 ]

]]></Node>
<StgValue><ssdm name="p_Val2_12"/></StgValue>
</operation>

<operation id="165" st_id="52" stage="1" lat="1">
<core>AXI4Stream</core>
<MemPortIdVec></MemPortIdVec>
<condition id="-1">
<or_exp><and_exp><literal name="icmp_ln887" val="0"/>
<literal name="icmp_ln887_1" val="1"/>
<literal name="icmp_ln879" val="1"/>
</and_exp><and_exp><literal name="icmp_ln887" val="0"/>
<literal name="icmp_ln887_1" val="1"/>
<literal name="icmp_ln887_3" val="1"/>
</and_exp></or_exp>
</condition>

<Node id="93" bw="33" op_0_bw="33" op_1_bw="32" op_2_bw="1" op_3_bw="33">
<![CDATA[
.loopexit:1  %empty_21 = call { i32, i1 } @_ssdm_op_Read.axis.volatile.i32P.i1P(i32* %sv_coeffs_V_data_V, i1* %sv_coeffs_V_last)

]]></Node>
<StgValue><ssdm name="empty_21"/></StgValue>
</operation>

<operation id="166" st_id="52" stage="1" lat="1">
<core>NULL</core>
<MemPortIdVec></MemPortIdVec>
<condition id="-1">
<or_exp><and_exp><literal name="icmp_ln887" val="0"/>
<literal name="icmp_ln887_1" val="1"/>
<literal name="icmp_ln879" val="1"/>
</and_exp><and_exp><literal name="icmp_ln887" val="0"/>
<literal name="icmp_ln887_1" val="1"/>
<literal name="icmp_ln887_3" val="1"/>
</and_exp></or_exp>
</condition>

<Node id="94" bw="32" op_0_bw="33">
<![CDATA[
.loopexit:2  %tmp_data_V_4 = extractvalue { i32, i1 } %empty_21, 0

]]></Node>
<StgValue><ssdm name="tmp_data_V_4"/></StgValue>
</operation>

<operation id="167" st_id="52" stage="1" lat="1">
<core>NULL</core>
<MemPortIdVec></MemPortIdVec>
<condition id="-1">
<or_exp><and_exp><literal name="icmp_ln887" val="0"/>
<literal name="icmp_ln887_1" val="1"/>
<literal name="icmp_ln879" val="1"/>
</and_exp><and_exp><literal name="icmp_ln887" val="0"/>
<literal name="icmp_ln887_1" val="1"/>
<literal name="icmp_ln887_3" val="1"/>
</and_exp></or_exp>
</condition>

<Node id="95" bw="33" op_0_bw="32">
<![CDATA[
.loopexit:3  %lhs_V_2 = sext i32 %p_Val2_12 to i33

]]></Node>
<StgValue><ssdm name="lhs_V_2"/></StgValue>
</operation>

<operation id="168" st_id="52" stage="1" lat="1">
<core>NULL</core>
<MemPortIdVec></MemPortIdVec>
<condition id="-1">
<or_exp><and_exp><literal name="icmp_ln887" val="0"/>
<literal name="icmp_ln887_1" val="1"/>
<literal name="icmp_ln879" val="1"/>
</and_exp><and_exp><literal name="icmp_ln887" val="0"/>
<literal name="icmp_ln887_1" val="1"/>
<literal name="icmp_ln887_3" val="1"/>
</and_exp></or_exp>
</condition>

<Node id="96" bw="33" op_0_bw="32">
<![CDATA[
.loopexit:4  %rhs_V = sext i32 %tmp_data_V_4 to i33

]]></Node>
<StgValue><ssdm name="rhs_V"/></StgValue>
</operation>

<operation id="169" st_id="52" stage="1" lat="1">
<core>AddSub</core>
<MemPortIdVec></MemPortIdVec>
<condition id="-1">
<or_exp><and_exp><literal name="icmp_ln887" val="0"/>
<literal name="icmp_ln887_1" val="1"/>
<literal name="icmp_ln879" val="1"/>
</and_exp><and_exp><literal name="icmp_ln887" val="0"/>
<literal name="icmp_ln887_1" val="1"/>
<literal name="icmp_ln887_3" val="1"/>
</and_exp></or_exp>
</condition>

<Node id="97" bw="33" op_0_bw="33" op_1_bw="33">
<![CDATA[
.loopexit:5  %ret_V_2 = add nsw i33 %rhs_V, %lhs_V_2

]]></Node>
<StgValue><ssdm name="ret_V_2"/></StgValue>
</operation>

<operation id="170" st_id="52" stage="1" lat="1">
<core>NULL</core>
<MemPortIdVec></MemPortIdVec>
<condition id="-1">
<or_exp><and_exp><literal name="icmp_ln887" val="0"/>
<literal name="icmp_ln887_1" val="1"/>
<literal name="icmp_ln879" val="1"/>
</and_exp><and_exp><literal name="icmp_ln887" val="0"/>
<literal name="icmp_ln887_1" val="1"/>
<literal name="icmp_ln887_3" val="1"/>
</and_exp></or_exp>
</condition>

<Node id="98" bw="52" op_0_bw="33">
<![CDATA[
.loopexit:6  %sext_ln1116 = sext i33 %ret_V_2 to i52

]]></Node>
<StgValue><ssdm name="sext_ln1116"/></StgValue>
</operation>

<operation id="171" st_id="52" stage="1" lat="1">
<core>Mul</core>
<MemPortIdVec></MemPortIdVec>
<condition id="-1">
<or_exp><and_exp><literal name="icmp_ln887" val="0"/>
<literal name="icmp_ln887_1" val="1"/>
<literal name="icmp_ln879" val="1"/>
</and_exp><and_exp><literal name="icmp_ln887" val="0"/>
<literal name="icmp_ln887_1" val="1"/>
<literal name="icmp_ln887_3" val="1"/>
</and_exp></or_exp>
</condition>

<Node id="99" bw="52" op_0_bw="52" op_1_bw="52">
<![CDATA[
.loopexit:7  %r_V = mul i52 %sext_ln1116, %sext_ln215

]]></Node>
<StgValue><ssdm name="r_V"/></StgValue>
</operation>

<operation id="172" st_id="52" stage="1" lat="1">
<core>NULL</core>
<MemPortIdVec></MemPortIdVec>
<condition id="-1">
<or_exp><and_exp><literal name="icmp_ln887" val="0"/>
<literal name="icmp_ln887_1" val="1"/>
<literal name="icmp_ln879" val="1"/>
</and_exp><and_exp><literal name="icmp_ln887" val="0"/>
<literal name="icmp_ln887_1" val="1"/>
<literal name="icmp_ln887_3" val="1"/>
</and_exp></or_exp>
</condition>

<Node id="100" bw="32" op_0_bw="32" op_1_bw="52" op_2_bw="32" op_3_bw="32">
<![CDATA[
.loopexit:8  %geometric_value_data = call i32 @_ssdm_op_PartSelect.i32.i52.i32.i32(i52 %r_V, i32 20, i32 51)

]]></Node>
<StgValue><ssdm name="geometric_value_data"/></StgValue>
</operation>

<operation id="173" st_id="52" stage="1" lat="1">
<core>NULL</core>
<MemPortIdVec></MemPortIdVec>
<condition id="-1">
<or_exp><and_exp><literal name="icmp_ln887" val="0"/>
<literal name="icmp_ln887_1" val="1"/>
<literal name="icmp_ln879" val="1"/>
</and_exp><and_exp><literal name="icmp_ln887" val="0"/>
<literal name="icmp_ln887_1" val="1"/>
<literal name="icmp_ln887_3" val="1"/>
</and_exp></or_exp>
</condition>

<Node id="101" bw="21" op_0_bw="20">
<![CDATA[
.loopexit:9  %zext_ln879_1 = zext i20 %t_V_3 to i21

]]></Node>
<StgValue><ssdm name="zext_ln879_1"/></StgValue>
</operation>

<operation id="174" st_id="52" stage="1" lat="1">
<core>Cmp</core>
<MemPortIdVec></MemPortIdVec>
<condition id="-1">
<or_exp><and_exp><literal name="icmp_ln887" val="0"/>
<literal name="icmp_ln887_1" val="1"/>
<literal name="icmp_ln879" val="1"/>
</and_exp><and_exp><literal name="icmp_ln887" val="0"/>
<literal name="icmp_ln887_1" val="1"/>
<literal name="icmp_ln887_3" val="1"/>
</and_exp></or_exp>
</condition>

<Node id="102" bw="1" op_0_bw="21" op_1_bw="21">
<![CDATA[
.loopexit:10  %tmp_last = icmp eq i21 %zext_ln879_1, %ret_V_3

]]></Node>
<StgValue><ssdm name="tmp_last"/></StgValue>
</operation>

<operation id="175" st_id="52" stage="1" lat="1">
<core>AXI4Stream</core>
<MemPortIdVec></MemPortIdVec>
<condition id="-1">
<or_exp><and_exp><literal name="icmp_ln887" val="0"/>
<literal name="icmp_ln887_1" val="1"/>
<literal name="icmp_ln879" val="1"/>
</and_exp><and_exp><literal name="icmp_ln887" val="0"/>
<literal name="icmp_ln887_1" val="1"/>
<literal name="icmp_ln887_3" val="1"/>
</and_exp></or_exp>
</condition>

<Node id="103" bw="0" op_0_bw="0" op_1_bw="32" op_2_bw="1" op_3_bw="32" op_4_bw="1">
<![CDATA[
.loopexit:11  call void @_ssdm_op_Write.axis.volatile.i32P.i1P(i32* %geometric_values_out_V_data_V, i1* %geometric_values_out_V_last, i32 %geometric_value_data, i1 %tmp_last)

]]></Node>
<StgValue><ssdm name="write_ln71"/></StgValue>
</operation>

<operation id="176" st_id="52" stage="1" lat="1">
<core>NULL</core>
<MemPortIdVec></MemPortIdVec>
<condition id="-1">
<or_exp><and_exp><literal name="icmp_ln887" val="0"/>
<literal name="icmp_ln887_1" val="1"/>
<literal name="icmp_ln879" val="1"/>
</and_exp><and_exp><literal name="icmp_ln887" val="0"/>
<literal name="icmp_ln887_1" val="1"/>
<literal name="icmp_ln887_3" val="1"/>
</and_exp></or_exp>
</condition>

<Node id="104" bw="0" op_0_bw="0">
<![CDATA[
.loopexit:12  br label %._crit_edge

]]></Node>
<StgValue><ssdm name="br_ln72"/></StgValue>
</operation>

<operation id="177" st_id="52" stage="1" lat="1">
<core>NULL</core>
<MemPortIdVec></MemPortIdVec>
<condition id="-1">
<or_exp><and_exp><literal name="icmp_ln887" val="0"/>
<literal name="icmp_ln879" val="1"/>
</and_exp><and_exp><literal name="icmp_ln887" val="0"/>
<literal name="icmp_ln887_3" val="1"/>
</and_exp><and_exp><literal name="icmp_ln887" val="0"/>
<literal name="icmp_ln887_1" val="0"/>
</and_exp></or_exp>
</condition>

<Node id="106" bw="21" op_0_bw="20">
<![CDATA[
._crit_edge:0  %zext_ln879_2 = zext i20 %t_V_3 to i21

]]></Node>
<StgValue><ssdm name="zext_ln879_2"/></StgValue>
</operation>

<operation id="178" st_id="52" stage="1" lat="1">
<core>Cmp</core>
<MemPortIdVec></MemPortIdVec>
<condition id="-1">
<or_exp><and_exp><literal name="icmp_ln887" val="0"/>
<literal name="icmp_ln879" val="1"/>
</and_exp><and_exp><literal name="icmp_ln887" val="0"/>
<literal name="icmp_ln887_3" val="1"/>
</and_exp><and_exp><literal name="icmp_ln887" val="0"/>
<literal name="icmp_ln887_1" val="0"/>
</and_exp></or_exp>
</condition>

<Node id="107" bw="1" op_0_bw="21" op_1_bw="21">
<![CDATA[
._crit_edge:1  %icmp_ln879_2 = icmp eq i21 %zext_ln879_2, %ret_V_3

]]></Node>
<StgValue><ssdm name="icmp_ln879_2"/></StgValue>
</operation>

<operation id="179" st_id="52" stage="1" lat="1">
<core>NULL</core>
<MemPortIdVec></MemPortIdVec>
<condition id="-1">
<or_exp><and_exp><literal name="icmp_ln887" val="0"/>
<literal name="icmp_ln879" val="1"/>
</and_exp><and_exp><literal name="icmp_ln887" val="0"/>
<literal name="icmp_ln887_3" val="1"/>
</and_exp><and_exp><literal name="icmp_ln887" val="0"/>
<literal name="icmp_ln887_1" val="0"/>
</and_exp></or_exp>
</condition>

<Node id="108" bw="0" op_0_bw="1" op_1_bw="0" op_2_bw="0">
<![CDATA[
._crit_edge:2  br i1 %icmp_ln879_2, label %.loopexit590, label %0

]]></Node>
<StgValue><ssdm name="br_ln73"/></StgValue>
</operation>

<operation id="180" st_id="52" stage="1" lat="1">
<core>NULL</core>
<MemPortIdVec></MemPortIdVec>
<condition id="-1">
<or_exp><and_exp><literal name="icmp_ln879" val="1"/>
<literal name="icmp_ln879_2" val="1"/>
</and_exp><and_exp><literal name="icmp_ln887_3" val="1"/>
<literal name="icmp_ln879_2" val="1"/>
</and_exp><and_exp><literal name="icmp_ln887_1" val="0"/>
<literal name="icmp_ln879_2" val="1"/>
</and_exp><and_exp><literal name="icmp_ln887" val="1"/>
</and_exp></or_exp>
</condition>

<Node id="110" bw="0">
<![CDATA[
.loopexit590:0  ret void

]]></Node>
<StgValue><ssdm name="ret_ln77"/></StgValue>
</operation>
</state>
</state_list>


<ports>
</ports>


<dataflows>
</dataflows>


</stg>
