<stg><name>kernel_rbf</name>


<trans_list>

<trans id="154" from="1" to="2">
<condition id="-1">
<or_exp><and_exp></and_exp></or_exp>
</condition>
</trans>

<trans id="171" from="2" to="4">
<condition id="-1">
<or_exp><and_exp><literal name="icmp_ln11" val="1"/>
</and_exp></or_exp>
</condition>
</trans>

<trans id="172" from="2" to="3">
<condition id="-1">
<or_exp><and_exp><literal name="icmp_ln11" val="0"/>
</and_exp></or_exp>
</condition>
</trans>

<trans id="170" from="3" to="2">
<condition id="-1">
<or_exp><and_exp></and_exp></or_exp>
</condition>
</trans>

<trans id="160" from="4" to="5">
<condition id="-1">
<or_exp><and_exp></and_exp></or_exp>
</condition>
</trans>

<trans id="161" from="5" to="6">
<condition id="-1">
<or_exp><and_exp></and_exp></or_exp>
</condition>
</trans>

<trans id="162" from="6" to="7">
<condition id="-1">
<or_exp><and_exp></and_exp></or_exp>
</condition>
</trans>

<trans id="163" from="7" to="8">
<condition id="-1">
<or_exp><and_exp></and_exp></or_exp>
</condition>
</trans>

<trans id="164" from="8" to="9">
<condition id="-1">
<or_exp><and_exp></and_exp></or_exp>
</condition>
</trans>

<trans id="165" from="9" to="10">
<condition id="-1">
<or_exp><and_exp></and_exp></or_exp>
</condition>
</trans>

<trans id="166" from="10" to="11">
<condition id="-1">
<or_exp><and_exp></and_exp></or_exp>
</condition>
</trans>

<trans id="167" from="11" to="12">
<condition id="-1">
<or_exp><and_exp></and_exp></or_exp>
</condition>
</trans>

<trans id="168" from="12" to="13">
<condition id="-1">
<or_exp><and_exp></and_exp></or_exp>
</condition>
</trans>
</trans_list>



<state_list>

<state id="1" st_id="1">

<operation id="14" st_id="1" stage="1" lat="1">
<core>NULL</core>
<MemPortIdVec></MemPortIdVec>
<condition id="-1">
<or_exp><and_exp></and_exp></or_exp>
</condition>

<Node id="6" bw="32" op_0_bw="32">
<![CDATA[
_ZN8ap_fixedILi32ELi12EL9ap_q_mode5EL9ap_o_mode3ELi0EEC1Ei.exit:0  %p_Val2_s = alloca i32

]]></Node>
<StgValue><ssdm name="p_Val2_s"/></StgValue>
</operation>

<operation id="15" st_id="1" stage="1" lat="1">
<core>NULL</core>
<MemPortIdVec></MemPortIdVec>
<condition id="-1">
<or_exp><and_exp></and_exp></or_exp>
</condition>

<Node id="7" bw="0" op_0_bw="0" op_1_bw="16" op_2_bw="1" op_3_bw="0" op_4_bw="32" op_5_bw="32" op_6_bw="0" op_7_bw="32" op_8_bw="32" op_9_bw="0" op_10_bw="0" op_11_bw="0" op_12_bw="32" op_13_bw="32" op_14_bw="32" op_15_bw="32" op_16_bw="0" op_17_bw="0">
<![CDATA[
_ZN8ap_fixedILi32ELi12EL9ap_q_mode5EL9ap_o_mode3ELi0EEC1Ei.exit:1  call void (...)* @_ssdm_op_SpecInterface(i16* %support_vectors_V_data_V, i1* %support_vectors_V_last, [5 x i8]* @p_str3, i32 0, i32 0, [5 x i8]* @p_str4, i32 0, i32 0, [1 x i8]* @p_str1, [1 x i8]* @p_str1, [1 x i8]* @p_str1, i32 0, i32 0, i32 0, i32 0, [1 x i8]* @p_str1, [1 x i8]* @p_str1) nounwind

]]></Node>
<StgValue><ssdm name="specinterface_ln0"/></StgValue>
</operation>

<operation id="16" st_id="1" stage="1" lat="1">
<core>NULL</core>
<MemPortIdVec></MemPortIdVec>
<condition id="-1">
<or_exp><and_exp></and_exp></or_exp>
</condition>

<Node id="8" bw="32" op_0_bw="32" op_1_bw="32">
<![CDATA[
_ZN8ap_fixedILi32ELi12EL9ap_q_mode5EL9ap_o_mode3ELi0EEC1Ei.exit:2  %gamma_V_read_1 = call i32 @_ssdm_op_Read.ap_auto.i32(i32 %gamma_V_read)

]]></Node>
<StgValue><ssdm name="gamma_V_read_1"/></StgValue>
</operation>

<operation id="17" st_id="1" stage="1" lat="1">
<core>NULL</core>
<MemPortIdVec></MemPortIdVec>
<condition id="-1">
<or_exp><and_exp></and_exp></or_exp>
</condition>

<Node id="9" bw="9" op_0_bw="9" op_1_bw="9">
<![CDATA[
_ZN8ap_fixedILi32ELi12EL9ap_q_mode5EL9ap_o_mode3ELi0EEC1Ei.exit:3  %no_variables_V_read_1 = call i9 @_ssdm_op_Read.ap_auto.i9(i9 %no_variables_V_read)

]]></Node>
<StgValue><ssdm name="no_variables_V_read_1"/></StgValue>
</operation>

<operation id="18" st_id="1" stage="1" lat="1">
<core>NULL</core>
<MemPortIdVec></MemPortIdVec>
<condition id="-1">
<or_exp><and_exp></and_exp></or_exp>
</condition>

<Node id="10" bw="0" op_0_bw="32" op_1_bw="32">
<![CDATA[
_ZN8ap_fixedILi32ELi12EL9ap_q_mode5EL9ap_o_mode3ELi0EEC1Ei.exit:4  store i32 0, i32* %p_Val2_s

]]></Node>
<StgValue><ssdm name="store_ln11"/></StgValue>
</operation>

<operation id="19" st_id="1" stage="1" lat="1">
<core>NULL</core>
<MemPortIdVec></MemPortIdVec>
<condition id="-1">
<or_exp><and_exp></and_exp></or_exp>
</condition>

<Node id="11" bw="0" op_0_bw="0">
<![CDATA[
_ZN8ap_fixedILi32ELi12EL9ap_q_mode5EL9ap_o_mode3ELi0EEC1Ei.exit:5  br label %0

]]></Node>
<StgValue><ssdm name="br_ln11"/></StgValue>
</operation>
</state>

<state id="2" st_id="2">

<operation id="20" st_id="2" stage="1" lat="1">
<core>NULL</core>
<MemPortIdVec></MemPortIdVec>
<condition id="-1">
<or_exp><and_exp></and_exp></or_exp>
</condition>

<Node id="13" bw="9" op_0_bw="9" op_1_bw="0" op_2_bw="9" op_3_bw="0">
<![CDATA[
:0  %t_V_1 = phi i9 [ 0, %_ZN8ap_fixedILi32ELi12EL9ap_q_mode5EL9ap_o_mode3ELi0EEC1Ei.exit ], [ %n1_V, %square_norm_loop_end ]

]]></Node>
<StgValue><ssdm name="t_V_1"/></StgValue>
</operation>

<operation id="21" st_id="2" stage="1" lat="1">
<core>Cmp</core>
<MemPortIdVec></MemPortIdVec>
<condition id="-1">
<or_exp><and_exp></and_exp></or_exp>
</condition>

<Node id="14" bw="1" op_0_bw="9" op_1_bw="9">
<![CDATA[
:1  %icmp_ln11 = icmp eq i9 %t_V_1, -256

]]></Node>
<StgValue><ssdm name="icmp_ln11"/></StgValue>
</operation>

<operation id="22" st_id="2" stage="1" lat="1">
<core>NULL</core>
<MemPortIdVec></MemPortIdVec>
<condition id="-1">
<or_exp><and_exp></and_exp></or_exp>
</condition>

<Node id="15" bw="32" op_0_bw="32" op_1_bw="64" op_2_bw="64" op_3_bw="64">
<![CDATA[
:2  %empty = call i32 (...)* @_ssdm_op_SpecLoopTripCount(i64 256, i64 256, i64 256)

]]></Node>
<StgValue><ssdm name="empty"/></StgValue>
</operation>

<operation id="23" st_id="2" stage="1" lat="1">
<core>AddSub</core>
<MemPortIdVec></MemPortIdVec>
<condition id="-1">
<or_exp><and_exp></and_exp></or_exp>
</condition>

<Node id="16" bw="9" op_0_bw="9" op_1_bw="9">
<![CDATA[
:3  %n1_V = add i9 %t_V_1, 1

]]></Node>
<StgValue><ssdm name="n1_V"/></StgValue>
</operation>

<operation id="24" st_id="2" stage="1" lat="1">
<core>NULL</core>
<MemPortIdVec></MemPortIdVec>
<condition id="-1">
<or_exp><and_exp></and_exp></or_exp>
</condition>

<Node id="17" bw="0" op_0_bw="1" op_1_bw="0" op_2_bw="0">
<![CDATA[
:4  br i1 %icmp_ln11, label %_ZNK13ap_fixed_baseILi32ELi12ELb1EL9ap_q_mode5EL9ap_o_mode3ELi0EEngEv.exit_ifconv, label %square_norm_loop_begin

]]></Node>
<StgValue><ssdm name="br_ln11"/></StgValue>
</operation>

<operation id="25" st_id="2" stage="1" lat="1">
<core>Cmp</core>
<MemPortIdVec></MemPortIdVec>
<condition id="-1">
<or_exp><and_exp><literal name="icmp_ln11" val="0"/>
</and_exp></or_exp>
</condition>

<Node id="22" bw="1" op_0_bw="9" op_1_bw="9">
<![CDATA[
square_norm_loop_begin:3  %icmp_ln887 = icmp ult i9 %t_V_1, %no_variables_V_read_1

]]></Node>
<StgValue><ssdm name="icmp_ln887"/></StgValue>
</operation>

<operation id="26" st_id="2" stage="1" lat="1">
<core>NULL</core>
<MemPortIdVec></MemPortIdVec>
<condition id="-1">
<or_exp><and_exp><literal name="icmp_ln11" val="0"/>
</and_exp></or_exp>
</condition>

<Node id="23" bw="0" op_0_bw="1" op_1_bw="0" op_2_bw="0">
<![CDATA[
square_norm_loop_begin:4  br i1 %icmp_ln887, label %_ZN13ap_fixed_baseILi17ELi2ELb1EL9ap_q_mode5EL9ap_o_mode3ELi0EEC1ILi16ELi1ELb1ELS0_5ELS1_3ELi0EEERKS_IXT_EXT0_EXT1_EXT2_EXT3_EXT4_EE.exit9.i, label %square_norm_loop_end

]]></Node>
<StgValue><ssdm name="br_ln13"/></StgValue>
</operation>

<operation id="27" st_id="2" stage="1" lat="1">
<core>AXI4Stream</core>
<MemPortIdVec></MemPortIdVec>
<condition id="-1">
<or_exp><and_exp><literal name="icmp_ln11" val="0"/>
<literal name="icmp_ln887" val="1"/>
</and_exp></or_exp>
</condition>

<Node id="26" bw="17" op_0_bw="17" op_1_bw="16" op_2_bw="1">
<![CDATA[
_ZN13ap_fixed_baseILi17ELi2ELb1EL9ap_q_mode5EL9ap_o_mode3ELi0EEC1ILi16ELi1ELb1ELS0_5ELS1_3ELi0EEERKS_IXT_EXT0_EXT1_EXT2_EXT3_EXT4_EE.exit9.i:1  %empty_15 = call { i16, i1 } @_ssdm_op_Read.axis.volatile.i16P.i1P(i16* %support_vectors_V_data_V, i1* %support_vectors_V_last)

]]></Node>
<StgValue><ssdm name="empty_15"/></StgValue>
</operation>

<operation id="28" st_id="2" stage="1" lat="1">
<core>NULL</core>
<MemPortIdVec></MemPortIdVec>
<condition id="-1">
<or_exp><and_exp><literal name="icmp_ln11" val="0"/>
<literal name="icmp_ln887" val="1"/>
</and_exp></or_exp>
</condition>

<Node id="28" bw="64" op_0_bw="9">
<![CDATA[
_ZN13ap_fixed_baseILi17ELi2ELb1EL9ap_q_mode5EL9ap_o_mode3ELi0EEC1ILi16ELi1ELb1ELS0_5ELS1_3ELi0EEERKS_IXT_EXT0_EXT1_EXT2_EXT3_EXT4_EE.exit9.i:3  %zext_ln544 = zext i9 %t_V_1 to i64

]]></Node>
<StgValue><ssdm name="zext_ln544"/></StgValue>
</operation>

<operation id="29" st_id="2" stage="1" lat="1">
<core>NULL</core>
<MemPortIdVec></MemPortIdVec>
<condition id="-1">
<or_exp><and_exp><literal name="icmp_ln11" val="0"/>
<literal name="icmp_ln887" val="1"/>
</and_exp></or_exp>
</condition>

<Node id="30" bw="8" op_0_bw="16" op_1_bw="64" op_2_bw="64">
<![CDATA[
_ZN13ap_fixed_baseILi17ELi2ELb1EL9ap_q_mode5EL9ap_o_mode3ELi0EEC1ILi16ELi1ELb1ELS0_5ELS1_3ELi0EEERKS_IXT_EXT0_EXT1_EXT2_EXT3_EXT4_EE.exit9.i:5  %vector_2_V_addr = getelementptr [256 x i16]* %vector_2_V, i64 0, i64 %zext_ln544

]]></Node>
<StgValue><ssdm name="vector_2_V_addr"/></StgValue>
</operation>

<operation id="30" st_id="2" stage="2" lat="2">
<core>RAM</core>
<MemPortIdVec>0 </MemPortIdVec>
<condition id="-1">
<or_exp><and_exp><literal name="icmp_ln11" val="0"/>
<literal name="icmp_ln887" val="1"/>
</and_exp></or_exp>
</condition>

<Node id="31" bw="16" op_0_bw="8">
<![CDATA[
_ZN13ap_fixed_baseILi17ELi2ELb1EL9ap_q_mode5EL9ap_o_mode3ELi0EEC1ILi16ELi1ELb1ELS0_5ELS1_3ELi0EEERKS_IXT_EXT0_EXT1_EXT2_EXT3_EXT4_EE.exit9.i:6  %p_Val2_7 = load i16* %vector_2_V_addr, align 2

]]></Node>
<StgValue><ssdm name="p_Val2_7"/></StgValue>
</operation>
</state>

<state id="3" st_id="3">

<operation id="31" st_id="3" stage="1" lat="1">
<core>NULL</core>
<MemPortIdVec></MemPortIdVec>
<condition id="-1">
<or_exp><and_exp></and_exp></or_exp>
</condition>

<Node id="19" bw="0" op_0_bw="0" op_1_bw="0">
<![CDATA[
square_norm_loop_begin:0  call void (...)* @_ssdm_op_SpecLoopName([17 x i8]* @p_str) nounwind

]]></Node>
<StgValue><ssdm name="specloopname_ln11"/></StgValue>
</operation>

<operation id="32" st_id="3" stage="1" lat="1">
<core>NULL</core>
<MemPortIdVec></MemPortIdVec>
<condition id="-1">
<or_exp><and_exp></and_exp></or_exp>
</condition>

<Node id="20" bw="32" op_0_bw="32" op_1_bw="0">
<![CDATA[
square_norm_loop_begin:1  %tmp = call i32 (...)* @_ssdm_op_SpecRegionBegin([17 x i8]* @p_str)

]]></Node>
<StgValue><ssdm name="tmp"/></StgValue>
</operation>

<operation id="33" st_id="3" stage="1" lat="1">
<core>NULL</core>
<MemPortIdVec></MemPortIdVec>
<condition id="-1">
<or_exp><and_exp></and_exp></or_exp>
</condition>

<Node id="21" bw="0" op_0_bw="0" op_1_bw="32" op_2_bw="32" op_3_bw="32" op_4_bw="32" op_5_bw="0">
<![CDATA[
square_norm_loop_begin:2  call void (...)* @_ssdm_op_SpecPipeline(i32 -1, i32 1, i32 1, i32 0, [1 x i8]* @p_str1) nounwind

]]></Node>
<StgValue><ssdm name="specpipeline_ln12"/></StgValue>
</operation>

<operation id="34" st_id="3" stage="1" lat="1">
<core>NULL</core>
<MemPortIdVec></MemPortIdVec>
<condition id="-1">
<or_exp><and_exp><literal name="icmp_ln887" val="1"/>
</and_exp></or_exp>
</condition>

<Node id="25" bw="32" op_0_bw="32" op_1_bw="0">
<![CDATA[
_ZN13ap_fixed_baseILi17ELi2ELb1EL9ap_q_mode5EL9ap_o_mode3ELi0EEC1ILi16ELi1ELb1ELS0_5ELS1_3ELi0EEERKS_IXT_EXT0_EXT1_EXT2_EXT3_EXT4_EE.exit9.i:0  %p_Val2_load_1 = load i32* %p_Val2_s

]]></Node>
<StgValue><ssdm name="p_Val2_load_1"/></StgValue>
</operation>

<operation id="35" st_id="3" stage="1" lat="1">
<core>NULL</core>
<MemPortIdVec></MemPortIdVec>
<condition id="-1">
<or_exp><and_exp><literal name="icmp_ln887" val="1"/>
</and_exp></or_exp>
</condition>

<Node id="27" bw="16" op_0_bw="17">
<![CDATA[
_ZN13ap_fixed_baseILi17ELi2ELb1EL9ap_q_mode5EL9ap_o_mode3ELi0EEC1ILi16ELi1ELb1ELS0_5ELS1_3ELi0EEERKS_IXT_EXT0_EXT1_EXT2_EXT3_EXT4_EE.exit9.i:2  %tmp_data_V = extractvalue { i16, i1 } %empty_15, 0

]]></Node>
<StgValue><ssdm name="tmp_data_V"/></StgValue>
</operation>

<operation id="36" st_id="3" stage="1" lat="1">
<core>NULL</core>
<MemPortIdVec></MemPortIdVec>
<condition id="-1">
<or_exp><and_exp><literal name="icmp_ln887" val="1"/>
</and_exp></or_exp>
</condition>

<Node id="29" bw="17" op_0_bw="16">
<![CDATA[
_ZN13ap_fixed_baseILi17ELi2ELb1EL9ap_q_mode5EL9ap_o_mode3ELi0EEC1ILi16ELi1ELb1ELS0_5ELS1_3ELi0EEERKS_IXT_EXT0_EXT1_EXT2_EXT3_EXT4_EE.exit9.i:4  %lhs_V = sext i16 %tmp_data_V to i17

]]></Node>
<StgValue><ssdm name="lhs_V"/></StgValue>
</operation>

<operation id="37" st_id="3" stage="1" lat="2">
<core>RAM</core>
<MemPortIdVec>0 </MemPortIdVec>
<condition id="-1">
<or_exp><and_exp><literal name="icmp_ln887" val="1"/>
</and_exp></or_exp>
</condition>

<Node id="31" bw="16" op_0_bw="8">
<![CDATA[
_ZN13ap_fixed_baseILi17ELi2ELb1EL9ap_q_mode5EL9ap_o_mode3ELi0EEC1ILi16ELi1ELb1ELS0_5ELS1_3ELi0EEERKS_IXT_EXT0_EXT1_EXT2_EXT3_EXT4_EE.exit9.i:6  %p_Val2_7 = load i16* %vector_2_V_addr, align 2

]]></Node>
<StgValue><ssdm name="p_Val2_7"/></StgValue>
</operation>

<operation id="38" st_id="3" stage="1" lat="1">
<core>NULL</core>
<MemPortIdVec></MemPortIdVec>
<condition id="-1">
<or_exp><and_exp><literal name="icmp_ln887" val="1"/>
</and_exp></or_exp>
</condition>

<Node id="32" bw="17" op_0_bw="16">
<![CDATA[
_ZN13ap_fixed_baseILi17ELi2ELb1EL9ap_q_mode5EL9ap_o_mode3ELi0EEC1ILi16ELi1ELb1ELS0_5ELS1_3ELi0EEERKS_IXT_EXT0_EXT1_EXT2_EXT3_EXT4_EE.exit9.i:7  %rhs_V = sext i16 %p_Val2_7 to i17

]]></Node>
<StgValue><ssdm name="rhs_V"/></StgValue>
</operation>

<operation id="39" st_id="3" stage="1" lat="1">
<core>AddSub</core>
<MemPortIdVec></MemPortIdVec>
<condition id="-1">
<or_exp><and_exp><literal name="icmp_ln887" val="1"/>
</and_exp></or_exp>
</condition>

<Node id="33" bw="17" op_0_bw="17" op_1_bw="17">
<![CDATA[
_ZN13ap_fixed_baseILi17ELi2ELb1EL9ap_q_mode5EL9ap_o_mode3ELi0EEC1ILi16ELi1ELb1ELS0_5ELS1_3ELi0EEERKS_IXT_EXT0_EXT1_EXT2_EXT3_EXT4_EE.exit9.i:8  %ret_V = sub i17 %lhs_V, %rhs_V

]]></Node>
<StgValue><ssdm name="ret_V"/></StgValue>
</operation>

<operation id="40" st_id="3" stage="1" lat="1">
<core>NULL</core>
<MemPortIdVec></MemPortIdVec>
<condition id="-1">
<or_exp><and_exp><literal name="icmp_ln887" val="1"/>
</and_exp></or_exp>
</condition>

<Node id="34" bw="22" op_0_bw="22" op_1_bw="17" op_2_bw="5">
<![CDATA[
_ZN13ap_fixed_baseILi17ELi2ELb1EL9ap_q_mode5EL9ap_o_mode3ELi0EEC1ILi16ELi1ELb1ELS0_5ELS1_3ELi0EEERKS_IXT_EXT0_EXT1_EXT2_EXT3_EXT4_EE.exit9.i:9  %difference_element_V = call i22 @_ssdm_op_BitConcatenate.i22.i17.i5(i17 %ret_V, i5 0)

]]></Node>
<StgValue><ssdm name="difference_element_V"/></StgValue>
</operation>

<operation id="41" st_id="3" stage="1" lat="1">
<core>NULL</core>
<MemPortIdVec></MemPortIdVec>
<condition id="-1">
<or_exp><and_exp><literal name="icmp_ln887" val="1"/>
</and_exp></or_exp>
</condition>

<Node id="35" bw="44" op_0_bw="22">
<![CDATA[
_ZN13ap_fixed_baseILi17ELi2ELb1EL9ap_q_mode5EL9ap_o_mode3ELi0EEC1ILi16ELi1ELb1ELS0_5ELS1_3ELi0EEERKS_IXT_EXT0_EXT1_EXT2_EXT3_EXT4_EE.exit9.i:10  %sext_ln1116 = sext i22 %difference_element_V to i44

]]></Node>
<StgValue><ssdm name="sext_ln1116"/></StgValue>
</operation>

<operation id="42" st_id="3" stage="1" lat="1">
<core>Mul</core>
<MemPortIdVec></MemPortIdVec>
<condition id="-1">
<or_exp><and_exp><literal name="icmp_ln887" val="1"/>
</and_exp></or_exp>
</condition>

<Node id="36" bw="44" op_0_bw="44" op_1_bw="44">
<![CDATA[
_ZN13ap_fixed_baseILi17ELi2ELb1EL9ap_q_mode5EL9ap_o_mode3ELi0EEC1ILi16ELi1ELb1ELS0_5ELS1_3ELi0EEERKS_IXT_EXT0_EXT1_EXT2_EXT3_EXT4_EE.exit9.i:11  %r_V = mul i44 %sext_ln1116, %sext_ln1116

]]></Node>
<StgValue><ssdm name="r_V"/></StgValue>
</operation>

<operation id="43" st_id="3" stage="1" lat="1">
<core>NULL</core>
<MemPortIdVec></MemPortIdVec>
<condition id="-1">
<or_exp><and_exp><literal name="icmp_ln887" val="1"/>
</and_exp></or_exp>
</condition>

<Node id="37" bw="52" op_0_bw="52" op_1_bw="32" op_2_bw="20">
<![CDATA[
_ZN13ap_fixed_baseILi17ELi2ELb1EL9ap_q_mode5EL9ap_o_mode3ELi0EEC1ILi16ELi1ELb1ELS0_5ELS1_3ELi0EEERKS_IXT_EXT0_EXT1_EXT2_EXT3_EXT4_EE.exit9.i:12  %lhs_V_1 = call i52 @_ssdm_op_BitConcatenate.i52.i32.i20(i32 %p_Val2_load_1, i20 0)

]]></Node>
<StgValue><ssdm name="lhs_V_1"/></StgValue>
</operation>

<operation id="44" st_id="3" stage="1" lat="1">
<core>NULL</core>
<MemPortIdVec></MemPortIdVec>
<condition id="-1">
<or_exp><and_exp><literal name="icmp_ln887" val="1"/>
</and_exp></or_exp>
</condition>

<Node id="38" bw="52" op_0_bw="44">
<![CDATA[
_ZN13ap_fixed_baseILi17ELi2ELb1EL9ap_q_mode5EL9ap_o_mode3ELi0EEC1ILi16ELi1ELb1ELS0_5ELS1_3ELi0EEERKS_IXT_EXT0_EXT1_EXT2_EXT3_EXT4_EE.exit9.i:13  %sext_ln1192 = sext i44 %r_V to i52

]]></Node>
<StgValue><ssdm name="sext_ln1192"/></StgValue>
</operation>

<operation id="45" st_id="3" stage="1" lat="1">
<core>AddSub</core>
<MemPortIdVec></MemPortIdVec>
<condition id="-1">
<or_exp><and_exp><literal name="icmp_ln887" val="1"/>
</and_exp></or_exp>
</condition>

<Node id="39" bw="52" op_0_bw="52" op_1_bw="52">
<![CDATA[
_ZN13ap_fixed_baseILi17ELi2ELb1EL9ap_q_mode5EL9ap_o_mode3ELi0EEC1ILi16ELi1ELb1ELS0_5ELS1_3ELi0EEERKS_IXT_EXT0_EXT1_EXT2_EXT3_EXT4_EE.exit9.i:14  %ret_V_1 = add i52 %sext_ln1192, %lhs_V_1

]]></Node>
<StgValue><ssdm name="ret_V_1"/></StgValue>
</operation>

<operation id="46" st_id="3" stage="1" lat="1">
<core>NULL</core>
<MemPortIdVec></MemPortIdVec>
<condition id="-1">
<or_exp><and_exp><literal name="icmp_ln887" val="1"/>
</and_exp></or_exp>
</condition>

<Node id="40" bw="32" op_0_bw="32" op_1_bw="52" op_2_bw="32" op_3_bw="32">
<![CDATA[
_ZN13ap_fixed_baseILi17ELi2ELb1EL9ap_q_mode5EL9ap_o_mode3ELi0EEC1ILi16ELi1ELb1ELS0_5ELS1_3ELi0EEERKS_IXT_EXT0_EXT1_EXT2_EXT3_EXT4_EE.exit9.i:15  %square_norm_V = call i32 @_ssdm_op_PartSelect.i32.i52.i32.i32(i52 %ret_V_1, i32 20, i32 51)

]]></Node>
<StgValue><ssdm name="square_norm_V"/></StgValue>
</operation>

<operation id="47" st_id="3" stage="1" lat="1">
<core>NULL</core>
<MemPortIdVec></MemPortIdVec>
<condition id="-1">
<or_exp><and_exp><literal name="icmp_ln887" val="1"/>
</and_exp></or_exp>
</condition>

<Node id="41" bw="0" op_0_bw="32" op_1_bw="32" op_2_bw="32" op_3_bw="0">
<![CDATA[
_ZN13ap_fixed_baseILi17ELi2ELb1EL9ap_q_mode5EL9ap_o_mode3ELi0EEC1ILi16ELi1ELb1ELS0_5ELS1_3ELi0EEERKS_IXT_EXT0_EXT1_EXT2_EXT3_EXT4_EE.exit9.i:16  store i32 %square_norm_V, i32* %p_Val2_s

]]></Node>
<StgValue><ssdm name="store_ln17"/></StgValue>
</operation>

<operation id="48" st_id="3" stage="1" lat="1">
<core>NULL</core>
<MemPortIdVec></MemPortIdVec>
<condition id="-1">
<or_exp><and_exp><literal name="icmp_ln887" val="1"/>
</and_exp></or_exp>
</condition>

<Node id="42" bw="0" op_0_bw="0">
<![CDATA[
_ZN13ap_fixed_baseILi17ELi2ELb1EL9ap_q_mode5EL9ap_o_mode3ELi0EEC1ILi16ELi1ELb1ELS0_5ELS1_3ELi0EEERKS_IXT_EXT0_EXT1_EXT2_EXT3_EXT4_EE.exit9.i:17  br label %square_norm_loop_end

]]></Node>
<StgValue><ssdm name="br_ln17"/></StgValue>
</operation>

<operation id="49" st_id="3" stage="1" lat="1">
<core>NULL</core>
<MemPortIdVec></MemPortIdVec>
<condition id="-1">
<or_exp><and_exp><literal name="icmp_ln11" val="0"/>
</and_exp></or_exp>
</condition>

<Node id="44" bw="32" op_0_bw="32" op_1_bw="0" op_2_bw="32">
<![CDATA[
square_norm_loop_end:0  %empty_16 = call i32 (...)* @_ssdm_op_SpecRegionEnd([17 x i8]* @p_str, i32 %tmp)

]]></Node>
<StgValue><ssdm name="empty_16"/></StgValue>
</operation>

<operation id="50" st_id="3" stage="1" lat="1">
<core>NULL</core>
<MemPortIdVec></MemPortIdVec>
<condition id="-1">
<or_exp><and_exp><literal name="icmp_ln11" val="0"/>
</and_exp></or_exp>
</condition>

<Node id="45" bw="0" op_0_bw="0">
<![CDATA[
square_norm_loop_end:1  br label %0

]]></Node>
<StgValue><ssdm name="br_ln11"/></StgValue>
</operation>
</state>

<state id="4" st_id="4">

<operation id="51" st_id="4" stage="1" lat="1">
<core>NULL</core>
<MemPortIdVec></MemPortIdVec>
<condition id="-1">
<or_exp><and_exp></and_exp></or_exp>
</condition>

<Node id="47" bw="32" op_0_bw="32" op_1_bw="0">
<![CDATA[
_ZNK13ap_fixed_baseILi32ELi12ELb1EL9ap_q_mode5EL9ap_o_mode3ELi0EEngEv.exit_ifconv:0  %p_Val2_load = load i32* %p_Val2_s

]]></Node>
<StgValue><ssdm name="p_Val2_load"/></StgValue>
</operation>

<operation id="52" st_id="4" stage="1" lat="1">
<core>NULL</core>
<MemPortIdVec></MemPortIdVec>
<condition id="-1">
<or_exp><and_exp></and_exp></or_exp>
</condition>

<Node id="48" bw="52" op_0_bw="32">
<![CDATA[
_ZNK13ap_fixed_baseILi32ELi12ELb1EL9ap_q_mode5EL9ap_o_mode3ELi0EEngEv.exit_ifconv:1  %sext_ln1118 = sext i32 %gamma_V_read_1 to i52

]]></Node>
<StgValue><ssdm name="sext_ln1118"/></StgValue>
</operation>

<operation id="53" st_id="4" stage="1" lat="1">
<core>NULL</core>
<MemPortIdVec></MemPortIdVec>
<condition id="-1">
<or_exp><and_exp></and_exp></or_exp>
</condition>

<Node id="49" bw="52" op_0_bw="32">
<![CDATA[
_ZNK13ap_fixed_baseILi32ELi12ELb1EL9ap_q_mode5EL9ap_o_mode3ELi0EEngEv.exit_ifconv:2  %sext_ln1118_1 = sext i32 %p_Val2_load to i52

]]></Node>
<StgValue><ssdm name="sext_ln1118_1"/></StgValue>
</operation>

<operation id="54" st_id="4" stage="1" lat="1">
<core>Mul</core>
<MemPortIdVec></MemPortIdVec>
<condition id="-1">
<or_exp><and_exp></and_exp></or_exp>
</condition>

<Node id="50" bw="52" op_0_bw="52" op_1_bw="52">
<![CDATA[
_ZNK13ap_fixed_baseILi32ELi12ELb1EL9ap_q_mode5EL9ap_o_mode3ELi0EEngEv.exit_ifconv:3  %mul_ln1118 = mul i52 %sext_ln1118_1, %sext_ln1118

]]></Node>
<StgValue><ssdm name="mul_ln1118"/></StgValue>
</operation>

<operation id="55" st_id="4" stage="1" lat="1">
<core>AddSub</core>
<MemPortIdVec></MemPortIdVec>
<condition id="-1">
<or_exp><and_exp></and_exp></or_exp>
</condition>

<Node id="51" bw="52" op_0_bw="52" op_1_bw="52">
<![CDATA[
_ZNK13ap_fixed_baseILi32ELi12ELb1EL9ap_q_mode5EL9ap_o_mode3ELi0EEngEv.exit_ifconv:4  %r_V_2 = sub i52 0, %mul_ln1118

]]></Node>
<StgValue><ssdm name="r_V_2"/></StgValue>
</operation>

<operation id="56" st_id="4" stage="1" lat="1">
<core>NULL</core>
<MemPortIdVec></MemPortIdVec>
<condition id="-1">
<or_exp><and_exp></and_exp></or_exp>
</condition>

<Node id="52" bw="32" op_0_bw="32" op_1_bw="52" op_2_bw="32" op_3_bw="32">
<![CDATA[
_ZNK13ap_fixed_baseILi32ELi12ELb1EL9ap_q_mode5EL9ap_o_mode3ELi0EEngEv.exit_ifconv:5  %tmp_V_3 = call i32 @_ssdm_op_PartSelect.i32.i52.i32.i32(i52 %r_V_2, i32 20, i32 51)

]]></Node>
<StgValue><ssdm name="tmp_V_3"/></StgValue>
</operation>

<operation id="57" st_id="4" stage="1" lat="1">
<core>NULL</core>
<MemPortIdVec></MemPortIdVec>
<condition id="-1">
<or_exp><and_exp></and_exp></or_exp>
</condition>

<Node id="54" bw="1" op_0_bw="1" op_1_bw="52" op_2_bw="32">
<![CDATA[
_ZNK13ap_fixed_baseILi32ELi12ELb1EL9ap_q_mode5EL9ap_o_mode3ELi0EEngEv.exit_ifconv:7  %p_Result_5 = call i1 @_ssdm_op_BitSelect.i1.i52.i32(i52 %r_V_2, i32 51)

]]></Node>
<StgValue><ssdm name="p_Result_5"/></StgValue>
</operation>
</state>

<state id="5" st_id="5">

<operation id="58" st_id="5" stage="1" lat="1">
<core>Cmp</core>
<MemPortIdVec></MemPortIdVec>
<condition id="-1">
<or_exp><and_exp></and_exp></or_exp>
</condition>

<Node id="53" bw="1" op_0_bw="32" op_1_bw="32">
<![CDATA[
_ZNK13ap_fixed_baseILi32ELi12ELb1EL9ap_q_mode5EL9ap_o_mode3ELi0EEngEv.exit_ifconv:6  %icmp_ln935 = icmp eq i32 %tmp_V_3, 0

]]></Node>
<StgValue><ssdm name="icmp_ln935"/></StgValue>
</operation>

<operation id="59" st_id="5" stage="1" lat="1">
<core>AddSub</core>
<MemPortIdVec></MemPortIdVec>
<condition id="-1">
<or_exp><and_exp><literal name="p_Result_5" val="1"/>
</and_exp></or_exp>
</condition>

<Node id="55" bw="32" op_0_bw="32" op_1_bw="32">
<![CDATA[
_ZNK13ap_fixed_baseILi32ELi12ELb1EL9ap_q_mode5EL9ap_o_mode3ELi0EEngEv.exit_ifconv:8  %tmp_V = sub nsw i32 0, %tmp_V_3

]]></Node>
<StgValue><ssdm name="tmp_V"/></StgValue>
</operation>

<operation id="60" st_id="5" stage="1" lat="1">
<core>Sel</core>
<MemPortIdVec></MemPortIdVec>
<condition id="-1">
<or_exp><and_exp></and_exp></or_exp>
</condition>

<Node id="56" bw="32" op_0_bw="1" op_1_bw="32" op_2_bw="32">
<![CDATA[
_ZNK13ap_fixed_baseILi32ELi12ELb1EL9ap_q_mode5EL9ap_o_mode3ELi0EEngEv.exit_ifconv:9  %tmp_V_4 = select i1 %p_Result_5, i32 %tmp_V, i32 %tmp_V_3

]]></Node>
<StgValue><ssdm name="tmp_V_4"/></StgValue>
</operation>

<operation id="61" st_id="5" stage="1" lat="1">
<core>NULL</core>
<MemPortIdVec></MemPortIdVec>
<condition id="-1">
<or_exp><and_exp></and_exp></or_exp>
</condition>

<Node id="57" bw="32" op_0_bw="32" op_1_bw="32" op_2_bw="32" op_3_bw="32">
<![CDATA[
_ZNK13ap_fixed_baseILi32ELi12ELb1EL9ap_q_mode5EL9ap_o_mode3ELi0EEngEv.exit_ifconv:10  %p_Result_6 = call i32 @_ssdm_op_PartSelect.i32.i32.i32.i32(i32 %tmp_V_4, i32 31, i32 0)

]]></Node>
<StgValue><ssdm name="p_Result_6"/></StgValue>
</operation>

<operation id="62" st_id="5" stage="1" lat="1">
<core>CTTZ</core>
<MemPortIdVec></MemPortIdVec>
<condition id="-1">
<or_exp><and_exp></and_exp></or_exp>
</condition>

<Node id="58" bw="32" op_0_bw="32" op_1_bw="32" op_2_bw="1">
<![CDATA[
_ZNK13ap_fixed_baseILi32ELi12ELb1EL9ap_q_mode5EL9ap_o_mode3ELi0EEngEv.exit_ifconv:11  %l = call i32 @llvm.cttz.i32(i32 %p_Result_6, i1 true) nounwind

]]></Node>
<StgValue><ssdm name="l"/></StgValue>
</operation>

<operation id="63" st_id="5" stage="1" lat="1">
<core>AddSub</core>
<MemPortIdVec></MemPortIdVec>
<condition id="-1">
<or_exp><and_exp></and_exp></or_exp>
</condition>

<Node id="59" bw="32" op_0_bw="32" op_1_bw="32">
<![CDATA[
_ZNK13ap_fixed_baseILi32ELi12ELb1EL9ap_q_mode5EL9ap_o_mode3ELi0EEngEv.exit_ifconv:12  %sub_ln944 = sub nsw i32 32, %l

]]></Node>
<StgValue><ssdm name="sub_ln944"/></StgValue>
</operation>

<operation id="64" st_id="5" stage="1" lat="1">
<core>AddSub</core>
<MemPortIdVec></MemPortIdVec>
<condition id="-1">
<or_exp><and_exp></and_exp></or_exp>
</condition>

<Node id="60" bw="32" op_0_bw="32" op_1_bw="32">
<![CDATA[
_ZNK13ap_fixed_baseILi32ELi12ELb1EL9ap_q_mode5EL9ap_o_mode3ELi0EEngEv.exit_ifconv:13  %lsb_index = add nsw i32 -24, %sub_ln944

]]></Node>
<StgValue><ssdm name="lsb_index"/></StgValue>
</operation>

<operation id="65" st_id="5" stage="1" lat="1">
<core>NULL</core>
<MemPortIdVec></MemPortIdVec>
<condition id="-1">
<or_exp><and_exp></and_exp></or_exp>
</condition>

<Node id="61" bw="31" op_0_bw="31" op_1_bw="32" op_2_bw="32" op_3_bw="32">
<![CDATA[
_ZNK13ap_fixed_baseILi32ELi12ELb1EL9ap_q_mode5EL9ap_o_mode3ELi0EEngEv.exit_ifconv:14  %tmp_4 = call i31 @_ssdm_op_PartSelect.i31.i32.i32.i32(i32 %lsb_index, i32 1, i32 31)

]]></Node>
<StgValue><ssdm name="tmp_4"/></StgValue>
</operation>

<operation id="66" st_id="5" stage="1" lat="1">
<core>Cmp</core>
<MemPortIdVec></MemPortIdVec>
<condition id="-1">
<or_exp><and_exp></and_exp></or_exp>
</condition>

<Node id="62" bw="1" op_0_bw="31" op_1_bw="31">
<![CDATA[
_ZNK13ap_fixed_baseILi32ELi12ELb1EL9ap_q_mode5EL9ap_o_mode3ELi0EEngEv.exit_ifconv:15  %icmp_ln947 = icmp sgt i31 %tmp_4, 0

]]></Node>
<StgValue><ssdm name="icmp_ln947"/></StgValue>
</operation>

<operation id="67" st_id="5" stage="1" lat="1">
<core>NULL</core>
<MemPortIdVec></MemPortIdVec>
<condition id="-1">
<or_exp><and_exp></and_exp></or_exp>
</condition>

<Node id="63" bw="6" op_0_bw="32">
<![CDATA[
_ZNK13ap_fixed_baseILi32ELi12ELb1EL9ap_q_mode5EL9ap_o_mode3ELi0EEngEv.exit_ifconv:16  %trunc_ln947 = trunc i32 %sub_ln944 to i6

]]></Node>
<StgValue><ssdm name="trunc_ln947"/></StgValue>
</operation>

<operation id="68" st_id="5" stage="1" lat="1">
<core>AddSub</core>
<MemPortIdVec></MemPortIdVec>
<condition id="-1">
<or_exp><and_exp></and_exp></or_exp>
</condition>

<Node id="64" bw="6" op_0_bw="6" op_1_bw="6">
<![CDATA[
_ZNK13ap_fixed_baseILi32ELi12ELb1EL9ap_q_mode5EL9ap_o_mode3ELi0EEngEv.exit_ifconv:17  %sub_ln947 = sub i6 -7, %trunc_ln947

]]></Node>
<StgValue><ssdm name="sub_ln947"/></StgValue>
</operation>

<operation id="69" st_id="5" stage="1" lat="1">
<core>NULL</core>
<MemPortIdVec></MemPortIdVec>
<condition id="-1">
<or_exp><and_exp></and_exp></or_exp>
</condition>

<Node id="65" bw="32" op_0_bw="6">
<![CDATA[
_ZNK13ap_fixed_baseILi32ELi12ELb1EL9ap_q_mode5EL9ap_o_mode3ELi0EEngEv.exit_ifconv:18  %zext_ln947 = zext i6 %sub_ln947 to i32

]]></Node>
<StgValue><ssdm name="zext_ln947"/></StgValue>
</operation>

<operation id="70" st_id="5" stage="1" lat="1">
<core>Shift</core>
<MemPortIdVec></MemPortIdVec>
<condition id="-1">
<or_exp><and_exp></and_exp></or_exp>
</condition>

<Node id="66" bw="32" op_0_bw="32" op_1_bw="32">
<![CDATA[
_ZNK13ap_fixed_baseILi32ELi12ELb1EL9ap_q_mode5EL9ap_o_mode3ELi0EEngEv.exit_ifconv:19  %lshr_ln947 = lshr i32 -1, %zext_ln947

]]></Node>
<StgValue><ssdm name="lshr_ln947"/></StgValue>
</operation>

<operation id="71" st_id="5" stage="1" lat="1">
<core>LogicGate</core>
<MemPortIdVec></MemPortIdVec>
<condition id="-1">
<or_exp><and_exp></and_exp></or_exp>
</condition>

<Node id="67" bw="32" op_0_bw="32" op_1_bw="32">
<![CDATA[
_ZNK13ap_fixed_baseILi32ELi12ELb1EL9ap_q_mode5EL9ap_o_mode3ELi0EEngEv.exit_ifconv:20  %p_Result_s = and i32 %tmp_V_4, %lshr_ln947

]]></Node>
<StgValue><ssdm name="p_Result_s"/></StgValue>
</operation>

<operation id="72" st_id="5" stage="1" lat="1">
<core>Cmp</core>
<MemPortIdVec></MemPortIdVec>
<condition id="-1">
<or_exp><and_exp></and_exp></or_exp>
</condition>

<Node id="68" bw="1" op_0_bw="32" op_1_bw="32">
<![CDATA[
_ZNK13ap_fixed_baseILi32ELi12ELb1EL9ap_q_mode5EL9ap_o_mode3ELi0EEngEv.exit_ifconv:21  %icmp_ln947_1 = icmp ne i32 %p_Result_s, 0

]]></Node>
<StgValue><ssdm name="icmp_ln947_1"/></StgValue>
</operation>

<operation id="73" st_id="5" stage="1" lat="1">
<core>LogicGate</core>
<MemPortIdVec></MemPortIdVec>
<condition id="-1">
<or_exp><and_exp></and_exp></or_exp>
</condition>

<Node id="69" bw="1" op_0_bw="1" op_1_bw="1">
<![CDATA[
_ZNK13ap_fixed_baseILi32ELi12ELb1EL9ap_q_mode5EL9ap_o_mode3ELi0EEngEv.exit_ifconv:22  %a = and i1 %icmp_ln947, %icmp_ln947_1

]]></Node>
<StgValue><ssdm name="a"/></StgValue>
</operation>

<operation id="74" st_id="5" stage="1" lat="1">
<core>NULL</core>
<MemPortIdVec></MemPortIdVec>
<condition id="-1">
<or_exp><and_exp></and_exp></or_exp>
</condition>

<Node id="70" bw="1" op_0_bw="1" op_1_bw="32" op_2_bw="32">
<![CDATA[
_ZNK13ap_fixed_baseILi32ELi12ELb1EL9ap_q_mode5EL9ap_o_mode3ELi0EEngEv.exit_ifconv:23  %tmp_5 = call i1 @_ssdm_op_BitSelect.i1.i32.i32(i32 %lsb_index, i32 31)

]]></Node>
<StgValue><ssdm name="tmp_5"/></StgValue>
</operation>

<operation id="75" st_id="5" stage="1" lat="1">
<core>LogicGate</core>
<MemPortIdVec></MemPortIdVec>
<condition id="-1">
<or_exp><and_exp></and_exp></or_exp>
</condition>

<Node id="71" bw="1" op_0_bw="1" op_1_bw="1">
<![CDATA[
_ZNK13ap_fixed_baseILi32ELi12ELb1EL9ap_q_mode5EL9ap_o_mode3ELi0EEngEv.exit_ifconv:24  %xor_ln949 = xor i1 %tmp_5, true

]]></Node>
<StgValue><ssdm name="xor_ln949"/></StgValue>
</operation>

<operation id="76" st_id="5" stage="1" lat="1">
<core>NULL</core>
<MemPortIdVec></MemPortIdVec>
<condition id="-1">
<or_exp><and_exp></and_exp></or_exp>
</condition>

<Node id="72" bw="1" op_0_bw="1" op_1_bw="32" op_2_bw="32">
<![CDATA[
_ZNK13ap_fixed_baseILi32ELi12ELb1EL9ap_q_mode5EL9ap_o_mode3ELi0EEngEv.exit_ifconv:25  %p_Result_1 = call i1 @_ssdm_op_BitSelect.i1.i32.i32(i32 %tmp_V_4, i32 %lsb_index)

]]></Node>
<StgValue><ssdm name="p_Result_1"/></StgValue>
</operation>

<operation id="77" st_id="5" stage="1" lat="1">
<core>LogicGate</core>
<MemPortIdVec></MemPortIdVec>
<condition id="-1">
<or_exp><and_exp></and_exp></or_exp>
</condition>

<Node id="73" bw="1" op_0_bw="1" op_1_bw="1">
<![CDATA[
_ZNK13ap_fixed_baseILi32ELi12ELb1EL9ap_q_mode5EL9ap_o_mode3ELi0EEngEv.exit_ifconv:26  %and_ln949 = and i1 %p_Result_1, %xor_ln949

]]></Node>
<StgValue><ssdm name="and_ln949"/></StgValue>
</operation>

<operation id="78" st_id="5" stage="1" lat="1">
<core>LogicGate</core>
<MemPortIdVec></MemPortIdVec>
<condition id="-1">
<or_exp><and_exp></and_exp></or_exp>
</condition>

<Node id="74" bw="1" op_0_bw="1" op_1_bw="1">
<![CDATA[
_ZNK13ap_fixed_baseILi32ELi12ELb1EL9ap_q_mode5EL9ap_o_mode3ELi0EEngEv.exit_ifconv:27  %or_ln949 = or i1 %and_ln949, %a

]]></Node>
<StgValue><ssdm name="or_ln949"/></StgValue>
</operation>

<operation id="79" st_id="5" stage="1" lat="1">
<core>NULL</core>
<MemPortIdVec></MemPortIdVec>
<condition id="-1">
<or_exp><and_exp></and_exp></or_exp>
</condition>

<Node id="75" bw="32" op_0_bw="32" op_1_bw="31" op_2_bw="1">
<![CDATA[
_ZNK13ap_fixed_baseILi32ELi12ELb1EL9ap_q_mode5EL9ap_o_mode3ELi0EEngEv.exit_ifconv:28  %or_ln = call i32 @_ssdm_op_BitConcatenate.i32.i31.i1(i31 0, i1 %or_ln949)

]]></Node>
<StgValue><ssdm name="or_ln"/></StgValue>
</operation>

<operation id="80" st_id="5" stage="1" lat="1">
<core>Cmp</core>
<MemPortIdVec></MemPortIdVec>
<condition id="-1">
<or_exp><and_exp></and_exp></or_exp>
</condition>

<Node id="76" bw="1" op_0_bw="32" op_1_bw="32">
<![CDATA[
_ZNK13ap_fixed_baseILi32ELi12ELb1EL9ap_q_mode5EL9ap_o_mode3ELi0EEngEv.exit_ifconv:29  %icmp_ln958 = icmp sgt i32 %lsb_index, 0

]]></Node>
<StgValue><ssdm name="icmp_ln958"/></StgValue>
</operation>

<operation id="81" st_id="5" stage="1" lat="1">
<core>AddSub</core>
<MemPortIdVec></MemPortIdVec>
<condition id="-1">
<or_exp><and_exp></and_exp></or_exp>
</condition>

<Node id="77" bw="32" op_0_bw="32" op_1_bw="32">
<![CDATA[
_ZNK13ap_fixed_baseILi32ELi12ELb1EL9ap_q_mode5EL9ap_o_mode3ELi0EEngEv.exit_ifconv:30  %add_ln958 = add nsw i32 -25, %sub_ln944

]]></Node>
<StgValue><ssdm name="add_ln958"/></StgValue>
</operation>

<operation id="82" st_id="5" stage="1" lat="1">
<core>Shift</core>
<MemPortIdVec></MemPortIdVec>
<condition id="-1">
<or_exp><and_exp></and_exp></or_exp>
</condition>

<Node id="78" bw="32" op_0_bw="32" op_1_bw="32">
<![CDATA[
_ZNK13ap_fixed_baseILi32ELi12ELb1EL9ap_q_mode5EL9ap_o_mode3ELi0EEngEv.exit_ifconv:31  %lshr_ln958 = lshr i32 %tmp_V_4, %add_ln958

]]></Node>
<StgValue><ssdm name="lshr_ln958"/></StgValue>
</operation>

<operation id="83" st_id="5" stage="1" lat="1">
<core>AddSub</core>
<MemPortIdVec></MemPortIdVec>
<condition id="-1">
<or_exp><and_exp></and_exp></or_exp>
</condition>

<Node id="79" bw="32" op_0_bw="32" op_1_bw="32">
<![CDATA[
_ZNK13ap_fixed_baseILi32ELi12ELb1EL9ap_q_mode5EL9ap_o_mode3ELi0EEngEv.exit_ifconv:32  %sub_ln958 = sub i32 25, %sub_ln944

]]></Node>
<StgValue><ssdm name="sub_ln958"/></StgValue>
</operation>

<operation id="84" st_id="5" stage="1" lat="1">
<core>Shift</core>
<MemPortIdVec></MemPortIdVec>
<condition id="-1">
<or_exp><and_exp></and_exp></or_exp>
</condition>

<Node id="80" bw="32" op_0_bw="32" op_1_bw="32">
<![CDATA[
_ZNK13ap_fixed_baseILi32ELi12ELb1EL9ap_q_mode5EL9ap_o_mode3ELi0EEngEv.exit_ifconv:33  %shl_ln958 = shl i32 %tmp_V_4, %sub_ln958

]]></Node>
<StgValue><ssdm name="shl_ln958"/></StgValue>
</operation>

<operation id="85" st_id="5" stage="1" lat="1">
<core>Sel</core>
<MemPortIdVec></MemPortIdVec>
<condition id="-1">
<or_exp><and_exp></and_exp></or_exp>
</condition>

<Node id="81" bw="32" op_0_bw="1" op_1_bw="32" op_2_bw="32">
<![CDATA[
_ZNK13ap_fixed_baseILi32ELi12ELb1EL9ap_q_mode5EL9ap_o_mode3ELi0EEngEv.exit_ifconv:34  %m_2 = select i1 %icmp_ln958, i32 %lshr_ln958, i32 %shl_ln958

]]></Node>
<StgValue><ssdm name="m_2"/></StgValue>
</operation>

<operation id="86" st_id="5" stage="1" lat="1">
<core>AddSub</core>
<MemPortIdVec></MemPortIdVec>
<condition id="-1">
<or_exp><and_exp></and_exp></or_exp>
</condition>

<Node id="82" bw="32" op_0_bw="32" op_1_bw="32">
<![CDATA[
_ZNK13ap_fixed_baseILi32ELi12ELb1EL9ap_q_mode5EL9ap_o_mode3ELi0EEngEv.exit_ifconv:35  %m_3 = add i32 %or_ln, %m_2

]]></Node>
<StgValue><ssdm name="m_3"/></StgValue>
</operation>

<operation id="87" st_id="5" stage="1" lat="1">
<core>NULL</core>
<MemPortIdVec></MemPortIdVec>
<condition id="-1">
<or_exp><and_exp></and_exp></or_exp>
</condition>

<Node id="83" bw="31" op_0_bw="31" op_1_bw="32" op_2_bw="32" op_3_bw="32">
<![CDATA[
_ZNK13ap_fixed_baseILi32ELi12ELb1EL9ap_q_mode5EL9ap_o_mode3ELi0EEngEv.exit_ifconv:36  %m = call i31 @_ssdm_op_PartSelect.i31.i32.i32.i32(i32 %m_3, i32 1, i32 31)

]]></Node>
<StgValue><ssdm name="m"/></StgValue>
</operation>

<operation id="88" st_id="5" stage="1" lat="1">
<core>NULL</core>
<MemPortIdVec></MemPortIdVec>
<condition id="-1">
<or_exp><and_exp></and_exp></or_exp>
</condition>

<Node id="84" bw="32" op_0_bw="31">
<![CDATA[
_ZNK13ap_fixed_baseILi32ELi12ELb1EL9ap_q_mode5EL9ap_o_mode3ELi0EEngEv.exit_ifconv:37  %m_6 = zext i31 %m to i32

]]></Node>
<StgValue><ssdm name="m_6"/></StgValue>
</operation>

<operation id="89" st_id="5" stage="1" lat="1">
<core>NULL</core>
<MemPortIdVec></MemPortIdVec>
<condition id="-1">
<or_exp><and_exp></and_exp></or_exp>
</condition>

<Node id="85" bw="1" op_0_bw="1" op_1_bw="32" op_2_bw="32">
<![CDATA[
_ZNK13ap_fixed_baseILi32ELi12ELb1EL9ap_q_mode5EL9ap_o_mode3ELi0EEngEv.exit_ifconv:38  %tmp_6 = call i1 @_ssdm_op_BitSelect.i1.i32.i32(i32 %m_3, i32 25)

]]></Node>
<StgValue><ssdm name="tmp_6"/></StgValue>
</operation>

<operation id="90" st_id="5" stage="1" lat="1">
<core>Sel</core>
<MemPortIdVec></MemPortIdVec>
<condition id="-1">
<or_exp><and_exp></and_exp></or_exp>
</condition>

<Node id="86" bw="8" op_0_bw="1" op_1_bw="8" op_2_bw="8">
<![CDATA[
_ZNK13ap_fixed_baseILi32ELi12ELb1EL9ap_q_mode5EL9ap_o_mode3ELi0EEngEv.exit_ifconv:39  %select_ln964 = select i1 %tmp_6, i8 127, i8 126

]]></Node>
<StgValue><ssdm name="select_ln964"/></StgValue>
</operation>

<operation id="91" st_id="5" stage="1" lat="1">
<core>NULL</core>
<MemPortIdVec></MemPortIdVec>
<condition id="-1">
<or_exp><and_exp></and_exp></or_exp>
</condition>

<Node id="87" bw="8" op_0_bw="32">
<![CDATA[
_ZNK13ap_fixed_baseILi32ELi12ELb1EL9ap_q_mode5EL9ap_o_mode3ELi0EEngEv.exit_ifconv:40  %trunc_ln943 = trunc i32 %l to i8

]]></Node>
<StgValue><ssdm name="trunc_ln943"/></StgValue>
</operation>

<operation id="92" st_id="5" stage="1" lat="1">
<core>TAddSub</core>
<MemPortIdVec></MemPortIdVec>
<condition id="-1">
<or_exp><and_exp></and_exp></or_exp>
</condition>

<Node id="88" bw="8" op_0_bw="8" op_1_bw="8">
<![CDATA[
_ZNK13ap_fixed_baseILi32ELi12ELb1EL9ap_q_mode5EL9ap_o_mode3ELi0EEngEv.exit_ifconv:41  %sub_ln964 = sub i8 12, %trunc_ln943

]]></Node>
<StgValue><ssdm name="sub_ln964"/></StgValue>
</operation>

<operation id="93" st_id="5" stage="1" lat="1">
<core>TAddSub</core>
<MemPortIdVec></MemPortIdVec>
<condition id="-1">
<or_exp><and_exp></and_exp></or_exp>
</condition>

<Node id="89" bw="8" op_0_bw="8" op_1_bw="8">
<![CDATA[
_ZNK13ap_fixed_baseILi32ELi12ELb1EL9ap_q_mode5EL9ap_o_mode3ELi0EEngEv.exit_ifconv:42  %add_ln964 = add i8 %sub_ln964, %select_ln964

]]></Node>
<StgValue><ssdm name="add_ln964"/></StgValue>
</operation>

<operation id="94" st_id="5" stage="1" lat="1">
<core>NULL</core>
<MemPortIdVec></MemPortIdVec>
<condition id="-1">
<or_exp><and_exp></and_exp></or_exp>
</condition>

<Node id="90" bw="9" op_0_bw="9" op_1_bw="1" op_2_bw="8">
<![CDATA[
_ZNK13ap_fixed_baseILi32ELi12ELb1EL9ap_q_mode5EL9ap_o_mode3ELi0EEngEv.exit_ifconv:43  %tmp_2 = call i9 @_ssdm_op_BitConcatenate.i9.i1.i8(i1 %p_Result_5, i8 %add_ln964)

]]></Node>
<StgValue><ssdm name="tmp_2"/></StgValue>
</operation>

<operation id="95" st_id="5" stage="1" lat="1">
<core>NULL</core>
<MemPortIdVec></MemPortIdVec>
<condition id="-1">
<or_exp><and_exp></and_exp></or_exp>
</condition>

<Node id="91" bw="32" op_0_bw="32" op_1_bw="32" op_2_bw="9" op_3_bw="32" op_4_bw="32">
<![CDATA[
_ZNK13ap_fixed_baseILi32ELi12ELb1EL9ap_q_mode5EL9ap_o_mode3ELi0EEngEv.exit_ifconv:44  %p_Result_7 = call i32 @_ssdm_op_PartSet.i32.i32.i9.i32.i32(i32 %m_6, i9 %tmp_2, i32 23, i32 31)

]]></Node>
<StgValue><ssdm name="p_Result_7"/></StgValue>
</operation>
</state>

<state id="6" st_id="6">

<operation id="96" st_id="6" stage="1" lat="1">
<core>NULL</core>
<MemPortIdVec></MemPortIdVec>
<condition id="-1">
<or_exp><and_exp><literal name="icmp_ln935" val="0"/>
</and_exp></or_exp>
</condition>

<Node id="92" bw="32" op_0_bw="32">
<![CDATA[
_ZNK13ap_fixed_baseILi32ELi12ELb1EL9ap_q_mode5EL9ap_o_mode3ELi0EEngEv.exit_ifconv:45  %bitcast_ln739 = bitcast i32 %p_Result_7 to float

]]></Node>
<StgValue><ssdm name="bitcast_ln739"/></StgValue>
</operation>

<operation id="97" st_id="6" stage="1" lat="1">
<core>Sel</core>
<MemPortIdVec></MemPortIdVec>
<condition id="-1">
<or_exp><and_exp></and_exp></or_exp>
</condition>

<Node id="93" bw="32" op_0_bw="1" op_1_bw="32" op_2_bw="32">
<![CDATA[
_ZNK13ap_fixed_baseILi32ELi12ELb1EL9ap_q_mode5EL9ap_o_mode3ELi0EEngEv.exit_ifconv:46  %select_ln935 = select i1 %icmp_ln935, float 0.000000e+00, float %bitcast_ln739

]]></Node>
<StgValue><ssdm name="select_ln935"/></StgValue>
</operation>

<operation id="98" st_id="6" stage="6" lat="6">
<core>FExp</core>
<MemPortIdVec></MemPortIdVec>
<condition id="-1">
<or_exp><and_exp></and_exp></or_exp>
</condition>

<Node id="94" bw="32" op_0_bw="32" op_1_bw="32">
<![CDATA[
_ZNK13ap_fixed_baseILi32ELi12ELb1EL9ap_q_mode5EL9ap_o_mode3ELi0EEngEv.exit_ifconv:47  %v_assign = call float @llvm.exp.f32(float %select_ln935) nounwind

]]></Node>
<StgValue><ssdm name="v_assign"/></StgValue>
</operation>
</state>

<state id="7" st_id="7">

<operation id="99" st_id="7" stage="5" lat="6">
<core>FExp</core>
<MemPortIdVec></MemPortIdVec>
<condition id="-1">
<or_exp><and_exp></and_exp></or_exp>
</condition>

<Node id="94" bw="32" op_0_bw="32" op_1_bw="32">
<![CDATA[
_ZNK13ap_fixed_baseILi32ELi12ELb1EL9ap_q_mode5EL9ap_o_mode3ELi0EEngEv.exit_ifconv:47  %v_assign = call float @llvm.exp.f32(float %select_ln935) nounwind

]]></Node>
<StgValue><ssdm name="v_assign"/></StgValue>
</operation>
</state>

<state id="8" st_id="8">

<operation id="100" st_id="8" stage="4" lat="6">
<core>FExp</core>
<MemPortIdVec></MemPortIdVec>
<condition id="-1">
<or_exp><and_exp></and_exp></or_exp>
</condition>

<Node id="94" bw="32" op_0_bw="32" op_1_bw="32">
<![CDATA[
_ZNK13ap_fixed_baseILi32ELi12ELb1EL9ap_q_mode5EL9ap_o_mode3ELi0EEngEv.exit_ifconv:47  %v_assign = call float @llvm.exp.f32(float %select_ln935) nounwind

]]></Node>
<StgValue><ssdm name="v_assign"/></StgValue>
</operation>
</state>

<state id="9" st_id="9">

<operation id="101" st_id="9" stage="3" lat="6">
<core>FExp</core>
<MemPortIdVec></MemPortIdVec>
<condition id="-1">
<or_exp><and_exp></and_exp></or_exp>
</condition>

<Node id="94" bw="32" op_0_bw="32" op_1_bw="32">
<![CDATA[
_ZNK13ap_fixed_baseILi32ELi12ELb1EL9ap_q_mode5EL9ap_o_mode3ELi0EEngEv.exit_ifconv:47  %v_assign = call float @llvm.exp.f32(float %select_ln935) nounwind

]]></Node>
<StgValue><ssdm name="v_assign"/></StgValue>
</operation>
</state>

<state id="10" st_id="10">

<operation id="102" st_id="10" stage="2" lat="6">
<core>FExp</core>
<MemPortIdVec></MemPortIdVec>
<condition id="-1">
<or_exp><and_exp></and_exp></or_exp>
</condition>

<Node id="94" bw="32" op_0_bw="32" op_1_bw="32">
<![CDATA[
_ZNK13ap_fixed_baseILi32ELi12ELb1EL9ap_q_mode5EL9ap_o_mode3ELi0EEngEv.exit_ifconv:47  %v_assign = call float @llvm.exp.f32(float %select_ln935) nounwind

]]></Node>
<StgValue><ssdm name="v_assign"/></StgValue>
</operation>
</state>

<state id="11" st_id="11">

<operation id="103" st_id="11" stage="1" lat="6">
<core>FExp</core>
<MemPortIdVec></MemPortIdVec>
<condition id="-1">
<or_exp><and_exp></and_exp></or_exp>
</condition>

<Node id="94" bw="32" op_0_bw="32" op_1_bw="32">
<![CDATA[
_ZNK13ap_fixed_baseILi32ELi12ELb1EL9ap_q_mode5EL9ap_o_mode3ELi0EEngEv.exit_ifconv:47  %v_assign = call float @llvm.exp.f32(float %select_ln935) nounwind

]]></Node>
<StgValue><ssdm name="v_assign"/></StgValue>
</operation>
</state>

<state id="12" st_id="12">

<operation id="104" st_id="12" stage="2" lat="2">
<core>Float2Double</core>
<MemPortIdVec></MemPortIdVec>
<condition id="-1">
<or_exp><and_exp></and_exp></or_exp>
</condition>

<Node id="95" bw="64" op_0_bw="32">
<![CDATA[
_ZNK13ap_fixed_baseILi32ELi12ELb1EL9ap_q_mode5EL9ap_o_mode3ELi0EEngEv.exit_ifconv:48  %d_assign = fpext float %v_assign to double

]]></Node>
<StgValue><ssdm name="d_assign"/></StgValue>
</operation>
</state>

<state id="13" st_id="13">

<operation id="105" st_id="13" stage="1" lat="2">
<core>Float2Double</core>
<MemPortIdVec></MemPortIdVec>
<condition id="-1">
<or_exp><and_exp></and_exp></or_exp>
</condition>

<Node id="95" bw="64" op_0_bw="32">
<![CDATA[
_ZNK13ap_fixed_baseILi32ELi12ELb1EL9ap_q_mode5EL9ap_o_mode3ELi0EEngEv.exit_ifconv:48  %d_assign = fpext float %v_assign to double

]]></Node>
<StgValue><ssdm name="d_assign"/></StgValue>
</operation>

<operation id="106" st_id="13" stage="1" lat="1">
<core>NULL</core>
<MemPortIdVec></MemPortIdVec>
<condition id="-1">
<or_exp><and_exp></and_exp></or_exp>
</condition>

<Node id="96" bw="64" op_0_bw="64">
<![CDATA[
_ZNK13ap_fixed_baseILi32ELi12ELb1EL9ap_q_mode5EL9ap_o_mode3ELi0EEngEv.exit_ifconv:49  %ireg_V = bitcast double %d_assign to i64

]]></Node>
<StgValue><ssdm name="ireg_V"/></StgValue>
</operation>

<operation id="107" st_id="13" stage="1" lat="1">
<core>NULL</core>
<MemPortIdVec></MemPortIdVec>
<condition id="-1">
<or_exp><and_exp></and_exp></or_exp>
</condition>

<Node id="97" bw="63" op_0_bw="64">
<![CDATA[
_ZNK13ap_fixed_baseILi32ELi12ELb1EL9ap_q_mode5EL9ap_o_mode3ELi0EEngEv.exit_ifconv:50  %trunc_ln556 = trunc i64 %ireg_V to i63

]]></Node>
<StgValue><ssdm name="trunc_ln556"/></StgValue>
</operation>

<operation id="108" st_id="13" stage="1" lat="1">
<core>NULL</core>
<MemPortIdVec></MemPortIdVec>
<condition id="-1">
<or_exp><and_exp></and_exp></or_exp>
</condition>

<Node id="98" bw="1" op_0_bw="1" op_1_bw="64" op_2_bw="32">
<![CDATA[
_ZNK13ap_fixed_baseILi32ELi12ELb1EL9ap_q_mode5EL9ap_o_mode3ELi0EEngEv.exit_ifconv:51  %p_Result_8 = call i1 @_ssdm_op_BitSelect.i1.i64.i32(i64 %ireg_V, i32 63)

]]></Node>
<StgValue><ssdm name="p_Result_8"/></StgValue>
</operation>

<operation id="109" st_id="13" stage="1" lat="1">
<core>NULL</core>
<MemPortIdVec></MemPortIdVec>
<condition id="-1">
<or_exp><and_exp></and_exp></or_exp>
</condition>

<Node id="99" bw="11" op_0_bw="11" op_1_bw="64" op_2_bw="32" op_3_bw="32">
<![CDATA[
_ZNK13ap_fixed_baseILi32ELi12ELb1EL9ap_q_mode5EL9ap_o_mode3ELi0EEngEv.exit_ifconv:52  %exp_tmp_V = call i11 @_ssdm_op_PartSelect.i11.i64.i32.i32(i64 %ireg_V, i32 52, i32 62)

]]></Node>
<StgValue><ssdm name="exp_tmp_V"/></StgValue>
</operation>

<operation id="110" st_id="13" stage="1" lat="1">
<core>NULL</core>
<MemPortIdVec></MemPortIdVec>
<condition id="-1">
<or_exp><and_exp></and_exp></or_exp>
</condition>

<Node id="100" bw="12" op_0_bw="11">
<![CDATA[
_ZNK13ap_fixed_baseILi32ELi12ELb1EL9ap_q_mode5EL9ap_o_mode3ELi0EEngEv.exit_ifconv:53  %zext_ln461 = zext i11 %exp_tmp_V to i12

]]></Node>
<StgValue><ssdm name="zext_ln461"/></StgValue>
</operation>

<operation id="111" st_id="13" stage="1" lat="1">
<core>NULL</core>
<MemPortIdVec></MemPortIdVec>
<condition id="-1">
<or_exp><and_exp></and_exp></or_exp>
</condition>

<Node id="101" bw="52" op_0_bw="64">
<![CDATA[
_ZNK13ap_fixed_baseILi32ELi12ELb1EL9ap_q_mode5EL9ap_o_mode3ELi0EEngEv.exit_ifconv:54  %trunc_ln565 = trunc i64 %ireg_V to i52

]]></Node>
<StgValue><ssdm name="trunc_ln565"/></StgValue>
</operation>

<operation id="112" st_id="13" stage="1" lat="1">
<core>NULL</core>
<MemPortIdVec></MemPortIdVec>
<condition id="-1">
<or_exp><and_exp></and_exp></or_exp>
</condition>

<Node id="102" bw="53" op_0_bw="53" op_1_bw="1" op_2_bw="52">
<![CDATA[
_ZNK13ap_fixed_baseILi32ELi12ELb1EL9ap_q_mode5EL9ap_o_mode3ELi0EEngEv.exit_ifconv:55  %tmp_3 = call i53 @_ssdm_op_BitConcatenate.i53.i1.i52(i1 true, i52 %trunc_ln565)

]]></Node>
<StgValue><ssdm name="tmp_3"/></StgValue>
</operation>

<operation id="113" st_id="13" stage="1" lat="1">
<core>NULL</core>
<MemPortIdVec></MemPortIdVec>
<condition id="-1">
<or_exp><and_exp></and_exp></or_exp>
</condition>

<Node id="103" bw="54" op_0_bw="53">
<![CDATA[
_ZNK13ap_fixed_baseILi32ELi12ELb1EL9ap_q_mode5EL9ap_o_mode3ELi0EEngEv.exit_ifconv:56  %p_Result_9 = zext i53 %tmp_3 to i54

]]></Node>
<StgValue><ssdm name="p_Result_9"/></StgValue>
</operation>

<operation id="114" st_id="13" stage="1" lat="1">
<core>AddSub</core>
<MemPortIdVec></MemPortIdVec>
<condition id="-1">
<or_exp><and_exp></and_exp></or_exp>
</condition>

<Node id="104" bw="54" op_0_bw="54" op_1_bw="54">
<![CDATA[
_ZNK13ap_fixed_baseILi32ELi12ELb1EL9ap_q_mode5EL9ap_o_mode3ELi0EEngEv.exit_ifconv:57  %man_V_1 = sub i54 0, %p_Result_9

]]></Node>
<StgValue><ssdm name="man_V_1"/></StgValue>
</operation>

<operation id="115" st_id="13" stage="1" lat="1">
<core>Sel</core>
<MemPortIdVec></MemPortIdVec>
<condition id="-1">
<or_exp><and_exp></and_exp></or_exp>
</condition>

<Node id="105" bw="54" op_0_bw="1" op_1_bw="54" op_2_bw="54">
<![CDATA[
_ZNK13ap_fixed_baseILi32ELi12ELb1EL9ap_q_mode5EL9ap_o_mode3ELi0EEngEv.exit_ifconv:58  %man_V_2 = select i1 %p_Result_8, i54 %man_V_1, i54 %p_Result_9

]]></Node>
<StgValue><ssdm name="man_V_2"/></StgValue>
</operation>

<operation id="116" st_id="13" stage="1" lat="1">
<core>Cmp</core>
<MemPortIdVec></MemPortIdVec>
<condition id="-1">
<or_exp><and_exp></and_exp></or_exp>
</condition>

<Node id="106" bw="1" op_0_bw="63" op_1_bw="63">
<![CDATA[
_ZNK13ap_fixed_baseILi32ELi12ELb1EL9ap_q_mode5EL9ap_o_mode3ELi0EEngEv.exit_ifconv:59  %icmp_ln571 = icmp eq i63 %trunc_ln556, 0

]]></Node>
<StgValue><ssdm name="icmp_ln571"/></StgValue>
</operation>

<operation id="117" st_id="13" stage="1" lat="1">
<core>AddSub</core>
<MemPortIdVec></MemPortIdVec>
<condition id="-1">
<or_exp><and_exp></and_exp></or_exp>
</condition>

<Node id="107" bw="12" op_0_bw="12" op_1_bw="12">
<![CDATA[
_ZNK13ap_fixed_baseILi32ELi12ELb1EL9ap_q_mode5EL9ap_o_mode3ELi0EEngEv.exit_ifconv:60  %F2 = sub i12 1075, %zext_ln461

]]></Node>
<StgValue><ssdm name="F2"/></StgValue>
</operation>

<operation id="118" st_id="13" stage="1" lat="1">
<core>Cmp</core>
<MemPortIdVec></MemPortIdVec>
<condition id="-1">
<or_exp><and_exp></and_exp></or_exp>
</condition>

<Node id="108" bw="1" op_0_bw="12" op_1_bw="12">
<![CDATA[
_ZNK13ap_fixed_baseILi32ELi12ELb1EL9ap_q_mode5EL9ap_o_mode3ELi0EEngEv.exit_ifconv:61  %icmp_ln581 = icmp sgt i12 %F2, 20

]]></Node>
<StgValue><ssdm name="icmp_ln581"/></StgValue>
</operation>

<operation id="119" st_id="13" stage="1" lat="1">
<core>AddSub</core>
<MemPortIdVec></MemPortIdVec>
<condition id="-1">
<or_exp><and_exp></and_exp></or_exp>
</condition>

<Node id="109" bw="12" op_0_bw="12" op_1_bw="12">
<![CDATA[
_ZNK13ap_fixed_baseILi32ELi12ELb1EL9ap_q_mode5EL9ap_o_mode3ELi0EEngEv.exit_ifconv:62  %add_ln581 = add i12 -20, %F2

]]></Node>
<StgValue><ssdm name="add_ln581"/></StgValue>
</operation>

<operation id="120" st_id="13" stage="1" lat="1">
<core>AddSub</core>
<MemPortIdVec></MemPortIdVec>
<condition id="-1">
<or_exp><and_exp></and_exp></or_exp>
</condition>

<Node id="110" bw="12" op_0_bw="12" op_1_bw="12">
<![CDATA[
_ZNK13ap_fixed_baseILi32ELi12ELb1EL9ap_q_mode5EL9ap_o_mode3ELi0EEngEv.exit_ifconv:63  %sub_ln581 = sub i12 20, %F2

]]></Node>
<StgValue><ssdm name="sub_ln581"/></StgValue>
</operation>

<operation id="121" st_id="13" stage="1" lat="1">
<core>Sel</core>
<MemPortIdVec></MemPortIdVec>
<condition id="-1">
<or_exp><and_exp></and_exp></or_exp>
</condition>

<Node id="111" bw="12" op_0_bw="1" op_1_bw="12" op_2_bw="12">
<![CDATA[
_ZNK13ap_fixed_baseILi32ELi12ELb1EL9ap_q_mode5EL9ap_o_mode3ELi0EEngEv.exit_ifconv:64  %sh_amt = select i1 %icmp_ln581, i12 %add_ln581, i12 %sub_ln581

]]></Node>
<StgValue><ssdm name="sh_amt"/></StgValue>
</operation>

<operation id="122" st_id="13" stage="1" lat="1">
<core>NULL</core>
<MemPortIdVec></MemPortIdVec>
<condition id="-1">
<or_exp><and_exp></and_exp></or_exp>
</condition>

<Node id="112" bw="32" op_0_bw="12">
<![CDATA[
_ZNK13ap_fixed_baseILi32ELi12ELb1EL9ap_q_mode5EL9ap_o_mode3ELi0EEngEv.exit_ifconv:65  %sext_ln581 = sext i12 %sh_amt to i32

]]></Node>
<StgValue><ssdm name="sext_ln581"/></StgValue>
</operation>

<operation id="123" st_id="13" stage="1" lat="1">
<core>Cmp</core>
<MemPortIdVec></MemPortIdVec>
<condition id="-1">
<or_exp><and_exp></and_exp></or_exp>
</condition>

<Node id="113" bw="1" op_0_bw="12" op_1_bw="12">
<![CDATA[
_ZNK13ap_fixed_baseILi32ELi12ELb1EL9ap_q_mode5EL9ap_o_mode3ELi0EEngEv.exit_ifconv:66  %icmp_ln582 = icmp eq i12 %F2, 20

]]></Node>
<StgValue><ssdm name="icmp_ln582"/></StgValue>
</operation>

<operation id="124" st_id="13" stage="1" lat="1">
<core>NULL</core>
<MemPortIdVec></MemPortIdVec>
<condition id="-1">
<or_exp><and_exp></and_exp></or_exp>
</condition>

<Node id="114" bw="32" op_0_bw="54">
<![CDATA[
_ZNK13ap_fixed_baseILi32ELi12ELb1EL9ap_q_mode5EL9ap_o_mode3ELi0EEngEv.exit_ifconv:67  %trunc_ln583 = trunc i54 %man_V_2 to i32

]]></Node>
<StgValue><ssdm name="trunc_ln583"/></StgValue>
</operation>

<operation id="125" st_id="13" stage="1" lat="1">
<core>Cmp</core>
<MemPortIdVec></MemPortIdVec>
<condition id="-1">
<or_exp><and_exp></and_exp></or_exp>
</condition>

<Node id="115" bw="1" op_0_bw="12" op_1_bw="12">
<![CDATA[
_ZNK13ap_fixed_baseILi32ELi12ELb1EL9ap_q_mode5EL9ap_o_mode3ELi0EEngEv.exit_ifconv:68  %icmp_ln585 = icmp ult i12 %sh_amt, 54

]]></Node>
<StgValue><ssdm name="icmp_ln585"/></StgValue>
</operation>

<operation id="126" st_id="13" stage="1" lat="1">
<core>NULL</core>
<MemPortIdVec></MemPortIdVec>
<condition id="-1">
<or_exp><and_exp></and_exp></or_exp>
</condition>

<Node id="116" bw="7" op_0_bw="7" op_1_bw="12" op_2_bw="32" op_3_bw="32">
<![CDATA[
_ZNK13ap_fixed_baseILi32ELi12ELb1EL9ap_q_mode5EL9ap_o_mode3ELi0EEngEv.exit_ifconv:69  %tmp_8 = call i7 @_ssdm_op_PartSelect.i7.i12.i32.i32(i12 %sh_amt, i32 5, i32 11)

]]></Node>
<StgValue><ssdm name="tmp_8"/></StgValue>
</operation>

<operation id="127" st_id="13" stage="1" lat="1">
<core>Cmp</core>
<MemPortIdVec></MemPortIdVec>
<condition id="-1">
<or_exp><and_exp></and_exp></or_exp>
</condition>

<Node id="117" bw="1" op_0_bw="7" op_1_bw="7">
<![CDATA[
_ZNK13ap_fixed_baseILi32ELi12ELb1EL9ap_q_mode5EL9ap_o_mode3ELi0EEngEv.exit_ifconv:70  %icmp_ln603 = icmp eq i7 %tmp_8, 0

]]></Node>
<StgValue><ssdm name="icmp_ln603"/></StgValue>
</operation>

<operation id="128" st_id="13" stage="1" lat="1">
<core>NULL</core>
<MemPortIdVec></MemPortIdVec>
<condition id="-1">
<or_exp><and_exp></and_exp></or_exp>
</condition>

<Node id="118" bw="54" op_0_bw="32">
<![CDATA[
_ZNK13ap_fixed_baseILi32ELi12ELb1EL9ap_q_mode5EL9ap_o_mode3ELi0EEngEv.exit_ifconv:71  %zext_ln586 = zext i32 %sext_ln581 to i54

]]></Node>
<StgValue><ssdm name="zext_ln586"/></StgValue>
</operation>

<operation id="129" st_id="13" stage="1" lat="1">
<core>Shift</core>
<MemPortIdVec></MemPortIdVec>
<condition id="-1">
<or_exp><and_exp></and_exp></or_exp>
</condition>

<Node id="119" bw="54" op_0_bw="54" op_1_bw="54">
<![CDATA[
_ZNK13ap_fixed_baseILi32ELi12ELb1EL9ap_q_mode5EL9ap_o_mode3ELi0EEngEv.exit_ifconv:72  %ashr_ln586 = ashr i54 %man_V_2, %zext_ln586

]]></Node>
<StgValue><ssdm name="ashr_ln586"/></StgValue>
</operation>

<operation id="130" st_id="13" stage="1" lat="1">
<core>NULL</core>
<MemPortIdVec></MemPortIdVec>
<condition id="-1">
<or_exp><and_exp></and_exp></or_exp>
</condition>

<Node id="120" bw="32" op_0_bw="54">
<![CDATA[
_ZNK13ap_fixed_baseILi32ELi12ELb1EL9ap_q_mode5EL9ap_o_mode3ELi0EEngEv.exit_ifconv:73  %trunc_ln586 = trunc i54 %ashr_ln586 to i32

]]></Node>
<StgValue><ssdm name="trunc_ln586"/></StgValue>
</operation>

<operation id="131" st_id="13" stage="1" lat="1">
<core>NULL</core>
<MemPortIdVec></MemPortIdVec>
<condition id="-1">
<or_exp><and_exp></and_exp></or_exp>
</condition>

<Node id="121" bw="32" op_0_bw="32">
<![CDATA[
_ZNK13ap_fixed_baseILi32ELi12ELb1EL9ap_q_mode5EL9ap_o_mode3ELi0EEngEv.exit_ifconv:74  %bitcast_ln696 = bitcast float %v_assign to i32

]]></Node>
<StgValue><ssdm name="bitcast_ln696"/></StgValue>
</operation>

<operation id="132" st_id="13" stage="1" lat="1">
<core>NULL</core>
<MemPortIdVec></MemPortIdVec>
<condition id="-1">
<or_exp><and_exp></and_exp></or_exp>
</condition>

<Node id="122" bw="1" op_0_bw="1" op_1_bw="32" op_2_bw="32">
<![CDATA[
_ZNK13ap_fixed_baseILi32ELi12ELb1EL9ap_q_mode5EL9ap_o_mode3ELi0EEngEv.exit_ifconv:75  %tmp_9 = call i1 @_ssdm_op_BitSelect.i1.i32.i32(i32 %bitcast_ln696, i32 31)

]]></Node>
<StgValue><ssdm name="tmp_9"/></StgValue>
</operation>

<operation id="133" st_id="13" stage="1" lat="1">
<core>Sel</core>
<MemPortIdVec></MemPortIdVec>
<condition id="-1">
<or_exp><and_exp></and_exp></or_exp>
</condition>

<Node id="123" bw="32" op_0_bw="1" op_1_bw="32" op_2_bw="32">
<![CDATA[
_ZNK13ap_fixed_baseILi32ELi12ELb1EL9ap_q_mode5EL9ap_o_mode3ELi0EEngEv.exit_ifconv:76  %select_ln588 = select i1 %tmp_9, i32 -1, i32 0

]]></Node>
<StgValue><ssdm name="select_ln588"/></StgValue>
</operation>

<operation id="134" st_id="13" stage="1" lat="1">
<core>Shift</core>
<MemPortIdVec></MemPortIdVec>
<condition id="-1">
<or_exp><and_exp></and_exp></or_exp>
</condition>

<Node id="124" bw="32" op_0_bw="32" op_1_bw="32">
<![CDATA[
_ZNK13ap_fixed_baseILi32ELi12ELb1EL9ap_q_mode5EL9ap_o_mode3ELi0EEngEv.exit_ifconv:77  %shl_ln604 = shl i32 %trunc_ln583, %sext_ln581

]]></Node>
<StgValue><ssdm name="shl_ln604"/></StgValue>
</operation>

<operation id="135" st_id="13" stage="1" lat="1">
<core>LogicGate</core>
<MemPortIdVec></MemPortIdVec>
<condition id="-1">
<or_exp><and_exp></and_exp></or_exp>
</condition>

<Node id="125" bw="1" op_0_bw="1" op_1_bw="1">
<![CDATA[
_ZNK13ap_fixed_baseILi32ELi12ELb1EL9ap_q_mode5EL9ap_o_mode3ELi0EEngEv.exit_ifconv:78  %xor_ln571 = xor i1 %icmp_ln571, true

]]></Node>
<StgValue><ssdm name="xor_ln571"/></StgValue>
</operation>

<operation id="136" st_id="13" stage="1" lat="1">
<core>LogicGate</core>
<MemPortIdVec></MemPortIdVec>
<condition id="-1">
<or_exp><and_exp></and_exp></or_exp>
</condition>

<Node id="126" bw="1" op_0_bw="1" op_1_bw="1">
<![CDATA[
_ZNK13ap_fixed_baseILi32ELi12ELb1EL9ap_q_mode5EL9ap_o_mode3ELi0EEngEv.exit_ifconv:79  %and_ln582 = and i1 %icmp_ln582, %xor_ln571

]]></Node>
<StgValue><ssdm name="and_ln582"/></StgValue>
</operation>

<operation id="137" st_id="13" stage="1" lat="1">
<core>LogicGate</core>
<MemPortIdVec></MemPortIdVec>
<condition id="-1">
<or_exp><and_exp></and_exp></or_exp>
</condition>

<Node id="127" bw="1" op_0_bw="1" op_1_bw="1">
<![CDATA[
_ZNK13ap_fixed_baseILi32ELi12ELb1EL9ap_q_mode5EL9ap_o_mode3ELi0EEngEv.exit_ifconv:80  %or_ln582 = or i1 %icmp_ln571, %icmp_ln582

]]></Node>
<StgValue><ssdm name="or_ln582"/></StgValue>
</operation>

<operation id="138" st_id="13" stage="1" lat="1">
<core>LogicGate</core>
<MemPortIdVec></MemPortIdVec>
<condition id="-1">
<or_exp><and_exp></and_exp></or_exp>
</condition>

<Node id="128" bw="1" op_0_bw="1" op_1_bw="1">
<![CDATA[
_ZNK13ap_fixed_baseILi32ELi12ELb1EL9ap_q_mode5EL9ap_o_mode3ELi0EEngEv.exit_ifconv:81  %xor_ln582 = xor i1 %or_ln582, true

]]></Node>
<StgValue><ssdm name="xor_ln582"/></StgValue>
</operation>

<operation id="139" st_id="13" stage="1" lat="1">
<core>LogicGate</core>
<MemPortIdVec></MemPortIdVec>
<condition id="-1">
<or_exp><and_exp></and_exp></or_exp>
</condition>

<Node id="129" bw="1" op_0_bw="1" op_1_bw="1">
<![CDATA[
_ZNK13ap_fixed_baseILi32ELi12ELb1EL9ap_q_mode5EL9ap_o_mode3ELi0EEngEv.exit_ifconv:82  %and_ln581 = and i1 %icmp_ln581, %xor_ln582

]]></Node>
<StgValue><ssdm name="and_ln581"/></StgValue>
</operation>

<operation id="140" st_id="13" stage="1" lat="1">
<core>LogicGate</core>
<MemPortIdVec></MemPortIdVec>
<condition id="-1">
<or_exp><and_exp></and_exp></or_exp>
</condition>

<Node id="130" bw="1" op_0_bw="1" op_1_bw="1">
<![CDATA[
_ZNK13ap_fixed_baseILi32ELi12ELb1EL9ap_q_mode5EL9ap_o_mode3ELi0EEngEv.exit_ifconv:83  %xor_ln585 = xor i1 %icmp_ln585, true

]]></Node>
<StgValue><ssdm name="xor_ln585"/></StgValue>
</operation>

<operation id="141" st_id="13" stage="1" lat="1">
<core>LogicGate</core>
<MemPortIdVec></MemPortIdVec>
<condition id="-1">
<or_exp><and_exp></and_exp></or_exp>
</condition>

<Node id="131" bw="1" op_0_bw="1" op_1_bw="1">
<![CDATA[
_ZNK13ap_fixed_baseILi32ELi12ELb1EL9ap_q_mode5EL9ap_o_mode3ELi0EEngEv.exit_ifconv:84  %and_ln585 = and i1 %and_ln581, %xor_ln585

]]></Node>
<StgValue><ssdm name="and_ln585"/></StgValue>
</operation>

<operation id="142" st_id="13" stage="1" lat="1">
<core>LogicGate</core>
<MemPortIdVec></MemPortIdVec>
<condition id="-1">
<or_exp><and_exp></and_exp></or_exp>
</condition>

<Node id="132" bw="1" op_0_bw="1" op_1_bw="1">
<![CDATA[
_ZNK13ap_fixed_baseILi32ELi12ELb1EL9ap_q_mode5EL9ap_o_mode3ELi0EEngEv.exit_ifconv:85  %and_ln585_1 = and i1 %and_ln581, %icmp_ln585

]]></Node>
<StgValue><ssdm name="and_ln585_1"/></StgValue>
</operation>

<operation id="143" st_id="13" stage="1" lat="1">
<core>LogicGate</core>
<MemPortIdVec></MemPortIdVec>
<condition id="-1">
<or_exp><and_exp></and_exp></or_exp>
</condition>

<Node id="133" bw="1" op_0_bw="1" op_1_bw="1">
<![CDATA[
_ZNK13ap_fixed_baseILi32ELi12ELb1EL9ap_q_mode5EL9ap_o_mode3ELi0EEngEv.exit_ifconv:86  %or_ln581 = or i1 %or_ln582, %icmp_ln581

]]></Node>
<StgValue><ssdm name="or_ln581"/></StgValue>
</operation>

<operation id="144" st_id="13" stage="1" lat="1">
<core>LogicGate</core>
<MemPortIdVec></MemPortIdVec>
<condition id="-1">
<or_exp><and_exp></and_exp></or_exp>
</condition>

<Node id="134" bw="1" op_0_bw="1" op_1_bw="1">
<![CDATA[
_ZNK13ap_fixed_baseILi32ELi12ELb1EL9ap_q_mode5EL9ap_o_mode3ELi0EEngEv.exit_ifconv:87  %xor_ln581 = xor i1 %or_ln581, true

]]></Node>
<StgValue><ssdm name="xor_ln581"/></StgValue>
</operation>

<operation id="145" st_id="13" stage="1" lat="1">
<core>LogicGate</core>
<MemPortIdVec></MemPortIdVec>
<condition id="-1">
<or_exp><and_exp></and_exp></or_exp>
</condition>

<Node id="135" bw="1" op_0_bw="1" op_1_bw="1">
<![CDATA[
_ZNK13ap_fixed_baseILi32ELi12ELb1EL9ap_q_mode5EL9ap_o_mode3ELi0EEngEv.exit_ifconv:88  %and_ln603 = and i1 %icmp_ln603, %xor_ln581

]]></Node>
<StgValue><ssdm name="and_ln603"/></StgValue>
</operation>

<operation id="146" st_id="13" stage="1" lat="1">
<core>Sel</core>
<MemPortIdVec></MemPortIdVec>
<condition id="-1">
<or_exp><and_exp></and_exp></or_exp>
</condition>

<Node id="136" bw="32" op_0_bw="1" op_1_bw="32" op_2_bw="32">
<![CDATA[
_ZNK13ap_fixed_baseILi32ELi12ELb1EL9ap_q_mode5EL9ap_o_mode3ELi0EEngEv.exit_ifconv:89  %select_ln603 = select i1 %and_ln603, i32 %shl_ln604, i32 %trunc_ln586

]]></Node>
<StgValue><ssdm name="select_ln603"/></StgValue>
</operation>

<operation id="147" st_id="13" stage="1" lat="1">
<core>LogicGate</core>
<MemPortIdVec></MemPortIdVec>
<condition id="-1">
<or_exp><and_exp></and_exp></or_exp>
</condition>

<Node id="137" bw="1" op_0_bw="1" op_1_bw="1">
<![CDATA[
_ZNK13ap_fixed_baseILi32ELi12ELb1EL9ap_q_mode5EL9ap_o_mode3ELi0EEngEv.exit_ifconv:90  %or_ln603 = or i1 %and_ln603, %and_ln585_1

]]></Node>
<StgValue><ssdm name="or_ln603"/></StgValue>
</operation>

<operation id="148" st_id="13" stage="1" lat="1">
<core>Sel</core>
<MemPortIdVec></MemPortIdVec>
<condition id="-1">
<or_exp><and_exp></and_exp></or_exp>
</condition>

<Node id="138" bw="32" op_0_bw="1" op_1_bw="32" op_2_bw="32">
<![CDATA[
_ZNK13ap_fixed_baseILi32ELi12ELb1EL9ap_q_mode5EL9ap_o_mode3ELi0EEngEv.exit_ifconv:91  %select_ln603_1 = select i1 %and_ln585, i32 %select_ln588, i32 %trunc_ln583

]]></Node>
<StgValue><ssdm name="select_ln603_1"/></StgValue>
</operation>

<operation id="149" st_id="13" stage="1" lat="1">
<core>LogicGate</core>
<MemPortIdVec></MemPortIdVec>
<condition id="-1">
<or_exp><and_exp></and_exp></or_exp>
</condition>

<Node id="139" bw="1" op_0_bw="1" op_1_bw="1">
<![CDATA[
_ZNK13ap_fixed_baseILi32ELi12ELb1EL9ap_q_mode5EL9ap_o_mode3ELi0EEngEv.exit_ifconv:92  %or_ln603_1 = or i1 %and_ln585, %and_ln582

]]></Node>
<StgValue><ssdm name="or_ln603_1"/></StgValue>
</operation>

<operation id="150" st_id="13" stage="1" lat="1">
<core>Sel</core>
<MemPortIdVec></MemPortIdVec>
<condition id="-1">
<or_exp><and_exp></and_exp></or_exp>
</condition>

<Node id="140" bw="32" op_0_bw="1" op_1_bw="32" op_2_bw="32">
<![CDATA[
_ZNK13ap_fixed_baseILi32ELi12ELb1EL9ap_q_mode5EL9ap_o_mode3ELi0EEngEv.exit_ifconv:93  %select_ln603_2 = select i1 %or_ln603, i32 %select_ln603, i32 %select_ln603_1

]]></Node>
<StgValue><ssdm name="select_ln603_2"/></StgValue>
</operation>

<operation id="151" st_id="13" stage="1" lat="1">
<core>LogicGate</core>
<MemPortIdVec></MemPortIdVec>
<condition id="-1">
<or_exp><and_exp></and_exp></or_exp>
</condition>

<Node id="141" bw="1" op_0_bw="1" op_1_bw="1">
<![CDATA[
_ZNK13ap_fixed_baseILi32ELi12ELb1EL9ap_q_mode5EL9ap_o_mode3ELi0EEngEv.exit_ifconv:94  %or_ln603_2 = or i1 %or_ln603, %or_ln603_1

]]></Node>
<StgValue><ssdm name="or_ln603_2"/></StgValue>
</operation>

<operation id="152" st_id="13" stage="1" lat="1">
<core>Sel</core>
<MemPortIdVec></MemPortIdVec>
<condition id="-1">
<or_exp><and_exp></and_exp></or_exp>
</condition>

<Node id="142" bw="32" op_0_bw="1" op_1_bw="32" op_2_bw="32">
<![CDATA[
_ZNK13ap_fixed_baseILi32ELi12ELb1EL9ap_q_mode5EL9ap_o_mode3ELi0EEngEv.exit_ifconv:95  %kernel_result_V = select i1 %or_ln603_2, i32 %select_ln603_2, i32 0

]]></Node>
<StgValue><ssdm name="kernel_result_V"/></StgValue>
</operation>

<operation id="153" st_id="13" stage="1" lat="1">
<core>NULL</core>
<MemPortIdVec></MemPortIdVec>
<condition id="-1">
<or_exp><and_exp></and_exp></or_exp>
</condition>

<Node id="143" bw="0" op_0_bw="32">
<![CDATA[
_ZNK13ap_fixed_baseILi32ELi12ELb1EL9ap_q_mode5EL9ap_o_mode3ELi0EEngEv.exit_ifconv:96  ret i32 %kernel_result_V

]]></Node>
<StgValue><ssdm name="ret_ln23"/></StgValue>
</operation>
</state>
</state_list>


<ports>
<port id="173" name="support_vectors_V_data_V" dir="0" iftype="0">
<core>NULL</core><StgValue><ssdm name="support_vectors_V_data_V"/></StgValue>
</port>
<port id="174" name="support_vectors_V_last" dir="0" iftype="0">
<core>NULL</core><StgValue><ssdm name="support_vectors_V_last"/></StgValue>
</port>
<port id="175" name="vector_2_V" dir="0" iftype="1">
<core>RAM</core><StgValue><ssdm name="vector_2_V"/><MemPortTyVec>1 3 </MemPortTyVec>
</StgValue>
</port>
<port id="176" name="no_variables_V_read" dir="0" iftype="0">
<core>NULL</core><StgValue><ssdm name="no_variables_V_read"/></StgValue>
</port>
<port id="177" name="gamma_V_read" dir="0" iftype="0">
<core>NULL</core><StgValue><ssdm name="gamma_V_read"/></StgValue>
</port>
</ports>


<dataflows>
<dataflow id="179" from="StgValue_178" to="p_Val2_s" fromId="178" toId="14">
</dataflow>
<dataflow id="181" from="_ssdm_op_SpecInterface" to="specinterface_ln0" fromId="180" toId="15">
</dataflow>
<dataflow id="182" from="support_vectors_V_data_V" to="specinterface_ln0" fromId="173" toId="15">
</dataflow>
<dataflow id="183" from="support_vectors_V_last" to="specinterface_ln0" fromId="174" toId="15">
</dataflow>
<dataflow id="185" from="p_str3" to="specinterface_ln0" fromId="184" toId="15">
</dataflow>
<dataflow id="187" from="StgValue_186" to="specinterface_ln0" fromId="186" toId="15">
</dataflow>
<dataflow id="188" from="StgValue_186" to="specinterface_ln0" fromId="186" toId="15">
</dataflow>
<dataflow id="190" from="p_str4" to="specinterface_ln0" fromId="189" toId="15">
</dataflow>
<dataflow id="191" from="StgValue_186" to="specinterface_ln0" fromId="186" toId="15">
</dataflow>
<dataflow id="192" from="StgValue_186" to="specinterface_ln0" fromId="186" toId="15">
</dataflow>
<dataflow id="194" from="p_str1" to="specinterface_ln0" fromId="193" toId="15">
</dataflow>
<dataflow id="195" from="p_str1" to="specinterface_ln0" fromId="193" toId="15">
</dataflow>
<dataflow id="196" from="p_str1" to="specinterface_ln0" fromId="193" toId="15">
</dataflow>
<dataflow id="197" from="StgValue_186" to="specinterface_ln0" fromId="186" toId="15">
</dataflow>
<dataflow id="198" from="StgValue_186" to="specinterface_ln0" fromId="186" toId="15">
</dataflow>
<dataflow id="199" from="StgValue_186" to="specinterface_ln0" fromId="186" toId="15">
</dataflow>
<dataflow id="200" from="StgValue_186" to="specinterface_ln0" fromId="186" toId="15">
</dataflow>
<dataflow id="201" from="p_str1" to="specinterface_ln0" fromId="193" toId="15">
</dataflow>
<dataflow id="202" from="p_str1" to="specinterface_ln0" fromId="193" toId="15">
</dataflow>
<dataflow id="204" from="_ssdm_op_Read.ap_auto.i32" to="gamma_V_read_1" fromId="203" toId="16">
</dataflow>
<dataflow id="205" from="gamma_V_read" to="gamma_V_read_1" fromId="177" toId="16">
</dataflow>
<dataflow id="207" from="_ssdm_op_Read.ap_auto.i9" to="no_variables_V_read_1" fromId="206" toId="17">
</dataflow>
<dataflow id="208" from="no_variables_V_read" to="no_variables_V_read_1" fromId="176" toId="17">
</dataflow>
<dataflow id="209" from="StgValue_186" to="store_ln11" fromId="186" toId="18">
</dataflow>
<dataflow id="210" from="p_Val2_s" to="store_ln11" fromId="14" toId="18">
</dataflow>
<dataflow id="212" from="StgValue_211" to="t_V_1" fromId="211" toId="20">
<condition id="-1">
<or_exp><and_exp></and_exp></or_exp>
</condition>
</dataflow>
<dataflow id="213" from="br_ln11" to="t_V_1" fromId="19" toId="20">
</dataflow>
<dataflow id="214" from="n1_V" to="t_V_1" fromId="23" toId="20">
<BackEdge/>
<condition id="-1">
<or_exp><and_exp><literal name="icmp_ln11" val="0"/>
</and_exp></or_exp>
</condition>
</dataflow>
<dataflow id="215" from="br_ln11" to="t_V_1" fromId="50" toId="20">
<BackEdge/>
</dataflow>
<dataflow id="216" from="t_V_1" to="icmp_ln11" fromId="20" toId="21">
</dataflow>
<dataflow id="218" from="StgValue_217" to="icmp_ln11" fromId="217" toId="21">
</dataflow>
<dataflow id="220" from="_ssdm_op_SpecLoopTripCount" to="empty" fromId="219" toId="22">
</dataflow>
<dataflow id="222" from="StgValue_221" to="empty" fromId="221" toId="22">
</dataflow>
<dataflow id="223" from="StgValue_221" to="empty" fromId="221" toId="22">
</dataflow>
<dataflow id="224" from="StgValue_221" to="empty" fromId="221" toId="22">
</dataflow>
<dataflow id="225" from="t_V_1" to="n1_V" fromId="20" toId="23">
</dataflow>
<dataflow id="227" from="StgValue_226" to="n1_V" fromId="226" toId="23">
</dataflow>
<dataflow id="228" from="icmp_ln11" to="br_ln11" fromId="21" toId="24">
</dataflow>
<dataflow id="229" from="t_V_1" to="icmp_ln887" fromId="20" toId="25">
</dataflow>
<dataflow id="230" from="no_variables_V_read_1" to="icmp_ln887" fromId="17" toId="25">
</dataflow>
<dataflow id="231" from="icmp_ln887" to="br_ln13" fromId="25" toId="26">
</dataflow>
<dataflow id="233" from="_ssdm_op_Read.axis.volatile.i16P.i1P" to="empty_15" fromId="232" toId="27">
</dataflow>
<dataflow id="234" from="support_vectors_V_data_V" to="empty_15" fromId="173" toId="27">
</dataflow>
<dataflow id="235" from="support_vectors_V_last" to="empty_15" fromId="174" toId="27">
</dataflow>
<dataflow id="236" from="t_V_1" to="zext_ln544" fromId="20" toId="28">
</dataflow>
<dataflow id="237" from="vector_2_V" to="vector_2_V_addr" fromId="175" toId="29">
</dataflow>
<dataflow id="239" from="StgValue_238" to="vector_2_V_addr" fromId="238" toId="29">
</dataflow>
<dataflow id="240" from="zext_ln544" to="vector_2_V_addr" fromId="28" toId="29">
</dataflow>
<dataflow id="241" from="vector_2_V_addr" to="p_Val2_7" fromId="29" toId="30">
</dataflow>
<dataflow id="243" from="_ssdm_op_SpecLoopName" to="specloopname_ln11" fromId="242" toId="31">
</dataflow>
<dataflow id="245" from="p_str" to="specloopname_ln11" fromId="244" toId="31">
</dataflow>
<dataflow id="247" from="_ssdm_op_SpecRegionBegin" to="tmp" fromId="246" toId="32">
</dataflow>
<dataflow id="248" from="p_str" to="tmp" fromId="244" toId="32">
</dataflow>
<dataflow id="250" from="_ssdm_op_SpecPipeline" to="specpipeline_ln12" fromId="249" toId="33">
</dataflow>
<dataflow id="252" from="StgValue_251" to="specpipeline_ln12" fromId="251" toId="33">
</dataflow>
<dataflow id="253" from="StgValue_178" to="specpipeline_ln12" fromId="178" toId="33">
</dataflow>
<dataflow id="254" from="StgValue_178" to="specpipeline_ln12" fromId="178" toId="33">
</dataflow>
<dataflow id="255" from="StgValue_186" to="specpipeline_ln12" fromId="186" toId="33">
</dataflow>
<dataflow id="256" from="p_str1" to="specpipeline_ln12" fromId="193" toId="33">
</dataflow>
<dataflow id="257" from="p_Val2_s" to="p_Val2_load_1" fromId="14" toId="34">
</dataflow>
<dataflow id="258" from="empty_15" to="tmp_data_V" fromId="27" toId="35">
</dataflow>
<dataflow id="259" from="tmp_data_V" to="lhs_V" fromId="35" toId="36">
</dataflow>
<dataflow id="260" from="vector_2_V_addr" to="p_Val2_7" fromId="29" toId="37">
</dataflow>
<dataflow id="261" from="p_Val2_7" to="rhs_V" fromId="37" toId="38">
</dataflow>
<dataflow id="262" from="lhs_V" to="ret_V" fromId="36" toId="39">
</dataflow>
<dataflow id="263" from="rhs_V" to="ret_V" fromId="38" toId="39">
</dataflow>
<dataflow id="265" from="_ssdm_op_BitConcatenate.i22.i17.i5" to="difference_element_V" fromId="264" toId="40">
</dataflow>
<dataflow id="266" from="ret_V" to="difference_element_V" fromId="39" toId="40">
</dataflow>
<dataflow id="268" from="StgValue_267" to="difference_element_V" fromId="267" toId="40">
</dataflow>
<dataflow id="269" from="difference_element_V" to="sext_ln1116" fromId="40" toId="41">
</dataflow>
<dataflow id="270" from="sext_ln1116" to="r_V" fromId="41" toId="42">
</dataflow>
<dataflow id="271" from="sext_ln1116" to="r_V" fromId="41" toId="42">
</dataflow>
<dataflow id="273" from="_ssdm_op_BitConcatenate.i52.i32.i20" to="lhs_V_1" fromId="272" toId="43">
</dataflow>
<dataflow id="274" from="p_Val2_load_1" to="lhs_V_1" fromId="34" toId="43">
</dataflow>
<dataflow id="276" from="StgValue_275" to="lhs_V_1" fromId="275" toId="43">
</dataflow>
<dataflow id="277" from="r_V" to="sext_ln1192" fromId="42" toId="44">
</dataflow>
<dataflow id="278" from="sext_ln1192" to="ret_V_1" fromId="44" toId="45">
</dataflow>
<dataflow id="279" from="lhs_V_1" to="ret_V_1" fromId="43" toId="45">
</dataflow>
<dataflow id="281" from="_ssdm_op_PartSelect.i32.i52.i32.i32" to="square_norm_V" fromId="280" toId="46">
</dataflow>
<dataflow id="282" from="ret_V_1" to="square_norm_V" fromId="45" toId="46">
</dataflow>
<dataflow id="284" from="StgValue_283" to="square_norm_V" fromId="283" toId="46">
</dataflow>
<dataflow id="286" from="StgValue_285" to="square_norm_V" fromId="285" toId="46">
</dataflow>
<dataflow id="287" from="square_norm_V" to="store_ln17" fromId="46" toId="47">
</dataflow>
<dataflow id="288" from="p_Val2_s" to="store_ln17" fromId="14" toId="47">
</dataflow>
<dataflow id="290" from="_ssdm_op_SpecRegionEnd" to="empty_16" fromId="289" toId="49">
</dataflow>
<dataflow id="291" from="p_str" to="empty_16" fromId="244" toId="49">
</dataflow>
<dataflow id="292" from="tmp" to="empty_16" fromId="32" toId="49">
</dataflow>
<dataflow id="293" from="p_Val2_s" to="p_Val2_load" fromId="14" toId="51">
</dataflow>
<dataflow id="294" from="gamma_V_read_1" to="sext_ln1118" fromId="16" toId="52">
</dataflow>
<dataflow id="295" from="p_Val2_load" to="sext_ln1118_1" fromId="51" toId="53">
</dataflow>
<dataflow id="296" from="sext_ln1118_1" to="mul_ln1118" fromId="53" toId="54">
</dataflow>
<dataflow id="297" from="sext_ln1118" to="mul_ln1118" fromId="52" toId="54">
</dataflow>
<dataflow id="299" from="StgValue_298" to="r_V_2" fromId="298" toId="55">
</dataflow>
<dataflow id="300" from="mul_ln1118" to="r_V_2" fromId="54" toId="55">
</dataflow>
<dataflow id="301" from="_ssdm_op_PartSelect.i32.i52.i32.i32" to="tmp_V_3" fromId="280" toId="56">
</dataflow>
<dataflow id="302" from="r_V_2" to="tmp_V_3" fromId="55" toId="56">
</dataflow>
<dataflow id="303" from="StgValue_283" to="tmp_V_3" fromId="283" toId="56">
</dataflow>
<dataflow id="304" from="StgValue_285" to="tmp_V_3" fromId="285" toId="56">
</dataflow>
<dataflow id="306" from="_ssdm_op_BitSelect.i1.i52.i32" to="p_Result_5" fromId="305" toId="57">
</dataflow>
<dataflow id="307" from="r_V_2" to="p_Result_5" fromId="55" toId="57">
</dataflow>
<dataflow id="308" from="StgValue_285" to="p_Result_5" fromId="285" toId="57">
</dataflow>
<dataflow id="309" from="tmp_V_3" to="icmp_ln935" fromId="56" toId="58">
</dataflow>
<dataflow id="310" from="StgValue_186" to="icmp_ln935" fromId="186" toId="58">
</dataflow>
<dataflow id="311" from="StgValue_186" to="tmp_V" fromId="186" toId="59">
</dataflow>
<dataflow id="312" from="tmp_V_3" to="tmp_V" fromId="56" toId="59">
</dataflow>
<dataflow id="313" from="p_Result_5" to="tmp_V_4" fromId="57" toId="60">
</dataflow>
<dataflow id="314" from="tmp_V" to="tmp_V_4" fromId="59" toId="60">
</dataflow>
<dataflow id="315" from="tmp_V_3" to="tmp_V_4" fromId="56" toId="60">
</dataflow>
<dataflow id="317" from="_ssdm_op_PartSelect.i32.i32.i32.i32" to="p_Result_6" fromId="316" toId="61">
</dataflow>
<dataflow id="318" from="tmp_V_4" to="p_Result_6" fromId="60" toId="61">
</dataflow>
<dataflow id="320" from="StgValue_319" to="p_Result_6" fromId="319" toId="61">
</dataflow>
<dataflow id="321" from="StgValue_186" to="p_Result_6" fromId="186" toId="61">
</dataflow>
<dataflow id="323" from="llvm.cttz.i32" to="l" fromId="322" toId="62">
</dataflow>
<dataflow id="324" from="p_Result_6" to="l" fromId="61" toId="62">
</dataflow>
<dataflow id="326" from="StgValue_325" to="l" fromId="325" toId="62">
</dataflow>
<dataflow id="328" from="StgValue_327" to="sub_ln944" fromId="327" toId="63">
</dataflow>
<dataflow id="329" from="l" to="sub_ln944" fromId="62" toId="63">
</dataflow>
<dataflow id="331" from="StgValue_330" to="lsb_index" fromId="330" toId="64">
</dataflow>
<dataflow id="332" from="sub_ln944" to="lsb_index" fromId="63" toId="64">
</dataflow>
<dataflow id="334" from="_ssdm_op_PartSelect.i31.i32.i32.i32" to="tmp_4" fromId="333" toId="65">
</dataflow>
<dataflow id="335" from="lsb_index" to="tmp_4" fromId="64" toId="65">
</dataflow>
<dataflow id="336" from="StgValue_178" to="tmp_4" fromId="178" toId="65">
</dataflow>
<dataflow id="337" from="StgValue_319" to="tmp_4" fromId="319" toId="65">
</dataflow>
<dataflow id="338" from="tmp_4" to="icmp_ln947" fromId="65" toId="66">
</dataflow>
<dataflow id="340" from="StgValue_339" to="icmp_ln947" fromId="339" toId="66">
</dataflow>
<dataflow id="341" from="sub_ln944" to="trunc_ln947" fromId="63" toId="67">
</dataflow>
<dataflow id="343" from="StgValue_342" to="sub_ln947" fromId="342" toId="68">
</dataflow>
<dataflow id="344" from="trunc_ln947" to="sub_ln947" fromId="67" toId="68">
</dataflow>
<dataflow id="345" from="sub_ln947" to="zext_ln947" fromId="68" toId="69">
</dataflow>
<dataflow id="346" from="StgValue_251" to="lshr_ln947" fromId="251" toId="70">
</dataflow>
<dataflow id="347" from="zext_ln947" to="lshr_ln947" fromId="69" toId="70">
</dataflow>
<dataflow id="348" from="tmp_V_4" to="p_Result_s" fromId="60" toId="71">
</dataflow>
<dataflow id="349" from="lshr_ln947" to="p_Result_s" fromId="70" toId="71">
</dataflow>
<dataflow id="350" from="p_Result_s" to="icmp_ln947_1" fromId="71" toId="72">
</dataflow>
<dataflow id="351" from="StgValue_186" to="icmp_ln947_1" fromId="186" toId="72">
</dataflow>
<dataflow id="352" from="icmp_ln947" to="a" fromId="66" toId="73">
</dataflow>
<dataflow id="353" from="icmp_ln947_1" to="a" fromId="72" toId="73">
</dataflow>
<dataflow id="355" from="_ssdm_op_BitSelect.i1.i32.i32" to="tmp_5" fromId="354" toId="74">
</dataflow>
<dataflow id="356" from="lsb_index" to="tmp_5" fromId="64" toId="74">
</dataflow>
<dataflow id="357" from="StgValue_319" to="tmp_5" fromId="319" toId="74">
</dataflow>
<dataflow id="358" from="tmp_5" to="xor_ln949" fromId="74" toId="75">
</dataflow>
<dataflow id="359" from="StgValue_325" to="xor_ln949" fromId="325" toId="75">
</dataflow>
<dataflow id="360" from="_ssdm_op_BitSelect.i1.i32.i32" to="p_Result_1" fromId="354" toId="76">
</dataflow>
<dataflow id="361" from="tmp_V_4" to="p_Result_1" fromId="60" toId="76">
</dataflow>
<dataflow id="362" from="lsb_index" to="p_Result_1" fromId="64" toId="76">
</dataflow>
<dataflow id="363" from="p_Result_1" to="and_ln949" fromId="76" toId="77">
</dataflow>
<dataflow id="364" from="xor_ln949" to="and_ln949" fromId="75" toId="77">
</dataflow>
<dataflow id="365" from="and_ln949" to="or_ln949" fromId="77" toId="78">
</dataflow>
<dataflow id="366" from="a" to="or_ln949" fromId="73" toId="78">
</dataflow>
<dataflow id="368" from="_ssdm_op_BitConcatenate.i32.i31.i1" to="or_ln" fromId="367" toId="79">
</dataflow>
<dataflow id="369" from="StgValue_339" to="or_ln" fromId="339" toId="79">
</dataflow>
<dataflow id="370" from="or_ln949" to="or_ln" fromId="78" toId="79">
</dataflow>
<dataflow id="371" from="lsb_index" to="icmp_ln958" fromId="64" toId="80">
</dataflow>
<dataflow id="372" from="StgValue_186" to="icmp_ln958" fromId="186" toId="80">
</dataflow>
<dataflow id="374" from="StgValue_373" to="add_ln958" fromId="373" toId="81">
</dataflow>
<dataflow id="375" from="sub_ln944" to="add_ln958" fromId="63" toId="81">
</dataflow>
<dataflow id="376" from="tmp_V_4" to="lshr_ln958" fromId="60" toId="82">
</dataflow>
<dataflow id="377" from="add_ln958" to="lshr_ln958" fromId="81" toId="82">
</dataflow>
<dataflow id="379" from="StgValue_378" to="sub_ln958" fromId="378" toId="83">
</dataflow>
<dataflow id="380" from="sub_ln944" to="sub_ln958" fromId="63" toId="83">
</dataflow>
<dataflow id="381" from="tmp_V_4" to="shl_ln958" fromId="60" toId="84">
</dataflow>
<dataflow id="382" from="sub_ln958" to="shl_ln958" fromId="83" toId="84">
</dataflow>
<dataflow id="383" from="icmp_ln958" to="m_2" fromId="80" toId="85">
</dataflow>
<dataflow id="384" from="lshr_ln958" to="m_2" fromId="82" toId="85">
</dataflow>
<dataflow id="385" from="shl_ln958" to="m_2" fromId="84" toId="85">
</dataflow>
<dataflow id="386" from="or_ln" to="m_3" fromId="79" toId="86">
</dataflow>
<dataflow id="387" from="m_2" to="m_3" fromId="85" toId="86">
</dataflow>
<dataflow id="388" from="_ssdm_op_PartSelect.i31.i32.i32.i32" to="m" fromId="333" toId="87">
</dataflow>
<dataflow id="389" from="m_3" to="m" fromId="86" toId="87">
</dataflow>
<dataflow id="390" from="StgValue_178" to="m" fromId="178" toId="87">
</dataflow>
<dataflow id="391" from="StgValue_319" to="m" fromId="319" toId="87">
</dataflow>
<dataflow id="392" from="m" to="m_6" fromId="87" toId="88">
</dataflow>
<dataflow id="393" from="_ssdm_op_BitSelect.i1.i32.i32" to="tmp_6" fromId="354" toId="89">
</dataflow>
<dataflow id="394" from="m_3" to="tmp_6" fromId="86" toId="89">
</dataflow>
<dataflow id="395" from="StgValue_378" to="tmp_6" fromId="378" toId="89">
</dataflow>
<dataflow id="396" from="tmp_6" to="select_ln964" fromId="89" toId="90">
</dataflow>
<dataflow id="398" from="StgValue_397" to="select_ln964" fromId="397" toId="90">
</dataflow>
<dataflow id="400" from="StgValue_399" to="select_ln964" fromId="399" toId="90">
</dataflow>
<dataflow id="401" from="l" to="trunc_ln943" fromId="62" toId="91">
</dataflow>
<dataflow id="403" from="StgValue_402" to="sub_ln964" fromId="402" toId="92">
</dataflow>
<dataflow id="404" from="trunc_ln943" to="sub_ln964" fromId="91" toId="92">
</dataflow>
<dataflow id="405" from="sub_ln964" to="add_ln964" fromId="92" toId="93">
</dataflow>
<dataflow id="406" from="select_ln964" to="add_ln964" fromId="90" toId="93">
</dataflow>
<dataflow id="408" from="_ssdm_op_BitConcatenate.i9.i1.i8" to="tmp_2" fromId="407" toId="94">
</dataflow>
<dataflow id="409" from="p_Result_5" to="tmp_2" fromId="57" toId="94">
</dataflow>
<dataflow id="410" from="add_ln964" to="tmp_2" fromId="93" toId="94">
</dataflow>
<dataflow id="412" from="_ssdm_op_PartSet.i32.i32.i9.i32.i32" to="p_Result_7" fromId="411" toId="95">
</dataflow>
<dataflow id="413" from="m_6" to="p_Result_7" fromId="88" toId="95">
</dataflow>
<dataflow id="414" from="tmp_2" to="p_Result_7" fromId="94" toId="95">
</dataflow>
<dataflow id="416" from="StgValue_415" to="p_Result_7" fromId="415" toId="95">
</dataflow>
<dataflow id="417" from="StgValue_319" to="p_Result_7" fromId="319" toId="95">
</dataflow>
<dataflow id="418" from="p_Result_7" to="bitcast_ln739" fromId="95" toId="96">
</dataflow>
<dataflow id="419" from="icmp_ln935" to="select_ln935" fromId="58" toId="97">
</dataflow>
<dataflow id="421" from="StgValue_420" to="select_ln935" fromId="420" toId="97">
</dataflow>
<dataflow id="422" from="bitcast_ln739" to="select_ln935" fromId="96" toId="97">
</dataflow>
<dataflow id="424" from="llvm.exp.f32" to="v_assign" fromId="423" toId="98">
</dataflow>
<dataflow id="425" from="select_ln935" to="v_assign" fromId="97" toId="98">
</dataflow>
<dataflow id="426" from="llvm.exp.f32" to="v_assign" fromId="423" toId="99">
</dataflow>
<dataflow id="427" from="select_ln935" to="v_assign" fromId="97" toId="99">
</dataflow>
<dataflow id="428" from="llvm.exp.f32" to="v_assign" fromId="423" toId="100">
</dataflow>
<dataflow id="429" from="select_ln935" to="v_assign" fromId="97" toId="100">
</dataflow>
<dataflow id="430" from="llvm.exp.f32" to="v_assign" fromId="423" toId="101">
</dataflow>
<dataflow id="431" from="select_ln935" to="v_assign" fromId="97" toId="101">
</dataflow>
<dataflow id="432" from="llvm.exp.f32" to="v_assign" fromId="423" toId="102">
</dataflow>
<dataflow id="433" from="select_ln935" to="v_assign" fromId="97" toId="102">
</dataflow>
<dataflow id="434" from="llvm.exp.f32" to="v_assign" fromId="423" toId="103">
</dataflow>
<dataflow id="435" from="select_ln935" to="v_assign" fromId="97" toId="103">
</dataflow>
<dataflow id="436" from="v_assign" to="d_assign" fromId="103" toId="104">
</dataflow>
<dataflow id="437" from="v_assign" to="d_assign" fromId="103" toId="105">
</dataflow>
<dataflow id="438" from="d_assign" to="ireg_V" fromId="105" toId="106">
</dataflow>
<dataflow id="439" from="ireg_V" to="trunc_ln556" fromId="106" toId="107">
</dataflow>
<dataflow id="441" from="_ssdm_op_BitSelect.i1.i64.i32" to="p_Result_8" fromId="440" toId="108">
</dataflow>
<dataflow id="442" from="ireg_V" to="p_Result_8" fromId="106" toId="108">
</dataflow>
<dataflow id="444" from="StgValue_443" to="p_Result_8" fromId="443" toId="108">
</dataflow>
<dataflow id="446" from="_ssdm_op_PartSelect.i11.i64.i32.i32" to="exp_tmp_V" fromId="445" toId="109">
</dataflow>
<dataflow id="447" from="ireg_V" to="exp_tmp_V" fromId="106" toId="109">
</dataflow>
<dataflow id="449" from="StgValue_448" to="exp_tmp_V" fromId="448" toId="109">
</dataflow>
<dataflow id="451" from="StgValue_450" to="exp_tmp_V" fromId="450" toId="109">
</dataflow>
<dataflow id="452" from="exp_tmp_V" to="zext_ln461" fromId="109" toId="110">
</dataflow>
<dataflow id="453" from="ireg_V" to="trunc_ln565" fromId="106" toId="111">
</dataflow>
<dataflow id="455" from="_ssdm_op_BitConcatenate.i53.i1.i52" to="tmp_3" fromId="454" toId="112">
</dataflow>
<dataflow id="456" from="StgValue_325" to="tmp_3" fromId="325" toId="112">
</dataflow>
<dataflow id="457" from="trunc_ln565" to="tmp_3" fromId="111" toId="112">
</dataflow>
<dataflow id="458" from="tmp_3" to="p_Result_9" fromId="112" toId="113">
</dataflow>
<dataflow id="460" from="StgValue_459" to="man_V_1" fromId="459" toId="114">
</dataflow>
<dataflow id="461" from="p_Result_9" to="man_V_1" fromId="113" toId="114">
</dataflow>
<dataflow id="462" from="p_Result_8" to="man_V_2" fromId="108" toId="115">
</dataflow>
<dataflow id="463" from="man_V_1" to="man_V_2" fromId="114" toId="115">
</dataflow>
<dataflow id="464" from="p_Result_9" to="man_V_2" fromId="113" toId="115">
</dataflow>
<dataflow id="465" from="trunc_ln556" to="icmp_ln571" fromId="107" toId="116">
</dataflow>
<dataflow id="467" from="StgValue_466" to="icmp_ln571" fromId="466" toId="116">
</dataflow>
<dataflow id="469" from="StgValue_468" to="F2" fromId="468" toId="117">
</dataflow>
<dataflow id="470" from="zext_ln461" to="F2" fromId="110" toId="117">
</dataflow>
<dataflow id="471" from="F2" to="icmp_ln581" fromId="117" toId="118">
</dataflow>
<dataflow id="473" from="StgValue_472" to="icmp_ln581" fromId="472" toId="118">
</dataflow>
<dataflow id="475" from="StgValue_474" to="add_ln581" fromId="474" toId="119">
</dataflow>
<dataflow id="476" from="F2" to="add_ln581" fromId="117" toId="119">
</dataflow>
<dataflow id="477" from="StgValue_472" to="sub_ln581" fromId="472" toId="120">
</dataflow>
<dataflow id="478" from="F2" to="sub_ln581" fromId="117" toId="120">
</dataflow>
<dataflow id="479" from="icmp_ln581" to="sh_amt" fromId="118" toId="121">
</dataflow>
<dataflow id="480" from="add_ln581" to="sh_amt" fromId="119" toId="121">
</dataflow>
<dataflow id="481" from="sub_ln581" to="sh_amt" fromId="120" toId="121">
</dataflow>
<dataflow id="482" from="sh_amt" to="sext_ln581" fromId="121" toId="122">
</dataflow>
<dataflow id="483" from="F2" to="icmp_ln582" fromId="117" toId="123">
</dataflow>
<dataflow id="484" from="StgValue_472" to="icmp_ln582" fromId="472" toId="123">
</dataflow>
<dataflow id="485" from="man_V_2" to="trunc_ln583" fromId="115" toId="124">
</dataflow>
<dataflow id="486" from="sh_amt" to="icmp_ln585" fromId="121" toId="125">
</dataflow>
<dataflow id="488" from="StgValue_487" to="icmp_ln585" fromId="487" toId="125">
</dataflow>
<dataflow id="490" from="_ssdm_op_PartSelect.i7.i12.i32.i32" to="tmp_8" fromId="489" toId="126">
</dataflow>
<dataflow id="491" from="sh_amt" to="tmp_8" fromId="121" toId="126">
</dataflow>
<dataflow id="493" from="StgValue_492" to="tmp_8" fromId="492" toId="126">
</dataflow>
<dataflow id="495" from="StgValue_494" to="tmp_8" fromId="494" toId="126">
</dataflow>
<dataflow id="496" from="tmp_8" to="icmp_ln603" fromId="126" toId="127">
</dataflow>
<dataflow id="498" from="StgValue_497" to="icmp_ln603" fromId="497" toId="127">
</dataflow>
<dataflow id="499" from="sext_ln581" to="zext_ln586" fromId="122" toId="128">
</dataflow>
<dataflow id="500" from="man_V_2" to="ashr_ln586" fromId="115" toId="129">
</dataflow>
<dataflow id="501" from="zext_ln586" to="ashr_ln586" fromId="128" toId="129">
</dataflow>
<dataflow id="502" from="ashr_ln586" to="trunc_ln586" fromId="129" toId="130">
</dataflow>
<dataflow id="503" from="v_assign" to="bitcast_ln696" fromId="103" toId="131">
</dataflow>
<dataflow id="504" from="_ssdm_op_BitSelect.i1.i32.i32" to="tmp_9" fromId="354" toId="132">
</dataflow>
<dataflow id="505" from="bitcast_ln696" to="tmp_9" fromId="131" toId="132">
</dataflow>
<dataflow id="506" from="StgValue_319" to="tmp_9" fromId="319" toId="132">
</dataflow>
<dataflow id="507" from="tmp_9" to="select_ln588" fromId="132" toId="133">
</dataflow>
<dataflow id="508" from="StgValue_251" to="select_ln588" fromId="251" toId="133">
</dataflow>
<dataflow id="509" from="StgValue_186" to="select_ln588" fromId="186" toId="133">
</dataflow>
<dataflow id="510" from="trunc_ln583" to="shl_ln604" fromId="124" toId="134">
</dataflow>
<dataflow id="511" from="sext_ln581" to="shl_ln604" fromId="122" toId="134">
</dataflow>
<dataflow id="512" from="icmp_ln571" to="xor_ln571" fromId="116" toId="135">
</dataflow>
<dataflow id="513" from="StgValue_325" to="xor_ln571" fromId="325" toId="135">
</dataflow>
<dataflow id="514" from="icmp_ln582" to="and_ln582" fromId="123" toId="136">
</dataflow>
<dataflow id="515" from="xor_ln571" to="and_ln582" fromId="135" toId="136">
</dataflow>
<dataflow id="516" from="icmp_ln571" to="or_ln582" fromId="116" toId="137">
</dataflow>
<dataflow id="517" from="icmp_ln582" to="or_ln582" fromId="123" toId="137">
</dataflow>
<dataflow id="518" from="or_ln582" to="xor_ln582" fromId="137" toId="138">
</dataflow>
<dataflow id="519" from="StgValue_325" to="xor_ln582" fromId="325" toId="138">
</dataflow>
<dataflow id="520" from="icmp_ln581" to="and_ln581" fromId="118" toId="139">
</dataflow>
<dataflow id="521" from="xor_ln582" to="and_ln581" fromId="138" toId="139">
</dataflow>
<dataflow id="522" from="icmp_ln585" to="xor_ln585" fromId="125" toId="140">
</dataflow>
<dataflow id="523" from="StgValue_325" to="xor_ln585" fromId="325" toId="140">
</dataflow>
<dataflow id="524" from="and_ln581" to="and_ln585" fromId="139" toId="141">
</dataflow>
<dataflow id="525" from="xor_ln585" to="and_ln585" fromId="140" toId="141">
</dataflow>
<dataflow id="526" from="and_ln581" to="and_ln585_1" fromId="139" toId="142">
</dataflow>
<dataflow id="527" from="icmp_ln585" to="and_ln585_1" fromId="125" toId="142">
</dataflow>
<dataflow id="528" from="or_ln582" to="or_ln581" fromId="137" toId="143">
</dataflow>
<dataflow id="529" from="icmp_ln581" to="or_ln581" fromId="118" toId="143">
</dataflow>
<dataflow id="530" from="or_ln581" to="xor_ln581" fromId="143" toId="144">
</dataflow>
<dataflow id="531" from="StgValue_325" to="xor_ln581" fromId="325" toId="144">
</dataflow>
<dataflow id="532" from="icmp_ln603" to="and_ln603" fromId="127" toId="145">
</dataflow>
<dataflow id="533" from="xor_ln581" to="and_ln603" fromId="144" toId="145">
</dataflow>
<dataflow id="534" from="and_ln603" to="select_ln603" fromId="145" toId="146">
</dataflow>
<dataflow id="535" from="shl_ln604" to="select_ln603" fromId="134" toId="146">
</dataflow>
<dataflow id="536" from="trunc_ln586" to="select_ln603" fromId="130" toId="146">
</dataflow>
<dataflow id="537" from="and_ln603" to="or_ln603" fromId="145" toId="147">
</dataflow>
<dataflow id="538" from="and_ln585_1" to="or_ln603" fromId="142" toId="147">
</dataflow>
<dataflow id="539" from="and_ln585" to="select_ln603_1" fromId="141" toId="148">
</dataflow>
<dataflow id="540" from="select_ln588" to="select_ln603_1" fromId="133" toId="148">
</dataflow>
<dataflow id="541" from="trunc_ln583" to="select_ln603_1" fromId="124" toId="148">
</dataflow>
<dataflow id="542" from="and_ln585" to="or_ln603_1" fromId="141" toId="149">
</dataflow>
<dataflow id="543" from="and_ln582" to="or_ln603_1" fromId="136" toId="149">
</dataflow>
<dataflow id="544" from="or_ln603" to="select_ln603_2" fromId="147" toId="150">
</dataflow>
<dataflow id="545" from="select_ln603" to="select_ln603_2" fromId="146" toId="150">
</dataflow>
<dataflow id="546" from="select_ln603_1" to="select_ln603_2" fromId="148" toId="150">
</dataflow>
<dataflow id="547" from="or_ln603" to="or_ln603_2" fromId="147" toId="151">
</dataflow>
<dataflow id="548" from="or_ln603_1" to="or_ln603_2" fromId="149" toId="151">
</dataflow>
<dataflow id="549" from="or_ln603_2" to="kernel_result_V" fromId="151" toId="152">
</dataflow>
<dataflow id="550" from="select_ln603_2" to="kernel_result_V" fromId="150" toId="152">
</dataflow>
<dataflow id="551" from="StgValue_186" to="kernel_result_V" fromId="186" toId="152">
</dataflow>
<dataflow id="552" from="kernel_result_V" to="ret_ln23" fromId="152" toId="153">
</dataflow>
<dataflow id="553" from="icmp_ln11" to="StgValue_2" fromId="21" toId="2">
</dataflow>
<dataflow id="554" from="icmp_ln887" to="StgValue_2" fromId="25" toId="2">
</dataflow>
<dataflow id="555" from="icmp_ln887" to="StgValue_3" fromId="25" toId="3">
</dataflow>
<dataflow id="556" from="icmp_ln11" to="StgValue_3" fromId="21" toId="3">
</dataflow>
<dataflow id="557" from="p_Result_5" to="StgValue_5" fromId="57" toId="5">
</dataflow>
<dataflow id="558" from="icmp_ln935" to="StgValue_6" fromId="58" toId="6">
</dataflow>
</dataflows>


</stg>
