<profile>

<section name = "Vivado HLS Report for 'kernel_rbf'" level="0">
<item name = "Date">Sun Feb  2 14:53:24 2020
</item>
<item name = "Version">2019.1 (Build 2552052 on Fri May 24 15:28:33 MDT 2019)</item>
<item name = "Project">geometric_values_ZCU104_RBF_1</item>
<item name = "Solution">solution1</item>
<item name = "Product family">zynquplus</item>
<item name = "Target device">xczu7ev-ffvc1156-2-e</item>
</section>

<section name = "Performance Estimates" level="0">
<item name = "Timing (ns)">
<section name = "" level="1">
<item name = "Summary"><table name="" hasTotal="0">
<keys size="4">Clock, Target, Estimated, Uncertainty</keys>
<column name="ap_clk">10.00, 8.743, 1.25</column>
</table>
</item>
</section>
</item>
<item name = "Latency (clock cycles)">
<section name = "" level="1">
<item name = "Summary"><table name="" hasTotal="0">
<keys size="6">, min, max, min, max, Type</keys>
<column name="">267, 267, 267, 267, none</column>
</table>
</item>
<item name = "Detail">
<section name = "" level="1">
<item name = "Instance"><table name="" hasTotal="0">
<keys size="7">Instance, Module, min, max, min, max, Type</keys>
</table>
</item>
<item name = "Loop"><table name="" hasTotal="0">
<keys size="8">Loop Name, min, max, Latency, achieved, target, Count, Pipelined</keys>
<column name="- square_norm_loop">256, 256, 2, 1, 1, 256, yes</column>
</table>
</item>
</section>
</item>
</section>
</item>
</section>

<section name = "Utilization Estimates" level="0">
<item name = "Summary"><table name="" hasTotal="1">
<keys size="6">Name, BRAM_18K, DSP48E, FF, LUT, URAM</keys>
<column name="DSP">-, -, -, -, -</column>
<column name="Expression">-, 6, 40, 1756, -</column>
<column name="FIFO">-, -, -, -, -</column>
<column name="Instance">-, 7, 295, 1014, -</column>
<column name="Memory">-, -, -, -, -</column>
<column name="Multiplexer">-, -, -, 107, -</column>
<column name="Register">-, -, 202, -, -</column>
<specialColumn name="Available">624, 1728, 460800, 230400, 96</specialColumn>
<specialColumn name="Utilization (%)">0, ~0, ~0, 1, 0</specialColumn>
</table>
</item>
<item name = "Detail">
<section name = "" level="1">
<item name = "Instance"><table name="" hasTotal="1">
<keys size="7">Instance, Module, BRAM_18K, DSP48E, FF, LUT, URAM</keys>
<column name="geometric_values_bkb_U1">geometric_values_bkb, 0, 0, 100, 138, 0</column>
<column name="geometric_values_cud_U2">geometric_values_cud, 0, 7, 195, 876, 0</column>
</table>
</item>
<item name = "DSP48E"><table name="" hasTotal="0">
<keys size="3">Instance, Module, Expression</keys>
</table>
</item>
<item name = "Memory"><table name="" hasTotal="1">
<keys size="10">Memory, Module, BRAM_18K, FF, LUT, URAM, Words, Bits, Banks, W*Bits*Banks</keys>
</table>
</item>
<item name = "FIFO"><table name="" hasTotal="1">
<keys size="8">Name, BRAM_18K, FF, LUT, URAM, Depth, Bits, Size:D*B</keys>
</table>
</item>
<item name = "Expression"><table name="" hasTotal="1">
<keys size="7">Variable Name, Operation, DSP48E, FF, LUT, Bitwidth P0, Bitwidth P1</keys>
<column name="mul_ln1118_fu_305_p2">*, 4, 0, 20, 32, 32</column>
<column name="r_V_fu_259_p2">*, 2, 0, 22, 22, 22</column>
<column name="add_ln581_fu_675_p2">+, 0, 0, 19, 6, 12</column>
<column name="add_ln958_fu_483_p2">+, 0, 0, 39, 6, 32</column>
<column name="add_ln964_fu_561_p2">+, 0, 0, 19, 8, 8</column>
<column name="lsb_index_fu_375_p2">+, 0, 0, 39, 6, 32</column>
<column name="m_3_fu_515_p2">+, 0, 0, 39, 32, 32</column>
<column name="n1_V_fu_214_p2">+, 0, 0, 16, 9, 1</column>
<column name="ret_V_1_fu_277_p2">+, 0, 0, 59, 52, 52</column>
<column name="F2_fu_663_p2">-, 0, 0, 19, 11, 12</column>
<column name="man_V_1_fu_643_p2">-, 0, 0, 61, 1, 54</column>
<column name="r_V_2_fu_311_p2">-, 0, 0, 59, 1, 52</column>
<column name="ret_V_fu_241_p2">-, 0, 0, 24, 17, 17</column>
<column name="sub_ln581_fu_681_p2">-, 0, 0, 19, 5, 12</column>
<column name="sub_ln944_fu_369_p2">-, 0, 0, 39, 6, 32</column>
<column name="sub_ln947_fu_401_p2">-, 0, 0, 15, 4, 6</column>
<column name="sub_ln958_fu_495_p2">-, 0, 0, 39, 5, 32</column>
<column name="sub_ln964_fu_555_p2">-, 0, 0, 19, 4, 8</column>
<column name="tmp_V_fu_340_p2">-, 0, 0, 39, 1, 32</column>
<column name="a_fu_429_p2">and, 0, 0, 2, 1, 1</column>
<column name="and_ln581_fu_794_p2">and, 0, 0, 2, 1, 1</column>
<column name="and_ln582_fu_776_p2">and, 0, 0, 2, 1, 1</column>
<column name="and_ln585_1_fu_812_p2">and, 0, 0, 2, 1, 1</column>
<column name="and_ln585_fu_806_p2">and, 0, 0, 2, 1, 1</column>
<column name="and_ln603_fu_830_p2">and, 0, 0, 2, 1, 1</column>
<column name="and_ln949_fu_457_p2">and, 0, 0, 2, 1, 1</column>
<column name="ap_block_pp0_stage0_11001">and, 0, 0, 2, 1, 1</column>
<column name="ap_block_state2_pp0_stage0_iter0">and, 0, 0, 2, 1, 1</column>
<column name="ap_predicate_op27_read_state2">and, 0, 0, 2, 1, 1</column>
<column name="p_Result_s_fu_417_p2">and, 0, 0, 32, 32, 32</column>
<column name="ashr_ln586_fu_735_p2">ashr, 0, 0, 167, 54, 54</column>
<column name="l_fu_361_p3">cttz, 0, 40, 36, 32, 0</column>
<column name="icmp_ln11_fu_208_p2">icmp, 0, 0, 13, 9, 10</column>
<column name="icmp_ln571_fu_657_p2">icmp, 0, 0, 29, 63, 1</column>
<column name="icmp_ln581_fu_669_p2">icmp, 0, 0, 13, 12, 5</column>
<column name="icmp_ln582_fu_699_p2">icmp, 0, 0, 13, 12, 5</column>
<column name="icmp_ln585_fu_709_p2">icmp, 0, 0, 13, 12, 6</column>
<column name="icmp_ln603_fu_725_p2">icmp, 0, 0, 11, 7, 1</column>
<column name="icmp_ln887_fu_220_p2">icmp, 0, 0, 13, 9, 9</column>
<column name="icmp_ln935_fu_335_p2">icmp, 0, 0, 20, 32, 1</column>
<column name="icmp_ln947_1_fu_423_p2">icmp, 0, 0, 20, 32, 1</column>
<column name="icmp_ln947_fu_391_p2">icmp, 0, 0, 20, 31, 1</column>
<column name="icmp_ln958_fu_477_p2">icmp, 0, 0, 20, 32, 1</column>
<column name="lshr_ln947_fu_411_p2">lshr, 0, 0, 97, 2, 32</column>
<column name="lshr_ln958_fu_489_p2">lshr, 0, 0, 97, 32, 32</column>
<column name="or_ln581_fu_818_p2">or, 0, 0, 2, 1, 1</column>
<column name="or_ln582_fu_782_p2">or, 0, 0, 2, 1, 1</column>
<column name="or_ln603_1_fu_858_p2">or, 0, 0, 2, 1, 1</column>
<column name="or_ln603_2_fu_872_p2">or, 0, 0, 2, 1, 1</column>
<column name="or_ln603_fu_844_p2">or, 0, 0, 2, 1, 1</column>
<column name="or_ln949_fu_463_p2">or, 0, 0, 2, 1, 1</column>
<column name="grp_fu_195_p1">select, 0, 0, 32, 1, 1</column>
<column name="kernel_result_V_fu_878_p3">select, 0, 0, 32, 1, 32</column>
<column name="m_2_fu_507_p3">select, 0, 0, 32, 1, 32</column>
<column name="man_V_2_fu_649_p3">select, 0, 0, 53, 1, 54</column>
<column name="select_ln588_fu_756_p3">select, 0, 0, 2, 1, 2</column>
<column name="select_ln603_1_fu_850_p3">select, 0, 0, 32, 1, 32</column>
<column name="select_ln603_2_fu_864_p3">select, 0, 0, 32, 1, 32</column>
<column name="select_ln603_fu_836_p3">select, 0, 0, 32, 1, 32</column>
<column name="select_ln964_fu_543_p3">select, 0, 0, 7, 1, 7</column>
<column name="sh_amt_fu_687_p3">select, 0, 0, 11, 1, 12</column>
<column name="tmp_V_4_fu_345_p3">select, 0, 0, 32, 1, 32</column>
<column name="shl_ln604_fu_764_p2">shl, 0, 0, 97, 32, 32</column>
<column name="shl_ln958_fu_501_p2">shl, 0, 0, 97, 32, 32</column>
<column name="ap_enable_pp0">xor, 0, 0, 2, 1, 2</column>
<column name="ap_enable_reg_pp0_iter1">xor, 0, 0, 2, 2, 1</column>
<column name="xor_ln571_fu_770_p2">xor, 0, 0, 2, 1, 2</column>
<column name="xor_ln581_fu_824_p2">xor, 0, 0, 2, 1, 2</column>
<column name="xor_ln582_fu_788_p2">xor, 0, 0, 2, 1, 2</column>
<column name="xor_ln585_fu_800_p2">xor, 0, 0, 2, 1, 2</column>
<column name="xor_ln949_fu_443_p2">xor, 0, 0, 2, 1, 2</column>
</table>
</item>
<item name = "Multiplexer"><table name="" hasTotal="1">
<keys size="5">Name, LUT, Input Size, Bits, Total Bits</keys>
<column name="ap_NS_fsm">56, 13, 1, 13</column>
<column name="ap_enable_reg_pp0_iter1">15, 3, 1, 3</column>
<column name="ap_return">9, 2, 32, 64</column>
<column name="p_Val2_s_fu_144">9, 2, 32, 64</column>
<column name="support_vectors_TDATA_blk_n">9, 2, 1, 2</column>
<column name="t_V_1_reg_181">9, 2, 9, 18</column>
</table>
</item>
<item name = "Register"><table name="" hasTotal="1">
<keys size="5">Name, FF, LUT, Bits, Const Bits</keys>
<column name="ap_CS_fsm">12, 0, 12, 0</column>
<column name="ap_enable_reg_pp0_iter0">1, 0, 1, 0</column>
<column name="ap_enable_reg_pp0_iter1">1, 0, 1, 0</column>
<column name="ap_return_preg">32, 0, 32, 0</column>
<column name="empty_15_reg_916_0">16, 0, 16, 0</column>
<column name="icmp_ln887_reg_912">1, 0, 1, 0</column>
<column name="icmp_ln935_reg_939">1, 0, 1, 0</column>
<column name="p_Result_5_reg_933">1, 0, 1, 0</column>
<column name="p_Result_7_reg_944">32, 0, 32, 0</column>
<column name="p_Val2_s_fu_144">32, 0, 32, 0</column>
<column name="t_V_1_reg_181">9, 0, 9, 0</column>
<column name="tmp_V_3_reg_926">32, 0, 32, 0</column>
<column name="v_assign_reg_954">32, 0, 32, 0</column>
</table>
</item>
</section>
</item>
</section>

<section name = "Interface" level="0">
<item name = "Summary"><table name="" hasTotal="0">
<keys size="6">RTL Ports, Dir, Bits, Protocol, Source Object, C Type</keys>
<column name="ap_clk">in, 1, ap_ctrl_hs, kernel_rbf, return value</column>
<column name="ap_rst">in, 1, ap_ctrl_hs, kernel_rbf, return value</column>
<column name="ap_start">in, 1, ap_ctrl_hs, kernel_rbf, return value</column>
<column name="ap_done">out, 1, ap_ctrl_hs, kernel_rbf, return value</column>
<column name="ap_idle">out, 1, ap_ctrl_hs, kernel_rbf, return value</column>
<column name="ap_ready">out, 1, ap_ctrl_hs, kernel_rbf, return value</column>
<column name="ap_return">out, 32, ap_ctrl_hs, kernel_rbf, return value</column>
<column name="support_vectors_TDATA">in, 16, axis, support_vectors_V_data_V, pointer</column>
<column name="support_vectors_TVALID">in, 1, axis, support_vectors_V_data_V, pointer</column>
<column name="support_vectors_TREADY">out, 1, axis, support_vectors_V_last, pointer</column>
<column name="support_vectors_TLAST">in, 1, axis, support_vectors_V_last, pointer</column>
<column name="vector_2_V_address0">out, 8, ap_memory, vector_2_V, array</column>
<column name="vector_2_V_ce0">out, 1, ap_memory, vector_2_V, array</column>
<column name="vector_2_V_q0">in, 16, ap_memory, vector_2_V, array</column>
<column name="no_variables_V_read">in, 9, ap_none, no_variables_V_read, scalar</column>
<column name="gamma_V_read">in, 32, ap_none, gamma_V_read, scalar</column>
</table>
</item>
</section>
</profile>
