<?xml version="1.0" encoding="utf-8"?>
<xd:acceleratorMap xmlns:xd="http://www.xilinx.com/xidane" xd:functionName="get_w" xd:componentRef="get_w" xd:initiationInterval="x" xd:clockPeriod="10.000" xd:sequential="true" xd:hostMachine="64" xd:reset="control">
  <xd:arg xd:name="data_matrices.data" xd:originalName="data_matrices" xd:direction="in" xd:interfaceRef="data_matrices" xd:busTypeRef="axis" xd:dataWidth="16"/>
  <xd:arg xd:name="data_matrices.last" xd:originalName="data_matrices" xd:direction="in" xd:interfaceRef="data_matrices" xd:busTypeRef="axis" xd:dataWidth="1"/>
  <xd:arg xd:name="sv_coeffs.data" xd:originalName="sv_coeffs" xd:direction="in" xd:interfaceRef="sv_coeffs" xd:busTypeRef="axis" xd:dataWidth="32"/>
  <xd:arg xd:name="sv_coeffs.last" xd:originalName="sv_coeffs" xd:direction="in" xd:interfaceRef="sv_coeffs" xd:busTypeRef="axis" xd:dataWidth="1"/>
  <xd:arg xd:name="ds_details_in.data" xd:originalName="ds_details_in" xd:direction="in" xd:interfaceRef="ds_details_in" xd:busTypeRef="axis" xd:dataWidth="32"/>
  <xd:arg xd:name="ds_details_in.last" xd:originalName="ds_details_in" xd:direction="in" xd:interfaceRef="ds_details_in" xd:busTypeRef="axis" xd:dataWidth="1"/>
  <xd:arg xd:name="norm_w_out.data" xd:originalName="norm_w_out" xd:direction="out" xd:interfaceRef="norm_w_out" xd:busTypeRef="axis" xd:dataWidth="32"/>
  <xd:arg xd:name="norm_w_out.last" xd:originalName="norm_w_out" xd:direction="out" xd:interfaceRef="norm_w_out" xd:busTypeRef="axis" xd:dataWidth="1"/>
  <xd:latencyEstimates xd:best-case="undef" xd:worst-case="undef" xd:average-case="undef"/>
  <xd:resourceEstimates xd:LUT="4451" xd:FF="2138" xd:BRAM="2" xd:DSP="6"/>
</xd:acceleratorMap>
