<stg><name>get_w</name>


<trans_list>

<trans id="237" from="1" to="2">
<condition id="-1">
<or_exp><and_exp></and_exp></or_exp>
</condition>
</trans>

<trans id="238" from="2" to="3">
<condition id="-1">
<or_exp><and_exp></and_exp></or_exp>
</condition>
</trans>

<trans id="239" from="3" to="3">
<condition id="-1">
<or_exp><and_exp><literal name="icmp_ln26" val="0"/>
</and_exp></or_exp>
</condition>
</trans>

<trans id="240" from="3" to="4">
<condition id="-1">
<or_exp><and_exp><literal name="icmp_ln26" val="1"/>
</and_exp></or_exp>
</condition>
</trans>

<trans id="241" from="4" to="5">
<condition id="-1">
<or_exp><and_exp><literal name="icmp_ln31" val="0"/>
</and_exp></or_exp>
</condition>
</trans>

<trans id="248" from="4" to="8">
<condition id="-1">
<or_exp><and_exp><literal name="icmp_ln31" val="1"/>
</and_exp></or_exp>
</condition>
</trans>

<trans id="281" from="5" to="7">
<condition id="-1">
<or_exp><and_exp><literal name="icmp_ln887_1" val="0"/>
</and_exp><and_exp><literal name="tmp_6" val="1"/>
</and_exp></or_exp>
</condition>
</trans>

<trans id="282" from="5" to="6">
<condition id="-1">
<or_exp><and_exp><literal name="tmp_6" val="0"/>
<literal name="icmp_ln887_1" val="1"/>
</and_exp></or_exp>
</condition>
</trans>

<trans id="280" from="6" to="5">
<condition id="-1">
<or_exp><and_exp></and_exp></or_exp>
</condition>
</trans>

<trans id="247" from="7" to="4">
<condition id="-1">
<or_exp><and_exp></and_exp></or_exp>
</condition>
</trans>

<trans id="285" from="8" to="10">
<condition id="-1">
<or_exp><and_exp><literal name="icmp_ln887" val="0"/>
</and_exp><and_exp><literal name="tmp_4" val="1"/>
</and_exp></or_exp>
</condition>
</trans>

<trans id="286" from="8" to="9">
<condition id="-1">
<or_exp><and_exp><literal name="tmp_4" val="0"/>
<literal name="icmp_ln887" val="1"/>
</and_exp></or_exp>
</condition>
</trans>

<trans id="284" from="9" to="8">
<condition id="-1">
<or_exp><and_exp></and_exp></or_exp>
</condition>
</trans>

<trans id="254" from="10" to="11">
<condition id="-1">
<or_exp><and_exp></and_exp></or_exp>
</condition>
</trans>

<trans id="255" from="11" to="12">
<condition id="-1">
<or_exp><and_exp></and_exp></or_exp>
</condition>
</trans>

<trans id="256" from="12" to="13">
<condition id="-1">
<or_exp><and_exp></and_exp></or_exp>
</condition>
</trans>

<trans id="257" from="13" to="14">
<condition id="-1">
<or_exp><and_exp></and_exp></or_exp>
</condition>
</trans>

<trans id="258" from="14" to="15">
<condition id="-1">
<or_exp><and_exp></and_exp></or_exp>
</condition>
</trans>

<trans id="259" from="15" to="16">
<condition id="-1">
<or_exp><and_exp></and_exp></or_exp>
</condition>
</trans>

<trans id="260" from="16" to="17">
<condition id="-1">
<or_exp><and_exp></and_exp></or_exp>
</condition>
</trans>

<trans id="261" from="17" to="18">
<condition id="-1">
<or_exp><and_exp></and_exp></or_exp>
</condition>
</trans>

<trans id="262" from="18" to="19">
<condition id="-1">
<or_exp><and_exp></and_exp></or_exp>
</condition>
</trans>

<trans id="263" from="19" to="20">
<condition id="-1">
<or_exp><and_exp></and_exp></or_exp>
</condition>
</trans>

<trans id="264" from="20" to="21">
<condition id="-1">
<or_exp><and_exp></and_exp></or_exp>
</condition>
</trans>

<trans id="265" from="21" to="22">
<condition id="-1">
<or_exp><and_exp></and_exp></or_exp>
</condition>
</trans>

<trans id="266" from="22" to="23">
<condition id="-1">
<or_exp><and_exp></and_exp></or_exp>
</condition>
</trans>

<trans id="267" from="23" to="24">
<condition id="-1">
<or_exp><and_exp></and_exp></or_exp>
</condition>
</trans>

<trans id="268" from="24" to="25">
<condition id="-1">
<or_exp><and_exp></and_exp></or_exp>
</condition>
</trans>

<trans id="269" from="25" to="26">
<condition id="-1">
<or_exp><and_exp></and_exp></or_exp>
</condition>
</trans>

<trans id="270" from="26" to="27">
<condition id="-1">
<or_exp><and_exp></and_exp></or_exp>
</condition>
</trans>

<trans id="271" from="27" to="28">
<condition id="-1">
<or_exp><and_exp></and_exp></or_exp>
</condition>
</trans>

<trans id="272" from="28" to="29">
<condition id="-1">
<or_exp><and_exp></and_exp></or_exp>
</condition>
</trans>

<trans id="273" from="29" to="30">
<condition id="-1">
<or_exp><and_exp></and_exp></or_exp>
</condition>
</trans>

<trans id="274" from="30" to="31">
<condition id="-1">
<or_exp><and_exp></and_exp></or_exp>
</condition>
</trans>

<trans id="275" from="31" to="32">
<condition id="-1">
<or_exp><and_exp></and_exp></or_exp>
</condition>
</trans>

<trans id="276" from="32" to="33">
<condition id="-1">
<or_exp><and_exp></and_exp></or_exp>
</condition>
</trans>

<trans id="277" from="33" to="34">
<condition id="-1">
<or_exp><and_exp></and_exp></or_exp>
</condition>
</trans>

<trans id="278" from="34" to="35">
<condition id="-1">
<or_exp><and_exp></and_exp></or_exp>
</condition>
</trans>
</trans_list>



<state_list>

<state id="1" st_id="1">

<operation id="36" st_id="1" stage="1" lat="1">
<core>RAM</core>
<MemPortIdVec></MemPortIdVec>
<condition id="-1">
<or_exp><and_exp></and_exp></or_exp>
</condition>

<Node id="18" bw="32" op_0_bw="64">
<![CDATA[
_ZN8ap_fixedILi32ELi12EL9ap_q_mode5EL9ap_o_mode3ELi0EEC1Ei.exit:9  %w_V = alloca [256 x i32], align 4

]]></Node>
<StgValue><ssdm name="w_V"/></StgValue>
</operation>

<operation id="37" st_id="1" stage="1" lat="1">
<core>AXI4Stream</core>
<MemPortIdVec></MemPortIdVec>
<condition id="-1">
<or_exp><and_exp></and_exp></or_exp>
</condition>

<Node id="24" bw="33" op_0_bw="33" op_1_bw="32" op_2_bw="1">
<![CDATA[
_ZN8ap_fixedILi32ELi12EL9ap_q_mode5EL9ap_o_mode3ELi0EEC1Ei.exit:15  %empty = call { i32, i1 } @_ssdm_op_Read.axis.volatile.i32P.i1P(i32* %ds_details_in_V_data_V, i1* %ds_details_in_V_last)

]]></Node>
<StgValue><ssdm name="empty"/></StgValue>
</operation>

<operation id="38" st_id="1" stage="1" lat="1">
<core>NULL</core>
<MemPortIdVec></MemPortIdVec>
<condition id="-1">
<or_exp><and_exp></and_exp></or_exp>
</condition>

<Node id="25" bw="32" op_0_bw="33">
<![CDATA[
_ZN8ap_fixedILi32ELi12EL9ap_q_mode5EL9ap_o_mode3ELi0EEC1Ei.exit:16  %tmp_data_V = extractvalue { i32, i1 } %empty, 0

]]></Node>
<StgValue><ssdm name="tmp_data_V"/></StgValue>
</operation>
</state>

<state id="2" st_id="2">

<operation id="39" st_id="2" stage="1" lat="1">
<core>NULL</core>
<MemPortIdVec></MemPortIdVec>
<condition id="-1">
<or_exp><and_exp></and_exp></or_exp>
</condition>

<Node id="9" bw="0" op_0_bw="0" op_1_bw="16">
<![CDATA[
_ZN8ap_fixedILi32ELi12EL9ap_q_mode5EL9ap_o_mode3ELi0EEC1Ei.exit:0  call void (...)* @_ssdm_op_SpecBitsMap(i16* %data_matrices_V_data_V), !map !128

]]></Node>
<StgValue><ssdm name="specbitsmap_ln0"/></StgValue>
</operation>

<operation id="40" st_id="2" stage="1" lat="1">
<core>NULL</core>
<MemPortIdVec></MemPortIdVec>
<condition id="-1">
<or_exp><and_exp></and_exp></or_exp>
</condition>

<Node id="10" bw="0" op_0_bw="0" op_1_bw="1">
<![CDATA[
_ZN8ap_fixedILi32ELi12EL9ap_q_mode5EL9ap_o_mode3ELi0EEC1Ei.exit:1  call void (...)* @_ssdm_op_SpecBitsMap(i1* %data_matrices_V_last), !map !132

]]></Node>
<StgValue><ssdm name="specbitsmap_ln0"/></StgValue>
</operation>

<operation id="41" st_id="2" stage="1" lat="1">
<core>NULL</core>
<MemPortIdVec></MemPortIdVec>
<condition id="-1">
<or_exp><and_exp></and_exp></or_exp>
</condition>

<Node id="11" bw="0" op_0_bw="0" op_1_bw="32">
<![CDATA[
_ZN8ap_fixedILi32ELi12EL9ap_q_mode5EL9ap_o_mode3ELi0EEC1Ei.exit:2  call void (...)* @_ssdm_op_SpecBitsMap(i32* %sv_coeffs_V_data_V), !map !136

]]></Node>
<StgValue><ssdm name="specbitsmap_ln0"/></StgValue>
</operation>

<operation id="42" st_id="2" stage="1" lat="1">
<core>NULL</core>
<MemPortIdVec></MemPortIdVec>
<condition id="-1">
<or_exp><and_exp></and_exp></or_exp>
</condition>

<Node id="12" bw="0" op_0_bw="0" op_1_bw="1">
<![CDATA[
_ZN8ap_fixedILi32ELi12EL9ap_q_mode5EL9ap_o_mode3ELi0EEC1Ei.exit:3  call void (...)* @_ssdm_op_SpecBitsMap(i1* %sv_coeffs_V_last), !map !140

]]></Node>
<StgValue><ssdm name="specbitsmap_ln0"/></StgValue>
</operation>

<operation id="43" st_id="2" stage="1" lat="1">
<core>NULL</core>
<MemPortIdVec></MemPortIdVec>
<condition id="-1">
<or_exp><and_exp></and_exp></or_exp>
</condition>

<Node id="13" bw="0" op_0_bw="0" op_1_bw="32">
<![CDATA[
_ZN8ap_fixedILi32ELi12EL9ap_q_mode5EL9ap_o_mode3ELi0EEC1Ei.exit:4  call void (...)* @_ssdm_op_SpecBitsMap(i32* %ds_details_in_V_data_V), !map !144

]]></Node>
<StgValue><ssdm name="specbitsmap_ln0"/></StgValue>
</operation>

<operation id="44" st_id="2" stage="1" lat="1">
<core>NULL</core>
<MemPortIdVec></MemPortIdVec>
<condition id="-1">
<or_exp><and_exp></and_exp></or_exp>
</condition>

<Node id="14" bw="0" op_0_bw="0" op_1_bw="1">
<![CDATA[
_ZN8ap_fixedILi32ELi12EL9ap_q_mode5EL9ap_o_mode3ELi0EEC1Ei.exit:5  call void (...)* @_ssdm_op_SpecBitsMap(i1* %ds_details_in_V_last), !map !148

]]></Node>
<StgValue><ssdm name="specbitsmap_ln0"/></StgValue>
</operation>

<operation id="45" st_id="2" stage="1" lat="1">
<core>NULL</core>
<MemPortIdVec></MemPortIdVec>
<condition id="-1">
<or_exp><and_exp></and_exp></or_exp>
</condition>

<Node id="15" bw="0" op_0_bw="0" op_1_bw="32">
<![CDATA[
_ZN8ap_fixedILi32ELi12EL9ap_q_mode5EL9ap_o_mode3ELi0EEC1Ei.exit:6  call void (...)* @_ssdm_op_SpecBitsMap(i32* %norm_w_out_V_data_V), !map !152

]]></Node>
<StgValue><ssdm name="specbitsmap_ln0"/></StgValue>
</operation>

<operation id="46" st_id="2" stage="1" lat="1">
<core>NULL</core>
<MemPortIdVec></MemPortIdVec>
<condition id="-1">
<or_exp><and_exp></and_exp></or_exp>
</condition>

<Node id="16" bw="0" op_0_bw="0" op_1_bw="1">
<![CDATA[
_ZN8ap_fixedILi32ELi12EL9ap_q_mode5EL9ap_o_mode3ELi0EEC1Ei.exit:7  call void (...)* @_ssdm_op_SpecBitsMap(i1* %norm_w_out_V_last), !map !156

]]></Node>
<StgValue><ssdm name="specbitsmap_ln0"/></StgValue>
</operation>

<operation id="47" st_id="2" stage="1" lat="1">
<core>NULL</core>
<MemPortIdVec></MemPortIdVec>
<condition id="-1">
<or_exp><and_exp></and_exp></or_exp>
</condition>

<Node id="17" bw="0" op_0_bw="0" op_1_bw="0">
<![CDATA[
_ZN8ap_fixedILi32ELi12EL9ap_q_mode5EL9ap_o_mode3ELi0EEC1Ei.exit:8  call void (...)* @_ssdm_op_SpecTopModule([6 x i8]* @get_w_str) nounwind

]]></Node>
<StgValue><ssdm name="spectopmodule_ln0"/></StgValue>
</operation>

<operation id="48" st_id="2" stage="1" lat="1">
<core>NULL</core>
<MemPortIdVec></MemPortIdVec>
<condition id="-1">
<or_exp><and_exp></and_exp></or_exp>
</condition>

<Node id="19" bw="0" op_0_bw="0" op_1_bw="32" op_2_bw="0" op_3_bw="32" op_4_bw="32" op_5_bw="0" op_6_bw="32" op_7_bw="32" op_8_bw="0" op_9_bw="0" op_10_bw="0" op_11_bw="32" op_12_bw="32" op_13_bw="32" op_14_bw="32" op_15_bw="0" op_16_bw="0">
<![CDATA[
_ZN8ap_fixedILi32ELi12EL9ap_q_mode5EL9ap_o_mode3ELi0EEC1Ei.exit:10  call void (...)* @_ssdm_op_SpecInterface(i32 0, [13 x i8]* @p_str, i32 0, i32 0, [1 x i8]* @p_str1, i32 0, i32 0, [1 x i8]* @p_str1, [1 x i8]* @p_str1, [1 x i8]* @p_str1, i32 0, i32 0, i32 0, i32 0, [1 x i8]* @p_str1, [1 x i8]* @p_str1) nounwind

]]></Node>
<StgValue><ssdm name="specinterface_ln7"/></StgValue>
</operation>

<operation id="49" st_id="2" stage="1" lat="1">
<core>NULL</core>
<MemPortIdVec></MemPortIdVec>
<condition id="-1">
<or_exp><and_exp></and_exp></or_exp>
</condition>

<Node id="20" bw="0" op_0_bw="0" op_1_bw="32" op_2_bw="1" op_3_bw="0" op_4_bw="32" op_5_bw="32" op_6_bw="0" op_7_bw="32" op_8_bw="32" op_9_bw="0" op_10_bw="0" op_11_bw="0" op_12_bw="32" op_13_bw="32" op_14_bw="32" op_15_bw="32" op_16_bw="0" op_17_bw="0">
<![CDATA[
_ZN8ap_fixedILi32ELi12EL9ap_q_mode5EL9ap_o_mode3ELi0EEC1Ei.exit:11  call void (...)* @_ssdm_op_SpecInterface(i32* %norm_w_out_V_data_V, i1* %norm_w_out_V_last, [5 x i8]* @p_str2, i32 1, i32 1, [5 x i8]* @p_str3, i32 0, i32 0, [1 x i8]* @p_str1, [1 x i8]* @p_str1, [1 x i8]* @p_str1, i32 0, i32 0, i32 0, i32 0, [1 x i8]* @p_str1, [1 x i8]* @p_str1) nounwind

]]></Node>
<StgValue><ssdm name="specinterface_ln8"/></StgValue>
</operation>

<operation id="50" st_id="2" stage="1" lat="1">
<core>NULL</core>
<MemPortIdVec></MemPortIdVec>
<condition id="-1">
<or_exp><and_exp></and_exp></or_exp>
</condition>

<Node id="21" bw="0" op_0_bw="0" op_1_bw="32" op_2_bw="1" op_3_bw="0" op_4_bw="32" op_5_bw="32" op_6_bw="0" op_7_bw="32" op_8_bw="32" op_9_bw="0" op_10_bw="0" op_11_bw="0" op_12_bw="32" op_13_bw="32" op_14_bw="32" op_15_bw="32" op_16_bw="0" op_17_bw="0">
<![CDATA[
_ZN8ap_fixedILi32ELi12EL9ap_q_mode5EL9ap_o_mode3ELi0EEC1Ei.exit:12  call void (...)* @_ssdm_op_SpecInterface(i32* %ds_details_in_V_data_V, i1* %ds_details_in_V_last, [5 x i8]* @p_str2, i32 1, i32 1, [5 x i8]* @p_str3, i32 0, i32 0, [1 x i8]* @p_str1, [1 x i8]* @p_str1, [1 x i8]* @p_str1, i32 0, i32 0, i32 0, i32 0, [1 x i8]* @p_str1, [1 x i8]* @p_str1) nounwind

]]></Node>
<StgValue><ssdm name="specinterface_ln9"/></StgValue>
</operation>

<operation id="51" st_id="2" stage="1" lat="1">
<core>NULL</core>
<MemPortIdVec></MemPortIdVec>
<condition id="-1">
<or_exp><and_exp></and_exp></or_exp>
</condition>

<Node id="22" bw="0" op_0_bw="0" op_1_bw="32" op_2_bw="1" op_3_bw="0" op_4_bw="32" op_5_bw="32" op_6_bw="0" op_7_bw="32" op_8_bw="32" op_9_bw="0" op_10_bw="0" op_11_bw="0" op_12_bw="32" op_13_bw="32" op_14_bw="32" op_15_bw="32" op_16_bw="0" op_17_bw="0">
<![CDATA[
_ZN8ap_fixedILi32ELi12EL9ap_q_mode5EL9ap_o_mode3ELi0EEC1Ei.exit:13  call void (...)* @_ssdm_op_SpecInterface(i32* %sv_coeffs_V_data_V, i1* %sv_coeffs_V_last, [5 x i8]* @p_str2, i32 1, i32 1, [5 x i8]* @p_str3, i32 0, i32 0, [1 x i8]* @p_str1, [1 x i8]* @p_str1, [1 x i8]* @p_str1, i32 0, i32 0, i32 0, i32 0, [1 x i8]* @p_str1, [1 x i8]* @p_str1) nounwind

]]></Node>
<StgValue><ssdm name="specinterface_ln10"/></StgValue>
</operation>

<operation id="52" st_id="2" stage="1" lat="1">
<core>NULL</core>
<MemPortIdVec></MemPortIdVec>
<condition id="-1">
<or_exp><and_exp></and_exp></or_exp>
</condition>

<Node id="23" bw="0" op_0_bw="0" op_1_bw="16" op_2_bw="1" op_3_bw="0" op_4_bw="32" op_5_bw="32" op_6_bw="0" op_7_bw="32" op_8_bw="32" op_9_bw="0" op_10_bw="0" op_11_bw="0" op_12_bw="32" op_13_bw="32" op_14_bw="32" op_15_bw="32" op_16_bw="0" op_17_bw="0">
<![CDATA[
_ZN8ap_fixedILi32ELi12EL9ap_q_mode5EL9ap_o_mode3ELi0EEC1Ei.exit:14  call void (...)* @_ssdm_op_SpecInterface(i16* %data_matrices_V_data_V, i1* %data_matrices_V_last, [5 x i8]* @p_str2, i32 1, i32 1, [5 x i8]* @p_str3, i32 0, i32 0, [1 x i8]* @p_str1, [1 x i8]* @p_str1, [1 x i8]* @p_str1, i32 0, i32 0, i32 0, i32 0, [1 x i8]* @p_str1, [1 x i8]* @p_str1) nounwind

]]></Node>
<StgValue><ssdm name="specinterface_ln11"/></StgValue>
</operation>

<operation id="53" st_id="2" stage="1" lat="1">
<core>AXI4Stream</core>
<MemPortIdVec></MemPortIdVec>
<condition id="-1">
<or_exp><and_exp></and_exp></or_exp>
</condition>

<Node id="26" bw="33" op_0_bw="33" op_1_bw="32" op_2_bw="1" op_3_bw="33">
<![CDATA[
_ZN8ap_fixedILi32ELi12EL9ap_q_mode5EL9ap_o_mode3ELi0EEC1Ei.exit:17  %empty_17 = call { i32, i1 } @_ssdm_op_Read.axis.volatile.i32P.i1P(i32* %ds_details_in_V_data_V, i1* %ds_details_in_V_last)

]]></Node>
<StgValue><ssdm name="empty_17"/></StgValue>
</operation>

<operation id="54" st_id="2" stage="1" lat="1">
<core>NULL</core>
<MemPortIdVec></MemPortIdVec>
<condition id="-1">
<or_exp><and_exp></and_exp></or_exp>
</condition>

<Node id="27" bw="32" op_0_bw="33">
<![CDATA[
_ZN8ap_fixedILi32ELi12EL9ap_q_mode5EL9ap_o_mode3ELi0EEC1Ei.exit:18  %tmp_data_V_1 = extractvalue { i32, i1 } %empty_17, 0

]]></Node>
<StgValue><ssdm name="tmp_data_V_1"/></StgValue>
</operation>

<operation id="55" st_id="2" stage="1" lat="1">
<core>NULL</core>
<MemPortIdVec></MemPortIdVec>
<condition id="-1">
<or_exp><and_exp></and_exp></or_exp>
</condition>

<Node id="28" bw="9" op_0_bw="32">
<![CDATA[
_ZN8ap_fixedILi32ELi12EL9ap_q_mode5EL9ap_o_mode3ELi0EEC1Ei.exit:19  %no_variables_V = trunc i32 %tmp_data_V_1 to i9

]]></Node>
<StgValue><ssdm name="no_variables_V"/></StgValue>
</operation>

<operation id="56" st_id="2" stage="1" lat="1">
<core>NULL</core>
<MemPortIdVec></MemPortIdVec>
<condition id="-1">
<or_exp><and_exp></and_exp></or_exp>
</condition>

<Node id="29" bw="0" op_0_bw="0">
<![CDATA[
_ZN8ap_fixedILi32ELi12EL9ap_q_mode5EL9ap_o_mode3ELi0EEC1Ei.exit:20  br label %.preheader602

]]></Node>
<StgValue><ssdm name="br_ln26"/></StgValue>
</operation>
</state>

<state id="3" st_id="3">

<operation id="57" st_id="3" stage="1" lat="1">
<core>NULL</core>
<MemPortIdVec></MemPortIdVec>
<condition id="-1">
<or_exp><and_exp></and_exp></or_exp>
</condition>

<Node id="31" bw="9" op_0_bw="9" op_1_bw="0" op_2_bw="9" op_3_bw="0">
<![CDATA[
.preheader602:0  %t_V = phi i9 [ %n1_V, %_ZN8ap_fixedILi32ELi12EL9ap_q_mode5EL9ap_o_mode3ELi0EEC1Ei.exit77 ], [ 0, %_ZN8ap_fixedILi32ELi12EL9ap_q_mode5EL9ap_o_mode3ELi0EEC1Ei.exit ]

]]></Node>
<StgValue><ssdm name="t_V"/></StgValue>
</operation>

<operation id="58" st_id="3" stage="1" lat="1">
<core>Cmp</core>
<MemPortIdVec></MemPortIdVec>
<condition id="-1">
<or_exp><and_exp></and_exp></or_exp>
</condition>

<Node id="32" bw="1" op_0_bw="9" op_1_bw="9">
<![CDATA[
.preheader602:1  %icmp_ln26 = icmp eq i9 %t_V, -256

]]></Node>
<StgValue><ssdm name="icmp_ln26"/></StgValue>
</operation>

<operation id="59" st_id="3" stage="1" lat="1">
<core>NULL</core>
<MemPortIdVec></MemPortIdVec>
<condition id="-1">
<or_exp><and_exp></and_exp></or_exp>
</condition>

<Node id="33" bw="32" op_0_bw="32" op_1_bw="64" op_2_bw="64" op_3_bw="64">
<![CDATA[
.preheader602:2  %empty_18 = call i32 (...)* @_ssdm_op_SpecLoopTripCount(i64 256, i64 256, i64 256)

]]></Node>
<StgValue><ssdm name="empty_18"/></StgValue>
</operation>

<operation id="60" st_id="3" stage="1" lat="1">
<core>AddSub</core>
<MemPortIdVec></MemPortIdVec>
<condition id="-1">
<or_exp><and_exp></and_exp></or_exp>
</condition>

<Node id="34" bw="9" op_0_bw="9" op_1_bw="9">
<![CDATA[
.preheader602:3  %n1_V = add i9 %t_V, 1

]]></Node>
<StgValue><ssdm name="n1_V"/></StgValue>
</operation>

<operation id="61" st_id="3" stage="1" lat="1">
<core>NULL</core>
<MemPortIdVec></MemPortIdVec>
<condition id="-1">
<or_exp><and_exp></and_exp></or_exp>
</condition>

<Node id="35" bw="0" op_0_bw="1" op_1_bw="0" op_2_bw="0">
<![CDATA[
.preheader602:4  br i1 %icmp_ln26, label %.preheader, label %_ZN8ap_fixedILi32ELi12EL9ap_q_mode5EL9ap_o_mode3ELi0EEC1Ei.exit77

]]></Node>
<StgValue><ssdm name="br_ln26"/></StgValue>
</operation>

<operation id="62" st_id="3" stage="1" lat="1">
<core>NULL</core>
<MemPortIdVec></MemPortIdVec>
<condition id="-1">
<or_exp><and_exp><literal name="icmp_ln26" val="0"/>
</and_exp></or_exp>
</condition>

<Node id="37" bw="64" op_0_bw="9">
<![CDATA[
_ZN8ap_fixedILi32ELi12EL9ap_q_mode5EL9ap_o_mode3ELi0EEC1Ei.exit77:0  %zext_ln544 = zext i9 %t_V to i64

]]></Node>
<StgValue><ssdm name="zext_ln544"/></StgValue>
</operation>

<operation id="63" st_id="3" stage="1" lat="1">
<core>NULL</core>
<MemPortIdVec></MemPortIdVec>
<condition id="-1">
<or_exp><and_exp><literal name="icmp_ln26" val="0"/>
</and_exp></or_exp>
</condition>

<Node id="38" bw="8" op_0_bw="32" op_1_bw="64" op_2_bw="64">
<![CDATA[
_ZN8ap_fixedILi32ELi12EL9ap_q_mode5EL9ap_o_mode3ELi0EEC1Ei.exit77:1  %w_V_addr = getelementptr [256 x i32]* %w_V, i64 0, i64 %zext_ln544

]]></Node>
<StgValue><ssdm name="w_V_addr"/></StgValue>
</operation>

<operation id="64" st_id="3" stage="1" lat="1">
<core>RAM</core>
<MemPortIdVec></MemPortIdVec>
<condition id="-1">
<or_exp><and_exp><literal name="icmp_ln26" val="0"/>
</and_exp></or_exp>
</condition>

<Node id="39" bw="0" op_0_bw="32" op_1_bw="8">
<![CDATA[
_ZN8ap_fixedILi32ELi12EL9ap_q_mode5EL9ap_o_mode3ELi0EEC1Ei.exit77:2  store i32 0, i32* %w_V_addr, align 4

]]></Node>
<StgValue><ssdm name="store_ln27"/></StgValue>
</operation>

<operation id="65" st_id="3" stage="1" lat="1">
<core>NULL</core>
<MemPortIdVec></MemPortIdVec>
<condition id="-1">
<or_exp><and_exp><literal name="icmp_ln26" val="0"/>
</and_exp></or_exp>
</condition>

<Node id="40" bw="0" op_0_bw="0">
<![CDATA[
_ZN8ap_fixedILi32ELi12EL9ap_q_mode5EL9ap_o_mode3ELi0EEC1Ei.exit77:3  br label %.preheader602

]]></Node>
<StgValue><ssdm name="br_ln26"/></StgValue>
</operation>

<operation id="66" st_id="3" stage="1" lat="1">
<core>NULL</core>
<MemPortIdVec></MemPortIdVec>
<condition id="-1">
<or_exp><and_exp><literal name="icmp_ln26" val="1"/>
</and_exp></or_exp>
</condition>

<Node id="42" bw="20" op_0_bw="32">
<![CDATA[
.preheader:0  %empty_19 = trunc i32 %tmp_data_V to i20

]]></Node>
<StgValue><ssdm name="empty_19"/></StgValue>
</operation>

<operation id="67" st_id="3" stage="1" lat="1">
<core>Cmp</core>
<MemPortIdVec></MemPortIdVec>
<condition id="-1">
<or_exp><and_exp><literal name="icmp_ln26" val="1"/>
</and_exp></or_exp>
</condition>

<Node id="43" bw="1" op_0_bw="20" op_1_bw="20">
<![CDATA[
.preheader:1  %empty_20 = icmp ult i20 %empty_19, -48576

]]></Node>
<StgValue><ssdm name="empty_20"/></StgValue>
</operation>

<operation id="68" st_id="3" stage="1" lat="1">
<core>Sel</core>
<MemPortIdVec></MemPortIdVec>
<condition id="-1">
<or_exp><and_exp><literal name="icmp_ln26" val="1"/>
</and_exp></or_exp>
</condition>

<Node id="44" bw="20" op_0_bw="1" op_1_bw="20" op_2_bw="20">
<![CDATA[
.preheader:2  %select_ln32 = select i1 %empty_20, i20 %empty_19, i20 -48576

]]></Node>
<StgValue><ssdm name="select_ln32"/></StgValue>
</operation>

<operation id="69" st_id="3" stage="1" lat="1">
<core>NULL</core>
<MemPortIdVec></MemPortIdVec>
<condition id="-1">
<or_exp><and_exp><literal name="icmp_ln26" val="1"/>
</and_exp></or_exp>
</condition>

<Node id="45" bw="0" op_0_bw="0">
<![CDATA[
.preheader:3  br label %0

]]></Node>
<StgValue><ssdm name="br_ln32"/></StgValue>
</operation>
</state>

<state id="4" st_id="4">

<operation id="70" st_id="4" stage="1" lat="1">
<core>NULL</core>
<MemPortIdVec></MemPortIdVec>
<condition id="-1">
<or_exp><and_exp></and_exp></or_exp>
</condition>

<Node id="47" bw="20" op_0_bw="20" op_1_bw="0" op_2_bw="20" op_3_bw="0">
<![CDATA[
:0  %t_V_1 = phi i20 [ %n1_V_1, %.loopexit597 ], [ 0, %.preheader ]

]]></Node>
<StgValue><ssdm name="t_V_1"/></StgValue>
</operation>

<operation id="71" st_id="4" stage="1" lat="1">
<core>Cmp</core>
<MemPortIdVec></MemPortIdVec>
<condition id="-1">
<or_exp><and_exp></and_exp></or_exp>
</condition>

<Node id="48" bw="1" op_0_bw="20" op_1_bw="20">
<![CDATA[
:1  %icmp_ln31 = icmp eq i20 %t_V_1, %select_ln32

]]></Node>
<StgValue><ssdm name="icmp_ln31"/></StgValue>
</operation>

<operation id="72" st_id="4" stage="1" lat="1">
<core>AddSub</core>
<MemPortIdVec></MemPortIdVec>
<condition id="-1">
<or_exp><and_exp></and_exp></or_exp>
</condition>

<Node id="49" bw="20" op_0_bw="20" op_1_bw="20">
<![CDATA[
:2  %n1_V_1 = add i20 %t_V_1, 1

]]></Node>
<StgValue><ssdm name="n1_V_1"/></StgValue>
</operation>

<operation id="73" st_id="4" stage="1" lat="1">
<core>NULL</core>
<MemPortIdVec></MemPortIdVec>
<condition id="-1">
<or_exp><and_exp></and_exp></or_exp>
</condition>

<Node id="50" bw="0" op_0_bw="1" op_1_bw="0" op_2_bw="0">
<![CDATA[
:3  br i1 %icmp_ln31, label %_ZN8ap_fixedILi32ELi12EL9ap_q_mode5EL9ap_o_mode3ELi0EEC1Ei.exit32.preheader, label %1

]]></Node>
<StgValue><ssdm name="br_ln31"/></StgValue>
</operation>

<operation id="74" st_id="4" stage="1" lat="1">
<core>AXI4Stream</core>
<MemPortIdVec></MemPortIdVec>
<condition id="-1">
<or_exp><and_exp><literal name="icmp_ln31" val="0"/>
</and_exp></or_exp>
</condition>

<Node id="52" bw="33" op_0_bw="33" op_1_bw="32" op_2_bw="1">
<![CDATA[
:0  %empty_21 = call { i32, i1 } @_ssdm_op_Read.axis.volatile.i32P.i1P(i32* %sv_coeffs_V_data_V, i1* %sv_coeffs_V_last)

]]></Node>
<StgValue><ssdm name="empty_21"/></StgValue>
</operation>

<operation id="75" st_id="4" stage="1" lat="1">
<core>NULL</core>
<MemPortIdVec></MemPortIdVec>
<condition id="-1">
<or_exp><and_exp><literal name="icmp_ln31" val="0"/>
</and_exp></or_exp>
</condition>

<Node id="53" bw="32" op_0_bw="33">
<![CDATA[
:1  %tmp_data_V_5 = extractvalue { i32, i1 } %empty_21, 0

]]></Node>
<StgValue><ssdm name="tmp_data_V_5"/></StgValue>
</operation>

<operation id="76" st_id="4" stage="1" lat="1">
<core>NULL</core>
<MemPortIdVec></MemPortIdVec>
<condition id="-1">
<or_exp><and_exp><literal name="icmp_ln31" val="0"/>
</and_exp></or_exp>
</condition>

<Node id="54" bw="47" op_0_bw="32">
<![CDATA[
:2  %sext_ln1192 = sext i32 %tmp_data_V_5 to i47

]]></Node>
<StgValue><ssdm name="sext_ln1192"/></StgValue>
</operation>

<operation id="77" st_id="4" stage="1" lat="1">
<core>NULL</core>
<MemPortIdVec></MemPortIdVec>
<condition id="-1">
<or_exp><and_exp><literal name="icmp_ln31" val="0"/>
</and_exp></or_exp>
</condition>

<Node id="55" bw="0" op_0_bw="0">
<![CDATA[
:3  br label %2

]]></Node>
<StgValue><ssdm name="br_ln37"/></StgValue>
</operation>

<operation id="78" st_id="4" stage="1" lat="1">
<core>NULL</core>
<MemPortIdVec></MemPortIdVec>
<condition id="-1">
<or_exp><and_exp><literal name="icmp_ln31" val="1"/>
</and_exp></or_exp>
</condition>

<Node id="84" bw="0" op_0_bw="0">
<![CDATA[
_ZN8ap_fixedILi32ELi12EL9ap_q_mode5EL9ap_o_mode3ELi0EEC1Ei.exit32.preheader:0  br label %_ZN8ap_fixedILi32ELi12EL9ap_q_mode5EL9ap_o_mode3ELi0EEC1Ei.exit32

]]></Node>
<StgValue><ssdm name="br_ln55"/></StgValue>
</operation>
</state>

<state id="5" st_id="5">

<operation id="79" st_id="5" stage="1" lat="1">
<core>NULL</core>
<MemPortIdVec></MemPortIdVec>
<condition id="-1">
<or_exp><and_exp></and_exp></or_exp>
</condition>

<Node id="57" bw="9" op_0_bw="9" op_1_bw="0" op_2_bw="9" op_3_bw="0">
<![CDATA[
:0  %t_V_4 = phi i9 [ 0, %1 ], [ %n2_V, %hls_label_0_end ]

]]></Node>
<StgValue><ssdm name="t_V_4"/></StgValue>
</operation>

<operation id="80" st_id="5" stage="1" lat="1">
<core>NULL</core>
<MemPortIdVec></MemPortIdVec>
<condition id="-1">
<or_exp><and_exp></and_exp></or_exp>
</condition>

<Node id="58" bw="1" op_0_bw="1" op_1_bw="9" op_2_bw="32">
<![CDATA[
:1  %tmp_6 = call i1 @_ssdm_op_BitSelect.i1.i9.i32(i9 %t_V_4, i32 8)

]]></Node>
<StgValue><ssdm name="tmp_6"/></StgValue>
</operation>

<operation id="81" st_id="5" stage="1" lat="1">
<core>NULL</core>
<MemPortIdVec></MemPortIdVec>
<condition id="-1">
<or_exp><and_exp></and_exp></or_exp>
</condition>

<Node id="59" bw="32" op_0_bw="32" op_1_bw="64" op_2_bw="64" op_3_bw="64">
<![CDATA[
:2  %empty_22 = call i32 (...)* @_ssdm_op_SpecLoopTripCount(i64 1, i64 256, i64 128)

]]></Node>
<StgValue><ssdm name="empty_22"/></StgValue>
</operation>

<operation id="82" st_id="5" stage="1" lat="1">
<core>AddSub</core>
<MemPortIdVec></MemPortIdVec>
<condition id="-1">
<or_exp><and_exp></and_exp></or_exp>
</condition>

<Node id="60" bw="9" op_0_bw="9" op_1_bw="9">
<![CDATA[
:3  %n2_V = add i9 %t_V_4, 1

]]></Node>
<StgValue><ssdm name="n2_V"/></StgValue>
</operation>

<operation id="83" st_id="5" stage="1" lat="1">
<core>NULL</core>
<MemPortIdVec></MemPortIdVec>
<condition id="-1">
<or_exp><and_exp></and_exp></or_exp>
</condition>

<Node id="61" bw="0" op_0_bw="1" op_1_bw="0" op_2_bw="0">
<![CDATA[
:4  br i1 %tmp_6, label %.loopexit597, label %hls_label_0_begin

]]></Node>
<StgValue><ssdm name="br_ln37"/></StgValue>
</operation>

<operation id="84" st_id="5" stage="1" lat="1">
<core>NULL</core>
<MemPortIdVec></MemPortIdVec>
<condition id="-1">
<or_exp><and_exp><literal name="tmp_6" val="0"/>
</and_exp></or_exp>
</condition>

<Node id="63" bw="32" op_0_bw="32" op_1_bw="0">
<![CDATA[
hls_label_0_begin:0  %tmp_1 = call i32 (...)* @_ssdm_op_SpecRegionBegin([12 x i8]* @p_str4)

]]></Node>
<StgValue><ssdm name="tmp_1"/></StgValue>
</operation>

<operation id="85" st_id="5" stage="1" lat="1">
<core>NULL</core>
<MemPortIdVec></MemPortIdVec>
<condition id="-1">
<or_exp><and_exp><literal name="tmp_6" val="0"/>
</and_exp></or_exp>
</condition>

<Node id="64" bw="0" op_0_bw="0" op_1_bw="32" op_2_bw="32" op_3_bw="32" op_4_bw="32" op_5_bw="0">
<![CDATA[
hls_label_0_begin:1  call void (...)* @_ssdm_op_SpecPipeline(i32 -1, i32 1, i32 1, i32 0, [1 x i8]* @p_str1) nounwind

]]></Node>
<StgValue><ssdm name="specpipeline_ln38"/></StgValue>
</operation>

<operation id="86" st_id="5" stage="1" lat="1">
<core>Cmp</core>
<MemPortIdVec></MemPortIdVec>
<condition id="-1">
<or_exp><and_exp><literal name="tmp_6" val="0"/>
</and_exp></or_exp>
</condition>

<Node id="65" bw="1" op_0_bw="9" op_1_bw="9">
<![CDATA[
hls_label_0_begin:2  %icmp_ln887_1 = icmp ult i9 %t_V_4, %no_variables_V

]]></Node>
<StgValue><ssdm name="icmp_ln887_1"/></StgValue>
</operation>

<operation id="87" st_id="5" stage="1" lat="1">
<core>NULL</core>
<MemPortIdVec></MemPortIdVec>
<condition id="-1">
<or_exp><and_exp><literal name="tmp_6" val="0"/>
</and_exp></or_exp>
</condition>

<Node id="66" bw="0" op_0_bw="1" op_1_bw="0" op_2_bw="0">
<![CDATA[
hls_label_0_begin:3  br i1 %icmp_ln887_1, label %hls_label_0_end, label %.loopexit597

]]></Node>
<StgValue><ssdm name="br_ln39"/></StgValue>
</operation>

<operation id="88" st_id="5" stage="1" lat="1">
<core>NULL</core>
<MemPortIdVec></MemPortIdVec>
<condition id="-1">
<or_exp><and_exp><literal name="tmp_6" val="0"/>
<literal name="icmp_ln887_1" val="1"/>
</and_exp></or_exp>
</condition>

<Node id="68" bw="64" op_0_bw="9">
<![CDATA[
hls_label_0_end:0  %zext_ln544_2 = zext i9 %t_V_4 to i64

]]></Node>
<StgValue><ssdm name="zext_ln544_2"/></StgValue>
</operation>

<operation id="89" st_id="5" stage="1" lat="1">
<core>AXI4Stream</core>
<MemPortIdVec></MemPortIdVec>
<condition id="-1">
<or_exp><and_exp><literal name="tmp_6" val="0"/>
<literal name="icmp_ln887_1" val="1"/>
</and_exp></or_exp>
</condition>

<Node id="69" bw="17" op_0_bw="17" op_1_bw="16" op_2_bw="1">
<![CDATA[
hls_label_0_end:1  %empty_23 = call { i16, i1 } @_ssdm_op_Read.axis.volatile.i16P.i1P(i16* %data_matrices_V_data_V, i1* %data_matrices_V_last)

]]></Node>
<StgValue><ssdm name="empty_23"/></StgValue>
</operation>

<operation id="90" st_id="5" stage="1" lat="1">
<core>NULL</core>
<MemPortIdVec></MemPortIdVec>
<condition id="-1">
<or_exp><and_exp><literal name="tmp_6" val="0"/>
<literal name="icmp_ln887_1" val="1"/>
</and_exp></or_exp>
</condition>

<Node id="70" bw="16" op_0_bw="17">
<![CDATA[
hls_label_0_end:2  %tmp_data_V_4 = extractvalue { i16, i1 } %empty_23, 0

]]></Node>
<StgValue><ssdm name="tmp_data_V_4"/></StgValue>
</operation>

<operation id="91" st_id="5" stage="1" lat="1">
<core>NULL</core>
<MemPortIdVec></MemPortIdVec>
<condition id="-1">
<or_exp><and_exp><literal name="tmp_6" val="0"/>
<literal name="icmp_ln887_1" val="1"/>
</and_exp></or_exp>
</condition>

<Node id="73" bw="8" op_0_bw="32" op_1_bw="64" op_2_bw="64">
<![CDATA[
hls_label_0_end:5  %w_V_addr_2 = getelementptr [256 x i32]* %w_V, i64 0, i64 %zext_ln544_2

]]></Node>
<StgValue><ssdm name="w_V_addr_2"/></StgValue>
</operation>

<operation id="92" st_id="5" stage="2" lat="2">
<core>RAM</core>
<MemPortIdVec></MemPortIdVec>
<condition id="-1">
<or_exp><and_exp><literal name="tmp_6" val="0"/>
<literal name="icmp_ln887_1" val="1"/>
</and_exp></or_exp>
</condition>

<Node id="74" bw="32" op_0_bw="8">
<![CDATA[
hls_label_0_end:6  %p_Val2_5 = load i32* %w_V_addr_2, align 4

]]></Node>
<StgValue><ssdm name="p_Val2_5"/></StgValue>
</operation>
</state>

<state id="6" st_id="6">

<operation id="93" st_id="6" stage="1" lat="1">
<core>NULL</core>
<MemPortIdVec></MemPortIdVec>
<condition id="-1">
<or_exp><and_exp><literal name="tmp_6" val="0"/>
<literal name="icmp_ln887_1" val="1"/>
</and_exp></or_exp>
</condition>

<Node id="71" bw="47" op_0_bw="16">
<![CDATA[
hls_label_0_end:3  %sext_ln1192_1 = sext i16 %tmp_data_V_4 to i47

]]></Node>
<StgValue><ssdm name="sext_ln1192_1"/></StgValue>
</operation>

<operation id="94" st_id="6" stage="1" lat="1">
<core>Mul</core>
<MemPortIdVec></MemPortIdVec>
<condition id="-1">
<or_exp><and_exp><literal name="tmp_6" val="0"/>
<literal name="icmp_ln887_1" val="1"/>
</and_exp></or_exp>
</condition>

<Node id="72" bw="47" op_0_bw="47" op_1_bw="47">
<![CDATA[
hls_label_0_end:4  %mul_ln1192_1 = mul i47 %sext_ln1192_1, %sext_ln1192

]]></Node>
<StgValue><ssdm name="mul_ln1192_1"/></StgValue>
</operation>

<operation id="95" st_id="6" stage="1" lat="2">
<core>RAM</core>
<MemPortIdVec></MemPortIdVec>
<condition id="-1">
<or_exp><and_exp><literal name="tmp_6" val="0"/>
<literal name="icmp_ln887_1" val="1"/>
</and_exp></or_exp>
</condition>

<Node id="74" bw="32" op_0_bw="8">
<![CDATA[
hls_label_0_end:6  %p_Val2_5 = load i32* %w_V_addr_2, align 4

]]></Node>
<StgValue><ssdm name="p_Val2_5"/></StgValue>
</operation>

<operation id="96" st_id="6" stage="1" lat="1">
<core>NULL</core>
<MemPortIdVec></MemPortIdVec>
<condition id="-1">
<or_exp><and_exp><literal name="tmp_6" val="0"/>
<literal name="icmp_ln887_1" val="1"/>
</and_exp></or_exp>
</condition>

<Node id="75" bw="47" op_0_bw="47" op_1_bw="32" op_2_bw="15">
<![CDATA[
hls_label_0_end:7  %lhs_V_1 = call i47 @_ssdm_op_BitConcatenate.i47.i32.i15(i32 %p_Val2_5, i15 0)

]]></Node>
<StgValue><ssdm name="lhs_V_1"/></StgValue>
</operation>

<operation id="97" st_id="6" stage="1" lat="1">
<core>AddSub</core>
<MemPortIdVec></MemPortIdVec>
<condition id="-1">
<or_exp><and_exp><literal name="tmp_6" val="0"/>
<literal name="icmp_ln887_1" val="1"/>
</and_exp></or_exp>
</condition>

<Node id="76" bw="47" op_0_bw="47" op_1_bw="47">
<![CDATA[
hls_label_0_end:8  %ret_V = add i47 %mul_ln1192_1, %lhs_V_1

]]></Node>
<StgValue><ssdm name="ret_V"/></StgValue>
</operation>

<operation id="98" st_id="6" stage="1" lat="1">
<core>NULL</core>
<MemPortIdVec></MemPortIdVec>
<condition id="-1">
<or_exp><and_exp><literal name="tmp_6" val="0"/>
<literal name="icmp_ln887_1" val="1"/>
</and_exp></or_exp>
</condition>

<Node id="77" bw="32" op_0_bw="32" op_1_bw="47" op_2_bw="32" op_3_bw="32">
<![CDATA[
hls_label_0_end:9  %trunc_ln6 = call i32 @_ssdm_op_PartSelect.i32.i47.i32.i32(i47 %ret_V, i32 15, i32 46)

]]></Node>
<StgValue><ssdm name="trunc_ln6"/></StgValue>
</operation>

<operation id="99" st_id="6" stage="1" lat="1">
<core>RAM</core>
<MemPortIdVec></MemPortIdVec>
<condition id="-1">
<or_exp><and_exp><literal name="tmp_6" val="0"/>
<literal name="icmp_ln887_1" val="1"/>
</and_exp></or_exp>
</condition>

<Node id="78" bw="0" op_0_bw="32" op_1_bw="8" op_2_bw="32">
<![CDATA[
hls_label_0_end:10  store i32 %trunc_ln6, i32* %w_V_addr_2, align 4

]]></Node>
<StgValue><ssdm name="store_ln41"/></StgValue>
</operation>

<operation id="100" st_id="6" stage="1" lat="1">
<core>NULL</core>
<MemPortIdVec></MemPortIdVec>
<condition id="-1">
<or_exp><and_exp><literal name="tmp_6" val="0"/>
<literal name="icmp_ln887_1" val="1"/>
</and_exp></or_exp>
</condition>

<Node id="79" bw="32" op_0_bw="32" op_1_bw="0" op_2_bw="32">
<![CDATA[
hls_label_0_end:11  %empty_24 = call i32 (...)* @_ssdm_op_SpecRegionEnd([12 x i8]* @p_str4, i32 %tmp_1)

]]></Node>
<StgValue><ssdm name="empty_24"/></StgValue>
</operation>

<operation id="101" st_id="6" stage="1" lat="1">
<core>NULL</core>
<MemPortIdVec></MemPortIdVec>
<condition id="-1">
<or_exp><and_exp><literal name="tmp_6" val="0"/>
<literal name="icmp_ln887_1" val="1"/>
</and_exp></or_exp>
</condition>

<Node id="80" bw="0" op_0_bw="0">
<![CDATA[
hls_label_0_end:12  br label %2

]]></Node>
<StgValue><ssdm name="br_ln37"/></StgValue>
</operation>
</state>

<state id="7" st_id="7">

<operation id="102" st_id="7" stage="1" lat="1">
<core>NULL</core>
<MemPortIdVec></MemPortIdVec>
<condition id="-1">
<or_exp><and_exp></and_exp></or_exp>
</condition>

<Node id="82" bw="0" op_0_bw="0">
<![CDATA[
.loopexit597:0  br label %0

]]></Node>
<StgValue><ssdm name="br_ln31"/></StgValue>
</operation>
</state>

<state id="8" st_id="8">

<operation id="103" st_id="8" stage="1" lat="1">
<core>NULL</core>
<MemPortIdVec></MemPortIdVec>
<condition id="-1">
<or_exp><and_exp></and_exp></or_exp>
</condition>

<Node id="86" bw="32" op_0_bw="32" op_1_bw="0" op_2_bw="32" op_3_bw="0">
<![CDATA[
_ZN8ap_fixedILi32ELi12EL9ap_q_mode5EL9ap_o_mode3ELi0EEC1Ei.exit32:0  %tmp_V_3 = phi i32 [ %square_norm_V, %hls_label_1_end ], [ 0, %_ZN8ap_fixedILi32ELi12EL9ap_q_mode5EL9ap_o_mode3ELi0EEC1Ei.exit32.preheader ]

]]></Node>
<StgValue><ssdm name="tmp_V_3"/></StgValue>
</operation>

<operation id="104" st_id="8" stage="1" lat="1">
<core>NULL</core>
<MemPortIdVec></MemPortIdVec>
<condition id="-1">
<or_exp><and_exp></and_exp></or_exp>
</condition>

<Node id="87" bw="9" op_0_bw="9" op_1_bw="0" op_2_bw="9" op_3_bw="0">
<![CDATA[
_ZN8ap_fixedILi32ELi12EL9ap_q_mode5EL9ap_o_mode3ELi0EEC1Ei.exit32:1  %t_V_2 = phi i9 [ %n3_V, %hls_label_1_end ], [ 0, %_ZN8ap_fixedILi32ELi12EL9ap_q_mode5EL9ap_o_mode3ELi0EEC1Ei.exit32.preheader ]

]]></Node>
<StgValue><ssdm name="t_V_2"/></StgValue>
</operation>

<operation id="105" st_id="8" stage="1" lat="1">
<core>NULL</core>
<MemPortIdVec></MemPortIdVec>
<condition id="-1">
<or_exp><and_exp></and_exp></or_exp>
</condition>

<Node id="88" bw="1" op_0_bw="1" op_1_bw="9" op_2_bw="32">
<![CDATA[
_ZN8ap_fixedILi32ELi12EL9ap_q_mode5EL9ap_o_mode3ELi0EEC1Ei.exit32:2  %tmp_4 = call i1 @_ssdm_op_BitSelect.i1.i9.i32(i9 %t_V_2, i32 8)

]]></Node>
<StgValue><ssdm name="tmp_4"/></StgValue>
</operation>

<operation id="106" st_id="8" stage="1" lat="1">
<core>NULL</core>
<MemPortIdVec></MemPortIdVec>
<condition id="-1">
<or_exp><and_exp></and_exp></or_exp>
</condition>

<Node id="89" bw="32" op_0_bw="32" op_1_bw="64" op_2_bw="64" op_3_bw="64">
<![CDATA[
_ZN8ap_fixedILi32ELi12EL9ap_q_mode5EL9ap_o_mode3ELi0EEC1Ei.exit32:3  %empty_25 = call i32 (...)* @_ssdm_op_SpecLoopTripCount(i64 1, i64 256, i64 128)

]]></Node>
<StgValue><ssdm name="empty_25"/></StgValue>
</operation>

<operation id="107" st_id="8" stage="1" lat="1">
<core>AddSub</core>
<MemPortIdVec></MemPortIdVec>
<condition id="-1">
<or_exp><and_exp></and_exp></or_exp>
</condition>

<Node id="90" bw="9" op_0_bw="9" op_1_bw="9">
<![CDATA[
_ZN8ap_fixedILi32ELi12EL9ap_q_mode5EL9ap_o_mode3ELi0EEC1Ei.exit32:4  %n3_V = add i9 %t_V_2, 1

]]></Node>
<StgValue><ssdm name="n3_V"/></StgValue>
</operation>

<operation id="108" st_id="8" stage="1" lat="1">
<core>NULL</core>
<MemPortIdVec></MemPortIdVec>
<condition id="-1">
<or_exp><and_exp></and_exp></or_exp>
</condition>

<Node id="91" bw="0" op_0_bw="1" op_1_bw="0" op_2_bw="0">
<![CDATA[
_ZN8ap_fixedILi32ELi12EL9ap_q_mode5EL9ap_o_mode3ELi0EEC1Ei.exit32:5  br i1 %tmp_4, label %.loopexit_ifconv, label %hls_label_1_begin

]]></Node>
<StgValue><ssdm name="br_ln55"/></StgValue>
</operation>

<operation id="109" st_id="8" stage="1" lat="1">
<core>NULL</core>
<MemPortIdVec></MemPortIdVec>
<condition id="-1">
<or_exp><and_exp><literal name="tmp_4" val="0"/>
</and_exp></or_exp>
</condition>

<Node id="93" bw="32" op_0_bw="32" op_1_bw="0">
<![CDATA[
hls_label_1_begin:0  %tmp = call i32 (...)* @_ssdm_op_SpecRegionBegin([12 x i8]* @p_str5)

]]></Node>
<StgValue><ssdm name="tmp"/></StgValue>
</operation>

<operation id="110" st_id="8" stage="1" lat="1">
<core>NULL</core>
<MemPortIdVec></MemPortIdVec>
<condition id="-1">
<or_exp><and_exp><literal name="tmp_4" val="0"/>
</and_exp></or_exp>
</condition>

<Node id="94" bw="0" op_0_bw="0" op_1_bw="32" op_2_bw="32" op_3_bw="32" op_4_bw="32" op_5_bw="0">
<![CDATA[
hls_label_1_begin:1  call void (...)* @_ssdm_op_SpecPipeline(i32 -1, i32 1, i32 1, i32 0, [1 x i8]* @p_str1) nounwind

]]></Node>
<StgValue><ssdm name="specpipeline_ln56"/></StgValue>
</operation>

<operation id="111" st_id="8" stage="1" lat="1">
<core>Cmp</core>
<MemPortIdVec></MemPortIdVec>
<condition id="-1">
<or_exp><and_exp><literal name="tmp_4" val="0"/>
</and_exp></or_exp>
</condition>

<Node id="95" bw="1" op_0_bw="9" op_1_bw="9">
<![CDATA[
hls_label_1_begin:2  %icmp_ln887 = icmp ult i9 %t_V_2, %no_variables_V

]]></Node>
<StgValue><ssdm name="icmp_ln887"/></StgValue>
</operation>

<operation id="112" st_id="8" stage="1" lat="1">
<core>NULL</core>
<MemPortIdVec></MemPortIdVec>
<condition id="-1">
<or_exp><and_exp><literal name="tmp_4" val="0"/>
</and_exp></or_exp>
</condition>

<Node id="96" bw="0" op_0_bw="1" op_1_bw="0" op_2_bw="0">
<![CDATA[
hls_label_1_begin:3  br i1 %icmp_ln887, label %hls_label_1_end, label %.loopexit_ifconv

]]></Node>
<StgValue><ssdm name="br_ln57"/></StgValue>
</operation>

<operation id="113" st_id="8" stage="1" lat="1">
<core>NULL</core>
<MemPortIdVec></MemPortIdVec>
<condition id="-1">
<or_exp><and_exp><literal name="tmp_4" val="0"/>
<literal name="icmp_ln887" val="1"/>
</and_exp></or_exp>
</condition>

<Node id="98" bw="64" op_0_bw="9">
<![CDATA[
hls_label_1_end:0  %zext_ln544_1 = zext i9 %t_V_2 to i64

]]></Node>
<StgValue><ssdm name="zext_ln544_1"/></StgValue>
</operation>

<operation id="114" st_id="8" stage="1" lat="1">
<core>NULL</core>
<MemPortIdVec></MemPortIdVec>
<condition id="-1">
<or_exp><and_exp><literal name="tmp_4" val="0"/>
<literal name="icmp_ln887" val="1"/>
</and_exp></or_exp>
</condition>

<Node id="99" bw="8" op_0_bw="32" op_1_bw="64" op_2_bw="64">
<![CDATA[
hls_label_1_end:1  %w_V_addr_1 = getelementptr [256 x i32]* %w_V, i64 0, i64 %zext_ln544_1

]]></Node>
<StgValue><ssdm name="w_V_addr_1"/></StgValue>
</operation>

<operation id="115" st_id="8" stage="2" lat="2">
<core>RAM</core>
<MemPortIdVec></MemPortIdVec>
<condition id="-1">
<or_exp><and_exp><literal name="tmp_4" val="0"/>
<literal name="icmp_ln887" val="1"/>
</and_exp></or_exp>
</condition>

<Node id="100" bw="32" op_0_bw="8">
<![CDATA[
hls_label_1_end:2  %w_V_load = load i32* %w_V_addr_1, align 4

]]></Node>
<StgValue><ssdm name="w_V_load"/></StgValue>
</operation>
</state>

<state id="9" st_id="9">

<operation id="116" st_id="9" stage="1" lat="2">
<core>RAM</core>
<MemPortIdVec></MemPortIdVec>
<condition id="-1">
<or_exp><and_exp><literal name="tmp_4" val="0"/>
<literal name="icmp_ln887" val="1"/>
</and_exp></or_exp>
</condition>

<Node id="100" bw="32" op_0_bw="8">
<![CDATA[
hls_label_1_end:2  %w_V_load = load i32* %w_V_addr_1, align 4

]]></Node>
<StgValue><ssdm name="w_V_load"/></StgValue>
</operation>

<operation id="117" st_id="9" stage="1" lat="1">
<core>NULL</core>
<MemPortIdVec></MemPortIdVec>
<condition id="-1">
<or_exp><and_exp><literal name="tmp_4" val="0"/>
<literal name="icmp_ln887" val="1"/>
</and_exp></or_exp>
</condition>

<Node id="101" bw="52" op_0_bw="32">
<![CDATA[
hls_label_1_end:3  %sext_ln1118 = sext i32 %w_V_load to i52

]]></Node>
<StgValue><ssdm name="sext_ln1118"/></StgValue>
</operation>

<operation id="118" st_id="9" stage="1" lat="1">
<core>NULL</core>
<MemPortIdVec></MemPortIdVec>
<condition id="-1">
<or_exp><and_exp><literal name="tmp_4" val="0"/>
<literal name="icmp_ln887" val="1"/>
</and_exp></or_exp>
</condition>

<Node id="102" bw="52" op_0_bw="52" op_1_bw="32" op_2_bw="20">
<![CDATA[
hls_label_1_end:4  %lhs_V = call i52 @_ssdm_op_BitConcatenate.i52.i32.i20(i32 %tmp_V_3, i20 0)

]]></Node>
<StgValue><ssdm name="lhs_V"/></StgValue>
</operation>

<operation id="119" st_id="9" stage="1" lat="1">
<core>Mul</core>
<MemPortIdVec></MemPortIdVec>
<condition id="-1">
<or_exp><and_exp><literal name="tmp_4" val="0"/>
<literal name="icmp_ln887" val="1"/>
</and_exp></or_exp>
</condition>

<Node id="103" bw="52" op_0_bw="52" op_1_bw="52">
<![CDATA[
hls_label_1_end:5  %mul_ln1192 = mul i52 %sext_ln1118, %sext_ln1118

]]></Node>
<StgValue><ssdm name="mul_ln1192"/></StgValue>
</operation>

<operation id="120" st_id="9" stage="1" lat="1">
<core>AddSub</core>
<MemPortIdVec></MemPortIdVec>
<condition id="-1">
<or_exp><and_exp><literal name="tmp_4" val="0"/>
<literal name="icmp_ln887" val="1"/>
</and_exp></or_exp>
</condition>

<Node id="104" bw="52" op_0_bw="52" op_1_bw="52">
<![CDATA[
hls_label_1_end:6  %ret_V_2 = add i52 %mul_ln1192, %lhs_V

]]></Node>
<StgValue><ssdm name="ret_V_2"/></StgValue>
</operation>

<operation id="121" st_id="9" stage="1" lat="1">
<core>NULL</core>
<MemPortIdVec></MemPortIdVec>
<condition id="-1">
<or_exp><and_exp><literal name="tmp_4" val="0"/>
<literal name="icmp_ln887" val="1"/>
</and_exp></or_exp>
</condition>

<Node id="105" bw="32" op_0_bw="32" op_1_bw="52" op_2_bw="32" op_3_bw="32">
<![CDATA[
hls_label_1_end:7  %square_norm_V = call i32 @_ssdm_op_PartSelect.i32.i52.i32.i32(i52 %ret_V_2, i32 20, i32 51)

]]></Node>
<StgValue><ssdm name="square_norm_V"/></StgValue>
</operation>

<operation id="122" st_id="9" stage="1" lat="1">
<core>NULL</core>
<MemPortIdVec></MemPortIdVec>
<condition id="-1">
<or_exp><and_exp><literal name="tmp_4" val="0"/>
<literal name="icmp_ln887" val="1"/>
</and_exp></or_exp>
</condition>

<Node id="106" bw="32" op_0_bw="32" op_1_bw="0" op_2_bw="32">
<![CDATA[
hls_label_1_end:8  %empty_26 = call i32 (...)* @_ssdm_op_SpecRegionEnd([12 x i8]* @p_str5, i32 %tmp)

]]></Node>
<StgValue><ssdm name="empty_26"/></StgValue>
</operation>

<operation id="123" st_id="9" stage="1" lat="1">
<core>NULL</core>
<MemPortIdVec></MemPortIdVec>
<condition id="-1">
<or_exp><and_exp><literal name="tmp_4" val="0"/>
<literal name="icmp_ln887" val="1"/>
</and_exp></or_exp>
</condition>

<Node id="107" bw="0" op_0_bw="0">
<![CDATA[
hls_label_1_end:9  br label %_ZN8ap_fixedILi32ELi12EL9ap_q_mode5EL9ap_o_mode3ELi0EEC1Ei.exit32

]]></Node>
<StgValue><ssdm name="br_ln55"/></StgValue>
</operation>
</state>

<state id="10" st_id="10">

<operation id="124" st_id="10" stage="1" lat="1">
<core>Cmp</core>
<MemPortIdVec></MemPortIdVec>
<condition id="-1">
<or_exp><and_exp></and_exp></or_exp>
</condition>

<Node id="109" bw="1" op_0_bw="32" op_1_bw="32">
<![CDATA[
.loopexit_ifconv:0  %icmp_ln935 = icmp eq i32 %tmp_V_3, 0

]]></Node>
<StgValue><ssdm name="icmp_ln935"/></StgValue>
</operation>

<operation id="125" st_id="10" stage="1" lat="1">
<core>NULL</core>
<MemPortIdVec></MemPortIdVec>
<condition id="-1">
<or_exp><and_exp></and_exp></or_exp>
</condition>

<Node id="110" bw="1" op_0_bw="1" op_1_bw="32" op_2_bw="32">
<![CDATA[
.loopexit_ifconv:1  %p_Result_5 = call i1 @_ssdm_op_BitSelect.i1.i32.i32(i32 %tmp_V_3, i32 31)

]]></Node>
<StgValue><ssdm name="p_Result_5"/></StgValue>
</operation>

<operation id="126" st_id="10" stage="1" lat="1">
<core>AddSub</core>
<MemPortIdVec></MemPortIdVec>
<condition id="-1">
<or_exp><and_exp></and_exp></or_exp>
</condition>

<Node id="111" bw="32" op_0_bw="32" op_1_bw="32">
<![CDATA[
.loopexit_ifconv:2  %tmp_V = sub nsw i32 0, %tmp_V_3

]]></Node>
<StgValue><ssdm name="tmp_V"/></StgValue>
</operation>

<operation id="127" st_id="10" stage="1" lat="1">
<core>Sel</core>
<MemPortIdVec></MemPortIdVec>
<condition id="-1">
<or_exp><and_exp></and_exp></or_exp>
</condition>

<Node id="112" bw="32" op_0_bw="1" op_1_bw="32" op_2_bw="32">
<![CDATA[
.loopexit_ifconv:3  %tmp_V_4 = select i1 %p_Result_5, i32 %tmp_V, i32 %tmp_V_3

]]></Node>
<StgValue><ssdm name="tmp_V_4"/></StgValue>
</operation>

<operation id="128" st_id="10" stage="1" lat="1">
<core>NULL</core>
<MemPortIdVec></MemPortIdVec>
<condition id="-1">
<or_exp><and_exp></and_exp></or_exp>
</condition>

<Node id="113" bw="32" op_0_bw="32" op_1_bw="32" op_2_bw="32" op_3_bw="32">
<![CDATA[
.loopexit_ifconv:4  %p_Result_6 = call i32 @_ssdm_op_PartSelect.i32.i32.i32.i32(i32 %tmp_V_4, i32 31, i32 0)

]]></Node>
<StgValue><ssdm name="p_Result_6"/></StgValue>
</operation>

<operation id="129" st_id="10" stage="1" lat="1">
<core>CTTZ</core>
<MemPortIdVec></MemPortIdVec>
<condition id="-1">
<or_exp><and_exp></and_exp></or_exp>
</condition>

<Node id="114" bw="32" op_0_bw="32" op_1_bw="32" op_2_bw="1">
<![CDATA[
.loopexit_ifconv:5  %l = call i32 @llvm.cttz.i32(i32 %p_Result_6, i1 true) nounwind

]]></Node>
<StgValue><ssdm name="l"/></StgValue>
</operation>

<operation id="130" st_id="10" stage="1" lat="1">
<core>AddSub</core>
<MemPortIdVec></MemPortIdVec>
<condition id="-1">
<or_exp><and_exp></and_exp></or_exp>
</condition>

<Node id="115" bw="32" op_0_bw="32" op_1_bw="32">
<![CDATA[
.loopexit_ifconv:6  %sub_ln944 = sub nsw i32 32, %l

]]></Node>
<StgValue><ssdm name="sub_ln944"/></StgValue>
</operation>

<operation id="131" st_id="10" stage="1" lat="1">
<core>AddSub</core>
<MemPortIdVec></MemPortIdVec>
<condition id="-1">
<or_exp><and_exp></and_exp></or_exp>
</condition>

<Node id="116" bw="32" op_0_bw="32" op_1_bw="32">
<![CDATA[
.loopexit_ifconv:7  %lsb_index = add nsw i32 -24, %sub_ln944

]]></Node>
<StgValue><ssdm name="lsb_index"/></StgValue>
</operation>

<operation id="132" st_id="10" stage="1" lat="1">
<core>NULL</core>
<MemPortIdVec></MemPortIdVec>
<condition id="-1">
<or_exp><and_exp></and_exp></or_exp>
</condition>

<Node id="117" bw="31" op_0_bw="31" op_1_bw="32" op_2_bw="32" op_3_bw="32">
<![CDATA[
.loopexit_ifconv:8  %tmp_8 = call i31 @_ssdm_op_PartSelect.i31.i32.i32.i32(i32 %lsb_index, i32 1, i32 31)

]]></Node>
<StgValue><ssdm name="tmp_8"/></StgValue>
</operation>

<operation id="133" st_id="10" stage="1" lat="1">
<core>Cmp</core>
<MemPortIdVec></MemPortIdVec>
<condition id="-1">
<or_exp><and_exp></and_exp></or_exp>
</condition>

<Node id="118" bw="1" op_0_bw="31" op_1_bw="31">
<![CDATA[
.loopexit_ifconv:9  %icmp_ln947 = icmp sgt i31 %tmp_8, 0

]]></Node>
<StgValue><ssdm name="icmp_ln947"/></StgValue>
</operation>

<operation id="134" st_id="10" stage="1" lat="1">
<core>NULL</core>
<MemPortIdVec></MemPortIdVec>
<condition id="-1">
<or_exp><and_exp></and_exp></or_exp>
</condition>

<Node id="119" bw="6" op_0_bw="32">
<![CDATA[
.loopexit_ifconv:10  %trunc_ln947 = trunc i32 %sub_ln944 to i6

]]></Node>
<StgValue><ssdm name="trunc_ln947"/></StgValue>
</operation>

<operation id="135" st_id="10" stage="1" lat="1">
<core>AddSub</core>
<MemPortIdVec></MemPortIdVec>
<condition id="-1">
<or_exp><and_exp></and_exp></or_exp>
</condition>

<Node id="120" bw="6" op_0_bw="6" op_1_bw="6">
<![CDATA[
.loopexit_ifconv:11  %sub_ln947 = sub i6 -7, %trunc_ln947

]]></Node>
<StgValue><ssdm name="sub_ln947"/></StgValue>
</operation>

<operation id="136" st_id="10" stage="1" lat="1">
<core>NULL</core>
<MemPortIdVec></MemPortIdVec>
<condition id="-1">
<or_exp><and_exp></and_exp></or_exp>
</condition>

<Node id="121" bw="32" op_0_bw="6">
<![CDATA[
.loopexit_ifconv:12  %zext_ln947 = zext i6 %sub_ln947 to i32

]]></Node>
<StgValue><ssdm name="zext_ln947"/></StgValue>
</operation>

<operation id="137" st_id="10" stage="1" lat="1">
<core>Shift</core>
<MemPortIdVec></MemPortIdVec>
<condition id="-1">
<or_exp><and_exp></and_exp></or_exp>
</condition>

<Node id="122" bw="32" op_0_bw="32" op_1_bw="32">
<![CDATA[
.loopexit_ifconv:13  %lshr_ln947 = lshr i32 -1, %zext_ln947

]]></Node>
<StgValue><ssdm name="lshr_ln947"/></StgValue>
</operation>

<operation id="138" st_id="10" stage="1" lat="1">
<core>LogicGate</core>
<MemPortIdVec></MemPortIdVec>
<condition id="-1">
<or_exp><and_exp></and_exp></or_exp>
</condition>

<Node id="123" bw="32" op_0_bw="32" op_1_bw="32">
<![CDATA[
.loopexit_ifconv:14  %p_Result_s = and i32 %tmp_V_4, %lshr_ln947

]]></Node>
<StgValue><ssdm name="p_Result_s"/></StgValue>
</operation>

<operation id="139" st_id="10" stage="1" lat="1">
<core>Cmp</core>
<MemPortIdVec></MemPortIdVec>
<condition id="-1">
<or_exp><and_exp></and_exp></or_exp>
</condition>

<Node id="124" bw="1" op_0_bw="32" op_1_bw="32">
<![CDATA[
.loopexit_ifconv:15  %icmp_ln947_1 = icmp ne i32 %p_Result_s, 0

]]></Node>
<StgValue><ssdm name="icmp_ln947_1"/></StgValue>
</operation>

<operation id="140" st_id="10" stage="1" lat="1">
<core>LogicGate</core>
<MemPortIdVec></MemPortIdVec>
<condition id="-1">
<or_exp><and_exp></and_exp></or_exp>
</condition>

<Node id="125" bw="1" op_0_bw="1" op_1_bw="1">
<![CDATA[
.loopexit_ifconv:16  %a = and i1 %icmp_ln947, %icmp_ln947_1

]]></Node>
<StgValue><ssdm name="a"/></StgValue>
</operation>

<operation id="141" st_id="10" stage="1" lat="1">
<core>NULL</core>
<MemPortIdVec></MemPortIdVec>
<condition id="-1">
<or_exp><and_exp></and_exp></or_exp>
</condition>

<Node id="126" bw="1" op_0_bw="1" op_1_bw="32" op_2_bw="32">
<![CDATA[
.loopexit_ifconv:17  %tmp_9 = call i1 @_ssdm_op_BitSelect.i1.i32.i32(i32 %lsb_index, i32 31)

]]></Node>
<StgValue><ssdm name="tmp_9"/></StgValue>
</operation>

<operation id="142" st_id="10" stage="1" lat="1">
<core>LogicGate</core>
<MemPortIdVec></MemPortIdVec>
<condition id="-1">
<or_exp><and_exp></and_exp></or_exp>
</condition>

<Node id="127" bw="1" op_0_bw="1" op_1_bw="1">
<![CDATA[
.loopexit_ifconv:18  %xor_ln949 = xor i1 %tmp_9, true

]]></Node>
<StgValue><ssdm name="xor_ln949"/></StgValue>
</operation>

<operation id="143" st_id="10" stage="1" lat="1">
<core>NULL</core>
<MemPortIdVec></MemPortIdVec>
<condition id="-1">
<or_exp><and_exp></and_exp></or_exp>
</condition>

<Node id="128" bw="1" op_0_bw="1" op_1_bw="32" op_2_bw="32">
<![CDATA[
.loopexit_ifconv:19  %p_Result_1 = call i1 @_ssdm_op_BitSelect.i1.i32.i32(i32 %tmp_V_4, i32 %lsb_index)

]]></Node>
<StgValue><ssdm name="p_Result_1"/></StgValue>
</operation>

<operation id="144" st_id="10" stage="1" lat="1">
<core>LogicGate</core>
<MemPortIdVec></MemPortIdVec>
<condition id="-1">
<or_exp><and_exp></and_exp></or_exp>
</condition>

<Node id="129" bw="1" op_0_bw="1" op_1_bw="1">
<![CDATA[
.loopexit_ifconv:20  %and_ln949 = and i1 %p_Result_1, %xor_ln949

]]></Node>
<StgValue><ssdm name="and_ln949"/></StgValue>
</operation>

<operation id="145" st_id="10" stage="1" lat="1">
<core>LogicGate</core>
<MemPortIdVec></MemPortIdVec>
<condition id="-1">
<or_exp><and_exp></and_exp></or_exp>
</condition>

<Node id="130" bw="1" op_0_bw="1" op_1_bw="1">
<![CDATA[
.loopexit_ifconv:21  %or_ln949 = or i1 %and_ln949, %a

]]></Node>
<StgValue><ssdm name="or_ln949"/></StgValue>
</operation>

<operation id="146" st_id="10" stage="1" lat="1">
<core>NULL</core>
<MemPortIdVec></MemPortIdVec>
<condition id="-1">
<or_exp><and_exp></and_exp></or_exp>
</condition>

<Node id="131" bw="32" op_0_bw="32" op_1_bw="31" op_2_bw="1">
<![CDATA[
.loopexit_ifconv:22  %or_ln = call i32 @_ssdm_op_BitConcatenate.i32.i31.i1(i31 0, i1 %or_ln949)

]]></Node>
<StgValue><ssdm name="or_ln"/></StgValue>
</operation>

<operation id="147" st_id="10" stage="1" lat="1">
<core>Cmp</core>
<MemPortIdVec></MemPortIdVec>
<condition id="-1">
<or_exp><and_exp></and_exp></or_exp>
</condition>

<Node id="132" bw="1" op_0_bw="32" op_1_bw="32">
<![CDATA[
.loopexit_ifconv:23  %icmp_ln958 = icmp sgt i32 %lsb_index, 0

]]></Node>
<StgValue><ssdm name="icmp_ln958"/></StgValue>
</operation>

<operation id="148" st_id="10" stage="1" lat="1">
<core>AddSub</core>
<MemPortIdVec></MemPortIdVec>
<condition id="-1">
<or_exp><and_exp></and_exp></or_exp>
</condition>

<Node id="133" bw="32" op_0_bw="32" op_1_bw="32">
<![CDATA[
.loopexit_ifconv:24  %add_ln958 = add nsw i32 -25, %sub_ln944

]]></Node>
<StgValue><ssdm name="add_ln958"/></StgValue>
</operation>

<operation id="149" st_id="10" stage="1" lat="1">
<core>Shift</core>
<MemPortIdVec></MemPortIdVec>
<condition id="-1">
<or_exp><and_exp></and_exp></or_exp>
</condition>

<Node id="134" bw="32" op_0_bw="32" op_1_bw="32">
<![CDATA[
.loopexit_ifconv:25  %lshr_ln958 = lshr i32 %tmp_V_4, %add_ln958

]]></Node>
<StgValue><ssdm name="lshr_ln958"/></StgValue>
</operation>

<operation id="150" st_id="10" stage="1" lat="1">
<core>AddSub</core>
<MemPortIdVec></MemPortIdVec>
<condition id="-1">
<or_exp><and_exp></and_exp></or_exp>
</condition>

<Node id="135" bw="32" op_0_bw="32" op_1_bw="32">
<![CDATA[
.loopexit_ifconv:26  %sub_ln958 = sub i32 25, %sub_ln944

]]></Node>
<StgValue><ssdm name="sub_ln958"/></StgValue>
</operation>

<operation id="151" st_id="10" stage="1" lat="1">
<core>Shift</core>
<MemPortIdVec></MemPortIdVec>
<condition id="-1">
<or_exp><and_exp></and_exp></or_exp>
</condition>

<Node id="136" bw="32" op_0_bw="32" op_1_bw="32">
<![CDATA[
.loopexit_ifconv:27  %shl_ln958 = shl i32 %tmp_V_4, %sub_ln958

]]></Node>
<StgValue><ssdm name="shl_ln958"/></StgValue>
</operation>

<operation id="152" st_id="10" stage="1" lat="1">
<core>Sel</core>
<MemPortIdVec></MemPortIdVec>
<condition id="-1">
<or_exp><and_exp></and_exp></or_exp>
</condition>

<Node id="137" bw="32" op_0_bw="1" op_1_bw="32" op_2_bw="32">
<![CDATA[
.loopexit_ifconv:28  %m_2 = select i1 %icmp_ln958, i32 %lshr_ln958, i32 %shl_ln958

]]></Node>
<StgValue><ssdm name="m_2"/></StgValue>
</operation>

<operation id="153" st_id="10" stage="1" lat="1">
<core>AddSub</core>
<MemPortIdVec></MemPortIdVec>
<condition id="-1">
<or_exp><and_exp></and_exp></or_exp>
</condition>

<Node id="138" bw="32" op_0_bw="32" op_1_bw="32">
<![CDATA[
.loopexit_ifconv:29  %m_3 = add i32 %or_ln, %m_2

]]></Node>
<StgValue><ssdm name="m_3"/></StgValue>
</operation>

<operation id="154" st_id="10" stage="1" lat="1">
<core>NULL</core>
<MemPortIdVec></MemPortIdVec>
<condition id="-1">
<or_exp><and_exp></and_exp></or_exp>
</condition>

<Node id="139" bw="31" op_0_bw="31" op_1_bw="32" op_2_bw="32" op_3_bw="32">
<![CDATA[
.loopexit_ifconv:30  %m = call i31 @_ssdm_op_PartSelect.i31.i32.i32.i32(i32 %m_3, i32 1, i32 31)

]]></Node>
<StgValue><ssdm name="m"/></StgValue>
</operation>

<operation id="155" st_id="10" stage="1" lat="1">
<core>NULL</core>
<MemPortIdVec></MemPortIdVec>
<condition id="-1">
<or_exp><and_exp></and_exp></or_exp>
</condition>

<Node id="140" bw="32" op_0_bw="31">
<![CDATA[
.loopexit_ifconv:31  %m_6 = zext i31 %m to i32

]]></Node>
<StgValue><ssdm name="m_6"/></StgValue>
</operation>

<operation id="156" st_id="10" stage="1" lat="1">
<core>NULL</core>
<MemPortIdVec></MemPortIdVec>
<condition id="-1">
<or_exp><and_exp></and_exp></or_exp>
</condition>

<Node id="141" bw="1" op_0_bw="1" op_1_bw="32" op_2_bw="32">
<![CDATA[
.loopexit_ifconv:32  %tmp_10 = call i1 @_ssdm_op_BitSelect.i1.i32.i32(i32 %m_3, i32 25)

]]></Node>
<StgValue><ssdm name="tmp_10"/></StgValue>
</operation>

<operation id="157" st_id="10" stage="1" lat="1">
<core>Sel</core>
<MemPortIdVec></MemPortIdVec>
<condition id="-1">
<or_exp><and_exp></and_exp></or_exp>
</condition>

<Node id="142" bw="8" op_0_bw="1" op_1_bw="8" op_2_bw="8">
<![CDATA[
.loopexit_ifconv:33  %select_ln964 = select i1 %tmp_10, i8 127, i8 126

]]></Node>
<StgValue><ssdm name="select_ln964"/></StgValue>
</operation>

<operation id="158" st_id="10" stage="1" lat="1">
<core>NULL</core>
<MemPortIdVec></MemPortIdVec>
<condition id="-1">
<or_exp><and_exp></and_exp></or_exp>
</condition>

<Node id="143" bw="8" op_0_bw="32">
<![CDATA[
.loopexit_ifconv:34  %trunc_ln943 = trunc i32 %l to i8

]]></Node>
<StgValue><ssdm name="trunc_ln943"/></StgValue>
</operation>

<operation id="159" st_id="10" stage="1" lat="1">
<core>TAddSub</core>
<MemPortIdVec></MemPortIdVec>
<condition id="-1">
<or_exp><and_exp></and_exp></or_exp>
</condition>

<Node id="144" bw="8" op_0_bw="8" op_1_bw="8">
<![CDATA[
.loopexit_ifconv:35  %sub_ln964 = sub i8 12, %trunc_ln943

]]></Node>
<StgValue><ssdm name="sub_ln964"/></StgValue>
</operation>

<operation id="160" st_id="10" stage="1" lat="1">
<core>TAddSub</core>
<MemPortIdVec></MemPortIdVec>
<condition id="-1">
<or_exp><and_exp></and_exp></or_exp>
</condition>

<Node id="145" bw="8" op_0_bw="8" op_1_bw="8">
<![CDATA[
.loopexit_ifconv:36  %add_ln964 = add i8 %sub_ln964, %select_ln964

]]></Node>
<StgValue><ssdm name="add_ln964"/></StgValue>
</operation>

<operation id="161" st_id="10" stage="1" lat="1">
<core>NULL</core>
<MemPortIdVec></MemPortIdVec>
<condition id="-1">
<or_exp><and_exp></and_exp></or_exp>
</condition>

<Node id="146" bw="9" op_0_bw="9" op_1_bw="1" op_2_bw="8">
<![CDATA[
.loopexit_ifconv:37  %tmp_3 = call i9 @_ssdm_op_BitConcatenate.i9.i1.i8(i1 %p_Result_5, i8 %add_ln964)

]]></Node>
<StgValue><ssdm name="tmp_3"/></StgValue>
</operation>

<operation id="162" st_id="10" stage="1" lat="1">
<core>NULL</core>
<MemPortIdVec></MemPortIdVec>
<condition id="-1">
<or_exp><and_exp></and_exp></or_exp>
</condition>

<Node id="147" bw="32" op_0_bw="32" op_1_bw="32" op_2_bw="9" op_3_bw="32" op_4_bw="32">
<![CDATA[
.loopexit_ifconv:38  %p_Result_7 = call i32 @_ssdm_op_PartSet.i32.i32.i9.i32.i32(i32 %m_6, i9 %tmp_3, i32 23, i32 31)

]]></Node>
<StgValue><ssdm name="p_Result_7"/></StgValue>
</operation>
</state>

<state id="11" st_id="11">

<operation id="163" st_id="11" stage="1" lat="1">
<core>NULL</core>
<MemPortIdVec></MemPortIdVec>
<condition id="-1">
<or_exp><and_exp><literal name="icmp_ln935" val="0"/>
</and_exp></or_exp>
</condition>

<Node id="148" bw="32" op_0_bw="32">
<![CDATA[
.loopexit_ifconv:39  %bitcast_ln739 = bitcast i32 %p_Result_7 to float

]]></Node>
<StgValue><ssdm name="bitcast_ln739"/></StgValue>
</operation>

<operation id="164" st_id="11" stage="2" lat="2">
<core>Float2Double</core>
<MemPortIdVec></MemPortIdVec>
<condition id="-1">
<or_exp><and_exp><literal name="icmp_ln935" val="0"/>
</and_exp></or_exp>
</condition>

<Node id="149" bw="64" op_0_bw="32">
<![CDATA[
.loopexit_ifconv:40  %tmp_2 = fpext float %bitcast_ln739 to double

]]></Node>
<StgValue><ssdm name="tmp_2"/></StgValue>
</operation>
</state>

<state id="12" st_id="12">

<operation id="165" st_id="12" stage="1" lat="2">
<core>Float2Double</core>
<MemPortIdVec></MemPortIdVec>
<condition id="-1">
<or_exp><and_exp><literal name="icmp_ln935" val="0"/>
</and_exp></or_exp>
</condition>

<Node id="149" bw="64" op_0_bw="32">
<![CDATA[
.loopexit_ifconv:40  %tmp_2 = fpext float %bitcast_ln739 to double

]]></Node>
<StgValue><ssdm name="tmp_2"/></StgValue>
</operation>

<operation id="166" st_id="12" stage="1" lat="1">
<core>Sel</core>
<MemPortIdVec></MemPortIdVec>
<condition id="-1">
<or_exp><and_exp></and_exp></or_exp>
</condition>

<Node id="150" bw="64" op_0_bw="1" op_1_bw="64" op_2_bw="64">
<![CDATA[
.loopexit_ifconv:41  %select_ln64 = select i1 %icmp_ln935, double 0.000000e+00, double %tmp_2

]]></Node>
<StgValue><ssdm name="select_ln64"/></StgValue>
</operation>
</state>

<state id="13" st_id="13">

<operation id="167" st_id="13" stage="21" lat="21">
<core>DSqrt</core>
<MemPortIdVec></MemPortIdVec>
<condition id="-1">
<or_exp><and_exp></and_exp></or_exp>
</condition>

<Node id="151" bw="64" op_0_bw="64" op_1_bw="64">
<![CDATA[
.loopexit_ifconv:42  %v_assign = call double @llvm.sqrt.f64(double %select_ln64)

]]></Node>
<StgValue><ssdm name="v_assign"/></StgValue>
</operation>
</state>

<state id="14" st_id="14">

<operation id="168" st_id="14" stage="20" lat="21">
<core>DSqrt</core>
<MemPortIdVec></MemPortIdVec>
<condition id="-1">
<or_exp><and_exp></and_exp></or_exp>
</condition>

<Node id="151" bw="64" op_0_bw="64" op_1_bw="64">
<![CDATA[
.loopexit_ifconv:42  %v_assign = call double @llvm.sqrt.f64(double %select_ln64)

]]></Node>
<StgValue><ssdm name="v_assign"/></StgValue>
</operation>
</state>

<state id="15" st_id="15">

<operation id="169" st_id="15" stage="19" lat="21">
<core>DSqrt</core>
<MemPortIdVec></MemPortIdVec>
<condition id="-1">
<or_exp><and_exp></and_exp></or_exp>
</condition>

<Node id="151" bw="64" op_0_bw="64" op_1_bw="64">
<![CDATA[
.loopexit_ifconv:42  %v_assign = call double @llvm.sqrt.f64(double %select_ln64)

]]></Node>
<StgValue><ssdm name="v_assign"/></StgValue>
</operation>
</state>

<state id="16" st_id="16">

<operation id="170" st_id="16" stage="18" lat="21">
<core>DSqrt</core>
<MemPortIdVec></MemPortIdVec>
<condition id="-1">
<or_exp><and_exp></and_exp></or_exp>
</condition>

<Node id="151" bw="64" op_0_bw="64" op_1_bw="64">
<![CDATA[
.loopexit_ifconv:42  %v_assign = call double @llvm.sqrt.f64(double %select_ln64)

]]></Node>
<StgValue><ssdm name="v_assign"/></StgValue>
</operation>
</state>

<state id="17" st_id="17">

<operation id="171" st_id="17" stage="17" lat="21">
<core>DSqrt</core>
<MemPortIdVec></MemPortIdVec>
<condition id="-1">
<or_exp><and_exp></and_exp></or_exp>
</condition>

<Node id="151" bw="64" op_0_bw="64" op_1_bw="64">
<![CDATA[
.loopexit_ifconv:42  %v_assign = call double @llvm.sqrt.f64(double %select_ln64)

]]></Node>
<StgValue><ssdm name="v_assign"/></StgValue>
</operation>
</state>

<state id="18" st_id="18">

<operation id="172" st_id="18" stage="16" lat="21">
<core>DSqrt</core>
<MemPortIdVec></MemPortIdVec>
<condition id="-1">
<or_exp><and_exp></and_exp></or_exp>
</condition>

<Node id="151" bw="64" op_0_bw="64" op_1_bw="64">
<![CDATA[
.loopexit_ifconv:42  %v_assign = call double @llvm.sqrt.f64(double %select_ln64)

]]></Node>
<StgValue><ssdm name="v_assign"/></StgValue>
</operation>
</state>

<state id="19" st_id="19">

<operation id="173" st_id="19" stage="15" lat="21">
<core>DSqrt</core>
<MemPortIdVec></MemPortIdVec>
<condition id="-1">
<or_exp><and_exp></and_exp></or_exp>
</condition>

<Node id="151" bw="64" op_0_bw="64" op_1_bw="64">
<![CDATA[
.loopexit_ifconv:42  %v_assign = call double @llvm.sqrt.f64(double %select_ln64)

]]></Node>
<StgValue><ssdm name="v_assign"/></StgValue>
</operation>
</state>

<state id="20" st_id="20">

<operation id="174" st_id="20" stage="14" lat="21">
<core>DSqrt</core>
<MemPortIdVec></MemPortIdVec>
<condition id="-1">
<or_exp><and_exp></and_exp></or_exp>
</condition>

<Node id="151" bw="64" op_0_bw="64" op_1_bw="64">
<![CDATA[
.loopexit_ifconv:42  %v_assign = call double @llvm.sqrt.f64(double %select_ln64)

]]></Node>
<StgValue><ssdm name="v_assign"/></StgValue>
</operation>
</state>

<state id="21" st_id="21">

<operation id="175" st_id="21" stage="13" lat="21">
<core>DSqrt</core>
<MemPortIdVec></MemPortIdVec>
<condition id="-1">
<or_exp><and_exp></and_exp></or_exp>
</condition>

<Node id="151" bw="64" op_0_bw="64" op_1_bw="64">
<![CDATA[
.loopexit_ifconv:42  %v_assign = call double @llvm.sqrt.f64(double %select_ln64)

]]></Node>
<StgValue><ssdm name="v_assign"/></StgValue>
</operation>
</state>

<state id="22" st_id="22">

<operation id="176" st_id="22" stage="12" lat="21">
<core>DSqrt</core>
<MemPortIdVec></MemPortIdVec>
<condition id="-1">
<or_exp><and_exp></and_exp></or_exp>
</condition>

<Node id="151" bw="64" op_0_bw="64" op_1_bw="64">
<![CDATA[
.loopexit_ifconv:42  %v_assign = call double @llvm.sqrt.f64(double %select_ln64)

]]></Node>
<StgValue><ssdm name="v_assign"/></StgValue>
</operation>
</state>

<state id="23" st_id="23">

<operation id="177" st_id="23" stage="11" lat="21">
<core>DSqrt</core>
<MemPortIdVec></MemPortIdVec>
<condition id="-1">
<or_exp><and_exp></and_exp></or_exp>
</condition>

<Node id="151" bw="64" op_0_bw="64" op_1_bw="64">
<![CDATA[
.loopexit_ifconv:42  %v_assign = call double @llvm.sqrt.f64(double %select_ln64)

]]></Node>
<StgValue><ssdm name="v_assign"/></StgValue>
</operation>
</state>

<state id="24" st_id="24">

<operation id="178" st_id="24" stage="10" lat="21">
<core>DSqrt</core>
<MemPortIdVec></MemPortIdVec>
<condition id="-1">
<or_exp><and_exp></and_exp></or_exp>
</condition>

<Node id="151" bw="64" op_0_bw="64" op_1_bw="64">
<![CDATA[
.loopexit_ifconv:42  %v_assign = call double @llvm.sqrt.f64(double %select_ln64)

]]></Node>
<StgValue><ssdm name="v_assign"/></StgValue>
</operation>
</state>

<state id="25" st_id="25">

<operation id="179" st_id="25" stage="9" lat="21">
<core>DSqrt</core>
<MemPortIdVec></MemPortIdVec>
<condition id="-1">
<or_exp><and_exp></and_exp></or_exp>
</condition>

<Node id="151" bw="64" op_0_bw="64" op_1_bw="64">
<![CDATA[
.loopexit_ifconv:42  %v_assign = call double @llvm.sqrt.f64(double %select_ln64)

]]></Node>
<StgValue><ssdm name="v_assign"/></StgValue>
</operation>
</state>

<state id="26" st_id="26">

<operation id="180" st_id="26" stage="8" lat="21">
<core>DSqrt</core>
<MemPortIdVec></MemPortIdVec>
<condition id="-1">
<or_exp><and_exp></and_exp></or_exp>
</condition>

<Node id="151" bw="64" op_0_bw="64" op_1_bw="64">
<![CDATA[
.loopexit_ifconv:42  %v_assign = call double @llvm.sqrt.f64(double %select_ln64)

]]></Node>
<StgValue><ssdm name="v_assign"/></StgValue>
</operation>
</state>

<state id="27" st_id="27">

<operation id="181" st_id="27" stage="7" lat="21">
<core>DSqrt</core>
<MemPortIdVec></MemPortIdVec>
<condition id="-1">
<or_exp><and_exp></and_exp></or_exp>
</condition>

<Node id="151" bw="64" op_0_bw="64" op_1_bw="64">
<![CDATA[
.loopexit_ifconv:42  %v_assign = call double @llvm.sqrt.f64(double %select_ln64)

]]></Node>
<StgValue><ssdm name="v_assign"/></StgValue>
</operation>
</state>

<state id="28" st_id="28">

<operation id="182" st_id="28" stage="6" lat="21">
<core>DSqrt</core>
<MemPortIdVec></MemPortIdVec>
<condition id="-1">
<or_exp><and_exp></and_exp></or_exp>
</condition>

<Node id="151" bw="64" op_0_bw="64" op_1_bw="64">
<![CDATA[
.loopexit_ifconv:42  %v_assign = call double @llvm.sqrt.f64(double %select_ln64)

]]></Node>
<StgValue><ssdm name="v_assign"/></StgValue>
</operation>
</state>

<state id="29" st_id="29">

<operation id="183" st_id="29" stage="5" lat="21">
<core>DSqrt</core>
<MemPortIdVec></MemPortIdVec>
<condition id="-1">
<or_exp><and_exp></and_exp></or_exp>
</condition>

<Node id="151" bw="64" op_0_bw="64" op_1_bw="64">
<![CDATA[
.loopexit_ifconv:42  %v_assign = call double @llvm.sqrt.f64(double %select_ln64)

]]></Node>
<StgValue><ssdm name="v_assign"/></StgValue>
</operation>
</state>

<state id="30" st_id="30">

<operation id="184" st_id="30" stage="4" lat="21">
<core>DSqrt</core>
<MemPortIdVec></MemPortIdVec>
<condition id="-1">
<or_exp><and_exp></and_exp></or_exp>
</condition>

<Node id="151" bw="64" op_0_bw="64" op_1_bw="64">
<![CDATA[
.loopexit_ifconv:42  %v_assign = call double @llvm.sqrt.f64(double %select_ln64)

]]></Node>
<StgValue><ssdm name="v_assign"/></StgValue>
</operation>
</state>

<state id="31" st_id="31">

<operation id="185" st_id="31" stage="3" lat="21">
<core>DSqrt</core>
<MemPortIdVec></MemPortIdVec>
<condition id="-1">
<or_exp><and_exp></and_exp></or_exp>
</condition>

<Node id="151" bw="64" op_0_bw="64" op_1_bw="64">
<![CDATA[
.loopexit_ifconv:42  %v_assign = call double @llvm.sqrt.f64(double %select_ln64)

]]></Node>
<StgValue><ssdm name="v_assign"/></StgValue>
</operation>
</state>

<state id="32" st_id="32">

<operation id="186" st_id="32" stage="2" lat="21">
<core>DSqrt</core>
<MemPortIdVec></MemPortIdVec>
<condition id="-1">
<or_exp><and_exp></and_exp></or_exp>
</condition>

<Node id="151" bw="64" op_0_bw="64" op_1_bw="64">
<![CDATA[
.loopexit_ifconv:42  %v_assign = call double @llvm.sqrt.f64(double %select_ln64)

]]></Node>
<StgValue><ssdm name="v_assign"/></StgValue>
</operation>
</state>

<state id="33" st_id="33">

<operation id="187" st_id="33" stage="1" lat="21">
<core>DSqrt</core>
<MemPortIdVec></MemPortIdVec>
<condition id="-1">
<or_exp><and_exp></and_exp></or_exp>
</condition>

<Node id="151" bw="64" op_0_bw="64" op_1_bw="64">
<![CDATA[
.loopexit_ifconv:42  %v_assign = call double @llvm.sqrt.f64(double %select_ln64)

]]></Node>
<StgValue><ssdm name="v_assign"/></StgValue>
</operation>
</state>

<state id="34" st_id="34">

<operation id="188" st_id="34" stage="1" lat="1">
<core>NULL</core>
<MemPortIdVec></MemPortIdVec>
<condition id="-1">
<or_exp><and_exp></and_exp></or_exp>
</condition>

<Node id="152" bw="64" op_0_bw="64">
<![CDATA[
.loopexit_ifconv:43  %ireg_V = bitcast double %v_assign to i64

]]></Node>
<StgValue><ssdm name="ireg_V"/></StgValue>
</operation>

<operation id="189" st_id="34" stage="1" lat="1">
<core>NULL</core>
<MemPortIdVec></MemPortIdVec>
<condition id="-1">
<or_exp><and_exp></and_exp></or_exp>
</condition>

<Node id="153" bw="63" op_0_bw="64">
<![CDATA[
.loopexit_ifconv:44  %trunc_ln556 = trunc i64 %ireg_V to i63

]]></Node>
<StgValue><ssdm name="trunc_ln556"/></StgValue>
</operation>

<operation id="190" st_id="34" stage="1" lat="1">
<core>NULL</core>
<MemPortIdVec></MemPortIdVec>
<condition id="-1">
<or_exp><and_exp></and_exp></or_exp>
</condition>

<Node id="154" bw="1" op_0_bw="1" op_1_bw="64" op_2_bw="32">
<![CDATA[
.loopexit_ifconv:45  %p_Result_8 = call i1 @_ssdm_op_BitSelect.i1.i64.i32(i64 %ireg_V, i32 63)

]]></Node>
<StgValue><ssdm name="p_Result_8"/></StgValue>
</operation>

<operation id="191" st_id="34" stage="1" lat="1">
<core>NULL</core>
<MemPortIdVec></MemPortIdVec>
<condition id="-1">
<or_exp><and_exp></and_exp></or_exp>
</condition>

<Node id="155" bw="11" op_0_bw="11" op_1_bw="64" op_2_bw="32" op_3_bw="32">
<![CDATA[
.loopexit_ifconv:46  %exp_tmp_V = call i11 @_ssdm_op_PartSelect.i11.i64.i32.i32(i64 %ireg_V, i32 52, i32 62)

]]></Node>
<StgValue><ssdm name="exp_tmp_V"/></StgValue>
</operation>

<operation id="192" st_id="34" stage="1" lat="1">
<core>NULL</core>
<MemPortIdVec></MemPortIdVec>
<condition id="-1">
<or_exp><and_exp></and_exp></or_exp>
</condition>

<Node id="156" bw="12" op_0_bw="11">
<![CDATA[
.loopexit_ifconv:47  %zext_ln461 = zext i11 %exp_tmp_V to i12

]]></Node>
<StgValue><ssdm name="zext_ln461"/></StgValue>
</operation>

<operation id="193" st_id="34" stage="1" lat="1">
<core>NULL</core>
<MemPortIdVec></MemPortIdVec>
<condition id="-1">
<or_exp><and_exp></and_exp></or_exp>
</condition>

<Node id="157" bw="52" op_0_bw="64">
<![CDATA[
.loopexit_ifconv:48  %trunc_ln565 = trunc i64 %ireg_V to i52

]]></Node>
<StgValue><ssdm name="trunc_ln565"/></StgValue>
</operation>

<operation id="194" st_id="34" stage="1" lat="1">
<core>NULL</core>
<MemPortIdVec></MemPortIdVec>
<condition id="-1">
<or_exp><and_exp></and_exp></or_exp>
</condition>

<Node id="158" bw="53" op_0_bw="53" op_1_bw="1" op_2_bw="52">
<![CDATA[
.loopexit_ifconv:49  %tmp_5 = call i53 @_ssdm_op_BitConcatenate.i53.i1.i52(i1 true, i52 %trunc_ln565)

]]></Node>
<StgValue><ssdm name="tmp_5"/></StgValue>
</operation>

<operation id="195" st_id="34" stage="1" lat="1">
<core>NULL</core>
<MemPortIdVec></MemPortIdVec>
<condition id="-1">
<or_exp><and_exp></and_exp></or_exp>
</condition>

<Node id="159" bw="54" op_0_bw="53">
<![CDATA[
.loopexit_ifconv:50  %p_Result_9 = zext i53 %tmp_5 to i54

]]></Node>
<StgValue><ssdm name="p_Result_9"/></StgValue>
</operation>

<operation id="196" st_id="34" stage="1" lat="1">
<core>AddSub</core>
<MemPortIdVec></MemPortIdVec>
<condition id="-1">
<or_exp><and_exp></and_exp></or_exp>
</condition>

<Node id="160" bw="54" op_0_bw="54" op_1_bw="54">
<![CDATA[
.loopexit_ifconv:51  %man_V_1 = sub i54 0, %p_Result_9

]]></Node>
<StgValue><ssdm name="man_V_1"/></StgValue>
</operation>

<operation id="197" st_id="34" stage="1" lat="1">
<core>Sel</core>
<MemPortIdVec></MemPortIdVec>
<condition id="-1">
<or_exp><and_exp></and_exp></or_exp>
</condition>

<Node id="161" bw="54" op_0_bw="1" op_1_bw="54" op_2_bw="54">
<![CDATA[
.loopexit_ifconv:52  %man_V_2 = select i1 %p_Result_8, i54 %man_V_1, i54 %p_Result_9

]]></Node>
<StgValue><ssdm name="man_V_2"/></StgValue>
</operation>

<operation id="198" st_id="34" stage="1" lat="1">
<core>Cmp</core>
<MemPortIdVec></MemPortIdVec>
<condition id="-1">
<or_exp><and_exp></and_exp></or_exp>
</condition>

<Node id="162" bw="1" op_0_bw="63" op_1_bw="63">
<![CDATA[
.loopexit_ifconv:53  %icmp_ln571 = icmp eq i63 %trunc_ln556, 0

]]></Node>
<StgValue><ssdm name="icmp_ln571"/></StgValue>
</operation>

<operation id="199" st_id="34" stage="1" lat="1">
<core>AddSub</core>
<MemPortIdVec></MemPortIdVec>
<condition id="-1">
<or_exp><and_exp></and_exp></or_exp>
</condition>

<Node id="163" bw="12" op_0_bw="12" op_1_bw="12">
<![CDATA[
.loopexit_ifconv:54  %F2 = sub i12 1075, %zext_ln461

]]></Node>
<StgValue><ssdm name="F2"/></StgValue>
</operation>

<operation id="200" st_id="34" stage="1" lat="1">
<core>Cmp</core>
<MemPortIdVec></MemPortIdVec>
<condition id="-1">
<or_exp><and_exp></and_exp></or_exp>
</condition>

<Node id="164" bw="1" op_0_bw="12" op_1_bw="12">
<![CDATA[
.loopexit_ifconv:55  %icmp_ln581 = icmp sgt i12 %F2, 20

]]></Node>
<StgValue><ssdm name="icmp_ln581"/></StgValue>
</operation>

<operation id="201" st_id="34" stage="1" lat="1">
<core>AddSub</core>
<MemPortIdVec></MemPortIdVec>
<condition id="-1">
<or_exp><and_exp></and_exp></or_exp>
</condition>

<Node id="165" bw="12" op_0_bw="12" op_1_bw="12">
<![CDATA[
.loopexit_ifconv:56  %add_ln581 = add i12 -20, %F2

]]></Node>
<StgValue><ssdm name="add_ln581"/></StgValue>
</operation>

<operation id="202" st_id="34" stage="1" lat="1">
<core>AddSub</core>
<MemPortIdVec></MemPortIdVec>
<condition id="-1">
<or_exp><and_exp></and_exp></or_exp>
</condition>

<Node id="166" bw="12" op_0_bw="12" op_1_bw="12">
<![CDATA[
.loopexit_ifconv:57  %sub_ln581 = sub i12 20, %F2

]]></Node>
<StgValue><ssdm name="sub_ln581"/></StgValue>
</operation>

<operation id="203" st_id="34" stage="1" lat="1">
<core>Sel</core>
<MemPortIdVec></MemPortIdVec>
<condition id="-1">
<or_exp><and_exp></and_exp></or_exp>
</condition>

<Node id="167" bw="12" op_0_bw="1" op_1_bw="12" op_2_bw="12">
<![CDATA[
.loopexit_ifconv:58  %sh_amt = select i1 %icmp_ln581, i12 %add_ln581, i12 %sub_ln581

]]></Node>
<StgValue><ssdm name="sh_amt"/></StgValue>
</operation>

<operation id="204" st_id="34" stage="1" lat="1">
<core>NULL</core>
<MemPortIdVec></MemPortIdVec>
<condition id="-1">
<or_exp><and_exp></and_exp></or_exp>
</condition>

<Node id="168" bw="32" op_0_bw="12">
<![CDATA[
.loopexit_ifconv:59  %sext_ln581 = sext i12 %sh_amt to i32

]]></Node>
<StgValue><ssdm name="sext_ln581"/></StgValue>
</operation>

<operation id="205" st_id="34" stage="1" lat="1">
<core>Cmp</core>
<MemPortIdVec></MemPortIdVec>
<condition id="-1">
<or_exp><and_exp></and_exp></or_exp>
</condition>

<Node id="169" bw="1" op_0_bw="12" op_1_bw="12">
<![CDATA[
.loopexit_ifconv:60  %icmp_ln582 = icmp eq i12 %F2, 20

]]></Node>
<StgValue><ssdm name="icmp_ln582"/></StgValue>
</operation>

<operation id="206" st_id="34" stage="1" lat="1">
<core>NULL</core>
<MemPortIdVec></MemPortIdVec>
<condition id="-1">
<or_exp><and_exp></and_exp></or_exp>
</condition>

<Node id="170" bw="32" op_0_bw="54">
<![CDATA[
.loopexit_ifconv:61  %trunc_ln583 = trunc i54 %man_V_2 to i32

]]></Node>
<StgValue><ssdm name="trunc_ln583"/></StgValue>
</operation>

<operation id="207" st_id="34" stage="1" lat="1">
<core>Cmp</core>
<MemPortIdVec></MemPortIdVec>
<condition id="-1">
<or_exp><and_exp></and_exp></or_exp>
</condition>

<Node id="171" bw="1" op_0_bw="12" op_1_bw="12">
<![CDATA[
.loopexit_ifconv:62  %icmp_ln585 = icmp ult i12 %sh_amt, 54

]]></Node>
<StgValue><ssdm name="icmp_ln585"/></StgValue>
</operation>

<operation id="208" st_id="34" stage="1" lat="1">
<core>NULL</core>
<MemPortIdVec></MemPortIdVec>
<condition id="-1">
<or_exp><and_exp></and_exp></or_exp>
</condition>

<Node id="172" bw="7" op_0_bw="7" op_1_bw="12" op_2_bw="32" op_3_bw="32">
<![CDATA[
.loopexit_ifconv:63  %tmp_12 = call i7 @_ssdm_op_PartSelect.i7.i12.i32.i32(i12 %sh_amt, i32 5, i32 11)

]]></Node>
<StgValue><ssdm name="tmp_12"/></StgValue>
</operation>

<operation id="209" st_id="34" stage="1" lat="1">
<core>Cmp</core>
<MemPortIdVec></MemPortIdVec>
<condition id="-1">
<or_exp><and_exp></and_exp></or_exp>
</condition>

<Node id="173" bw="1" op_0_bw="7" op_1_bw="7">
<![CDATA[
.loopexit_ifconv:64  %icmp_ln603 = icmp eq i7 %tmp_12, 0

]]></Node>
<StgValue><ssdm name="icmp_ln603"/></StgValue>
</operation>

<operation id="210" st_id="34" stage="1" lat="1">
<core>NULL</core>
<MemPortIdVec></MemPortIdVec>
<condition id="-1">
<or_exp><and_exp></and_exp></or_exp>
</condition>

<Node id="174" bw="54" op_0_bw="32">
<![CDATA[
.loopexit_ifconv:65  %zext_ln586 = zext i32 %sext_ln581 to i54

]]></Node>
<StgValue><ssdm name="zext_ln586"/></StgValue>
</operation>

<operation id="211" st_id="34" stage="1" lat="1">
<core>Shift</core>
<MemPortIdVec></MemPortIdVec>
<condition id="-1">
<or_exp><and_exp></and_exp></or_exp>
</condition>

<Node id="175" bw="54" op_0_bw="54" op_1_bw="54">
<![CDATA[
.loopexit_ifconv:66  %ashr_ln586 = ashr i54 %man_V_2, %zext_ln586

]]></Node>
<StgValue><ssdm name="ashr_ln586"/></StgValue>
</operation>

<operation id="212" st_id="34" stage="1" lat="1">
<core>NULL</core>
<MemPortIdVec></MemPortIdVec>
<condition id="-1">
<or_exp><and_exp></and_exp></or_exp>
</condition>

<Node id="176" bw="32" op_0_bw="54">
<![CDATA[
.loopexit_ifconv:67  %trunc_ln586 = trunc i54 %ashr_ln586 to i32

]]></Node>
<StgValue><ssdm name="trunc_ln586"/></StgValue>
</operation>

<operation id="213" st_id="34" stage="1" lat="1">
<core>NULL</core>
<MemPortIdVec></MemPortIdVec>
<condition id="-1">
<or_exp><and_exp></and_exp></or_exp>
</condition>

<Node id="177" bw="1" op_0_bw="1" op_1_bw="64" op_2_bw="32">
<![CDATA[
.loopexit_ifconv:68  %tmp_13 = call i1 @_ssdm_op_BitSelect.i1.i64.i32(i64 %ireg_V, i32 63)

]]></Node>
<StgValue><ssdm name="tmp_13"/></StgValue>
</operation>

<operation id="214" st_id="34" stage="1" lat="1">
<core>Sel</core>
<MemPortIdVec></MemPortIdVec>
<condition id="-1">
<or_exp><and_exp></and_exp></or_exp>
</condition>

<Node id="178" bw="32" op_0_bw="1" op_1_bw="32" op_2_bw="32">
<![CDATA[
.loopexit_ifconv:69  %select_ln588 = select i1 %tmp_13, i32 -1, i32 0

]]></Node>
<StgValue><ssdm name="select_ln588"/></StgValue>
</operation>

<operation id="215" st_id="34" stage="1" lat="1">
<core>Shift</core>
<MemPortIdVec></MemPortIdVec>
<condition id="-1">
<or_exp><and_exp></and_exp></or_exp>
</condition>

<Node id="179" bw="32" op_0_bw="32" op_1_bw="32">
<![CDATA[
.loopexit_ifconv:70  %shl_ln604 = shl i32 %trunc_ln583, %sext_ln581

]]></Node>
<StgValue><ssdm name="shl_ln604"/></StgValue>
</operation>

<operation id="216" st_id="34" stage="1" lat="1">
<core>LogicGate</core>
<MemPortIdVec></MemPortIdVec>
<condition id="-1">
<or_exp><and_exp></and_exp></or_exp>
</condition>

<Node id="180" bw="1" op_0_bw="1" op_1_bw="1">
<![CDATA[
.loopexit_ifconv:71  %xor_ln571 = xor i1 %icmp_ln571, true

]]></Node>
<StgValue><ssdm name="xor_ln571"/></StgValue>
</operation>

<operation id="217" st_id="34" stage="1" lat="1">
<core>LogicGate</core>
<MemPortIdVec></MemPortIdVec>
<condition id="-1">
<or_exp><and_exp></and_exp></or_exp>
</condition>

<Node id="181" bw="1" op_0_bw="1" op_1_bw="1">
<![CDATA[
.loopexit_ifconv:72  %and_ln582 = and i1 %icmp_ln582, %xor_ln571

]]></Node>
<StgValue><ssdm name="and_ln582"/></StgValue>
</operation>

<operation id="218" st_id="34" stage="1" lat="1">
<core>LogicGate</core>
<MemPortIdVec></MemPortIdVec>
<condition id="-1">
<or_exp><and_exp></and_exp></or_exp>
</condition>

<Node id="182" bw="1" op_0_bw="1" op_1_bw="1">
<![CDATA[
.loopexit_ifconv:73  %or_ln582 = or i1 %icmp_ln571, %icmp_ln582

]]></Node>
<StgValue><ssdm name="or_ln582"/></StgValue>
</operation>

<operation id="219" st_id="34" stage="1" lat="1">
<core>LogicGate</core>
<MemPortIdVec></MemPortIdVec>
<condition id="-1">
<or_exp><and_exp></and_exp></or_exp>
</condition>

<Node id="183" bw="1" op_0_bw="1" op_1_bw="1">
<![CDATA[
.loopexit_ifconv:74  %xor_ln582 = xor i1 %or_ln582, true

]]></Node>
<StgValue><ssdm name="xor_ln582"/></StgValue>
</operation>

<operation id="220" st_id="34" stage="1" lat="1">
<core>LogicGate</core>
<MemPortIdVec></MemPortIdVec>
<condition id="-1">
<or_exp><and_exp></and_exp></or_exp>
</condition>

<Node id="184" bw="1" op_0_bw="1" op_1_bw="1">
<![CDATA[
.loopexit_ifconv:75  %and_ln581 = and i1 %icmp_ln581, %xor_ln582

]]></Node>
<StgValue><ssdm name="and_ln581"/></StgValue>
</operation>

<operation id="221" st_id="34" stage="1" lat="1">
<core>LogicGate</core>
<MemPortIdVec></MemPortIdVec>
<condition id="-1">
<or_exp><and_exp></and_exp></or_exp>
</condition>

<Node id="185" bw="1" op_0_bw="1" op_1_bw="1">
<![CDATA[
.loopexit_ifconv:76  %xor_ln585 = xor i1 %icmp_ln585, true

]]></Node>
<StgValue><ssdm name="xor_ln585"/></StgValue>
</operation>

<operation id="222" st_id="34" stage="1" lat="1">
<core>LogicGate</core>
<MemPortIdVec></MemPortIdVec>
<condition id="-1">
<or_exp><and_exp></and_exp></or_exp>
</condition>

<Node id="186" bw="1" op_0_bw="1" op_1_bw="1">
<![CDATA[
.loopexit_ifconv:77  %and_ln585 = and i1 %and_ln581, %xor_ln585

]]></Node>
<StgValue><ssdm name="and_ln585"/></StgValue>
</operation>

<operation id="223" st_id="34" stage="1" lat="1">
<core>LogicGate</core>
<MemPortIdVec></MemPortIdVec>
<condition id="-1">
<or_exp><and_exp></and_exp></or_exp>
</condition>

<Node id="187" bw="1" op_0_bw="1" op_1_bw="1">
<![CDATA[
.loopexit_ifconv:78  %and_ln585_1 = and i1 %and_ln581, %icmp_ln585

]]></Node>
<StgValue><ssdm name="and_ln585_1"/></StgValue>
</operation>

<operation id="224" st_id="34" stage="1" lat="1">
<core>LogicGate</core>
<MemPortIdVec></MemPortIdVec>
<condition id="-1">
<or_exp><and_exp></and_exp></or_exp>
</condition>

<Node id="188" bw="1" op_0_bw="1" op_1_bw="1">
<![CDATA[
.loopexit_ifconv:79  %or_ln581 = or i1 %or_ln582, %icmp_ln581

]]></Node>
<StgValue><ssdm name="or_ln581"/></StgValue>
</operation>

<operation id="225" st_id="34" stage="1" lat="1">
<core>LogicGate</core>
<MemPortIdVec></MemPortIdVec>
<condition id="-1">
<or_exp><and_exp></and_exp></or_exp>
</condition>

<Node id="189" bw="1" op_0_bw="1" op_1_bw="1">
<![CDATA[
.loopexit_ifconv:80  %xor_ln581 = xor i1 %or_ln581, true

]]></Node>
<StgValue><ssdm name="xor_ln581"/></StgValue>
</operation>

<operation id="226" st_id="34" stage="1" lat="1">
<core>LogicGate</core>
<MemPortIdVec></MemPortIdVec>
<condition id="-1">
<or_exp><and_exp></and_exp></or_exp>
</condition>

<Node id="190" bw="1" op_0_bw="1" op_1_bw="1">
<![CDATA[
.loopexit_ifconv:81  %and_ln603 = and i1 %icmp_ln603, %xor_ln581

]]></Node>
<StgValue><ssdm name="and_ln603"/></StgValue>
</operation>

<operation id="227" st_id="34" stage="1" lat="1">
<core>Sel</core>
<MemPortIdVec></MemPortIdVec>
<condition id="-1">
<or_exp><and_exp></and_exp></or_exp>
</condition>

<Node id="191" bw="32" op_0_bw="1" op_1_bw="32" op_2_bw="32">
<![CDATA[
.loopexit_ifconv:82  %select_ln603 = select i1 %and_ln603, i32 %shl_ln604, i32 %trunc_ln586

]]></Node>
<StgValue><ssdm name="select_ln603"/></StgValue>
</operation>

<operation id="228" st_id="34" stage="1" lat="1">
<core>LogicGate</core>
<MemPortIdVec></MemPortIdVec>
<condition id="-1">
<or_exp><and_exp></and_exp></or_exp>
</condition>

<Node id="192" bw="1" op_0_bw="1" op_1_bw="1">
<![CDATA[
.loopexit_ifconv:83  %or_ln603 = or i1 %and_ln603, %and_ln585_1

]]></Node>
<StgValue><ssdm name="or_ln603"/></StgValue>
</operation>

<operation id="229" st_id="34" stage="1" lat="1">
<core>Sel</core>
<MemPortIdVec></MemPortIdVec>
<condition id="-1">
<or_exp><and_exp></and_exp></or_exp>
</condition>

<Node id="193" bw="32" op_0_bw="1" op_1_bw="32" op_2_bw="32">
<![CDATA[
.loopexit_ifconv:84  %select_ln603_1 = select i1 %and_ln585, i32 %select_ln588, i32 %trunc_ln583

]]></Node>
<StgValue><ssdm name="select_ln603_1"/></StgValue>
</operation>

<operation id="230" st_id="34" stage="1" lat="1">
<core>LogicGate</core>
<MemPortIdVec></MemPortIdVec>
<condition id="-1">
<or_exp><and_exp></and_exp></or_exp>
</condition>

<Node id="194" bw="1" op_0_bw="1" op_1_bw="1">
<![CDATA[
.loopexit_ifconv:85  %or_ln603_1 = or i1 %and_ln585, %and_ln582

]]></Node>
<StgValue><ssdm name="or_ln603_1"/></StgValue>
</operation>

<operation id="231" st_id="34" stage="1" lat="1">
<core>Sel</core>
<MemPortIdVec></MemPortIdVec>
<condition id="-1">
<or_exp><and_exp></and_exp></or_exp>
</condition>

<Node id="195" bw="32" op_0_bw="1" op_1_bw="32" op_2_bw="32">
<![CDATA[
.loopexit_ifconv:86  %select_ln603_2 = select i1 %or_ln603, i32 %select_ln603, i32 %select_ln603_1

]]></Node>
<StgValue><ssdm name="select_ln603_2"/></StgValue>
</operation>

<operation id="232" st_id="34" stage="1" lat="1">
<core>LogicGate</core>
<MemPortIdVec></MemPortIdVec>
<condition id="-1">
<or_exp><and_exp></and_exp></or_exp>
</condition>

<Node id="196" bw="1" op_0_bw="1" op_1_bw="1">
<![CDATA[
.loopexit_ifconv:87  %or_ln603_2 = or i1 %or_ln603, %or_ln603_1

]]></Node>
<StgValue><ssdm name="or_ln603_2"/></StgValue>
</operation>

<operation id="233" st_id="34" stage="1" lat="1">
<core>Sel</core>
<MemPortIdVec></MemPortIdVec>
<condition id="-1">
<or_exp><and_exp></and_exp></or_exp>
</condition>

<Node id="197" bw="32" op_0_bw="1" op_1_bw="32" op_2_bw="32">
<![CDATA[
.loopexit_ifconv:88  %norm_w_V = select i1 %or_ln603_2, i32 %select_ln603_2, i32 0

]]></Node>
<StgValue><ssdm name="norm_w_V"/></StgValue>
</operation>

<operation id="234" st_id="34" stage="2" lat="2">
<core>AXI4Stream</core>
<MemPortIdVec></MemPortIdVec>
<condition id="-1">
<or_exp><and_exp></and_exp></or_exp>
</condition>

<Node id="198" bw="0" op_0_bw="0" op_1_bw="32" op_2_bw="1" op_3_bw="32" op_4_bw="1">
<![CDATA[
.loopexit_ifconv:89  call void @_ssdm_op_Write.axis.volatile.i32P.i1P(i32* %norm_w_out_V_data_V, i1* %norm_w_out_V_last, i32 %norm_w_V, i1 true)

]]></Node>
<StgValue><ssdm name="write_ln69"/></StgValue>
</operation>
</state>

<state id="35" st_id="35">

<operation id="235" st_id="35" stage="1" lat="2">
<core>AXI4Stream</core>
<MemPortIdVec></MemPortIdVec>
<condition id="-1">
<or_exp><and_exp></and_exp></or_exp>
</condition>

<Node id="198" bw="0" op_0_bw="0" op_1_bw="32" op_2_bw="1" op_3_bw="32" op_4_bw="1">
<![CDATA[
.loopexit_ifconv:89  call void @_ssdm_op_Write.axis.volatile.i32P.i1P(i32* %norm_w_out_V_data_V, i1* %norm_w_out_V_last, i32 %norm_w_V, i1 true)

]]></Node>
<StgValue><ssdm name="write_ln69"/></StgValue>
</operation>

<operation id="236" st_id="35" stage="1" lat="1">
<core>NULL</core>
<MemPortIdVec></MemPortIdVec>
<condition id="-1">
<or_exp><and_exp></and_exp></or_exp>
</condition>

<Node id="199" bw="0">
<![CDATA[
.loopexit_ifconv:90  ret void

]]></Node>
<StgValue><ssdm name="ret_ln71"/></StgValue>
</operation>
</state>
</state_list>


<ports>
</ports>


<dataflows>
</dataflows>


</stg>
