<profile>

<section name = "Vivado HLS Report for 'get_w'" level="0">
<item name = "Date">Sun Feb  2 14:58:04 2020
</item>
<item name = "Version">2019.1 (Build 2552052 on Fri May 24 15:28:33 MDT 2019)</item>
<item name = "Project">get_norm_w_ZCU104_RBF_1</item>
<item name = "Solution">solution1</item>
<item name = "Product family">zynquplus</item>
<item name = "Target device">xczu7ev-ffvc1156-2-e</item>
</section>

<section name = "Performance Estimates" level="0">
<item name = "Timing (ns)">
<section name = "" level="1">
<item name = "Summary"><table name="" hasTotal="0">
<keys size="4">Clock, Target, Estimated, Uncertainty</keys>
<column name="ap_clk">10.00, 8.743, 1.25</column>
</table>
</item>
</section>
</item>
<item name = "Latency (clock cycles)">
<section name = "" level="1">
<item name = "Summary"><table name="" hasTotal="0">
<keys size="6">, min, max, min, max, Type</keys>
<column name="">?, ?, ?, ?, none</column>
</table>
</item>
<item name = "Detail">
<section name = "" level="1">
<item name = "Instance"><table name="" hasTotal="0">
<keys size="7">Instance, Module, min, max, min, max, Type</keys>
</table>
</item>
<item name = "Loop"><table name="" hasTotal="0">
<keys size="8">Loop Name, min, max, Latency, achieved, target, Count, Pipelined</keys>
<column name="- Loop 1">256, 256, 1, -, -, 256, no</column>
<column name="- Loop 2">?, ?, 4 ~ 259, -, -, ?, no</column>
<column name=" + Loop 2.1">1, 256, 2, 1, 1, 1 ~ 256, yes</column>
<column name="- Loop 3">1, 256, 2, 1, 1, 1 ~ 256, yes</column>
</table>
</item>
</section>
</item>
</section>
</item>
</section>

<section name = "Utilization Estimates" level="0">
<item name = "Summary"><table name="" hasTotal="1">
<keys size="6">Name, BRAM_18K, DSP48E, FF, LUT, URAM</keys>
<column name="DSP">-, -, -, -, -</column>
<column name="Expression">-, 6, 40, 1948, -</column>
<column name="FIFO">-, -, -, -, -</column>
<column name="Instance">-, 0, 1416, 2053, -</column>
<column name="Memory">2, -, 0, 0, 0</column>
<column name="Multiplexer">-, -, -, 450, -</column>
<column name="Register">-, -, 682, -, -</column>
<specialColumn name="Available">624, 1728, 460800, 230400, 96</specialColumn>
<specialColumn name="Utilization (%)">~0, ~0, ~0, 1, 0</specialColumn>
</table>
</item>
<item name = "Detail">
<section name = "" level="1">
<item name = "Instance"><table name="" hasTotal="1">
<keys size="7">Instance, Module, BRAM_18K, DSP48E, FF, LUT, URAM</keys>
<column name="get_w_dsqrt_64ns_cud_U2">get_w_dsqrt_64ns_cud, 0, 0, 1316, 1915, 0</column>
<column name="get_w_fpext_32ns_bkb_U1">get_w_fpext_32ns_bkb, 0, 0, 100, 138, 0</column>
</table>
</item>
<item name = "DSP48E"><table name="" hasTotal="0">
<keys size="3">Instance, Module, Expression</keys>
</table>
</item>
<item name = "Memory"><table name="" hasTotal="1">
<keys size="10">Memory, Module, BRAM_18K, FF, LUT, URAM, Words, Bits, Banks, W*Bits*Banks</keys>
<column name="w_V_U">get_w_w_V, 2, 0, 0, 0, 256, 32, 1, 8192</column>
</table>
</item>
<item name = "FIFO"><table name="" hasTotal="1">
<keys size="8">Name, BRAM_18K, FF, LUT, URAM, Depth, Bits, Size:D*B</keys>
</table>
</item>
<item name = "Expression"><table name="" hasTotal="1">
<keys size="7">Variable Name, Operation, DSP48E, FF, LUT, Bitwidth P0, Bitwidth P1</keys>
<column name="mul_ln1192_1_fu_398_p2">*, 2, 0, 20, 16, 32</column>
<column name="mul_ln1192_fu_464_p2">*, 4, 0, 20, 32, 32</column>
<column name="add_ln581_fu_838_p2">+, 0, 0, 19, 6, 12</column>
<column name="add_ln958_fu_646_p2">+, 0, 0, 39, 6, 32</column>
<column name="add_ln964_fu_724_p2">+, 0, 0, 19, 8, 8</column>
<column name="lsb_index_fu_538_p2">+, 0, 0, 39, 6, 32</column>
<column name="m_3_fu_678_p2">+, 0, 0, 39, 32, 32</column>
<column name="n1_V_1_fu_353_p2">+, 0, 0, 27, 20, 1</column>
<column name="n1_V_fu_320_p2">+, 0, 0, 16, 9, 1</column>
<column name="n2_V_fu_375_p2">+, 0, 0, 16, 9, 1</column>
<column name="n3_V_fu_436_p2">+, 0, 0, 16, 9, 1</column>
<column name="ret_V_2_fu_470_p2">+, 0, 0, 59, 52, 52</column>
<column name="ret_V_fu_411_p2">+, 0, 0, 54, 47, 47</column>
<column name="F2_fu_826_p2">-, 0, 0, 19, 11, 12</column>
<column name="man_V_1_fu_806_p2">-, 0, 0, 61, 1, 54</column>
<column name="sub_ln581_fu_844_p2">-, 0, 0, 19, 5, 12</column>
<column name="sub_ln944_fu_532_p2">-, 0, 0, 39, 6, 32</column>
<column name="sub_ln947_fu_564_p2">-, 0, 0, 15, 4, 6</column>
<column name="sub_ln958_fu_658_p2">-, 0, 0, 39, 5, 32</column>
<column name="sub_ln964_fu_718_p2">-, 0, 0, 19, 4, 8</column>
<column name="tmp_V_fu_500_p2">-, 0, 0, 39, 1, 32</column>
<column name="a_fu_592_p2">and, 0, 0, 2, 1, 1</column>
<column name="and_ln581_fu_954_p2">and, 0, 0, 2, 1, 1</column>
<column name="and_ln582_fu_936_p2">and, 0, 0, 2, 1, 1</column>
<column name="and_ln585_1_fu_972_p2">and, 0, 0, 2, 1, 1</column>
<column name="and_ln585_fu_966_p2">and, 0, 0, 2, 1, 1</column>
<column name="and_ln603_fu_990_p2">and, 0, 0, 2, 1, 1</column>
<column name="and_ln949_fu_620_p2">and, 0, 0, 2, 1, 1</column>
<column name="ap_block_pp0_stage0_11001">and, 0, 0, 2, 1, 1</column>
<column name="ap_block_state4">and, 0, 0, 2, 1, 1</column>
<column name="ap_block_state5_pp0_stage0_iter0">and, 0, 0, 2, 1, 1</column>
<column name="ap_predicate_op89_read_state5">and, 0, 0, 2, 1, 1</column>
<column name="data_matrices_V_data_V_0_load_A">and, 0, 0, 2, 1, 1</column>
<column name="data_matrices_V_data_V_0_load_B">and, 0, 0, 2, 1, 1</column>
<column name="ds_details_in_V_data_V_0_load_A">and, 0, 0, 2, 1, 1</column>
<column name="ds_details_in_V_data_V_0_load_B">and, 0, 0, 2, 1, 1</column>
<column name="norm_w_out_V_data_V_1_load_A">and, 0, 0, 2, 1, 1</column>
<column name="norm_w_out_V_data_V_1_load_B">and, 0, 0, 2, 1, 1</column>
<column name="p_Result_s_fu_580_p2">and, 0, 0, 32, 32, 32</column>
<column name="sv_coeffs_V_data_V_0_load_A">and, 0, 0, 2, 1, 1</column>
<column name="sv_coeffs_V_data_V_0_load_B">and, 0, 0, 2, 1, 1</column>
<column name="ashr_ln586_fu_898_p2">ashr, 0, 0, 167, 54, 54</column>
<column name="l_fu_524_p3">cttz, 0, 40, 36, 32, 0</column>
<column name="data_matrices_V_data_V_0_state_cmp_full">icmp, 0, 0, 8, 2, 1</column>
<column name="ds_details_in_V_data_V_0_state_cmp_full">icmp, 0, 0, 8, 2, 1</column>
<column name="empty_20_fu_334_p2">icmp, 0, 0, 20, 20, 17</column>
<column name="icmp_ln26_fu_314_p2">icmp, 0, 0, 13, 9, 10</column>
<column name="icmp_ln31_fu_348_p2">icmp, 0, 0, 20, 20, 20</column>
<column name="icmp_ln571_fu_820_p2">icmp, 0, 0, 29, 63, 1</column>
<column name="icmp_ln581_fu_832_p2">icmp, 0, 0, 13, 12, 5</column>
<column name="icmp_ln582_fu_862_p2">icmp, 0, 0, 13, 12, 5</column>
<column name="icmp_ln585_fu_872_p2">icmp, 0, 0, 13, 12, 6</column>
<column name="icmp_ln603_fu_888_p2">icmp, 0, 0, 11, 7, 1</column>
<column name="icmp_ln887_1_fu_381_p2">icmp, 0, 0, 13, 9, 9</column>
<column name="icmp_ln887_fu_442_p2">icmp, 0, 0, 13, 9, 9</column>
<column name="icmp_ln935_fu_486_p2">icmp, 0, 0, 20, 32, 1</column>
<column name="icmp_ln947_1_fu_586_p2">icmp, 0, 0, 20, 32, 1</column>
<column name="icmp_ln947_fu_554_p2">icmp, 0, 0, 20, 31, 1</column>
<column name="icmp_ln958_fu_640_p2">icmp, 0, 0, 20, 32, 1</column>
<column name="norm_w_out_V_data_V_1_state_cmp_full">icmp, 0, 0, 8, 2, 1</column>
<column name="sv_coeffs_V_data_V_0_state_cmp_full">icmp, 0, 0, 8, 2, 1</column>
<column name="lshr_ln947_fu_574_p2">lshr, 0, 0, 97, 2, 32</column>
<column name="lshr_ln958_fu_652_p2">lshr, 0, 0, 97, 32, 32</column>
<column name="ap_block_state35">or, 0, 0, 2, 1, 1</column>
<column name="ap_predicate_tran5to7_state5">or, 0, 0, 2, 1, 1</column>
<column name="ap_predicate_tran8to10_state8">or, 0, 0, 2, 1, 1</column>
<column name="or_ln581_fu_978_p2">or, 0, 0, 2, 1, 1</column>
<column name="or_ln582_fu_942_p2">or, 0, 0, 2, 1, 1</column>
<column name="or_ln603_1_fu_1018_p2">or, 0, 0, 2, 1, 1</column>
<column name="or_ln603_2_fu_1032_p2">or, 0, 0, 2, 1, 1</column>
<column name="or_ln603_fu_1004_p2">or, 0, 0, 2, 1, 1</column>
<column name="or_ln949_fu_626_p2">or, 0, 0, 2, 1, 1</column>
<column name="m_2_fu_670_p3">select, 0, 0, 32, 1, 32</column>
<column name="man_V_2_fu_812_p3">select, 0, 0, 53, 1, 54</column>
<column name="norm_w_V_fu_1038_p3">select, 0, 0, 32, 1, 32</column>
<column name="select_ln32_fu_340_p3">select, 0, 0, 19, 1, 20</column>
<column name="select_ln588_fu_916_p3">select, 0, 0, 2, 1, 2</column>
<column name="select_ln603_1_fu_1010_p3">select, 0, 0, 32, 1, 32</column>
<column name="select_ln603_2_fu_1024_p3">select, 0, 0, 32, 1, 32</column>
<column name="select_ln603_fu_996_p3">select, 0, 0, 32, 1, 32</column>
<column name="select_ln64_fu_754_p3">select, 0, 0, 64, 1, 1</column>
<column name="select_ln964_fu_706_p3">select, 0, 0, 7, 1, 7</column>
<column name="sh_amt_fu_850_p3">select, 0, 0, 11, 1, 12</column>
<column name="tmp_V_4_fu_506_p3">select, 0, 0, 32, 1, 32</column>
<column name="shl_ln604_fu_924_p2">shl, 0, 0, 97, 32, 32</column>
<column name="shl_ln958_fu_664_p2">shl, 0, 0, 97, 32, 32</column>
<column name="ap_enable_pp0">xor, 0, 0, 2, 1, 2</column>
<column name="ap_enable_pp1">xor, 0, 0, 2, 1, 2</column>
<column name="ap_enable_reg_pp0_iter1">xor, 0, 0, 2, 2, 1</column>
<column name="ap_enable_reg_pp1_iter1">xor, 0, 0, 2, 2, 1</column>
<column name="xor_ln571_fu_930_p2">xor, 0, 0, 2, 1, 2</column>
<column name="xor_ln581_fu_984_p2">xor, 0, 0, 2, 1, 2</column>
<column name="xor_ln582_fu_948_p2">xor, 0, 0, 2, 1, 2</column>
<column name="xor_ln585_fu_960_p2">xor, 0, 0, 2, 1, 2</column>
<column name="xor_ln949_fu_606_p2">xor, 0, 0, 2, 1, 2</column>
</table>
</item>
<item name = "Multiplexer"><table name="" hasTotal="1">
<keys size="5">Name, LUT, Input Size, Bits, Total Bits</keys>
<column name="ap_NS_fsm">153, 34, 1, 34</column>
<column name="ap_enable_reg_pp0_iter1">15, 3, 1, 3</column>
<column name="ap_enable_reg_pp1_iter1">15, 3, 1, 3</column>
<column name="data_matrices_TDATA_blk_n">9, 2, 1, 2</column>
<column name="data_matrices_V_data_V_0_data_out">9, 2, 16, 32</column>
<column name="data_matrices_V_data_V_0_state">15, 3, 2, 6</column>
<column name="data_matrices_V_last_0_state">15, 3, 2, 6</column>
<column name="ds_details_in_TDATA_blk_n">9, 2, 1, 2</column>
<column name="ds_details_in_V_data_V_0_data_out">9, 2, 32, 64</column>
<column name="ds_details_in_V_data_V_0_state">15, 3, 2, 6</column>
<column name="ds_details_in_V_last_0_state">15, 3, 2, 6</column>
<column name="norm_w_out_TDATA_blk_n">9, 2, 1, 2</column>
<column name="norm_w_out_V_data_V_1_data_out">9, 2, 32, 64</column>
<column name="norm_w_out_V_data_V_1_state">15, 3, 2, 6</column>
<column name="norm_w_out_V_last_1_state">15, 3, 2, 6</column>
<column name="sv_coeffs_TDATA_blk_n">9, 2, 1, 2</column>
<column name="sv_coeffs_V_data_V_0_data_out">9, 2, 32, 64</column>
<column name="sv_coeffs_V_data_V_0_state">15, 3, 2, 6</column>
<column name="sv_coeffs_V_last_0_state">15, 3, 2, 6</column>
<column name="t_V_1_reg_253">9, 2, 20, 40</column>
<column name="t_V_2_reg_287">9, 2, 9, 18</column>
<column name="t_V_4_reg_264">9, 2, 9, 18</column>
<column name="t_V_reg_242">9, 2, 9, 18</column>
<column name="tmp_V_3_reg_275">9, 2, 32, 64</column>
<column name="w_V_address0">15, 3, 8, 24</column>
<column name="w_V_address1">15, 3, 8, 24</column>
</table>
</item>
<item name = "Register"><table name="" hasTotal="1">
<keys size="5">Name, FF, LUT, Bits, Const Bits</keys>
<column name="ap_CS_fsm">33, 0, 33, 0</column>
<column name="ap_enable_reg_pp0_iter0">1, 0, 1, 0</column>
<column name="ap_enable_reg_pp0_iter1">1, 0, 1, 0</column>
<column name="ap_enable_reg_pp1_iter0">1, 0, 1, 0</column>
<column name="ap_enable_reg_pp1_iter1">1, 0, 1, 0</column>
<column name="data_matrices_V_data_V_0_payload_A">16, 0, 16, 0</column>
<column name="data_matrices_V_data_V_0_payload_B">16, 0, 16, 0</column>
<column name="data_matrices_V_data_V_0_sel_rd">1, 0, 1, 0</column>
<column name="data_matrices_V_data_V_0_sel_wr">1, 0, 1, 0</column>
<column name="data_matrices_V_data_V_0_state">2, 0, 2, 0</column>
<column name="data_matrices_V_last_0_state">2, 0, 2, 0</column>
<column name="ds_details_in_V_data_V_0_payload_A">32, 0, 32, 0</column>
<column name="ds_details_in_V_data_V_0_payload_B">32, 0, 32, 0</column>
<column name="ds_details_in_V_data_V_0_sel_rd">1, 0, 1, 0</column>
<column name="ds_details_in_V_data_V_0_sel_wr">1, 0, 1, 0</column>
<column name="ds_details_in_V_data_V_0_state">2, 0, 2, 0</column>
<column name="ds_details_in_V_last_0_state">2, 0, 2, 0</column>
<column name="icmp_ln887_1_reg_1094">1, 0, 1, 0</column>
<column name="icmp_ln887_reg_1118">1, 0, 1, 0</column>
<column name="icmp_ln935_reg_1132">1, 0, 1, 0</column>
<column name="n1_V_1_reg_1075">20, 0, 20, 0</column>
<column name="no_variables_V_reg_1052">9, 0, 9, 0</column>
<column name="norm_w_out_V_data_V_1_payload_A">32, 0, 32, 0</column>
<column name="norm_w_out_V_data_V_1_payload_B">32, 0, 32, 0</column>
<column name="norm_w_out_V_data_V_1_sel_rd">1, 0, 1, 0</column>
<column name="norm_w_out_V_data_V_1_sel_wr">1, 0, 1, 0</column>
<column name="norm_w_out_V_data_V_1_state">2, 0, 2, 0</column>
<column name="norm_w_out_V_last_1_sel_rd">1, 0, 1, 0</column>
<column name="norm_w_out_V_last_1_state">2, 0, 2, 0</column>
<column name="p_Result_7_reg_1137">32, 0, 32, 0</column>
<column name="select_ln32_reg_1066">20, 0, 20, 0</column>
<column name="select_ln64_reg_1147">64, 0, 64, 0</column>
<column name="sext_ln1192_reg_1080">47, 0, 47, 0</column>
<column name="sv_coeffs_V_data_V_0_payload_A">32, 0, 32, 0</column>
<column name="sv_coeffs_V_data_V_0_payload_B">32, 0, 32, 0</column>
<column name="sv_coeffs_V_data_V_0_sel_rd">1, 0, 1, 0</column>
<column name="sv_coeffs_V_data_V_0_sel_wr">1, 0, 1, 0</column>
<column name="sv_coeffs_V_data_V_0_state">2, 0, 2, 0</column>
<column name="sv_coeffs_V_last_0_state">2, 0, 2, 0</column>
<column name="t_V_1_reg_253">20, 0, 20, 0</column>
<column name="t_V_2_reg_287">9, 0, 9, 0</column>
<column name="t_V_4_reg_264">9, 0, 9, 0</column>
<column name="t_V_reg_242">9, 0, 9, 0</column>
<column name="tmp_4_reg_1109">1, 0, 1, 0</column>
<column name="tmp_6_reg_1085">1, 0, 1, 0</column>
<column name="tmp_V_3_reg_275">32, 0, 32, 0</column>
<column name="tmp_data_V_4_reg_1098">16, 0, 16, 0</column>
<column name="tmp_data_V_reg_1047">32, 0, 32, 0</column>
<column name="v_assign_reg_1152">64, 0, 64, 0</column>
<column name="w_V_addr_2_reg_1103">8, 0, 8, 0</column>
</table>
</item>
</section>
</item>
</section>

<section name = "Interface" level="0">
<item name = "Summary"><table name="" hasTotal="0">
<keys size="6">RTL Ports, Dir, Bits, Protocol, Source Object, C Type</keys>
<column name="ap_clk">in, 1, ap_ctrl_none, get_w, return value</column>
<column name="ap_rst_n">in, 1, ap_ctrl_none, get_w, return value</column>
<column name="data_matrices_TDATA">in, 16, axis, data_matrices_V_data_V, pointer</column>
<column name="data_matrices_TVALID">in, 1, axis, data_matrices_V_last, pointer</column>
<column name="data_matrices_TREADY">out, 1, axis, data_matrices_V_last, pointer</column>
<column name="data_matrices_TLAST">in, 1, axis, data_matrices_V_last, pointer</column>
<column name="sv_coeffs_TDATA">in, 32, axis, sv_coeffs_V_data_V, pointer</column>
<column name="sv_coeffs_TVALID">in, 1, axis, sv_coeffs_V_last, pointer</column>
<column name="sv_coeffs_TREADY">out, 1, axis, sv_coeffs_V_last, pointer</column>
<column name="sv_coeffs_TLAST">in, 1, axis, sv_coeffs_V_last, pointer</column>
<column name="ds_details_in_TDATA">in, 32, axis, ds_details_in_V_data_V, pointer</column>
<column name="ds_details_in_TVALID">in, 1, axis, ds_details_in_V_last, pointer</column>
<column name="ds_details_in_TREADY">out, 1, axis, ds_details_in_V_last, pointer</column>
<column name="ds_details_in_TLAST">in, 1, axis, ds_details_in_V_last, pointer</column>
<column name="norm_w_out_TDATA">out, 32, axis, norm_w_out_V_data_V, pointer</column>
<column name="norm_w_out_TREADY">in, 1, axis, norm_w_out_V_data_V, pointer</column>
<column name="norm_w_out_TVALID">out, 1, axis, norm_w_out_V_last, pointer</column>
<column name="norm_w_out_TLAST">out, 1, axis, norm_w_out_V_last, pointer</column>
</table>
</item>
</section>
</profile>
