<profile>

<section name = "Vivado HLS Report for 'get_w'" level="0">
<item name = "Date">Sun Feb  2 14:58:03 2020
</item>
<item name = "Version">2019.1 (Build 2552052 on Fri May 24 15:28:33 MDT 2019)</item>
<item name = "Project">get_norm_w_ZCU104_RBF_1</item>
<item name = "Solution">solution1</item>
<item name = "Product family">zynquplus</item>
<item name = "Target device">xczu7ev-ffvc1156-2-e</item>
</section>

<section name = "Performance Estimates" level="0">
<item name = "Timing (ns)">
<section name = "" level="1">
<item name = "Summary"><table name="" hasTotal="0">
<keys size="4">Clock, Target, Estimated, Uncertainty</keys>
<column name="ap_clk">10.00, 8.743, 1.25</column>
</table>
</item>
</section>
</item>
<item name = "Latency (clock cycles)">
<section name = "" level="1">
<item name = "Summary"><table name="" hasTotal="0">
<keys size="6">, min, max, min, max, Type</keys>
<column name="">?, ?, ?, ?, none</column>
</table>
</item>
<item name = "Detail">
<section name = "" level="1">
<item name = "Instance"><table name="" hasTotal="0">
<keys size="7">Instance, Module, min, max, min, max, Type</keys>
</table>
</item>
<item name = "Loop"><table name="" hasTotal="0">
<keys size="8">Loop Name, min, max, Latency, achieved, target, Count, Pipelined</keys>
<column name="- Loop 1">256, 256, 1, -, -, 256, no</column>
<column name="- Loop 2">?, ?, 4 ~ 259, -, -, ?, no</column>
<column name=" + Loop 2.1">1, 256, 2, 1, 1, 1 ~ 256, yes</column>
<column name="- Loop 3">1, 256, 2, 1, 1, 1 ~ 256, yes</column>
</table>
</item>
</section>
</item>
</section>
</item>
</section>
</profile>
